2026-06-30 18:09:03 | INFO | trading_bot | Iniciando trading bot
2026-06-30 18:09:03 | INFO | trading_bot | Simbolo de trabajo: BTC/USD
2026-06-30 18:09:03 | INFO | trading_bot | Sin operacion para BTC/USD
2026-06-30 18:10:37 | INFO | trading_bot | Iniciando trading bot UI
2026-06-30 18:10:45 | ERROR | trading_bot | Error en accion de UI
Traceback (most recent call last):
  File "/home/fbautista/Documents/Alpaca/trading_bot/ui/bot_window.py", line 142, in _run_action
    fn()
  File "/home/fbautista/Documents/Alpaca/trading_bot/ui/bot_window.py", line 148, in _view_account
    account = self.broker.get_account()
              ^^^^^^^^^^^^^^^^^^^^^^^^^
  File "/home/fbautista/Documents/Alpaca/trading_bot/broker/broker_client.py", line 24, in get_account
    response.raise_for_status()
  File "/usr/lib/python3/dist-packages/requests/models.py", line 1021, in raise_for_status
    raise HTTPError(http_error_msg, response=self)
requests.exceptions.HTTPError: 401 Client Error: Unauthorized for url: https://paper-api.alpaca.markets/v2/account
2026-06-30 18:10:57 | ERROR | trading_bot | Error en accion de UI
Traceback (most recent call last):
  File "/home/fbautista/Documents/Alpaca/trading_bot/ui/bot_window.py", line 142, in _run_action
    fn()
  File "/home/fbautista/Documents/Alpaca/trading_bot/ui/bot_window.py", line 205, in _view_orders
    orders = self.order_manager.review_orders(status="open", limit=20)
             ^^^^^^^^^^^^^^^^^^^^^^^^^^^^^^^^^^^^^^^^^^^^^^^^^^^^^^^^^
  File "/home/fbautista/Documents/Alpaca/trading_bot/orders/order_manager.py", line 26, in review_orders
    orders = self.broker.list_orders(status=status, limit=limit)
             ^^^^^^^^^^^^^^^^^^^^^^^^^^^^^^^^^^^^^^^^^^^^^^^^^^^
  File "/home/fbautista/Documents/Alpaca/trading_bot/broker/broker_client.py", line 52, in list_orders
    response.raise_for_status()
  File "/usr/lib/python3/dist-packages/requests/models.py", line 1021, in raise_for_status
    raise HTTPError(http_error_msg, response=self)
requests.exceptions.HTTPError: 401 Client Error: Unauthorized for url: https://paper-api.alpaca.markets/v2/orders?status=open&limit=20
2026-06-30 18:19:28 | INFO | trading_bot | Iniciando trading bot UI
2026-06-30 18:19:35 | ERROR | trading_bot | Error en accion de UI
Traceback (most recent call last):
  File "/home/fbautista/Documents/Alpaca/trading_bot/ui/bot_window.py", line 198, in _run_action
    fn()
  File "/home/fbautista/Documents/Alpaca/trading_bot/ui/bot_window.py", line 229, in _switch_account
    self._apply_selected_account(update_status=True, require_credentials=True)
  File "/home/fbautista/Documents/Alpaca/trading_bot/ui/bot_window.py", line 336, in _apply_selected_account
    raise ValueError(
ValueError: Faltan credenciales de la cuenta Paper. Revisa variables de entorno.
2026-06-30 18:19:40 | ERROR | trading_bot | Error en accion de UI
Traceback (most recent call last):
  File "/home/fbautista/Documents/Alpaca/trading_bot/ui/bot_window.py", line 198, in _run_action
    fn()
  File "/home/fbautista/Documents/Alpaca/trading_bot/ui/bot_window.py", line 229, in _switch_account
    self._apply_selected_account(update_status=True, require_credentials=True)
  File "/home/fbautista/Documents/Alpaca/trading_bot/ui/bot_window.py", line 336, in _apply_selected_account
    raise ValueError(
ValueError: Faltan credenciales de la cuenta Real. Revisa variables de entorno.
2026-06-30 18:22:36 | INFO | trading_bot | Iniciando trading bot UI
2026-06-30 18:22:41 | ERROR | trading_bot | Error en accion de UI
Traceback (most recent call last):
  File "/home/fbautista/Documents/Alpaca/trading_bot/ui/bot_window.py", line 198, in _run_action
    fn()
  File "/home/fbautista/Documents/Alpaca/trading_bot/ui/bot_window.py", line 230, in _switch_account
    self._view_account()
  File "/home/fbautista/Documents/Alpaca/trading_bot/ui/bot_window.py", line 204, in _view_account
    account = self.broker.get_account()
              ^^^^^^^^^^^^^^^^^^^^^^^^^
  File "/home/fbautista/Documents/Alpaca/trading_bot/broker/broker_client.py", line 29, in get_account
    response.raise_for_status()
  File "/usr/lib/python3/dist-packages/requests/models.py", line 1021, in raise_for_status
    raise HTTPError(http_error_msg, response=self)
requests.exceptions.HTTPError: 401 Client Error: Unauthorized for url: https://paper-api.alpaca.markets/v2/account
2026-06-30 18:22:53 | ERROR | trading_bot | Error en accion de UI
Traceback (most recent call last):
  File "/home/fbautista/Documents/Alpaca/trading_bot/ui/bot_window.py", line 198, in _run_action
    fn()
  File "/home/fbautista/Documents/Alpaca/trading_bot/ui/bot_window.py", line 230, in _switch_account
    self._view_account()
  File "/home/fbautista/Documents/Alpaca/trading_bot/ui/bot_window.py", line 204, in _view_account
    account = self.broker.get_account()
              ^^^^^^^^^^^^^^^^^^^^^^^^^
  File "/home/fbautista/Documents/Alpaca/trading_bot/broker/broker_client.py", line 29, in get_account
    response.raise_for_status()
  File "/usr/lib/python3/dist-packages/requests/models.py", line 1021, in raise_for_status
    raise HTTPError(http_error_msg, response=self)
requests.exceptions.HTTPError: 401 Client Error: Unauthorized for url: https://paper-api.alpaca.markets/v2/account
2026-06-30 18:23:45 | INFO | trading_bot | Iniciando trading bot UI
2026-06-30 18:23:48 | ERROR | trading_bot | Error en accion de UI
Traceback (most recent call last):
  File "/home/fbautista/Documents/Alpaca/trading_bot/ui/bot_window.py", line 198, in _run_action
    fn()
  File "/home/fbautista/Documents/Alpaca/trading_bot/ui/bot_window.py", line 230, in _switch_account
    self._view_account()
  File "/home/fbautista/Documents/Alpaca/trading_bot/ui/bot_window.py", line 204, in _view_account
    account = self.broker.get_account()
              ^^^^^^^^^^^^^^^^^^^^^^^^^
  File "/home/fbautista/Documents/Alpaca/trading_bot/broker/broker_client.py", line 29, in get_account
    response.raise_for_status()
  File "/usr/lib/python3/dist-packages/requests/models.py", line 1021, in raise_for_status
    raise HTTPError(http_error_msg, response=self)
requests.exceptions.HTTPError: 401 Client Error: Unauthorized for url: https://paper-api.alpaca.markets/v2/account
2026-06-30 18:23:55 | ERROR | trading_bot | Error en accion de UI
Traceback (most recent call last):
  File "/home/fbautista/Documents/Alpaca/trading_bot/ui/bot_window.py", line 198, in _run_action
    fn()
  File "/home/fbautista/Documents/Alpaca/trading_bot/ui/bot_window.py", line 230, in _switch_account
    self._view_account()
  File "/home/fbautista/Documents/Alpaca/trading_bot/ui/bot_window.py", line 204, in _view_account
    account = self.broker.get_account()
              ^^^^^^^^^^^^^^^^^^^^^^^^^
  File "/home/fbautista/Documents/Alpaca/trading_bot/broker/broker_client.py", line 29, in get_account
    response.raise_for_status()
  File "/usr/lib/python3/dist-packages/requests/models.py", line 1021, in raise_for_status
    raise HTTPError(http_error_msg, response=self)
requests.exceptions.HTTPError: 401 Client Error: Unauthorized for url: https://paper-api.alpaca.markets/v2/account
2026-06-30 18:26:28 | INFO | trading_bot | Iniciando trading bot UI
2026-06-30 18:28:21 | INFO | trading_bot | Iniciando trading bot UI
2026-06-30 18:31:38 | INFO | trading_bot | Iniciando trading bot UI
2026-06-30 20:28:44 | INFO | trading_bot | Iniciando trading bot UI
2026-06-30 20:30:33 | INFO | trading_bot | Iniciando trading bot UI
2026-06-30 20:32:03 | INFO | trading_bot | Iniciando trading bot UI
2026-06-30 20:32:07 | WARNING | trading_bot | Rate limit (429). Reintentando en 1.0 s
2026-06-30 20:32:08 | WARNING | trading_bot | Rate limit (429). Reintentando en 2.0 s
2026-06-30 20:32:26 | WARNING | trading_bot | Rate limit (429). Reintentando en 1.0 s
2026-06-30 20:32:27 | WARNING | trading_bot | Rate limit (429). Reintentando en 2.0 s
2026-06-30 20:35:14 | INFO | trading_bot | Iniciando trading bot UI
2026-06-30 20:36:12 | ERROR | trading_bot | Error en accion de UI
Traceback (most recent call last):
  File "/usr/lib/python3/dist-packages/urllib3/response.py", line 894, in _error_catcher
    yield
  File "/usr/lib/python3/dist-packages/urllib3/response.py", line 1286, in read_chunked
    chunk = self._handle_chunk(amt)
            ^^^^^^^^^^^^^^^^^^^^^^^
  File "/usr/lib/python3/dist-packages/urllib3/response.py", line 1232, in _handle_chunk
    value = self._fp._safe_read(amt)  # type: ignore[union-attr]
            ^^^^^^^^^^^^^^^^^^^^^^^^
  File "/usr/lib/python3.12/http/client.py", line 646, in _safe_read
    data = self.fp.read(cursize)
           ^^^^^^^^^^^^^^^^^^^^^
  File "/usr/lib/python3.12/socket.py", line 707, in readinto
    return self._sock.recv_into(b)
           ^^^^^^^^^^^^^^^^^^^^^^^
  File "/usr/lib/python3.12/ssl.py", line 1252, in recv_into
    return self.read(nbytes, buffer)
           ^^^^^^^^^^^^^^^^^^^^^^^^^
  File "/usr/lib/python3.12/ssl.py", line 1104, in read
    return self._sslobj.read(len, buffer)
           ^^^^^^^^^^^^^^^^^^^^^^^^^^^^^^
TimeoutError: The read operation timed out

The above exception was the direct cause of the following exception:

Traceback (most recent call last):
  File "/usr/lib/python3/dist-packages/requests/models.py", line 816, in generate
    yield from self.raw.stream(chunk_size, decode_content=True)
  File "/usr/lib/python3/dist-packages/urllib3/response.py", line 1139, in stream
    yield from self.read_chunked(amt, decode_content=decode_content)
  File "/usr/lib/python3/dist-packages/urllib3/response.py", line 1271, in read_chunked
    with self._error_catcher():
  File "/usr/lib/python3.12/contextlib.py", line 158, in __exit__
    self.gen.throw(value)
  File "/usr/lib/python3/dist-packages/urllib3/response.py", line 899, in _error_catcher
    raise ReadTimeoutError(self._pool, None, "Read timed out.") from e  # type: ignore[arg-type]
    ^^^^^^^^^^^^^^^^^^^^^^^^^^^^^^^^^^^^^^^^^^^^^^^^^^^^^^^^^^^^^^^^^^
urllib3.exceptions.ReadTimeoutError: HTTPSConnectionPool(host='paper-api.alpaca.markets', port=443): Read timed out.

During handling of the above exception, another exception occurred:

Traceback (most recent call last):
  File "/home/fbautista/Documents/Alpaca/trading_bot/ui/bot_window.py", line 230, in _run_action
    fn()
  File "/home/fbautista/Documents/Alpaca/trading_bot/ui/bot_window.py", line 359, in _view_stocks
    stocks = self.broker.list_stocks(status="active", only_tradable=False)
             ^^^^^^^^^^^^^^^^^^^^^^^^^^^^^^^^^^^^^^^^^^^^^^^^^^^^^^^^^^^^^
  File "/home/fbautista/Documents/Alpaca/trading_bot/broker/broker_client.py", line 63, in list_stocks
    response = requests.get(url, headers=self._headers(), params=params, timeout=30)
               ^^^^^^^^^^^^^^^^^^^^^^^^^^^^^^^^^^^^^^^^^^^^^^^^^^^^^^^^^^^^^^^^^^^^^
  File "/usr/lib/python3/dist-packages/requests/api.py", line 73, in get
    return request("get", url, params=params, **kwargs)
           ^^^^^^^^^^^^^^^^^^^^^^^^^^^^^^^^^^^^^^^^^^^^
  File "/usr/lib/python3/dist-packages/requests/api.py", line 59, in request
    return session.request(method=method, url=url, **kwargs)
           ^^^^^^^^^^^^^^^^^^^^^^^^^^^^^^^^^^^^^^^^^^^^^^^^^
  File "/usr/lib/python3/dist-packages/requests/sessions.py", line 589, in request
    resp = self.send(prep, **send_kwargs)
           ^^^^^^^^^^^^^^^^^^^^^^^^^^^^^^
  File "/usr/lib/python3/dist-packages/requests/sessions.py", line 747, in send
    r.content
  File "/usr/lib/python3/dist-packages/requests/models.py", line 899, in content
    self._content = b"".join(self.iter_content(CONTENT_CHUNK_SIZE)) or b""
                    ^^^^^^^^^^^^^^^^^^^^^^^^^^^^^^^^^^^^^^^^^^^^^^^
  File "/usr/lib/python3/dist-packages/requests/models.py", line 822, in generate
    raise ConnectionError(e)
requests.exceptions.ConnectionError: HTTPSConnectionPool(host='paper-api.alpaca.markets', port=443): Read timed out.
2026-06-30 21:06:19 | INFO | trading_bot | Iniciando trading bot UI
2026-06-30 21:07:28 | INFO | trading_bot | Ordenes consultadas: 0
2026-06-30 21:07:36 | ERROR | trading_bot | Error en accion de UI
Traceback (most recent call last):
  File "/home/fbautista/Documents/Alpaca/trading_bot/ui/bot_window.py", line 251, in _run_action
    fn()
  File "/home/fbautista/Documents/Alpaca/trading_bot/ui/bot_window.py", line 320, in _manual_sell_selected_stock
    result = self.position_manager.manual_sell(symbol)
             ^^^^^^^^^^^^^^^^^^^^^^^^^^^^^^^^^^^^^^^^^
  File "/home/fbautista/Documents/Alpaca/trading_bot/portfolio/position_manager.py", line 263, in manual_sell
    raise ValueError(f"No hay posicion abierta para {symbol}")
ValueError: No hay posicion abierta para AAPB
2026-06-30 21:11:02 | INFO | trading_bot | Iniciando trading bot UI
2026-06-30 21:23:08 | INFO | trading_bot | Iniciando trading bot UI
2026-06-30 21:23:43 | INFO | trading_bot | Stock programado para apertura: AAPL
2026-06-30 21:24:17 | INFO | trading_bot | Ordenes consultadas: 0
2026-06-30 21:24:19 | INFO | trading_bot | Ordenes consultadas: 0
2026-06-30 21:24:25 | INFO | trading_bot | Ordenes consultadas: 0
2026-06-30 21:24:27 | INFO | trading_bot | Ordenes consultadas: 0
2026-06-30 22:16:51 | INFO | trading_bot | Stock programado para apertura: AAPR
2026-07-01 18:46:52 | INFO | trading_bot | Iniciando trading bot UI
2026-07-01 19:58:53 | INFO | trading_bot | Iniciando trading bot UI
2026-07-01 19:58:53 | INFO | trading_bot | Recuperacion inicial | abiertas=0 sincronizadas=0 ya_linkeadas=0
2026-07-01 20:12:39 | INFO | trading_bot | Iniciando trading bot UI
2026-07-01 20:12:39 | INFO | trading_bot | Recuperacion inicial | abiertas=0 sincronizadas=0 ya_linkeadas=0
2026-07-01 20:15:08 | INFO | trading_bot | Iniciando trading bot UI
2026-07-01 20:15:08 | INFO | trading_bot | Recuperacion inicial | abiertas=0 sincronizadas=0 ya_linkeadas=0
2026-07-01 20:16:38 | INFO | trading_bot | Ordenes consultadas: 0
2026-07-01 20:16:43 | INFO | trading_bot | Ordenes consultadas: 0
2026-07-01 20:17:06 | INFO | trading_bot | Ordenes consultadas: 0
2026-07-02 08:20:44 | INFO | trading_bot | Stock programado para apertura: TSLL
2026-07-02 08:20:50 | INFO | trading_bot | Stock programado para apertura: TSLQ
2026-07-02 08:20:57 | INFO | trading_bot | Stock programado para apertura: TSLT
2026-07-02 08:21:07 | INFO | trading_bot | Ordenes consultadas: 0
2026-07-02 21:01:28 | INFO | trading_bot | Iniciando trading bot UI
2026-07-02 21:01:28 | INFO | trading_bot | Recuperacion inicial | abiertas=0 sincronizadas=0 ya_linkeadas=0
2026-07-02 21:02:16 | INFO | trading_bot | Ordenes consultadas: 0
2026-07-02 21:05:38 | INFO | trading_bot | Iniciando trading bot UI
2026-07-02 21:05:38 | INFO | trading_bot | Recuperacion inicial | abiertas=0 sincronizadas=0 ya_linkeadas=0
2026-07-02 21:07:08 | INFO | trading_bot | Ordenes consultadas: 0
2026-07-02 21:07:23 | INFO | trading_bot | Stock programado para apertura: UNI/USDT
2026-07-02 21:10:52 | INFO | trading_bot | Iniciando trading bot UI
2026-07-02 21:10:52 | INFO | trading_bot | Recuperacion inicial | abiertas=0 sincronizadas=0 ya_linkeadas=0
2026-07-02 21:30:14 | INFO | trading_bot | Iniciando trading bot UI
2026-07-02 21:30:14 | INFO | trading_bot | Recuperacion inicial | abiertas=0 sincronizadas=0 ya_linkeadas=0
2026-07-02 22:24:29 | INFO | trading_bot | Iniciando trading bot UI
2026-07-02 22:24:29 | INFO | trading_bot | Recuperacion inicial | abiertas=0 sincronizadas=0 ya_linkeadas=0
2026-07-02 22:29:25 | INFO | trading_bot | Iniciando trading bot UI
2026-07-02 22:29:25 | INFO | trading_bot | Recuperacion inicial | abiertas=0 sincronizadas=0 ya_linkeadas=0
2026-07-02 22:37:20 | INFO | trading_bot | Iniciando trading bot UI
2026-07-02 22:37:20 | INFO | trading_bot | Recuperacion inicial | abiertas=0 sincronizadas=0 ya_linkeadas=0
2026-07-02 22:38:01 | INFO | trading_bot | Orden creada: adf0c543-60f3-4608-a9a0-9de69f324982
2026-07-02 22:38:01 | INFO | trading_bot | Entrada registrada SOL/USD qty=6.1935 entry=80.73
2026-07-02 22:38:53 | INFO | trading_bot | Ordenes consultadas: 1
2026-07-02 22:38:56 | INFO | trading_bot | Ordenes consultadas: 1
2026-07-02 22:50:01 | INFO | trading_bot | Iniciando trading bot UI
2026-07-02 22:50:01 | INFO | trading_bot | Recuperacion de posiciones abierta(s): 1
2026-07-02 22:50:01 | INFO | trading_bot | Recuperacion inicial | abiertas=1 sincronizadas=1 ya_linkeadas=0
2026-07-02 22:50:55 | INFO | trading_bot | Orden creada: ab120066-6bc5-4054-945c-64ccc2c6ce0d
2026-07-02 22:50:55 | INFO | trading_bot | Entrada registrada BTC/USD qty=0.0082 entry=61241.27
2026-07-02 22:51:59 | INFO | trading_bot | Ordenes consultadas: 2
2026-07-02 22:54:03 | INFO | trading_bot | Salida registrada SOLUSD pnl=0.7308593223749428
2026-07-02 22:55:03 | INFO | trading_bot | Salida registrada BTCUSD pnl=0.294462
2026-07-02 22:56:50 | INFO | trading_bot | Iniciando trading bot UI
2026-07-02 22:56:50 | INFO | trading_bot | Recuperacion inicial | abiertas=0 sincronizadas=0 ya_linkeadas=0
2026-07-02 22:56:57 | INFO | trading_bot | Ordenes consultadas: 4
2026-07-02 22:57:16 | INFO | trading_bot | Ordenes consultadas: 4
2026-07-02 22:57:18 | INFO | trading_bot | Ordenes consultadas: 4
2026-07-02 22:58:05 | INFO | trading_bot | Ordenes consultadas: 4
2026-07-02 23:02:46 | INFO | trading_bot | Iniciando trading bot UI
2026-07-02 23:02:46 | INFO | trading_bot | Recuperacion inicial | abiertas=0 sincronizadas=0 ya_linkeadas=0
2026-07-02 23:03:18 | INFO | trading_bot | Ordenes consultadas: 4
2026-07-02 23:10:22 | INFO | trading_bot | Iniciando trading bot UI
2026-07-02 23:10:22 | INFO | trading_bot | Recuperacion inicial | abiertas=0 sincronizadas=0 ya_linkeadas=0
2026-07-02 23:10:30 | INFO | trading_bot | Ordenes consultadas: 4
2026-07-02 23:10:38 | INFO | trading_bot | Ordenes consultadas: 4
2026-07-02 23:11:14 | INFO | trading_bot | Orden creada: bb7aa4a7-08eb-4504-b389-e385e47a49e7
2026-07-02 23:11:14 | INFO | trading_bot | Entrada registrada SOL/USD qty=12.41 entry=80.58
2026-07-02 23:11:24 | INFO | trading_bot | Salida registrada SOLUSD pnl=1.0051727699999442
2026-07-02 23:17:10 | INFO | trading_bot | Iniciando trading bot UI
2026-07-02 23:17:10 | INFO | trading_bot | Recuperacion inicial | abiertas=0 sincronizadas=0 ya_linkeadas=0
2026-07-02 23:18:15 | INFO | trading_bot | Orden creada: 369b8c77-5bd3-41aa-8dee-7462f94f95fb
2026-07-02 23:18:15 | INFO | trading_bot | Entrada registrada SOL/USD qty=37.2292 entry=80.582
2026-07-02 23:18:42 | INFO | trading_bot | Salida registrada SOLUSD pnl=0.07195648225632624
2026-07-02 23:19:38 | INFO | trading_bot | Orden creada: e2b975db-3239-434e-ada9-2def7218d652
2026-07-02 23:19:38 | INFO | trading_bot | Entrada registrada SOL/USD qty=37.2292 entry=80.582
2026-07-02 23:21:39 | INFO | trading_bot | Ordenes consultadas: 9
2026-07-02 23:22:36 | INFO | trading_bot | Ordenes consultadas: 9
2026-07-02 23:25:56 | INFO | trading_bot | Iniciando trading bot UI
2026-07-02 23:25:56 | INFO | trading_bot | Recuperacion inicial | abiertas=1 sincronizadas=0 ya_linkeadas=1
2026-07-02 23:29:35 | INFO | trading_bot | Iniciando trading bot UI
2026-07-02 23:29:35 | INFO | trading_bot | Recuperacion inicial | abiertas=1 sincronizadas=0 ya_linkeadas=1
2026-07-02 23:30:06 | INFO | trading_bot | Ordenes consultadas: 9
2026-07-02 23:31:19 | INFO | trading_bot | Orden creada: c2de81d3-d984-4020-bd5d-a03d5a5aba1a
2026-07-02 23:31:19 | INFO | trading_bot | Entrada registrada SOL/USD qty=24.8194 entry=80.582
2026-07-02 23:40:44 | INFO | trading_bot | Iniciando trading bot UI
2026-07-02 23:40:44 | INFO | trading_bot | Recuperacion inicial | abiertas=1 sincronizadas=0 ya_linkeadas=1
2026-07-02 23:40:56 | INFO | trading_bot | Ordenes consultadas: 11
2026-07-02 23:42:49 | INFO | trading_bot | Ordenes consultadas: 11
2026-07-02 23:46:12 | INFO | trading_bot | Iniciando trading bot UI
2026-07-02 23:46:12 | INFO | trading_bot | Recuperacion inicial | abiertas=1 sincronizadas=0 ya_linkeadas=1
2026-07-02 23:46:35 | INFO | trading_bot | Ordenes consultadas: 11
2026-07-02 23:47:20 | INFO | trading_bot | Ordenes consultadas: 11
2026-07-02 23:47:21 | INFO | trading_bot | Ordenes consultadas: 11
2026-07-02 23:49:05 | INFO | trading_bot | Iniciando trading bot UI
2026-07-02 23:49:05 | INFO | trading_bot | Recuperacion inicial | abiertas=1 sincronizadas=0 ya_linkeadas=1
2026-07-03 00:04:23 | INFO | trading_bot | Iniciando trading bot UI
2026-07-03 00:04:23 | INFO | trading_bot | Recuperacion inicial | abiertas=1 sincronizadas=0 ya_linkeadas=1
2026-07-03 01:27:55 | INFO | trading_bot | Salida registrada SOLUSD pnl=2.207768336121126
2026-07-03 02:21:22 | INFO | trading_bot | Iniciando trading bot UI
2026-07-03 02:21:22 | INFO | trading_bot | Recuperacion inicial | abiertas=0 sincronizadas=0 ya_linkeadas=0
2026-07-03 02:22:27 | INFO | trading_bot | Orden creada: 8c91a46f-ee6f-497e-8800-7cf072ea6f0c
2026-07-03 02:22:27 | INFO | trading_bot | Entrada registrada SOL/USD qty=37.0741 entry=80.919
2026-07-03 02:26:27 | INFO | trading_bot | Orden creada: 5c2b6a63-d9ef-4d1e-aaef-7bd6630c9cc5
2026-07-03 02:26:27 | INFO | trading_bot | Entrada registrada DOGE/USD qty=665690.3209 entry=0.07511
2026-07-03 02:29:10 | INFO | trading_bot | Orden creada: ef2fab92-c843-4f12-85d8-dde92d01bdc0
2026-07-03 02:29:10 | INFO | trading_bot | Entrada registrada DOGE/USD qty=532552.2567 entry=0.07511
2026-07-03 02:30:38 | INFO | trading_bot | Iniciando trading bot UI
2026-07-03 02:30:38 | INFO | trading_bot | Recuperacion inicial | abiertas=1 sincronizadas=0 ya_linkeadas=1
2026-07-03 02:37:08 | INFO | trading_bot | Orden creada: 95538748-d714-485a-8bef-d6eb7a03cd34
2026-07-03 02:37:08 | INFO | trading_bot | Entrada registrada HYPE/USD qty=75.5599 entry=66.1727
2026-07-03 02:38:11 | INFO | trading_bot | Ordenes consultadas: 3
2026-07-03 02:38:20 | INFO | trading_bot | Iniciando trading bot UI
2026-07-03 02:38:20 | INFO | trading_bot | Recuperacion inicial | abiertas=1 sincronizadas=0 ya_linkeadas=1
2026-07-03 02:38:34 | INFO | trading_bot | Ordenes consultadas: 3
2026-07-03 02:50:26 | INFO | trading_bot | Orden creada: 8bcac156-82ed-476e-b643-a6c20350b763
2026-07-03 02:50:26 | INFO | trading_bot | Entrada registrada HYPE/USD qty=45.3359 entry=66.1727
2026-07-03 02:53:14 | INFO | trading_bot | Orden creada: bc6e3dba-d4ca-48cb-9c19-58cd2c18c12d
2026-07-03 02:53:14 | INFO | trading_bot | Entrada registrada HYPE/USD qty=7.556 entry=66.1727
2026-07-03 02:53:31 | INFO | trading_bot | Iniciando trading bot UI
2026-07-03 02:53:31 | INFO | trading_bot | Recuperacion inicial | abiertas=1 sincronizadas=0 ya_linkeadas=1
2026-07-03 02:53:45 | INFO | trading_bot | Ordenes consultadas: 13
2026-07-03 02:53:46 | INFO | trading_bot | Ordenes consultadas: 13
2026-07-03 03:02:00 | INFO | trading_bot | Iniciando trading bot UI
2026-07-03 03:02:00 | INFO | trading_bot | Recuperacion inicial | abiertas=1 sincronizadas=0 ya_linkeadas=1
2026-07-03 03:02:09 | INFO | trading_bot | Ordenes consultadas: 13
2026-07-03 03:02:15 | INFO | trading_bot | Ordenes consultadas: 13
2026-07-03 03:02:15 | INFO | trading_bot | Ordenes consultadas: 13
2026-07-03 03:02:40 | INFO | trading_bot | Ordenes consultadas: 5
2026-07-03 03:02:41 | INFO | trading_bot | Ordenes consultadas: 5
2026-07-03 03:02:51 | INFO | trading_bot | Ordenes consultadas: 5
2026-07-03 03:02:52 | INFO | trading_bot | Orden cancelada: bc6e3dba-d4ca-48cb-9c19-58cd2c18c12d
2026-07-03 03:02:52 | INFO | trading_bot | Orden cancelada: 8bcac156-82ed-476e-b643-a6c20350b763
2026-07-03 03:02:52 | INFO | trading_bot | Orden cancelada: 95538748-d714-485a-8bef-d6eb7a03cd34
2026-07-03 03:03:11 | INFO | trading_bot | Ordenes consultadas: 5
2026-07-03 03:04:04 | INFO | trading_bot | Orden creada: 45781002-d014-4448-aa6b-79f57433770d
2026-07-03 03:04:04 | INFO | trading_bot | Entrada registrada HYPE/USD qty=30.2239 entry=66.1727
2026-07-03 03:04:54 | INFO | trading_bot | Ordenes consultadas: 6
2026-07-03 03:04:54 | INFO | trading_bot | Orden cancelada: 45781002-d014-4448-aa6b-79f57433770d
2026-07-03 03:05:05 | INFO | trading_bot | Ordenes consultadas: 6
2026-07-03 03:05:10 | INFO | trading_bot | Orden creada: 94d785c3-964b-4e68-8e56-bb44bb77f4aa
2026-07-03 03:05:10 | INFO | trading_bot | Entrada registrada HYPE/USD qty=30.2239 entry=66.1727
2026-07-03 03:05:11 | INFO | trading_bot | Ordenes consultadas: 7
2026-07-03 03:05:14 | INFO | trading_bot | Ordenes consultadas: 7
2026-07-03 03:05:16 | INFO | trading_bot | Ordenes consultadas: 7
2026-07-03 03:05:16 | INFO | trading_bot | Ordenes consultadas: 7
2026-07-03 03:05:19 | INFO | trading_bot | Ordenes consultadas: 7
2026-07-03 03:05:26 | INFO | trading_bot | Ordenes consultadas: 7
2026-07-03 03:05:26 | INFO | trading_bot | Orden cancelada: 94d785c3-964b-4e68-8e56-bb44bb77f4aa
2026-07-03 03:06:13 | INFO | trading_bot | Orden creada: 75ae53c1-109f-4aac-acc2-a290190e80e5
2026-07-03 03:06:13 | INFO | trading_bot | Entrada registrada ARB/USD qty=26079.0194 entry=0.07669
2026-07-03 03:09:25 | INFO | trading_bot | Iniciando trading bot UI
2026-07-03 03:09:25 | INFO | trading_bot | Recuperacion inicial | abiertas=1 sincronizadas=0 ya_linkeadas=1
2026-07-03 03:10:10 | INFO | trading_bot | Orden creada: 19bf408b-d032-44a3-b520-abd4535208e1
2026-07-03 03:10:10 | INFO | trading_bot | Orden creada: 6f2b59d1-4c79-4cf0-a5c6-9924b6a17663
2026-07-03 03:10:53 | INFO | trading_bot | Orden creada: 402840ac-4304-4b5f-9074-af719973ad61
2026-07-03 03:10:57 | INFO | trading_bot | Orden creada: eb7d5dd8-f9b2-4d51-bef5-cfc5dcee8c74
2026-07-03 03:17:17 | INFO | trading_bot | Iniciando trading bot UI
2026-07-03 03:17:18 | INFO | trading_bot | Recuperacion inicial | abiertas=1 sincronizadas=0 ya_linkeadas=1
2026-07-03 03:18:21 | INFO | trading_bot | Ordenes consultadas: 12
2026-07-03 03:23:09 | INFO | trading_bot | Iniciando trading bot UI
2026-07-03 03:23:09 | INFO | trading_bot | Recuperacion inicial | abiertas=1 sincronizadas=0 ya_linkeadas=1
2026-07-03 03:23:10 | INFO | trading_bot | Salida registrada SOLUSD pnl=0.09865476540756839
2026-07-03 03:23:19 | INFO | trading_bot | Ordenes consultadas: 12
2026-07-03 03:24:11 | INFO | trading_bot | Ordenes consultadas: 12
2026-07-03 03:27:29 | INFO | trading_bot | Iniciando trading bot UI
2026-07-03 03:27:29 | INFO | trading_bot | Recuperacion inicial | abiertas=0 sincronizadas=0 ya_linkeadas=0
2026-07-03 03:30:06 | INFO | trading_bot | Iniciando trading bot UI
2026-07-03 03:30:06 | INFO | trading_bot | Recuperacion inicial | abiertas=0 sincronizadas=0 ya_linkeadas=0
2026-07-03 03:31:25 | INFO | trading_bot | Orden creada: f7fa4930-26e0-4690-bfe9-e3ea2820839e
2026-07-03 03:31:25 | INFO | trading_bot | Entrada registrada SOL/USD qty=49.2078 entry=81.078064637
2026-07-03 03:31:37 | INFO | trading_bot | Salida registrada SOLUSD pnl=-8.501906258966248
2026-07-03 03:32:32 | INFO | trading_bot | Orden creada: dd7c9a8a-9897-4b15-821a-dcc045d7c03e
2026-07-03 03:32:33 | INFO | trading_bot | Entrada registrada SOL/USD qty=49.5118 entry=81.052479328
2026-07-03 03:36:07 | INFO | trading_bot | Salida registrada SOLUSD pnl=-0.062074518878227736
2026-07-03 03:37:31 | INFO | trading_bot | Orden creada: 20925f59-f99b-45d6-9a45-0e875bfb6c0f
2026-07-03 03:37:32 | INFO | trading_bot | Entrada registrada SOL/USD qty=49.192 entry=81.094712352
2026-07-03 03:37:37 | INFO | trading_bot | Salida registrada SOLUSD pnl=-4.936217059273681
2026-07-03 03:39:35 | INFO | trading_bot | Iniciando trading bot UI
2026-07-03 03:39:35 | INFO | trading_bot | Recuperacion inicial | abiertas=0 sincronizadas=0 ya_linkeadas=0
2026-07-03 03:40:33 | INFO | trading_bot | Orden creada: 426aee67-5aa8-433f-bbca-b275f12753a3
2026-07-03 03:40:34 | INFO | trading_bot | Entrada registrada SOL/USD qty=49.4507 entry=81.154197344
2026-07-03 03:41:07 | INFO | trading_bot | Salida registrada SOLUSD pnl=-5.20992656186044
2026-07-03 03:45:00 | INFO | trading_bot | Iniciando trading bot UI
2026-07-03 03:45:00 | INFO | trading_bot | Recuperacion inicial | abiertas=0 sincronizadas=0 ya_linkeadas=0
2026-07-03 03:45:01 | INFO | trading_bot | Salida limit registrada SOL/USD pnl=15.714486898082633
2026-07-03 03:45:01 | INFO | trading_bot | Salida limit registrada BTC/USD pnl=0.7846594350000023
2026-07-03 03:45:01 | INFO | trading_bot | Salida limit registrada SOL/USD pnl=23.113547885582914
2026-07-03 03:45:01 | INFO | trading_bot | Salida limit registrada SOL/USD pnl=23.014893739083142
2026-07-03 03:46:02 | INFO | trading_bot | Orden creada: 4ce572d8-1189-42fb-a435-d9b60f7460b5
2026-07-03 03:46:03 | INFO | trading_bot | Entrada registrada SOL/USD qty=43.0199 entry=81.23632249
2026-07-03 03:46:32 | INFO | trading_bot | Orden limite creada: 37a98b91-c314-4ad3-b1e6-12ab23a6b1ad
2026-07-03 03:49:01 | INFO | trading_bot | Salida limit registrada SOL/USD pnl=5.2085942215923575
2026-07-03 03:50:01 | INFO | trading_bot | Orden creada: 1551ee52-33ca-4f5a-8638-5a79756d4b9a
2026-07-03 03:50:02 | INFO | trading_bot | Entrada registrada SOL/USD qty=43.0199 entry=81.378994681
2026-07-03 03:53:00 | INFO | trading_bot | Iniciando trading bot UI
2026-07-03 03:53:00 | INFO | trading_bot | Recuperacion inicial | abiertas=1 sincronizadas=0 ya_linkeadas=1
2026-07-03 03:54:31 | INFO | trading_bot | Salida limit registrada DOGE/USD pnl=-1059.8792754377196
2026-07-03 03:54:31 | INFO | trading_bot | Salida limit registrada DOGE/USD pnl=-1059.8792754377196
2026-07-03 03:54:31 | INFO | trading_bot | Salida limit registrada ARB/USD pnl=37.54236728142945
2026-07-03 03:54:58 | INFO | trading_bot | Orden creada: df895093-681f-4034-9d52-0e17bdc4dc11
2026-07-03 03:54:58 | INFO | trading_bot | Entrada registrada SOL/USD qty=24.5828 entry=81.275945458
2026-07-03 03:55:32 | INFO | trading_bot | Orden limite creada: a2c1cc17-7e0f-4bbd-8dc5-d154c2a6c07f
2026-07-03 04:00:05 | INFO | trading_bot | Iniciando trading bot UI
2026-07-03 04:00:05 | INFO | trading_bot | Recuperacion inicial | abiertas=1 sincronizadas=0 ya_linkeadas=1
2026-07-03 04:00:20 | INFO | trading_bot | Salida registrada SOLUSD pnl=-11.709679381054551
2026-07-03 04:00:36 | INFO | trading_bot | Salida limit registrada SOL/USD pnl=-11.709679381054551
2026-07-03 04:01:09 | INFO | trading_bot | Iniciando trading bot UI
2026-07-03 04:01:09 | INFO | trading_bot | Recuperacion inicial | abiertas=0 sincronizadas=0 ya_linkeadas=0
2026-07-03 04:01:54 | INFO | trading_bot | Orden creada: 48107d16-2b13-4c36-bb4b-d45bda2c2e26
2026-07-03 04:01:55 | INFO | trading_bot | Entrada registrada SOL/USD qty=24.6051 entry=81.225159833
2026-07-03 04:06:11 | INFO | trading_bot | Orden limite creada: b018baeb-72c4-4aaf-aea2-8bd95a2640f5
2026-07-03 04:13:00 | INFO | trading_bot | Iniciando trading bot UI
2026-07-03 04:13:01 | INFO | trading_bot | Recuperacion inicial | abiertas=1 sincronizadas=0 ya_linkeadas=1
2026-07-03 04:17:50 | INFO | trading_bot | Ordenes consultadas: 1
2026-07-03 04:18:19 | INFO | trading_bot | Orden cancelada: b018baeb-72c4-4aaf-aea2-8bd95a2640f5
2026-07-03 04:18:33 | INFO | trading_bot | Orden limite creada: 6f8db11d-d45b-47eb-a177-11eba65e79c2
2026-07-03 04:18:37 | INFO | trading_bot | Ordenes consultadas: 1
2026-07-03 04:20:44 | INFO | trading_bot | Iniciando trading bot UI
2026-07-03 04:20:44 | INFO | trading_bot | Recuperacion inicial | abiertas=1 sincronizadas=0 ya_linkeadas=1
2026-07-03 04:20:52 | INFO | trading_bot | Ordenes consultadas: 1
2026-07-03 04:20:53 | INFO | trading_bot | Ordenes consultadas: 29
2026-07-03 04:22:23 | INFO | trading_bot | Iniciando trading bot UI
2026-07-03 04:22:23 | INFO | trading_bot | Recuperacion inicial | abiertas=1 sincronizadas=0 ya_linkeadas=1
2026-07-03 04:22:35 | INFO | trading_bot | Ordenes consultadas: 1
2026-07-03 04:22:35 | INFO | trading_bot | Ordenes consultadas: 29
2026-07-03 04:22:53 | INFO | trading_bot | Ordenes consultadas: 1
2026-07-03 04:22:53 | INFO | trading_bot | Ordenes consultadas: 29
2026-07-03 04:24:42 | INFO | trading_bot | Iniciando trading bot UI
2026-07-03 04:24:43 | INFO | trading_bot | Recuperacion inicial | abiertas=1 sincronizadas=0 ya_linkeadas=1
2026-07-03 04:25:03 | INFO | trading_bot | Ordenes consultadas: 1
2026-07-03 04:25:03 | INFO | trading_bot | Ordenes consultadas: 29
2026-07-03 04:26:54 | INFO | trading_bot | Iniciando trading bot UI
2026-07-03 04:26:54 | INFO | trading_bot | Recuperacion inicial | abiertas=1 sincronizadas=0 ya_linkeadas=1
2026-07-03 04:27:06 | INFO | trading_bot | Ordenes consultadas: 1
2026-07-03 04:27:06 | INFO | trading_bot | Ordenes consultadas: 29
2026-07-03 04:29:57 | INFO | trading_bot | Iniciando trading bot UI
2026-07-03 04:29:57 | INFO | trading_bot | Recuperacion inicial | abiertas=1 sincronizadas=0 ya_linkeadas=1
2026-07-03 04:30:29 | INFO | trading_bot | Ordenes consultadas: 1
2026-07-03 04:30:29 | INFO | trading_bot | Ordenes consultadas: 29
2026-07-03 04:31:02 | INFO | trading_bot | Ordenes consultadas: 1
2026-07-03 04:31:02 | INFO | trading_bot | Ordenes consultadas: 29
2026-07-03 04:31:34 | INFO | trading_bot | Iniciando trading bot UI
2026-07-03 04:31:34 | INFO | trading_bot | Recuperacion inicial | abiertas=1 sincronizadas=0 ya_linkeadas=1
2026-07-03 04:34:06 | INFO | trading_bot | Iniciando trading bot UI
2026-07-03 04:34:06 | INFO | trading_bot | Recuperacion inicial | abiertas=1 sincronizadas=0 ya_linkeadas=1
2026-07-03 04:34:23 | INFO | trading_bot | Iniciando trading bot UI
2026-07-03 04:34:23 | INFO | trading_bot | Recuperacion inicial | abiertas=1 sincronizadas=0 ya_linkeadas=1
2026-07-03 04:35:16 | INFO | trading_bot | Ordenes consultadas: 1
2026-07-03 04:35:16 | INFO | trading_bot | Ordenes consultadas: 29
2026-07-03 04:35:18 | INFO | trading_bot | Ordenes consultadas: 1
2026-07-03 04:35:18 | INFO | trading_bot | Ordenes consultadas: 29
2026-07-03 04:35:21 | INFO | trading_bot | Ordenes consultadas: 1
2026-07-03 04:35:21 | INFO | trading_bot | Ordenes consultadas: 29
2026-07-03 04:35:22 | INFO | trading_bot | Ordenes consultadas: 1
2026-07-03 04:35:22 | INFO | trading_bot | Ordenes consultadas: 29
2026-07-03 04:35:22 | INFO | trading_bot | Ordenes consultadas: 1
2026-07-03 04:35:22 | INFO | trading_bot | Ordenes consultadas: 29
2026-07-03 04:35:27 | INFO | trading_bot | Ordenes consultadas: 1
2026-07-03 04:35:27 | INFO | trading_bot | Ordenes consultadas: 29
2026-07-03 04:35:27 | INFO | trading_bot | Ordenes consultadas: 1
2026-07-03 04:35:28 | INFO | trading_bot | Ordenes consultadas: 29
2026-07-03 04:35:28 | INFO | trading_bot | Ordenes consultadas: 1
2026-07-03 04:35:28 | INFO | trading_bot | Ordenes consultadas: 29
2026-07-03 04:35:29 | INFO | trading_bot | Ordenes consultadas: 1
2026-07-03 04:35:30 | INFO | trading_bot | Ordenes consultadas: 29
2026-07-03 04:35:34 | INFO | trading_bot | Ordenes consultadas: 1
2026-07-03 04:35:35 | INFO | trading_bot | Ordenes consultadas: 29
2026-07-03 04:36:48 | INFO | trading_bot | Iniciando trading bot UI
2026-07-03 04:36:49 | INFO | trading_bot | Recuperacion inicial | abiertas=1 sincronizadas=0 ya_linkeadas=1
2026-07-03 04:36:58 | INFO | trading_bot | Ordenes consultadas: 1
2026-07-03 04:36:58 | INFO | trading_bot | Ordenes consultadas: 29
2026-07-03 04:37:13 | INFO | trading_bot | Ordenes consultadas: 1
2026-07-03 04:37:14 | INFO | trading_bot | Ordenes consultadas: 29
2026-07-03 04:37:14 | INFO | trading_bot | Orden cancelada: 6f8db11d-d45b-47eb-a177-11eba65e79c2
2026-07-03 04:37:45 | INFO | trading_bot | Salida registrada SOLUSD pnl=-7.314792852069899
2026-07-03 04:39:35 | INFO | trading_bot | Iniciando trading bot UI
2026-07-03 04:39:35 | INFO | trading_bot | Recuperacion inicial | abiertas=0 sincronizadas=0 ya_linkeadas=0
2026-07-03 04:39:57 | INFO | trading_bot | Ordenes consultadas: 0
2026-07-03 04:39:57 | INFO | trading_bot | Ordenes consultadas: 30
2026-07-03 04:40:12 | INFO | trading_bot | Orden creada: 813405c0-1b71-41bc-bfe5-aae7f471f959
2026-07-03 04:40:13 | INFO | trading_bot | Entrada registrada SOLUSD qty=6.1639 entry=81.0467
2026-07-03 04:44:37 | INFO | trading_bot | Orden limite creada: 928cd621-a0c0-4023-b284-b1b3d5fd7d31
2026-07-03 04:47:31 | INFO | trading_bot | Iniciando trading bot UI
2026-07-03 04:47:31 | INFO | trading_bot | Recuperacion inicial | abiertas=1 sincronizadas=0 ya_linkeadas=1
2026-07-03 04:47:44 | INFO | trading_bot | Ordenes consultadas: 1
2026-07-03 04:47:44 | INFO | trading_bot | Ordenes consultadas: 32
2026-07-03 04:48:33 | INFO | trading_bot | Salida limit registrada SOLUSD pnl=-0.8671167180619997
2026-07-03 05:40:45 | INFO | trading_bot | Iniciando trading bot UI
2026-07-03 05:40:45 | INFO | trading_bot | Recuperacion de posiciones abierta(s): 1
2026-07-03 05:40:45 | INFO | trading_bot | Recuperacion inicial | abiertas=1 sincronizadas=1 ya_linkeadas=0
2026-07-03 05:42:45 | INFO | trading_bot | Ordenes consultadas: 4
2026-07-03 05:42:45 | INFO | trading_bot | Ordenes consultadas: 18
2026-07-03 05:43:20 | INFO | trading_bot | Iniciando trading bot UI
2026-07-03 05:43:20 | INFO | trading_bot | Recuperacion inicial | abiertas=1 sincronizadas=0 ya_linkeadas=1
2026-07-03 05:45:18 | INFO | trading_bot | Salida registrada SOLUSD pnl=-0.3012144826578489
2026-07-03 05:45:22 | INFO | trading_bot | Ordenes consultadas: 4
2026-07-03 05:45:22 | INFO | trading_bot | Ordenes consultadas: 19
2026-07-03 05:46:56 | INFO | trading_bot | Stock programado para apertura: AAVE/USD
2026-07-03 05:47:26 | INFO | trading_bot | Iniciando trading bot UI
2026-07-03 05:47:26 | INFO | trading_bot | Recuperacion de posiciones abierta(s): 1
2026-07-03 05:47:26 | INFO | trading_bot | Recuperacion inicial | abiertas=1 sincronizadas=1 ya_linkeadas=0
2026-07-03 05:47:36 | INFO | trading_bot | Ordenes consultadas: 1
2026-07-03 05:47:36 | INFO | trading_bot | Ordenes consultadas: 33
2026-07-03 05:47:45 | INFO | trading_bot | Ordenes consultadas: 1
2026-07-03 05:47:45 | INFO | trading_bot | Ordenes consultadas: 33
2026-07-03 05:47:45 | INFO | trading_bot | Orden cancelada: 928cd621-a0c0-4023-b284-b1b3d5fd7d31
2026-07-03 05:47:47 | INFO | trading_bot | Salida registrada SOLUSD pnl=-0.31664724787502657
2026-07-03 05:47:56 | INFO | trading_bot | Ordenes consultadas: 4
2026-07-03 05:47:56 | INFO | trading_bot | Ordenes consultadas: 19
2026-07-03 05:48:52 | INFO | trading_bot | Orden creada: b5e5c94e-a0b6-4017-bc49-43552c94f530
2026-07-03 05:48:52 | INFO | trading_bot | Entrada registrada SOL/USD qty=24.6106 entry=81.08675027
2026-07-03 05:49:25 | INFO | trading_bot | Ordenes consultadas: 4
2026-07-03 05:49:25 | INFO | trading_bot | Ordenes consultadas: 20
2026-07-03 05:49:28 | INFO | trading_bot | Orden limite creada: cc1f20ef-0376-4948-b850-523a119ba671
2026-07-03 05:49:33 | INFO | trading_bot | Ordenes consultadas: 5
2026-07-03 05:49:33 | INFO | trading_bot | Ordenes consultadas: 21
2026-07-03 05:49:43 | INFO | trading_bot | Ordenes consultadas: 5
2026-07-03 05:49:43 | INFO | trading_bot | Ordenes consultadas: 21
2026-07-03 05:50:37 | INFO | trading_bot | Ordenes consultadas: 5
2026-07-03 05:50:37 | INFO | trading_bot | Ordenes consultadas: 21
2026-07-03 05:52:54 | INFO | trading_bot | Iniciando trading bot UI
2026-07-03 05:52:54 | INFO | trading_bot | Recuperacion inicial | abiertas=0 sincronizadas=0 ya_linkeadas=0
2026-07-03 05:52:56 | INFO | trading_bot | Salida limit registrada SOL/USD pnl=-0.5628959424798616
2026-07-03 05:53:07 | INFO | trading_bot | Recuperacion de posiciones abierta(s): 1
2026-07-03 06:04:08 | INFO | trading_bot | Ordenes consultadas: 5
2026-07-03 06:04:08 | INFO | trading_bot | Ordenes consultadas: 21
2026-07-03 06:04:20 | INFO | trading_bot | Ordenes consultadas: 5
2026-07-03 06:04:20 | INFO | trading_bot | Ordenes consultadas: 21
2026-07-03 06:07:13 | INFO | trading_bot | Iniciando trading bot UI
2026-07-03 06:07:13 | INFO | trading_bot | Recuperacion inicial | abiertas=0 sincronizadas=0 ya_linkeadas=0
2026-07-03 06:07:13 | INFO | trading_bot | Inhibidor de suspension activado
2026-07-03 06:07:15 | INFO | trading_bot | Salida limit registrada SOLUSD pnl=-0.5628959424798616
2026-07-03 06:07:20 | INFO | trading_bot | Recuperacion de posiciones abierta(s): 1
2026-07-03 06:23:17 | INFO | trading_bot | Ordenes consultadas: 5
2026-07-03 06:23:17 | INFO | trading_bot | Ordenes consultadas: 21
2026-07-03 06:23:17 | INFO | trading_bot | Orden cancelada: cc1f20ef-0376-4948-b850-523a119ba671
2026-07-03 06:23:39 | INFO | trading_bot | Ordenes consultadas: 4
2026-07-03 06:23:39 | INFO | trading_bot | Ordenes consultadas: 21
2026-07-03 06:24:15 | INFO | trading_bot | Ordenes consultadas: 4
2026-07-03 06:24:15 | INFO | trading_bot | Ordenes consultadas: 21
2026-07-03 06:27:15 | INFO | trading_bot | Salida limit registrada SOLUSD pnl=-2.7998566187121217
2026-07-03 06:27:42 | INFO | trading_bot | Iniciando trading bot UI
2026-07-03 06:27:42 | INFO | trading_bot | Recuperacion inicial | abiertas=0 sincronizadas=0 ya_linkeadas=0
2026-07-03 06:27:42 | INFO | trading_bot | Inhibidor de suspension activado
2026-07-03 06:29:26 | INFO | trading_bot | Orden creada: 755f33ca-3e4a-4801-b42f-1ca768848af9
2026-07-03 06:29:26 | INFO | trading_bot | Entrada registrada SOL/USD qty=184.4723 entry=81.16970343
2026-07-03 06:29:44 | INFO | trading_bot | Salida limit registrada SOL/USD pnl=-1.0729326379465665
2026-07-03 06:30:01 | INFO | trading_bot | Orden creada: ad366395-29aa-4022-a53b-e9cd7ccef31c
2026-07-03 06:30:02 | INFO | trading_bot | Entrada registrada SOL/USD qty=43.0435 entry=81.120212437
2026-07-03 06:30:44 | INFO | trading_bot | Orden limite creada: 76b449f5-b0c5-46e7-b430-3749012de4b3
2026-07-03 13:58:55 | INFO | trading_bot | Iniciando trading bot UI
2026-07-03 13:58:55 | INFO | trading_bot | Recuperacion inicial | abiertas=1 sincronizadas=0 ya_linkeadas=1
2026-07-03 13:58:55 | INFO | trading_bot | Inhibidor de suspension activado
2026-07-03 13:58:57 | INFO | trading_bot | Orden limite creada: a4a93025-4653-4f2e-8e68-16b5f0e0b824
2026-07-03 14:00:26 | INFO | trading_bot | Orden creada: 7be02333-3637-4670-a029-a265ab70ecb0
2026-07-03 14:00:27 | INFO | trading_bot | Entrada registrada SOL/USD qty=6.1102 entry=81.724
2026-07-03 14:00:57 | INFO | trading_bot | Orden limite creada: 2ff15de5-bc97-4a36-8445-2817356a5676
2026-07-03 14:05:29 | INFO | trading_bot | Ordenes consultadas: 5
2026-07-03 14:05:29 | INFO | trading_bot | Ordenes consultadas: 24
2026-07-03 14:17:23 | INFO | trading_bot | Ordenes consultadas: 1
2026-07-03 14:17:23 | INFO | trading_bot | Ordenes consultadas: 24
2026-07-03 14:22:55 | INFO | trading_bot | Ordenes consultadas: 1
2026-07-03 14:22:55 | INFO | trading_bot | Orden cancelada: 76b449f5-b0c5-46e7-b430-3749012de4b3
2026-07-03 14:22:57 | INFO | trading_bot | Orden limite creada: bb386cde-034e-418e-a057-bd7178372fbe
2026-07-03 14:23:27 | INFO | trading_bot | Salida limit registrada SOL/USD pnl=6.727501860523978
2026-07-03 14:23:27 | INFO | trading_bot | Salida limit registrada SOL/USD pnl=3.04746225
2026-07-03 14:23:30 | INFO | trading_bot | Ordenes consultadas: 0
2026-07-03 14:23:30 | INFO | trading_bot | Ordenes consultadas: 38
2026-07-03 14:23:53 | INFO | trading_bot | Ordenes consultadas: 0
2026-07-03 14:23:53 | INFO | trading_bot | Ordenes consultadas: 38
2026-07-03 14:23:53 | INFO | trading_bot | Ordenes consultadas: 38
2026-07-03 14:24:51 | INFO | trading_bot | Iniciando trading bot UI
2026-07-03 14:24:51 | INFO | trading_bot | Recuperacion inicial | abiertas=0 sincronizadas=0 ya_linkeadas=0
2026-07-03 14:24:51 | INFO | trading_bot | Inhibidor de suspension activado
2026-07-03 14:26:40 | INFO | trading_bot | Orden creada: d7a899b2-2607-4dbd-9515-3444f4c57f5e
2026-07-03 14:26:40 | INFO | trading_bot | Entrada registrada SOL/USD qty=56.24160000 entry=81.77907011 cost=4599.38574961
2026-07-03 14:27:22 | INFO | trading_bot | Salida limit registrada SOL/USD pnl=-2.6498051501507875
2026-07-03 14:28:02 | INFO | trading_bot | Orden creada: 6241ae6e-a9bb-405a-a057-4d14c4be0217
2026-07-03 14:28:25 | INFO | trading_bot | Orden creada: abffcf8c-db87-4e3b-956d-6c7e773898c1
2026-07-03 14:28:26 | INFO | trading_bot | Entrada registrada SOL/USD qty=158.94360000 entry=81.82286518 cost=13005.22075402
2026-07-03 15:38:53 | INFO | trading_bot | Orden limite creada: 633f6143-f75b-4ae6-b8cc-6637f32def51
2026-07-03 15:39:53 | INFO | trading_bot | Salida limit registrada SOL/USD pnl=-5.879377744406333
2026-07-03 15:41:16 | INFO | trading_bot | Orden creada: c3f6b3ea-b21a-47f8-9288-e7aafb70c9f0
2026-07-03 15:41:17 | INFO | trading_bot | Entrada registrada SOL/USD qty=156.21240000 entry=83.06125033 cost=12975.19726167
2026-07-03 15:41:53 | INFO | trading_bot | Orden limite creada: daca67b8-ea48-4292-85e8-cb03a3972d0a
2026-07-03 15:47:53 | INFO | trading_bot | Salida limit registrada SOL/USD pnl=8.90601437726765
2026-07-03 15:54:58 | INFO | trading_bot | Iniciando trading bot UI
2026-07-03 15:57:34 | INFO | trading_bot | Iniciando trading bot UI
2026-07-03 15:58:05 | INFO | trading_bot | Iniciando trading bot UI
2026-07-03 16:00:52 | INFO | trading_bot | Iniciando trading bot UI
2026-07-03 16:01:35 | INFO | trading_bot | Iniciando trading bot UI
2026-07-03 16:03:22 | INFO | trading_bot | Iniciando trading bot UI
2026-07-03 16:03:22 | WARNING | trading_bot | No se pudo sincronizar posiciones al iniciar: HTTP 401 Unauthorized. La UI seguira iniciando para permitir cambiar o corregir la cuenta.
2026-07-03 16:03:23 | INFO | trading_bot | Inhibidor de suspension activado
2026-07-03 16:04:20 | INFO | trading_bot | Iniciando trading bot UI
2026-07-03 16:04:20 | WARNING | trading_bot | No se pudo sincronizar posiciones al iniciar: HTTP 401 Unauthorized. La UI seguira iniciando para permitir cambiar o corregir la cuenta.
2026-07-03 16:04:20 | INFO | trading_bot | Inhibidor de suspension activado
2026-07-03 16:04:20 | WARNING | trading_bot | Pestana guardada ignorada para cuenta no configurada: Paper 2 (SOL/USD)
2026-07-03 16:04:20 | WARNING | trading_bot | Pestana guardada ignorada para cuenta sin credenciales: Paper (SOL/USD)
2026-07-03 16:04:20 | WARNING | trading_bot | No se pudieron recuperar posiciones abiertas para restaurar pestañas: 401 Client Error: Unauthorized for url: https://paper-api.alpaca.markets/v2/positions
2026-07-03 16:05:13 | INFO | trading_bot | Iniciando trading bot UI
2026-07-03 16:05:13 | WARNING | trading_bot | No se pudo sincronizar posiciones al iniciar: HTTP 401 Unauthorized. La UI seguira iniciando para permitir cambiar o corregir la cuenta.
2026-07-03 16:05:14 | INFO | trading_bot | Inhibidor de suspension activado
2026-07-03 16:05:14 | WARNING | trading_bot | No se pudieron recuperar posiciones abiertas para restaurar pestañas: 401 Client Error: Unauthorized for url: https://paper-api.alpaca.markets/v2/positions
2026-07-03 16:05:14 | WARNING | trading_bot | AI dashboard sin sincronizacion en vivo para Paper: HTTP 401 Unauthorized. Usando datos persistidos.
2026-07-03 16:05:14 | WARNING | trading_bot | AI dashboard sin sincronizacion en vivo para Paper: HTTP 401 Unauthorized. Usando datos persistidos.
2026-07-03 16:05:15 | WARNING | trading_bot | Sin conexion durante monitoreo general (HTTPError). Reintentando automaticamente...
2026-07-03 16:05:15 | WARNING | trading_bot | No se pudo actualizar la lista de activos: 401 Client Error: Unauthorized for url: https://paper-api.alpaca.markets/v2/assets?status=active&asset_class=us_equity
2026-07-03 16:05:15 | INFO | trading_bot | Conexion restaurada. Reanudando flujos automaticamente.
2026-07-03 16:05:45 | WARNING | trading_bot | Sin conexion durante monitoreo general (HTTPError). Reintentando automaticamente...
2026-07-03 16:20:52 | INFO | trading_bot | Iniciando trading bot UI
2026-07-03 16:20:52 | INFO | trading_bot | Recuperacion inicial | abiertas=0 sincronizadas=0 ya_linkeadas=0
2026-07-03 16:20:53 | INFO | trading_bot | Inhibidor de suspension activado
2026-07-03 16:21:06 | ERROR | trading_bot | Error en accion de UI
Traceback (most recent call last):
  File "/home/fbautista/Documents/Alpaca/trading_bot/ui/bot_window.py", line 370, in _run_action
    fn()
  File "/home/fbautista/Documents/Alpaca/trading_bot/ui/bot_window.py", line 2697, in _generate_ai_signal
    signal = self.ai_trading_brain.generate_signal(
             ^^^^^^^^^^^^^^^^^^^^^^^^^^^^^^^^^^^^^^
  File "/home/fbautista/Documents/Alpaca/trading_bot/ai_trading_brain/service.py", line 215, in generate_signal
    features = self._build_features(symbol=symbol, asset_type=asset_type, account_id=account_id)
               ^^^^^^^^^^^^^^^^^^^^^^^^^^^^^^^^^^^^^^^^^^^^^^^^^^^^^^^^^^^^^^^^^^^^^^^^^^^^^^^^^
  File "/home/fbautista/Documents/Alpaca/trading_bot/ai_trading_brain/service.py", line 507, in _build_features
    candles_1m = self.market_data.get_candles(symbol=symbol, interval="1m", limit=60)
                 ^^^^^^^^^^^^^^^^^^^^^^^^^^^^^^^^^^^^^^^^^^^^^^^^^^^^^^^^^^^^^^^^^^^^
  File "/home/fbautista/Documents/Alpaca/trading_bot/data/market_data.py", line 239, in get_candles
    return self.get_stock_bars(symbol=symbol, interval=interval, limit=limit)
           ^^^^^^^^^^^^^^^^^^^^^^^^^^^^^^^^^^^^^^^^^^^^^^^^^^^^^^^^^^^^^^^^^^
  File "/home/fbautista/Documents/Alpaca/trading_bot/data/market_data.py", line 135, in get_stock_bars
    for bar in source_bars:
TypeError: 'NoneType' object is not iterable
2026-07-03 16:27:54 | INFO | trading_bot | Iniciando trading bot UI
2026-07-03 16:27:54 | INFO | trading_bot | Recuperacion inicial | abiertas=0 sincronizadas=0 ya_linkeadas=0
2026-07-03 16:27:54 | INFO | trading_bot | Inhibidor de suspension activado
2026-07-03 16:28:23 | ERROR | trading_bot | Error en accion de UI
Traceback (most recent call last):
  File "/home/fbautista/Documents/Alpaca/trading_bot/ui/bot_window.py", line 370, in _run_action
    fn()
  File "/home/fbautista/Documents/Alpaca/trading_bot/ui/bot_window.py", line 2697, in _generate_ai_signal
    signal = self.ai_trading_brain.generate_signal(
             ^^^^^^^^^^^^^^^^^^^^^^^^^^^^^^^^^^^^^^
  File "/home/fbautista/Documents/Alpaca/trading_bot/ai_trading_brain/service.py", line 215, in generate_signal
    features = self._build_features(symbol=symbol, asset_type=asset_type, account_id=account_id)
               ^^^^^^^^^^^^^^^^^^^^^^^^^^^^^^^^^^^^^^^^^^^^^^^^^^^^^^^^^^^^^^^^^^^^^^^^^^^^^^^^^
  File "/home/fbautista/Documents/Alpaca/trading_bot/ai_trading_brain/service.py", line 507, in _build_features
    candles_1m = self.market_data.get_candles(symbol=symbol, interval="1m", limit=60)
                 ^^^^^^^^^^^^^^^^^^^^^^^^^^^^^^^^^^^^^^^^^^^^^^^^^^^^^^^^^^^^^^^^^^^^
  File "/home/fbautista/Documents/Alpaca/trading_bot/data/market_data.py", line 239, in get_candles
    return self.get_stock_bars(symbol=symbol, interval=interval, limit=limit)
           ^^^^^^^^^^^^^^^^^^^^^^^^^^^^^^^^^^^^^^^^^^^^^^^^^^^^^^^^^^^^^^^^^^
  File "/home/fbautista/Documents/Alpaca/trading_bot/data/market_data.py", line 135, in get_stock_bars
    for bar in source_bars:
TypeError: 'NoneType' object is not iterable
2026-07-03 16:28:52 | INFO | trading_bot | Iniciando trading bot UI
2026-07-03 16:28:52 | INFO | trading_bot | Recuperacion inicial | abiertas=0 sincronizadas=0 ya_linkeadas=0
2026-07-03 16:28:52 | INFO | trading_bot | Inhibidor de suspension activado
2026-07-03 16:29:57 | INFO | trading_bot | Iniciando trading bot UI
2026-07-03 16:29:57 | INFO | trading_bot | Recuperacion inicial | abiertas=0 sincronizadas=0 ya_linkeadas=0
2026-07-03 16:29:57 | INFO | trading_bot | Inhibidor de suspension activado
2026-07-03 16:30:07 | ERROR | trading_bot | Error en accion de UI
Traceback (most recent call last):
  File "/home/fbautista/Documents/Alpaca/trading_bot/ui/bot_window.py", line 370, in _run_action
    fn()
  File "/home/fbautista/Documents/Alpaca/trading_bot/ui/bot_window.py", line 2697, in _generate_ai_signal
    signal = self.ai_trading_brain.generate_signal(
             ^^^^^^^^^^^^^^^^^^^^^^^^^^^^^^^^^^^^^^
  File "/home/fbautista/Documents/Alpaca/trading_bot/ai_trading_brain/service.py", line 215, in generate_signal
    features = self._build_features(symbol=symbol, asset_type=asset_type, account_id=account_id)
               ^^^^^^^^^^^^^^^^^^^^^^^^^^^^^^^^^^^^^^^^^^^^^^^^^^^^^^^^^^^^^^^^^^^^^^^^^^^^^^^^^
  File "/home/fbautista/Documents/Alpaca/trading_bot/ai_trading_brain/service.py", line 507, in _build_features
    candles_1m = self.market_data.get_candles(symbol=symbol, interval="1m", limit=60)
                 ^^^^^^^^^^^^^^^^^^^^^^^^^^^^^^^^^^^^^^^^^^^^^^^^^^^^^^^^^^^^^^^^^^^^
  File "/home/fbautista/Documents/Alpaca/trading_bot/data/market_data.py", line 239, in get_candles
    return self.get_stock_bars(symbol=symbol, interval=interval, limit=limit)
           ^^^^^^^^^^^^^^^^^^^^^^^^^^^^^^^^^^^^^^^^^^^^^^^^^^^^^^^^^^^^^^^^^^
  File "/home/fbautista/Documents/Alpaca/trading_bot/data/market_data.py", line 135, in get_stock_bars
    for bar in source_bars:
TypeError: 'NoneType' object is not iterable
2026-07-03 16:34:05 | ERROR | trading_bot | Error en accion de UI
Traceback (most recent call last):
  File "/home/fbautista/Documents/Alpaca/trading_bot/ui/bot_window.py", line 370, in _run_action
    fn()
  File "/home/fbautista/Documents/Alpaca/trading_bot/ui/bot_window.py", line 2697, in _generate_ai_signal
    signal = self.ai_trading_brain.generate_signal(
             ^^^^^^^^^^^^^^^^^^^^^^^^^^^^^^^^^^^^^^
  File "/home/fbautista/Documents/Alpaca/trading_bot/ai_trading_brain/service.py", line 215, in generate_signal
    features = self._build_features(symbol=symbol, asset_type=asset_type, account_id=account_id)
               ^^^^^^^^^^^^^^^^^^^^^^^^^^^^^^^^^^^^^^^^^^^^^^^^^^^^^^^^^^^^^^^^^^^^^^^^^^^^^^^^^
  File "/home/fbautista/Documents/Alpaca/trading_bot/ai_trading_brain/service.py", line 507, in _build_features
    candles_1m = self.market_data.get_candles(symbol=symbol, interval="1m", limit=60)
                 ^^^^^^^^^^^^^^^^^^^^^^^^^^^^^^^^^^^^^^^^^^^^^^^^^^^^^^^^^^^^^^^^^^^^
  File "/home/fbautista/Documents/Alpaca/trading_bot/data/market_data.py", line 239, in get_candles
    raise last_error
       ^^^^^^^^^^^^^^
  File "/home/fbautista/Documents/Alpaca/trading_bot/data/market_data.py", line 135, in get_stock_bars
    if source_bars is None:
TypeError: 'NoneType' object is not iterable
2026-07-03 16:34:05 | ERROR | trading_bot | Error en accion de UI
Traceback (most recent call last):
  File "/home/fbautista/Documents/Alpaca/trading_bot/ui/bot_window.py", line 370, in _run_action
    fn()
  File "/home/fbautista/Documents/Alpaca/trading_bot/ui/bot_window.py", line 2697, in _generate_ai_signal
    signal = self.ai_trading_brain.generate_signal(
             ^^^^^^^^^^^^^^^^^^^^^^^^^^^^^^^^^^^^^^
  File "/home/fbautista/Documents/Alpaca/trading_bot/ai_trading_brain/service.py", line 215, in generate_signal
    features = self._build_features(symbol=symbol, asset_type=asset_type, account_id=account_id)
               ^^^^^^^^^^^^^^^^^^^^^^^^^^^^^^^^^^^^^^^^^^^^^^^^^^^^^^^^^^^^^^^^^^^^^^^^^^^^^^^^^
  File "/home/fbautista/Documents/Alpaca/trading_bot/ai_trading_brain/service.py", line 507, in _build_features
    candles_1m = self.market_data.get_candles(symbol=symbol, interval="1m", limit=60)
                 ^^^^^^^^^^^^^^^^^^^^^^^^^^^^^^^^^^^^^^^^^^^^^^^^^^^^^^^^^^^^^^^^^^^^
  File "/home/fbautista/Documents/Alpaca/trading_bot/data/market_data.py", line 239, in get_candles
    raise last_error
       ^^^^^^^^^^^^^^
  File "/home/fbautista/Documents/Alpaca/trading_bot/data/market_data.py", line 135, in get_stock_bars
    if source_bars is None:
TypeError: 'NoneType' object is not iterable
2026-07-03 16:40:38 | INFO | trading_bot | Iniciando trading bot UI
2026-07-03 16:40:38 | INFO | trading_bot | Recuperacion inicial | abiertas=0 sincronizadas=0 ya_linkeadas=0
2026-07-03 16:40:38 | INFO | trading_bot | Inhibidor de suspension activado
2026-07-03 16:45:12 | INFO | trading_bot | Orden creada: 97dbca8e-120f-41f2-9837-684c07af37bf
2026-07-03 16:45:12 | INFO | trading_bot | Entrada registrada SOL/USD qty=42.27100000 entry=82.67900594 cost=3494.92426001
2026-07-03 16:45:30 | INFO | trading_bot | Salida registrada SOLUSD pnl=-68.30130509907364
2026-07-03 16:45:40 | INFO | trading_bot | Ordenes consultadas: 0
2026-07-03 16:45:40 | INFO | trading_bot | Ordenes consultadas: 31
2026-07-03 16:58:07 | INFO | trading_bot | Salida limit registrada SOLUSD pnl=-8.739268899579054
2026-07-03 17:06:16 | INFO | trading_bot | Iniciando trading bot UI
2026-07-03 17:06:17 | INFO | trading_bot | Recuperacion de posiciones abierta(s): 1
2026-07-03 17:06:17 | INFO | trading_bot | Recuperacion inicial | abiertas=1 sincronizadas=1 ya_linkeadas=0
2026-07-03 17:06:17 | INFO | trading_bot | Inhibidor de suspension activado
2026-07-03 17:15:19 | INFO | trading_bot | Orden limite creada: 3ced2feb-c209-4b6c-8582-82158002b0d0
2026-07-03 17:20:38 | ERROR | trading_bot | Error en accion de UI
Traceback (most recent call last):
  File "/home/fbautista/Documents/Alpaca/trading_bot/ui/bot_window.py", line 442, in _run_action
    fn()
  File "/home/fbautista/Documents/Alpaca/trading_bot/ui/bot_window.py", line 2900, in _approve_ai_model
    version = self.ai_trading_brain.approve_latest_model()
              ^^^^^^^^^^^^^^^^^^^^^^^^^^^^^^^^^^^^^^^^^^^^
  File "/home/fbautista/Documents/Alpaca/trading_bot/ai_trading_brain/service.py", line 406, in approve_latest_model
    raise ValueError("No hay modelo para aprobar")
ValueError: No hay modelo para aprobar
2026-07-03 17:20:38 | ERROR | trading_bot | Error en accion de UI
Traceback (most recent call last):
  File "/home/fbautista/Documents/Alpaca/trading_bot/ui/bot_window.py", line 442, in _run_action
    fn()
  File "/home/fbautista/Documents/Alpaca/trading_bot/ui/bot_window.py", line 2900, in _approve_ai_model
    version = self.ai_trading_brain.approve_latest_model()
              ^^^^^^^^^^^^^^^^^^^^^^^^^^^^^^^^^^^^^^^^^^^^
  File "/home/fbautista/Documents/Alpaca/trading_bot/ai_trading_brain/service.py", line 406, in approve_latest_model
    raise ValueError("No hay modelo para aprobar")
ValueError: No hay modelo para aprobar
2026-07-03 17:20:44 | WARNING | trading_bot | Alpaca devolvio barras vacias para AAPL (1m)
2026-07-03 17:20:44 | WARNING | trading_bot | Alpaca devolvio barras vacias para AAPL (5m)
2026-07-03 17:20:44 | WARNING | trading_bot | Alpaca devolvio barras vacias para AAPL (15m)
2026-07-03 17:50:11 | INFO | trading_bot | Iniciando trading bot UI
2026-07-03 17:50:11 | INFO | trading_bot | Recuperacion inicial | abiertas=1 sincronizadas=0 ya_linkeadas=1
2026-07-03 17:50:11 | INFO | trading_bot | Inhibidor de suspension activado
2026-07-03 17:50:11 | INFO | trading_bot | Workers automaticos iniciados para Paper
2026-07-03 17:50:12 | WARNING | trading_bot | Alpaca devolvio barras vacias para AAPL (1m)
2026-07-03 17:50:12 | WARNING | trading_bot | Alpaca devolvio barras vacias para AAPL (5m)
2026-07-03 17:50:12 | WARNING | trading_bot | Alpaca devolvio barras vacias para AAPL (15m)
2026-07-03 17:54:16 | WARNING | trading_bot | Alpaca devolvio barras vacias para AAPL (1m)
2026-07-03 17:54:16 | WARNING | trading_bot | Alpaca devolvio barras vacias para AAPL (5m)
2026-07-03 17:54:16 | WARNING | trading_bot | Alpaca devolvio barras vacias para AAPL (15m)
2026-07-03 17:56:34 | INFO | trading_bot | Orden creada: 46a8c97c-9298-4ca2-bbe5-5178fd80e92e
2026-07-03 17:56:34 | INFO | trading_bot | Entrada registrada SOLUSD qty=6.06130000 entry=82.69800000 cost=501.25738740
2026-07-03 17:56:37 | INFO | trading_bot | Salida registrada SOLUSD pnl=-0.5925223814999938
2026-07-03 17:57:05 | INFO | trading_bot | Orden creada: 40152f24-7d28-46e3-939a-e8b428eebab2
2026-07-03 17:57:06 | INFO | trading_bot | Entrada registrada SOLUSD qty=6.06130000 entry=82.65920000 cost=501.02220896
2026-07-03 17:57:15 | INFO | trading_bot | Salida registrada SOLUSD pnl=-0.35793188760002503
2026-07-03 17:58:13 | INFO | trading_bot | Salida limit registrada SOLUSD pnl=-0.4776814952694545
2026-07-03 17:58:20 | WARNING | trading_bot | Alpaca devolvio barras vacias para AAPL (1m)
2026-07-03 17:58:20 | WARNING | trading_bot | Alpaca devolvio barras vacias para AAPL (5m)
2026-07-03 17:58:20 | WARNING | trading_bot | Alpaca devolvio barras vacias para AAPL (15m)
2026-07-03 17:58:45 | INFO | trading_bot | Orden creada: 9b3cbb50-d04e-4da8-9250-bd17d939cc8c
2026-07-03 17:58:45 | INFO | trading_bot | Entrada registrada SOL/USD qty=472.78460000 entry=82.95818440 cost=39221.35202733
2026-07-03 17:58:59 | INFO | trading_bot | Salida registrada SOLUSD pnl=-552.3278732481002
2026-07-03 17:59:16 | INFO | trading_bot | Orden creada: e8fabd76-2854-4a2c-88bd-f1b10e6b12aa
2026-07-03 17:59:16 | INFO | trading_bot | Entrada registrada SOL/USD qty=472.78460000 entry=82.92547834 cost=39205.88910773
2026-07-03 18:02:24 | WARNING | trading_bot | Alpaca devolvio barras vacias para AAPL (1m)
2026-07-03 18:02:24 | WARNING | trading_bot | Alpaca devolvio barras vacias para AAPL (5m)
2026-07-03 18:02:24 | WARNING | trading_bot | Alpaca devolvio barras vacias para AAPL (15m)
2026-07-03 18:06:28 | WARNING | trading_bot | Alpaca devolvio barras vacias para AAPL (1m)
2026-07-03 18:06:28 | WARNING | trading_bot | Alpaca devolvio barras vacias para AAPL (5m)
2026-07-03 18:06:28 | WARNING | trading_bot | Alpaca devolvio barras vacias para AAPL (15m)
2026-07-03 18:07:33 | INFO | trading_bot | Iniciando trading bot UI
2026-07-03 18:07:33 | INFO | trading_bot | Recuperacion inicial | abiertas=1 sincronizadas=0 ya_linkeadas=1
2026-07-03 18:07:33 | INFO | trading_bot | Inhibidor de suspension activado
2026-07-03 18:07:33 | INFO | trading_bot | Workers automaticos iniciados para Paper
2026-07-03 18:07:33 | WARNING | trading_bot | Alpaca devolvio barras vacias para AAPL (1m)
2026-07-03 18:07:33 | WARNING | trading_bot | Alpaca devolvio barras vacias para AAPL (5m)
2026-07-03 18:07:33 | WARNING | trading_bot | Alpaca devolvio barras vacias para AAPL (15m)
2026-07-03 18:10:34 | INFO | trading_bot | Iniciando trading bot UI
2026-07-03 18:10:34 | INFO | trading_bot | Recuperacion inicial | abiertas=1 sincronizadas=0 ya_linkeadas=1
2026-07-03 18:10:34 | INFO | trading_bot | Inhibidor de suspension activado
2026-07-03 18:10:34 | INFO | trading_bot | Workers automaticos iniciados para Paper
2026-07-03 18:10:35 | WARNING | trading_bot | Alpaca devolvio barras vacias para AAPL (1m)
2026-07-03 18:10:35 | WARNING | trading_bot | Alpaca devolvio barras vacias para AAPL (5m)
2026-07-03 18:10:35 | WARNING | trading_bot | Alpaca devolvio barras vacias para AAPL (15m)
2026-07-03 18:14:39 | WARNING | trading_bot | Alpaca devolvio barras vacias para AAPL (1m)
2026-07-03 18:14:39 | WARNING | trading_bot | Alpaca devolvio barras vacias para AAPL (5m)
2026-07-03 18:14:39 | WARNING | trading_bot | Alpaca devolvio barras vacias para AAPL (15m)
2026-07-03 18:18:43 | WARNING | trading_bot | Alpaca devolvio barras vacias para AAPL (1m)
2026-07-03 18:18:43 | WARNING | trading_bot | Alpaca devolvio barras vacias para AAPL (5m)
2026-07-03 18:18:43 | WARNING | trading_bot | Alpaca devolvio barras vacias para AAPL (15m)
2026-07-03 18:22:47 | WARNING | trading_bot | Alpaca devolvio barras vacias para AAPL (1m)
2026-07-03 18:22:47 | WARNING | trading_bot | Alpaca devolvio barras vacias para AAPL (5m)
2026-07-03 18:22:47 | WARNING | trading_bot | Alpaca devolvio barras vacias para AAPL (15m)
2026-07-03 18:23:15 | INFO | trading_bot | Iniciando trading bot UI
2026-07-03 18:23:15 | INFO | trading_bot | Recuperacion inicial | abiertas=1 sincronizadas=0 ya_linkeadas=1
2026-07-03 18:23:16 | INFO | trading_bot | Inhibidor de suspension activado
2026-07-03 18:23:16 | INFO | trading_bot | Workers automaticos iniciados para Paper
2026-07-03 18:23:16 | WARNING | trading_bot | Alpaca devolvio barras vacias para AAPL (5m)
2026-07-03 18:23:16 | WARNING | trading_bot | Alpaca devolvio barras vacias para AAPL (1m)
2026-07-03 18:23:16 | WARNING | trading_bot | Alpaca devolvio barras vacias para AAPL (5m)
2026-07-03 18:23:16 | WARNING | trading_bot | Alpaca devolvio barras vacias para AAPL (15m)
2026-07-03 18:23:36 | WARNING | trading_bot | Alpaca devolvio barras vacias para AAPL (5m)
2026-07-03 18:23:56 | WARNING | trading_bot | Alpaca devolvio barras vacias para AAPL (5m)
2026-07-03 18:24:16 | WARNING | trading_bot | Alpaca devolvio barras vacias para AAPL (5m)
2026-07-03 18:24:37 | WARNING | trading_bot | Alpaca devolvio barras vacias para AAPL (5m)
2026-07-03 18:24:57 | WARNING | trading_bot | Alpaca devolvio barras vacias para AAPL (5m)
2026-07-03 18:25:17 | WARNING | trading_bot | Alpaca devolvio barras vacias para AAPL (5m)
2026-07-03 18:25:37 | WARNING | trading_bot | Alpaca devolvio barras vacias para AAPL (5m)
2026-07-03 18:25:57 | WARNING | trading_bot | Alpaca devolvio barras vacias para AAPL (5m)
2026-07-03 18:26:17 | WARNING | trading_bot | Alpaca devolvio barras vacias para AAPL (5m)
2026-07-03 18:26:37 | WARNING | trading_bot | Alpaca devolvio barras vacias para AAPL (5m)
2026-07-03 18:26:58 | WARNING | trading_bot | Alpaca devolvio barras vacias para AAPL (5m)
2026-07-03 18:27:18 | WARNING | trading_bot | Alpaca devolvio barras vacias para AAPL (5m)
2026-07-03 18:27:20 | WARNING | trading_bot | Alpaca devolvio barras vacias para AAPL (1m)
2026-07-03 18:27:20 | WARNING | trading_bot | Alpaca devolvio barras vacias para AAPL (5m)
2026-07-03 18:27:20 | WARNING | trading_bot | Alpaca devolvio barras vacias para AAPL (15m)
2026-07-03 18:27:38 | WARNING | trading_bot | Alpaca devolvio barras vacias para AAPL (5m)
2026-07-03 18:27:58 | WARNING | trading_bot | Alpaca devolvio barras vacias para AAPL (5m)
2026-07-03 18:28:18 | WARNING | trading_bot | Alpaca devolvio barras vacias para AAPL (5m)
2026-07-03 18:28:38 | WARNING | trading_bot | Alpaca devolvio barras vacias para AAPL (5m)
2026-07-03 18:28:58 | WARNING | trading_bot | Alpaca devolvio barras vacias para AAPL (5m)
2026-07-03 18:29:19 | WARNING | trading_bot | Alpaca devolvio barras vacias para AAPL (5m)
2026-07-03 18:29:39 | WARNING | trading_bot | Alpaca devolvio barras vacias para AAPL (5m)
2026-07-03 18:29:59 | WARNING | trading_bot | Alpaca devolvio barras vacias para AAPL (5m)
2026-07-03 18:30:19 | WARNING | trading_bot | Alpaca devolvio barras vacias para AAPL (5m)
2026-07-03 18:30:39 | WARNING | trading_bot | Alpaca devolvio barras vacias para AAPL (5m)
2026-07-03 18:31:00 | WARNING | trading_bot | Alpaca devolvio barras vacias para AAPL (5m)
2026-07-03 18:31:20 | WARNING | trading_bot | Alpaca devolvio barras vacias para AAPL (5m)
2026-07-03 18:31:24 | WARNING | trading_bot | Alpaca devolvio barras vacias para AAPL (1m)
2026-07-03 18:31:24 | WARNING | trading_bot | Alpaca devolvio barras vacias para AAPL (5m)
2026-07-03 18:31:24 | WARNING | trading_bot | Alpaca devolvio barras vacias para AAPL (15m)
2026-07-03 18:31:40 | WARNING | trading_bot | Alpaca devolvio barras vacias para AAPL (5m)
2026-07-03 18:32:00 | WARNING | trading_bot | Alpaca devolvio barras vacias para AAPL (5m)
2026-07-03 18:32:20 | WARNING | trading_bot | Alpaca devolvio barras vacias para AAPL (5m)
2026-07-03 18:32:40 | WARNING | trading_bot | Alpaca devolvio barras vacias para AAPL (5m)
2026-07-03 18:33:00 | WARNING | trading_bot | Alpaca devolvio barras vacias para AAPL (5m)
2026-07-03 18:33:22 | INFO | trading_bot | Iniciando trading bot UI
2026-07-03 18:33:22 | INFO | trading_bot | Recuperacion inicial | abiertas=1 sincronizadas=0 ya_linkeadas=1
2026-07-03 18:33:22 | INFO | trading_bot | Inhibidor de suspension activado
2026-07-03 18:33:22 | INFO | trading_bot | Workers automaticos iniciados para Paper
2026-07-03 18:33:22 | WARNING | trading_bot | Alpaca devolvio barras vacias para AAPL (5m)
2026-07-03 18:33:23 | WARNING | trading_bot | Alpaca devolvio barras vacias para AAPL (1m)
2026-07-03 18:33:23 | WARNING | trading_bot | Alpaca devolvio barras vacias para AAPL (5m)
2026-07-03 18:33:23 | WARNING | trading_bot | Alpaca devolvio barras vacias para AAPL (15m)
2026-07-03 18:33:42 | WARNING | trading_bot | Alpaca devolvio barras vacias para AAPL (5m)
2026-07-03 18:34:03 | WARNING | trading_bot | Alpaca devolvio barras vacias para AAPL (5m)
2026-07-03 18:34:23 | WARNING | trading_bot | Alpaca devolvio barras vacias para AAPL (5m)
2026-07-03 18:34:43 | WARNING | trading_bot | Alpaca devolvio barras vacias para AAPL (5m)
2026-07-03 18:35:03 | WARNING | trading_bot | Alpaca devolvio barras vacias para AAPL (5m)
2026-07-03 18:35:23 | WARNING | trading_bot | Alpaca devolvio barras vacias para AAPL (5m)
2026-07-03 18:35:43 | WARNING | trading_bot | Alpaca devolvio barras vacias para AAPL (5m)
2026-07-03 18:36:04 | WARNING | trading_bot | Alpaca devolvio barras vacias para AAPL (5m)
2026-07-03 18:36:24 | WARNING | trading_bot | Alpaca devolvio barras vacias para AAPL (5m)
2026-07-03 18:36:44 | WARNING | trading_bot | Alpaca devolvio barras vacias para AAPL (5m)
2026-07-03 18:37:04 | WARNING | trading_bot | Alpaca devolvio barras vacias para AAPL (5m)
2026-07-03 18:37:24 | WARNING | trading_bot | Alpaca devolvio barras vacias para AAPL (5m)
2026-07-03 18:37:27 | WARNING | trading_bot | Alpaca devolvio barras vacias para AAPL (1m)
2026-07-03 18:37:27 | WARNING | trading_bot | Alpaca devolvio barras vacias para AAPL (5m)
2026-07-03 18:37:27 | WARNING | trading_bot | Alpaca devolvio barras vacias para AAPL (15m)
2026-07-03 18:37:44 | WARNING | trading_bot | Alpaca devolvio barras vacias para AAPL (5m)
2026-07-03 18:38:05 | WARNING | trading_bot | Alpaca devolvio barras vacias para AAPL (5m)
2026-07-03 18:38:25 | WARNING | trading_bot | Alpaca devolvio barras vacias para AAPL (5m)
2026-07-03 18:38:45 | WARNING | trading_bot | Alpaca devolvio barras vacias para AAPL (5m)
2026-07-03 18:39:05 | WARNING | trading_bot | Alpaca devolvio barras vacias para AAPL (5m)
2026-07-03 18:39:25 | WARNING | trading_bot | Alpaca devolvio barras vacias para AAPL (5m)
2026-07-03 18:39:45 | WARNING | trading_bot | Alpaca devolvio barras vacias para AAPL (5m)
2026-07-03 18:40:06 | WARNING | trading_bot | Alpaca devolvio barras vacias para AAPL (5m)
2026-07-03 18:40:26 | WARNING | trading_bot | Alpaca devolvio barras vacias para AAPL (5m)
2026-07-03 18:40:46 | WARNING | trading_bot | Alpaca devolvio barras vacias para AAPL (5m)
2026-07-03 18:41:06 | WARNING | trading_bot | Alpaca devolvio barras vacias para AAPL (5m)
2026-07-03 18:41:26 | WARNING | trading_bot | Alpaca devolvio barras vacias para AAPL (5m)
2026-07-03 18:41:31 | WARNING | trading_bot | Alpaca devolvio barras vacias para AAPL (1m)
2026-07-03 18:41:31 | WARNING | trading_bot | Alpaca devolvio barras vacias para AAPL (5m)
2026-07-03 18:41:31 | WARNING | trading_bot | Alpaca devolvio barras vacias para AAPL (15m)
2026-07-03 18:41:46 | WARNING | trading_bot | Alpaca devolvio barras vacias para AAPL (5m)
2026-07-03 18:42:07 | WARNING | trading_bot | Alpaca devolvio barras vacias para AAPL (5m)
2026-07-03 18:42:27 | WARNING | trading_bot | Alpaca devolvio barras vacias para AAPL (5m)
2026-07-03 18:42:42 | INFO | trading_bot | Iniciando trading bot UI
2026-07-03 18:42:42 | INFO | trading_bot | Recuperacion inicial | abiertas=1 sincronizadas=0 ya_linkeadas=1
2026-07-03 18:42:42 | INFO | trading_bot | Inhibidor de suspension activado
2026-07-03 18:42:42 | INFO | trading_bot | Workers automaticos iniciados para Paper
2026-07-03 18:42:42 | WARNING | trading_bot | Alpaca devolvio barras vacias para AAPL (5m)
2026-07-03 18:42:42 | WARNING | trading_bot | Alpaca devolvio barras vacias para AAPL (1m)
2026-07-03 18:42:42 | WARNING | trading_bot | Alpaca devolvio barras vacias para AAPL (5m)
2026-07-03 18:42:42 | WARNING | trading_bot | Alpaca devolvio barras vacias para AAPL (15m)
2026-07-03 18:43:02 | WARNING | trading_bot | Alpaca devolvio barras vacias para AAPL (5m)
2026-07-03 18:43:23 | WARNING | trading_bot | Alpaca devolvio barras vacias para AAPL (5m)
2026-07-03 18:43:43 | WARNING | trading_bot | Alpaca devolvio barras vacias para AAPL (5m)
2026-07-03 18:44:03 | WARNING | trading_bot | Alpaca devolvio barras vacias para AAPL (5m)
2026-07-03 18:44:23 | WARNING | trading_bot | Alpaca devolvio barras vacias para AAPL (5m)
2026-07-03 18:44:43 | WARNING | trading_bot | Alpaca devolvio barras vacias para AAPL (5m)
2026-07-03 18:45:03 | WARNING | trading_bot | Alpaca devolvio barras vacias para AAPL (5m)
2026-07-03 18:45:23 | WARNING | trading_bot | Alpaca devolvio barras vacias para AAPL (5m)
2026-07-03 18:45:44 | WARNING | trading_bot | Alpaca devolvio barras vacias para AAPL (5m)
2026-07-03 18:46:04 | WARNING | trading_bot | Alpaca devolvio barras vacias para AAPL (5m)
2026-07-03 18:46:24 | WARNING | trading_bot | Alpaca devolvio barras vacias para AAPL (5m)
2026-07-03 18:46:44 | WARNING | trading_bot | Alpaca devolvio barras vacias para AAPL (5m)
2026-07-03 18:46:46 | WARNING | trading_bot | Alpaca devolvio barras vacias para AAPL (1m)
2026-07-03 18:46:47 | WARNING | trading_bot | Alpaca devolvio barras vacias para AAPL (5m)
2026-07-03 18:46:47 | WARNING | trading_bot | Alpaca devolvio barras vacias para AAPL (15m)
2026-07-03 18:47:04 | WARNING | trading_bot | Alpaca devolvio barras vacias para AAPL (5m)
2026-07-03 18:47:24 | WARNING | trading_bot | Alpaca devolvio barras vacias para AAPL (5m)
2026-07-03 18:47:44 | WARNING | trading_bot | Alpaca devolvio barras vacias para AAPL (5m)
2026-07-03 18:48:05 | WARNING | trading_bot | Alpaca devolvio barras vacias para AAPL (5m)
2026-07-03 18:48:25 | WARNING | trading_bot | Alpaca devolvio barras vacias para AAPL (5m)
2026-07-03 18:48:45 | WARNING | trading_bot | Alpaca devolvio barras vacias para AAPL (5m)
2026-07-03 18:49:05 | WARNING | trading_bot | Alpaca devolvio barras vacias para AAPL (5m)
2026-07-03 18:49:25 | WARNING | trading_bot | Alpaca devolvio barras vacias para AAPL (5m)
2026-07-03 18:49:45 | WARNING | trading_bot | Alpaca devolvio barras vacias para AAPL (5m)
2026-07-03 18:50:06 | WARNING | trading_bot | Alpaca devolvio barras vacias para AAPL (5m)
2026-07-03 18:50:26 | WARNING | trading_bot | Alpaca devolvio barras vacias para AAPL (5m)
2026-07-03 18:50:46 | WARNING | trading_bot | Alpaca devolvio barras vacias para AAPL (5m)
2026-07-03 18:50:51 | WARNING | trading_bot | Alpaca devolvio barras vacias para AAPL (1m)
2026-07-03 18:50:51 | WARNING | trading_bot | Alpaca devolvio barras vacias para AAPL (5m)
2026-07-03 18:50:51 | WARNING | trading_bot | Alpaca devolvio barras vacias para AAPL (15m)
2026-07-03 18:51:06 | WARNING | trading_bot | Alpaca devolvio barras vacias para AAPL (5m)
2026-07-03 18:51:26 | WARNING | trading_bot | Alpaca devolvio barras vacias para AAPL (5m)
2026-07-03 18:51:46 | WARNING | trading_bot | Alpaca devolvio barras vacias para AAPL (5m)
2026-07-03 18:52:06 | WARNING | trading_bot | Alpaca devolvio barras vacias para AAPL (5m)
2026-07-03 18:52:27 | WARNING | trading_bot | Alpaca devolvio barras vacias para AAPL (5m)
2026-07-03 18:52:47 | WARNING | trading_bot | Alpaca devolvio barras vacias para AAPL (5m)
2026-07-03 18:53:07 | WARNING | trading_bot | Alpaca devolvio barras vacias para AAPL (5m)
2026-07-03 18:53:27 | WARNING | trading_bot | Alpaca devolvio barras vacias para AAPL (5m)
2026-07-03 18:53:47 | WARNING | trading_bot | Alpaca devolvio barras vacias para AAPL (5m)
2026-07-03 18:54:07 | WARNING | trading_bot | Alpaca devolvio barras vacias para AAPL (5m)
2026-07-03 18:54:27 | WARNING | trading_bot | Alpaca devolvio barras vacias para AAPL (5m)
2026-07-03 18:54:48 | WARNING | trading_bot | Alpaca devolvio barras vacias para AAPL (5m)
2026-07-03 18:54:55 | WARNING | trading_bot | Alpaca devolvio barras vacias para AAPL (1m)
2026-07-03 18:54:55 | WARNING | trading_bot | Alpaca devolvio barras vacias para AAPL (5m)
2026-07-03 18:54:55 | WARNING | trading_bot | Alpaca devolvio barras vacias para AAPL (15m)
2026-07-03 18:55:08 | WARNING | trading_bot | Alpaca devolvio barras vacias para AAPL (5m)
2026-07-03 18:55:28 | WARNING | trading_bot | Alpaca devolvio barras vacias para AAPL (5m)
2026-07-03 18:55:48 | WARNING | trading_bot | Alpaca devolvio barras vacias para AAPL (5m)
2026-07-03 18:56:08 | WARNING | trading_bot | Alpaca devolvio barras vacias para AAPL (5m)
2026-07-03 18:56:28 | WARNING | trading_bot | Alpaca devolvio barras vacias para AAPL (5m)
2026-07-03 18:56:49 | WARNING | trading_bot | Alpaca devolvio barras vacias para AAPL (5m)
2026-07-03 18:57:09 | WARNING | trading_bot | Alpaca devolvio barras vacias para AAPL (5m)
2026-07-03 18:57:29 | WARNING | trading_bot | Alpaca devolvio barras vacias para AAPL (5m)
2026-07-03 18:57:49 | WARNING | trading_bot | Alpaca devolvio barras vacias para AAPL (5m)
2026-07-03 18:58:09 | WARNING | trading_bot | Alpaca devolvio barras vacias para AAPL (5m)
2026-07-03 18:58:29 | WARNING | trading_bot | Alpaca devolvio barras vacias para AAPL (5m)
2026-07-03 18:58:49 | WARNING | trading_bot | Alpaca devolvio barras vacias para AAPL (5m)
2026-07-03 18:58:59 | WARNING | trading_bot | Alpaca devolvio barras vacias para AAPL (1m)
2026-07-03 18:58:59 | WARNING | trading_bot | Alpaca devolvio barras vacias para AAPL (5m)
2026-07-03 18:58:59 | WARNING | trading_bot | Alpaca devolvio barras vacias para AAPL (15m)
2026-07-03 18:59:10 | WARNING | trading_bot | Alpaca devolvio barras vacias para AAPL (5m)
2026-07-03 18:59:30 | WARNING | trading_bot | Alpaca devolvio barras vacias para AAPL (5m)
2026-07-03 18:59:50 | WARNING | trading_bot | Alpaca devolvio barras vacias para AAPL (5m)
2026-07-03 19:00:10 | WARNING | trading_bot | Alpaca devolvio barras vacias para AAPL (5m)
2026-07-03 19:00:30 | WARNING | trading_bot | Alpaca devolvio barras vacias para AAPL (5m)
2026-07-03 19:00:50 | WARNING | trading_bot | Alpaca devolvio barras vacias para AAPL (5m)
2026-07-03 19:01:10 | WARNING | trading_bot | Alpaca devolvio barras vacias para AAPL (5m)
2026-07-03 19:01:31 | WARNING | trading_bot | Alpaca devolvio barras vacias para AAPL (5m)
2026-07-03 19:01:51 | WARNING | trading_bot | Alpaca devolvio barras vacias para AAPL (5m)
2026-07-03 19:02:11 | WARNING | trading_bot | Alpaca devolvio barras vacias para AAPL (5m)
2026-07-03 19:02:31 | WARNING | trading_bot | Alpaca devolvio barras vacias para AAPL (5m)
2026-07-03 19:02:51 | WARNING | trading_bot | Alpaca devolvio barras vacias para AAPL (5m)
2026-07-03 19:03:04 | WARNING | trading_bot | Alpaca devolvio barras vacias para AAPL (1m)
2026-07-03 19:03:04 | WARNING | trading_bot | Alpaca devolvio barras vacias para AAPL (5m)
2026-07-03 19:03:04 | WARNING | trading_bot | Alpaca devolvio barras vacias para AAPL (15m)
2026-07-03 19:03:11 | WARNING | trading_bot | Alpaca devolvio barras vacias para AAPL (5m)
2026-07-03 19:03:32 | WARNING | trading_bot | Alpaca devolvio barras vacias para AAPL (5m)
2026-07-03 19:03:52 | WARNING | trading_bot | Alpaca devolvio barras vacias para AAPL (5m)
2026-07-03 19:04:12 | WARNING | trading_bot | Alpaca devolvio barras vacias para AAPL (5m)
2026-07-03 19:04:32 | WARNING | trading_bot | Alpaca devolvio barras vacias para AAPL (5m)
2026-07-03 19:04:48 | INFO | trading_bot | Iniciando trading bot UI
2026-07-03 19:04:48 | INFO | trading_bot | Recuperacion inicial | abiertas=1 sincronizadas=0 ya_linkeadas=1
2026-07-03 19:04:48 | INFO | trading_bot | Inhibidor de suspension activado
2026-07-03 19:04:49 | INFO | trading_bot | Workers automaticos iniciados para Paper
2026-07-03 19:04:49 | WARNING | trading_bot | Alpaca devolvio barras vacias para AAPL (5m)
2026-07-03 19:04:49 | WARNING | trading_bot | Alpaca devolvio barras vacias para AAPL (1m)
2026-07-03 19:04:49 | WARNING | trading_bot | Alpaca devolvio barras vacias para AAPL (5m)
2026-07-03 19:04:49 | WARNING | trading_bot | Alpaca devolvio barras vacias para AAPL (15m)
2026-07-03 19:05:09 | WARNING | trading_bot | Alpaca devolvio barras vacias para AAPL (5m)
2026-07-03 19:05:29 | WARNING | trading_bot | Alpaca devolvio barras vacias para AAPL (5m)
2026-07-03 19:05:49 | WARNING | trading_bot | Alpaca devolvio barras vacias para AAPL (5m)
2026-07-03 19:06:10 | WARNING | trading_bot | Alpaca devolvio barras vacias para AAPL (5m)
2026-07-03 19:06:23 | INFO | trading_bot | Workers automaticos iniciados para Paper
2026-07-03 19:06:30 | WARNING | trading_bot | Alpaca devolvio barras vacias para AAPL (5m)
2026-07-03 19:06:33 | INFO | trading_bot | Workers automaticos iniciados para Paper
2026-07-03 19:06:50 | WARNING | trading_bot | Alpaca devolvio barras vacias para AAPL (5m)
2026-07-03 19:07:10 | WARNING | trading_bot | Alpaca devolvio barras vacias para AAPL (5m)
2026-07-03 19:07:30 | WARNING | trading_bot | Alpaca devolvio barras vacias para AAPL (5m)
2026-07-03 19:07:50 | WARNING | trading_bot | Alpaca devolvio barras vacias para AAPL (5m)
2026-07-03 19:08:10 | WARNING | trading_bot | Alpaca devolvio barras vacias para AAPL (5m)
2026-07-03 19:08:31 | WARNING | trading_bot | Alpaca devolvio barras vacias para AAPL (5m)
2026-07-03 19:08:51 | WARNING | trading_bot | Alpaca devolvio barras vacias para AAPL (5m)
2026-07-03 19:08:53 | WARNING | trading_bot | Alpaca devolvio barras vacias para AAPL (1m)
2026-07-03 19:08:53 | WARNING | trading_bot | Alpaca devolvio barras vacias para AAPL (5m)
2026-07-03 19:08:53 | WARNING | trading_bot | Alpaca devolvio barras vacias para AAPL (15m)
2026-07-03 19:09:11 | WARNING | trading_bot | Alpaca devolvio barras vacias para AAPL (5m)
2026-07-03 19:09:31 | WARNING | trading_bot | Alpaca devolvio barras vacias para AAPL (5m)
2026-07-03 19:09:51 | WARNING | trading_bot | Alpaca devolvio barras vacias para AAPL (5m)
2026-07-03 19:10:11 | WARNING | trading_bot | Alpaca devolvio barras vacias para AAPL (5m)
2026-07-03 19:10:31 | WARNING | trading_bot | Alpaca devolvio barras vacias para AAPL (5m)
2026-07-03 19:10:52 | WARNING | trading_bot | Alpaca devolvio barras vacias para AAPL (5m)
2026-07-03 19:11:12 | WARNING | trading_bot | Alpaca devolvio barras vacias para AAPL (5m)
2026-07-03 19:11:32 | WARNING | trading_bot | Alpaca devolvio barras vacias para AAPL (5m)
2026-07-03 19:11:52 | WARNING | trading_bot | Alpaca devolvio barras vacias para AAPL (5m)
2026-07-03 19:12:12 | WARNING | trading_bot | Alpaca devolvio barras vacias para AAPL (5m)
2026-07-03 19:12:32 | WARNING | trading_bot | Alpaca devolvio barras vacias para AAPL (5m)
2026-07-03 19:12:53 | WARNING | trading_bot | Alpaca devolvio barras vacias para AAPL (5m)
2026-07-03 19:12:57 | WARNING | trading_bot | Alpaca devolvio barras vacias para AAPL (1m)
2026-07-03 19:12:57 | WARNING | trading_bot | Alpaca devolvio barras vacias para AAPL (5m)
2026-07-03 19:12:57 | WARNING | trading_bot | Alpaca devolvio barras vacias para AAPL (15m)
2026-07-03 19:13:13 | WARNING | trading_bot | Alpaca devolvio barras vacias para AAPL (5m)
2026-07-03 19:13:33 | WARNING | trading_bot | Alpaca devolvio barras vacias para AAPL (5m)
2026-07-03 19:13:53 | WARNING | trading_bot | Alpaca devolvio barras vacias para AAPL (5m)
2026-07-03 19:14:13 | WARNING | trading_bot | Alpaca devolvio barras vacias para AAPL (5m)
2026-07-03 19:14:33 | WARNING | trading_bot | Alpaca devolvio barras vacias para AAPL (5m)
2026-07-03 19:14:54 | WARNING | trading_bot | Alpaca devolvio barras vacias para AAPL (5m)
2026-07-03 19:15:14 | WARNING | trading_bot | Alpaca devolvio barras vacias para AAPL (5m)
2026-07-03 19:15:34 | WARNING | trading_bot | Alpaca devolvio barras vacias para AAPL (5m)
2026-07-03 19:15:54 | WARNING | trading_bot | Alpaca devolvio barras vacias para AAPL (5m)
2026-07-03 19:16:14 | WARNING | trading_bot | Alpaca devolvio barras vacias para AAPL (5m)
2026-07-03 19:16:34 | WARNING | trading_bot | Alpaca devolvio barras vacias para AAPL (5m)
2026-07-03 19:16:54 | WARNING | trading_bot | Alpaca devolvio barras vacias para AAPL (5m)
2026-07-03 19:17:01 | WARNING | trading_bot | Alpaca devolvio barras vacias para AAPL (1m)
2026-07-03 19:17:01 | WARNING | trading_bot | Alpaca devolvio barras vacias para AAPL (5m)
2026-07-03 19:17:01 | WARNING | trading_bot | Alpaca devolvio barras vacias para AAPL (15m)
2026-07-03 19:17:15 | WARNING | trading_bot | Alpaca devolvio barras vacias para AAPL (5m)
2026-07-03 19:17:35 | WARNING | trading_bot | Alpaca devolvio barras vacias para AAPL (5m)
2026-07-03 19:17:55 | WARNING | trading_bot | Alpaca devolvio barras vacias para AAPL (5m)
2026-07-03 19:18:15 | WARNING | trading_bot | Alpaca devolvio barras vacias para AAPL (5m)
2026-07-03 19:18:35 | WARNING | trading_bot | Alpaca devolvio barras vacias para AAPL (5m)
2026-07-03 19:18:56 | WARNING | trading_bot | Alpaca devolvio barras vacias para AAPL (5m)
2026-07-03 19:19:16 | WARNING | trading_bot | Alpaca devolvio barras vacias para AAPL (5m)
2026-07-03 19:19:36 | WARNING | trading_bot | Alpaca devolvio barras vacias para AAPL (5m)
2026-07-03 19:19:56 | WARNING | trading_bot | Alpaca devolvio barras vacias para AAPL (5m)
2026-07-03 19:20:16 | WARNING | trading_bot | Alpaca devolvio barras vacias para AAPL (5m)
2026-07-03 19:20:36 | WARNING | trading_bot | Alpaca devolvio barras vacias para AAPL (5m)
2026-07-03 19:20:56 | WARNING | trading_bot | Alpaca devolvio barras vacias para AAPL (5m)
2026-07-03 19:21:05 | WARNING | trading_bot | Alpaca devolvio barras vacias para AAPL (1m)
2026-07-03 19:21:05 | WARNING | trading_bot | Alpaca devolvio barras vacias para AAPL (5m)
2026-07-03 19:21:05 | WARNING | trading_bot | Alpaca devolvio barras vacias para AAPL (15m)
2026-07-03 19:21:17 | WARNING | trading_bot | Alpaca devolvio barras vacias para AAPL (5m)
2026-07-03 19:21:37 | WARNING | trading_bot | Alpaca devolvio barras vacias para AAPL (5m)
2026-07-03 19:21:57 | WARNING | trading_bot | Alpaca devolvio barras vacias para AAPL (5m)
2026-07-03 19:22:17 | WARNING | trading_bot | Alpaca devolvio barras vacias para AAPL (5m)
2026-07-03 19:22:37 | WARNING | trading_bot | Alpaca devolvio barras vacias para AAPL (5m)
2026-07-03 19:22:57 | WARNING | trading_bot | Alpaca devolvio barras vacias para AAPL (5m)
2026-07-03 19:23:18 | WARNING | trading_bot | Alpaca devolvio barras vacias para AAPL (5m)
2026-07-03 19:23:38 | WARNING | trading_bot | Alpaca devolvio barras vacias para AAPL (5m)
2026-07-03 19:23:58 | WARNING | trading_bot | Alpaca devolvio barras vacias para AAPL (5m)
2026-07-03 19:24:18 | WARNING | trading_bot | Alpaca devolvio barras vacias para AAPL (5m)
2026-07-03 19:24:38 | WARNING | trading_bot | Alpaca devolvio barras vacias para AAPL (5m)
2026-07-03 19:24:58 | WARNING | trading_bot | Alpaca devolvio barras vacias para AAPL (5m)
2026-07-03 19:25:09 | WARNING | trading_bot | Alpaca devolvio barras vacias para AAPL (1m)
2026-07-03 19:25:09 | WARNING | trading_bot | Alpaca devolvio barras vacias para AAPL (5m)
2026-07-03 19:25:10 | WARNING | trading_bot | Alpaca devolvio barras vacias para AAPL (15m)
2026-07-03 19:25:19 | WARNING | trading_bot | Alpaca devolvio barras vacias para AAPL (5m)
2026-07-03 19:25:39 | WARNING | trading_bot | Alpaca devolvio barras vacias para AAPL (5m)
2026-07-03 19:25:59 | WARNING | trading_bot | Alpaca devolvio barras vacias para AAPL (5m)
2026-07-03 19:26:19 | WARNING | trading_bot | Alpaca devolvio barras vacias para AAPL (5m)
2026-07-03 19:26:39 | WARNING | trading_bot | Alpaca devolvio barras vacias para AAPL (5m)
2026-07-03 19:26:59 | WARNING | trading_bot | Alpaca devolvio barras vacias para AAPL (5m)
2026-07-03 19:27:19 | WARNING | trading_bot | Alpaca devolvio barras vacias para AAPL (5m)
2026-07-03 19:27:40 | WARNING | trading_bot | Alpaca devolvio barras vacias para AAPL (5m)
2026-07-03 19:28:00 | WARNING | trading_bot | Alpaca devolvio barras vacias para AAPL (5m)
2026-07-03 19:28:20 | WARNING | trading_bot | Alpaca devolvio barras vacias para AAPL (5m)
2026-07-03 19:28:40 | WARNING | trading_bot | Alpaca devolvio barras vacias para AAPL (5m)
2026-07-03 19:28:55 | WARNING | trading_bot | Internet caido durante monitoreo de posicion (SOL/USD). Reintentando en 30s...
2026-07-03 19:28:55 | INFO | trading_bot | Conexion restaurada. Reanudando flujos automaticamente.
2026-07-03 19:29:05 | WARNING | trading_bot | Sin conexion durante monitoreo general (ConnectionError). Reintentando automaticamente...
2026-07-03 19:29:05 | INFO | trading_bot | Conexion restaurada. Reanudando flujos automaticamente.
2026-07-03 19:29:14 | WARNING | trading_bot | Fallo de red/HTTP en market data (ConnectionError). Reintentando en 1.0 s
2026-07-03 19:29:15 | WARNING | trading_bot | Fallo de red/HTTP en market data (ReadTimeout). Reintentando en 1.0 s
2026-07-03 19:29:15 | WARNING | trading_bot | Fallo de red/HTTP en market data (ConnectionError). Reintentando en 2.0 s
2026-07-03 19:29:16 | WARNING | trading_bot | Fallo de red/HTTP en market data (ConnectionError). Reintentando en 2.0 s
2026-07-03 19:29:17 | WARNING | trading_bot | DataCollectorWorker error AAPL: HTTPSConnectionPool(host='data.alpaca.markets', port=443): Max retries exceeded with url: /v2/stocks/AAPL/bars?timeframe=1Min&limit=60&adjustment=raw&feed=iex (Caused by NameResolutionError("HTTPSConnection(host='data.alpaca.markets', port=443): Failed to resolve 'data.alpaca.markets' ([Errno -3] Temporary failure in name resolution)"))
2026-07-03 19:29:20 | WARNING | trading_bot | Sin conexion durante monitoreo general (ConnectionError). Reintentando automaticamente...
2026-07-03 19:29:20 | INFO | trading_bot | Conexion restaurada. Reanudando flujos automaticamente.
2026-07-03 19:29:25 | WARNING | trading_bot | Internet caido durante monitoreo de posicion (SOL/USD). Reintentando en 30s...
2026-07-03 19:29:25 | INFO | trading_bot | Conexion restaurada. Reanudando flujos automaticamente.
2026-07-03 19:29:27 | WARNING | trading_bot | Fallo de red/HTTP en market data (ConnectionError). Reintentando en 1.0 s
2026-07-03 19:29:28 | WARNING | trading_bot | Fallo de red/HTTP en market data (ConnectionError). Reintentando en 2.0 s
2026-07-03 19:29:30 | WARNING | trading_bot | DataCollectorWorker error AAPL: HTTPSConnectionPool(host='data.alpaca.markets', port=443): Max retries exceeded with url: /v2/stocks/AAPL/bars?timeframe=1Min&limit=60&adjustment=raw&feed=iex (Caused by NameResolutionError("HTTPSConnection(host='data.alpaca.markets', port=443): Failed to resolve 'data.alpaca.markets' ([Errno -3] Temporary failure in name resolution)"))
2026-07-03 19:29:38 | WARNING | trading_bot | Fallo de red/HTTP en market data (ConnectionError). Reintentando en 1.0 s
2026-07-03 19:29:39 | WARNING | trading_bot | Fallo de red/HTTP en market data (ConnectionError). Reintentando en 2.0 s
2026-07-03 19:29:40 | WARNING | trading_bot | Fallo de red/HTTP en market data (ConnectionError). Reintentando en 1.0 s
2026-07-03 19:29:41 | WARNING | trading_bot | Fallo de red/HTTP en market data (ConnectionError). Reintentando en 2.0 s
2026-07-03 19:29:43 | WARNING | trading_bot | DataCollectorWorker error AAPL: HTTPSConnectionPool(host='data.alpaca.markets', port=443): Max retries exceeded with url: /v2/stocks/AAPL/bars?timeframe=1Min&limit=60&adjustment=raw&feed=iex (Caused by NameResolutionError("HTTPSConnection(host='data.alpaca.markets', port=443): Failed to resolve 'data.alpaca.markets' ([Errno -3] Temporary failure in name resolution)"))
2026-07-03 19:29:50 | WARNING | trading_bot | Sin conexion durante monitoreo general (ConnectionError). Reintentando automaticamente...
2026-07-03 19:29:50 | INFO | trading_bot | Conexion restaurada. Reanudando flujos automaticamente.
2026-07-03 19:29:53 | WARNING | trading_bot | Fallo de red/HTTP en market data (ConnectionError). Reintentando en 1.0 s
2026-07-03 19:29:54 | WARNING | trading_bot | Fallo de red/HTTP en market data (ConnectionError). Reintentando en 2.0 s
2026-07-03 19:29:55 | WARNING | trading_bot | Internet caido durante monitoreo de posicion (SOL/USD). Reintentando en 30s...
2026-07-03 19:29:55 | INFO | trading_bot | Conexion restaurada. Reanudando flujos automaticamente.
2026-07-03 19:29:56 | WARNING | trading_bot | DataCollectorWorker error AAPL: HTTPSConnectionPool(host='data.alpaca.markets', port=443): Max retries exceeded with url: /v2/stocks/AAPL/bars?timeframe=1Min&limit=60&adjustment=raw&feed=iex (Caused by NameResolutionError("HTTPSConnection(host='data.alpaca.markets', port=443): Failed to resolve 'data.alpaca.markets' ([Errno -3] Temporary failure in name resolution)"))
2026-07-03 19:30:01 | WARNING | trading_bot | Fallo de red/HTTP en market data (ConnectionError). Reintentando en 1.0 s
2026-07-03 19:30:02 | WARNING | trading_bot | Fallo de red/HTTP en market data (ConnectionError). Reintentando en 2.0 s
2026-07-03 19:30:06 | WARNING | trading_bot | Fallo de red/HTTP en market data (ConnectionError). Reintentando en 1.0 s
2026-07-03 19:30:07 | WARNING | trading_bot | Fallo de red/HTTP en market data (ConnectionError). Reintentando en 2.0 s
2026-07-03 19:30:09 | WARNING | trading_bot | DataCollectorWorker error AAPL: HTTPSConnectionPool(host='data.alpaca.markets', port=443): Max retries exceeded with url: /v2/stocks/AAPL/bars?timeframe=1Min&limit=60&adjustment=raw&feed=iex (Caused by NameResolutionError("HTTPSConnection(host='data.alpaca.markets', port=443): Failed to resolve 'data.alpaca.markets' ([Errno -3] Temporary failure in name resolution)"))
2026-07-03 19:30:19 | WARNING | trading_bot | Fallo de red/HTTP en market data (ConnectionError). Reintentando en 1.0 s
2026-07-03 19:30:20 | WARNING | trading_bot | Sin conexion durante monitoreo general (ConnectionError). Reintentando automaticamente...
2026-07-03 19:30:20 | INFO | trading_bot | Conexion restaurada. Reanudando flujos automaticamente.
2026-07-03 19:30:20 | WARNING | trading_bot | Fallo de red/HTTP en market data (ConnectionError). Reintentando en 2.0 s
2026-07-03 19:30:22 | WARNING | trading_bot | DataCollectorWorker error AAPL: HTTPSConnectionPool(host='data.alpaca.markets', port=443): Max retries exceeded with url: /v2/stocks/AAPL/bars?timeframe=1Min&limit=60&adjustment=raw&feed=iex (Caused by NameResolutionError("HTTPSConnection(host='data.alpaca.markets', port=443): Failed to resolve 'data.alpaca.markets' ([Errno -3] Temporary failure in name resolution)"))
2026-07-03 19:30:24 | WARNING | trading_bot | Fallo de red/HTTP en market data (ConnectionError). Reintentando en 1.0 s
2026-07-03 19:30:25 | WARNING | trading_bot | Internet caido durante monitoreo de posicion (SOL/USD). Reintentando en 30s...
2026-07-03 19:30:25 | INFO | trading_bot | Conexion restaurada. Reanudando flujos automaticamente.
2026-07-03 19:30:35 | WARNING | trading_bot | Fallo de red/HTTP en market data (ConnectionError). Reintentando en 2.0 s
2026-07-03 19:30:43 | WARNING | trading_bot | Fallo de red/HTTP en market data (ConnectionError). Reintentando en 1.0 s
2026-07-03 19:30:54 | WARNING | trading_bot | Fallo de red/HTTP en market data (ConnectionError). Reintentando en 2.0 s
2026-07-03 19:31:06 | WARNING | trading_bot | DataCollectorWorker error SOLUSD: HTTPSConnectionPool(host='data.alpaca.markets', port=443): Max retries exceeded with url: /v1beta3/crypto/us/bars?timeframe=1Min&limit=60&symbols=SOL%2FUSD (Caused by NameResolutionError("HTTPSConnection(host='data.alpaca.markets', port=443): Failed to resolve 'data.alpaca.markets' ([Errno -3] Temporary failure in name resolution)"))
2026-07-03 19:31:16 | WARNING | trading_bot | Fallo de red/HTTP en market data (ConnectionError). Reintentando en 1.0 s
2026-07-03 19:31:20 | WARNING | trading_bot | Sin conexion durante monitoreo general (ConnectTimeout). Reintentando automaticamente...
2026-07-03 19:31:20 | INFO | trading_bot | Conexion restaurada. Reanudando flujos automaticamente.
2026-07-03 19:31:25 | WARNING | trading_bot | Internet caido durante monitoreo de posicion (SOL/USD). Reintentando en 30s...
2026-07-03 19:31:25 | INFO | trading_bot | Conexion restaurada. Reanudando flujos automaticamente.
2026-07-03 19:31:25 | WARNING | trading_bot | Alpaca devolvio barras vacias para AAPL (1m)
2026-07-03 19:31:26 | WARNING | trading_bot | Alpaca devolvio barras vacias para AAPL (5m)
2026-07-03 19:31:26 | WARNING | trading_bot | Alpaca devolvio barras vacias para AAPL (5m)
2026-07-03 19:31:26 | WARNING | trading_bot | Alpaca devolvio barras vacias para AAPL (15m)
2026-07-03 19:31:46 | WARNING | trading_bot | Alpaca devolvio barras vacias para AAPL (5m)
2026-07-03 19:31:55 | WARNING | trading_bot | Fallo de red/HTTP en market data (ConnectionError). Reintentando en 1.0 s
2026-07-03 19:32:06 | WARNING | trading_bot | Alpaca devolvio barras vacias para AAPL (5m)
2026-07-03 19:32:10 | WARNING | trading_bot | Fallo de red/HTTP en market data (ReadTimeout). Reintentando en 1.0 s
2026-07-03 19:32:10 | WARNING | trading_bot | Fallo de red/HTTP en market data (ReadTimeout). Reintentando en 1.0 s
2026-07-03 19:32:26 | WARNING | trading_bot | Alpaca devolvio barras vacias para AAPL (5m)
2026-07-03 19:32:46 | WARNING | trading_bot | Alpaca devolvio barras vacias para AAPL (5m)
2026-07-03 19:33:06 | WARNING | trading_bot | Alpaca devolvio barras vacias para AAPL (5m)
2026-07-03 19:33:27 | WARNING | trading_bot | Alpaca devolvio barras vacias para AAPL (5m)
2026-07-03 19:33:47 | WARNING | trading_bot | Alpaca devolvio barras vacias para AAPL (5m)
2026-07-03 19:34:07 | WARNING | trading_bot | Alpaca devolvio barras vacias para AAPL (5m)
2026-07-03 19:34:27 | WARNING | trading_bot | Alpaca devolvio barras vacias para AAPL (5m)
2026-07-03 19:34:47 | WARNING | trading_bot | Alpaca devolvio barras vacias para AAPL (5m)
2026-07-03 19:35:07 | WARNING | trading_bot | Alpaca devolvio barras vacias para AAPL (5m)
2026-07-03 19:35:27 | WARNING | trading_bot | Alpaca devolvio barras vacias para AAPL (5m)
2026-07-03 19:35:30 | WARNING | trading_bot | Alpaca devolvio barras vacias para AAPL (1m)
2026-07-03 19:35:30 | WARNING | trading_bot | Alpaca devolvio barras vacias para AAPL (5m)
2026-07-03 19:35:30 | WARNING | trading_bot | Alpaca devolvio barras vacias para AAPL (15m)
2026-07-03 19:35:48 | WARNING | trading_bot | Alpaca devolvio barras vacias para AAPL (5m)
2026-07-03 19:36:08 | WARNING | trading_bot | Alpaca devolvio barras vacias para AAPL (5m)
2026-07-03 19:36:28 | WARNING | trading_bot | Alpaca devolvio barras vacias para AAPL (5m)
2026-07-03 19:36:48 | WARNING | trading_bot | Alpaca devolvio barras vacias para AAPL (5m)
2026-07-03 19:37:08 | WARNING | trading_bot | Alpaca devolvio barras vacias para AAPL (5m)
2026-07-03 19:37:28 | WARNING | trading_bot | Alpaca devolvio barras vacias para AAPL (5m)
2026-07-03 19:37:49 | WARNING | trading_bot | Alpaca devolvio barras vacias para AAPL (5m)
2026-07-03 19:38:09 | WARNING | trading_bot | Alpaca devolvio barras vacias para AAPL (5m)
2026-07-03 19:38:29 | WARNING | trading_bot | Alpaca devolvio barras vacias para AAPL (5m)
2026-07-03 19:38:49 | WARNING | trading_bot | Alpaca devolvio barras vacias para AAPL (5m)
2026-07-03 19:39:09 | WARNING | trading_bot | Alpaca devolvio barras vacias para AAPL (5m)
2026-07-03 19:39:29 | WARNING | trading_bot | Alpaca devolvio barras vacias para AAPL (5m)
2026-07-03 19:39:34 | WARNING | trading_bot | Alpaca devolvio barras vacias para AAPL (1m)
2026-07-03 19:39:34 | WARNING | trading_bot | Alpaca devolvio barras vacias para AAPL (5m)
2026-07-03 19:39:34 | WARNING | trading_bot | Alpaca devolvio barras vacias para AAPL (15m)
2026-07-03 19:39:49 | WARNING | trading_bot | Alpaca devolvio barras vacias para AAPL (5m)
2026-07-03 19:40:10 | WARNING | trading_bot | Alpaca devolvio barras vacias para AAPL (5m)
2026-07-03 19:40:30 | WARNING | trading_bot | Alpaca devolvio barras vacias para AAPL (5m)
2026-07-03 19:40:50 | WARNING | trading_bot | Alpaca devolvio barras vacias para AAPL (5m)
2026-07-03 19:41:10 | WARNING | trading_bot | Alpaca devolvio barras vacias para AAPL (5m)
2026-07-03 19:41:30 | WARNING | trading_bot | Alpaca devolvio barras vacias para AAPL (5m)
2026-07-03 19:41:50 | WARNING | trading_bot | Alpaca devolvio barras vacias para AAPL (5m)
2026-07-03 19:42:11 | WARNING | trading_bot | Alpaca devolvio barras vacias para AAPL (5m)
2026-07-03 19:42:31 | WARNING | trading_bot | Alpaca devolvio barras vacias para AAPL (5m)
2026-07-03 19:42:51 | WARNING | trading_bot | Alpaca devolvio barras vacias para AAPL (5m)
2026-07-03 19:43:11 | WARNING | trading_bot | Alpaca devolvio barras vacias para AAPL (5m)
2026-07-03 19:43:31 | WARNING | trading_bot | Alpaca devolvio barras vacias para AAPL (5m)
2026-07-03 19:43:38 | WARNING | trading_bot | Alpaca devolvio barras vacias para AAPL (1m)
2026-07-03 19:43:38 | WARNING | trading_bot | Alpaca devolvio barras vacias para AAPL (5m)
2026-07-03 19:43:38 | WARNING | trading_bot | Alpaca devolvio barras vacias para AAPL (15m)
2026-07-03 19:43:51 | WARNING | trading_bot | Alpaca devolvio barras vacias para AAPL (5m)
2026-07-03 19:44:11 | WARNING | trading_bot | Alpaca devolvio barras vacias para AAPL (5m)
2026-07-03 19:44:32 | WARNING | trading_bot | Alpaca devolvio barras vacias para AAPL (5m)
2026-07-03 19:44:52 | WARNING | trading_bot | Alpaca devolvio barras vacias para AAPL (5m)
2026-07-03 19:45:12 | WARNING | trading_bot | Alpaca devolvio barras vacias para AAPL (5m)
2026-07-03 19:45:32 | WARNING | trading_bot | Alpaca devolvio barras vacias para AAPL (5m)
2026-07-03 19:45:52 | WARNING | trading_bot | Alpaca devolvio barras vacias para AAPL (5m)
2026-07-03 19:46:12 | WARNING | trading_bot | Alpaca devolvio barras vacias para AAPL (5m)
2026-07-03 19:46:33 | WARNING | trading_bot | Alpaca devolvio barras vacias para AAPL (5m)
2026-07-03 19:46:53 | WARNING | trading_bot | Alpaca devolvio barras vacias para AAPL (5m)
2026-07-03 19:47:13 | WARNING | trading_bot | Alpaca devolvio barras vacias para AAPL (5m)
2026-07-03 19:47:33 | WARNING | trading_bot | Alpaca devolvio barras vacias para AAPL (5m)
2026-07-03 19:47:44 | WARNING | trading_bot | Alpaca devolvio barras vacias para AAPL (1m)
2026-07-03 19:47:44 | WARNING | trading_bot | Alpaca devolvio barras vacias para AAPL (5m)
2026-07-03 19:47:44 | WARNING | trading_bot | Alpaca devolvio barras vacias para AAPL (15m)
2026-07-03 19:47:53 | WARNING | trading_bot | Alpaca devolvio barras vacias para AAPL (5m)
2026-07-03 19:48:13 | WARNING | trading_bot | Alpaca devolvio barras vacias para AAPL (5m)
2026-07-03 19:48:33 | WARNING | trading_bot | Alpaca devolvio barras vacias para AAPL (5m)
2026-07-03 19:48:54 | WARNING | trading_bot | Alpaca devolvio barras vacias para AAPL (5m)
2026-07-03 19:49:14 | WARNING | trading_bot | Alpaca devolvio barras vacias para AAPL (5m)
2026-07-03 19:49:34 | WARNING | trading_bot | Alpaca devolvio barras vacias para AAPL (5m)
2026-07-03 19:49:54 | WARNING | trading_bot | Alpaca devolvio barras vacias para AAPL (5m)
2026-07-03 19:50:14 | WARNING | trading_bot | Alpaca devolvio barras vacias para AAPL (5m)
2026-07-03 19:52:25 | INFO | trading_bot | Iniciando trading bot UI
2026-07-03 19:52:25 | INFO | trading_bot | Recuperacion inicial | abiertas=1 sincronizadas=0 ya_linkeadas=1
2026-07-03 19:52:25 | INFO | trading_bot | Inhibidor de suspension activado
2026-07-03 19:52:25 | INFO | trading_bot | Workers automaticos iniciados para Paper
2026-07-03 19:52:25 | WARNING | trading_bot | Alpaca devolvio barras vacias para AAPL (5m)
2026-07-03 19:52:26 | WARNING | trading_bot | Alpaca devolvio barras vacias para AAPL (1m)
2026-07-03 19:52:26 | WARNING | trading_bot | Alpaca devolvio barras vacias para AAPL (5m)
2026-07-03 19:52:26 | WARNING | trading_bot | Alpaca devolvio barras vacias para AAPL (15m)
2026-07-03 19:52:46 | WARNING | trading_bot | Alpaca devolvio barras vacias para AAPL (5m)
2026-07-03 19:53:06 | WARNING | trading_bot | Alpaca devolvio barras vacias para AAPL (5m)
2026-07-03 19:53:26 | WARNING | trading_bot | Alpaca devolvio barras vacias para AAPL (5m)
2026-07-03 19:53:46 | WARNING | trading_bot | Alpaca devolvio barras vacias para AAPL (5m)
2026-07-03 19:54:06 | WARNING | trading_bot | Alpaca devolvio barras vacias para AAPL (5m)
2026-07-03 19:54:26 | WARNING | trading_bot | Alpaca devolvio barras vacias para AAPL (5m)
2026-07-03 19:54:46 | WARNING | trading_bot | Alpaca devolvio barras vacias para AAPL (5m)
2026-07-03 19:55:07 | WARNING | trading_bot | Alpaca devolvio barras vacias para AAPL (5m)
2026-07-03 19:55:27 | WARNING | trading_bot | Alpaca devolvio barras vacias para AAPL (5m)
2026-07-03 19:55:47 | WARNING | trading_bot | Alpaca devolvio barras vacias para AAPL (5m)
2026-07-03 19:56:07 | WARNING | trading_bot | Alpaca devolvio barras vacias para AAPL (5m)
2026-07-03 19:56:27 | WARNING | trading_bot | Alpaca devolvio barras vacias para AAPL (5m)
2026-07-03 19:56:30 | WARNING | trading_bot | Alpaca devolvio barras vacias para AAPL (1m)
2026-07-03 19:56:30 | WARNING | trading_bot | Alpaca devolvio barras vacias para AAPL (5m)
2026-07-03 19:56:30 | WARNING | trading_bot | Alpaca devolvio barras vacias para AAPL (15m)
2026-07-03 19:56:47 | WARNING | trading_bot | Alpaca devolvio barras vacias para AAPL (5m)
2026-07-03 19:57:07 | WARNING | trading_bot | Alpaca devolvio barras vacias para AAPL (5m)
2026-07-03 19:57:28 | WARNING | trading_bot | Alpaca devolvio barras vacias para AAPL (5m)
2026-07-03 19:57:48 | WARNING | trading_bot | Alpaca devolvio barras vacias para AAPL (5m)
2026-07-03 19:58:08 | WARNING | trading_bot | Alpaca devolvio barras vacias para AAPL (5m)
2026-07-03 19:58:28 | WARNING | trading_bot | Alpaca devolvio barras vacias para AAPL (5m)
2026-07-03 19:58:48 | WARNING | trading_bot | Alpaca devolvio barras vacias para AAPL (5m)
2026-07-03 19:59:08 | WARNING | trading_bot | Alpaca devolvio barras vacias para AAPL (5m)
2026-07-03 19:59:29 | WARNING | trading_bot | Alpaca devolvio barras vacias para AAPL (5m)
2026-07-03 19:59:49 | WARNING | trading_bot | Alpaca devolvio barras vacias para AAPL (5m)
2026-07-03 20:00:09 | WARNING | trading_bot | Alpaca devolvio barras vacias para AAPL (5m)
2026-07-03 20:00:29 | WARNING | trading_bot | Alpaca devolvio barras vacias para AAPL (5m)
2026-07-03 20:00:34 | WARNING | trading_bot | Alpaca devolvio barras vacias para AAPL (1m)
2026-07-03 20:00:34 | WARNING | trading_bot | Alpaca devolvio barras vacias para AAPL (5m)
2026-07-03 20:00:34 | WARNING | trading_bot | Alpaca devolvio barras vacias para AAPL (15m)
2026-07-03 20:00:49 | WARNING | trading_bot | Alpaca devolvio barras vacias para AAPL (5m)
2026-07-03 20:01:09 | WARNING | trading_bot | Alpaca devolvio barras vacias para AAPL (5m)
2026-07-03 20:01:30 | WARNING | trading_bot | Alpaca devolvio barras vacias para AAPL (5m)
2026-07-03 20:01:50 | WARNING | trading_bot | Alpaca devolvio barras vacias para AAPL (5m)
2026-07-03 20:02:10 | WARNING | trading_bot | Alpaca devolvio barras vacias para AAPL (5m)
2026-07-03 20:02:30 | WARNING | trading_bot | Alpaca devolvio barras vacias para AAPL (5m)
2026-07-03 20:02:50 | WARNING | trading_bot | Alpaca devolvio barras vacias para AAPL (5m)
2026-07-03 20:03:10 | WARNING | trading_bot | Alpaca devolvio barras vacias para AAPL (5m)
2026-07-03 20:03:30 | WARNING | trading_bot | Alpaca devolvio barras vacias para AAPL (5m)
2026-07-03 20:03:51 | WARNING | trading_bot | Alpaca devolvio barras vacias para AAPL (5m)
2026-07-03 20:04:11 | WARNING | trading_bot | Alpaca devolvio barras vacias para AAPL (5m)
2026-07-03 20:04:31 | WARNING | trading_bot | Alpaca devolvio barras vacias para AAPL (5m)
2026-07-03 20:04:38 | WARNING | trading_bot | Alpaca devolvio barras vacias para AAPL (1m)
2026-07-03 20:04:38 | WARNING | trading_bot | Alpaca devolvio barras vacias para AAPL (5m)
2026-07-03 20:04:38 | WARNING | trading_bot | Alpaca devolvio barras vacias para AAPL (15m)
2026-07-03 20:04:51 | WARNING | trading_bot | Alpaca devolvio barras vacias para AAPL (5m)
2026-07-03 20:05:12 | WARNING | trading_bot | Alpaca devolvio barras vacias para AAPL (5m)
2026-07-03 20:05:32 | WARNING | trading_bot | Alpaca devolvio barras vacias para AAPL (5m)
2026-07-03 20:05:52 | WARNING | trading_bot | Alpaca devolvio barras vacias para AAPL (5m)
2026-07-03 20:06:12 | WARNING | trading_bot | Alpaca devolvio barras vacias para AAPL (5m)
2026-07-03 20:06:32 | WARNING | trading_bot | Alpaca devolvio barras vacias para AAPL (5m)
2026-07-03 20:06:52 | WARNING | trading_bot | Alpaca devolvio barras vacias para AAPL (5m)
2026-07-03 20:07:12 | WARNING | trading_bot | Alpaca devolvio barras vacias para AAPL (5m)
2026-07-03 20:07:33 | WARNING | trading_bot | Alpaca devolvio barras vacias para AAPL (5m)
2026-07-03 20:07:53 | WARNING | trading_bot | Alpaca devolvio barras vacias para AAPL (5m)
2026-07-03 20:08:13 | WARNING | trading_bot | Alpaca devolvio barras vacias para AAPL (5m)
2026-07-03 20:08:33 | WARNING | trading_bot | Alpaca devolvio barras vacias para AAPL (5m)
2026-07-03 20:08:42 | WARNING | trading_bot | Alpaca devolvio barras vacias para AAPL (1m)
2026-07-03 20:08:42 | WARNING | trading_bot | Alpaca devolvio barras vacias para AAPL (5m)
2026-07-03 20:08:42 | WARNING | trading_bot | Alpaca devolvio barras vacias para AAPL (15m)
2026-07-03 20:08:53 | WARNING | trading_bot | Alpaca devolvio barras vacias para AAPL (5m)
2026-07-03 20:09:13 | WARNING | trading_bot | Alpaca devolvio barras vacias para AAPL (5m)
2026-07-03 20:09:25 | INFO | trading_bot | Iniciando trading bot UI
2026-07-03 20:09:25 | INFO | trading_bot | Recuperacion inicial | abiertas=1 sincronizadas=0 ya_linkeadas=1
2026-07-03 20:09:25 | INFO | trading_bot | Inhibidor de suspension activado
2026-07-03 20:09:25 | INFO | trading_bot | Workers automaticos iniciados para Paper
2026-07-03 20:09:26 | WARNING | trading_bot | Alpaca devolvio barras vacias para AAPL (5m)
2026-07-03 20:09:26 | WARNING | trading_bot | Alpaca devolvio barras vacias para AAPL (1m)
2026-07-03 20:09:26 | WARNING | trading_bot | Alpaca devolvio barras vacias para AAPL (5m)
2026-07-03 20:09:26 | WARNING | trading_bot | Alpaca devolvio barras vacias para AAPL (15m)
2026-07-03 20:09:46 | WARNING | trading_bot | Alpaca devolvio barras vacias para AAPL (5m)
2026-07-03 20:10:06 | WARNING | trading_bot | Alpaca devolvio barras vacias para AAPL (5m)
2026-07-03 20:10:26 | WARNING | trading_bot | Alpaca devolvio barras vacias para AAPL (5m)
2026-07-03 20:10:46 | WARNING | trading_bot | Alpaca devolvio barras vacias para AAPL (5m)
2026-07-03 20:11:06 | WARNING | trading_bot | Alpaca devolvio barras vacias para AAPL (5m)
2026-07-03 20:11:26 | WARNING | trading_bot | Alpaca devolvio barras vacias para AAPL (5m)
2026-07-03 20:11:47 | WARNING | trading_bot | Alpaca devolvio barras vacias para AAPL (5m)
2026-07-03 20:12:07 | WARNING | trading_bot | Alpaca devolvio barras vacias para AAPL (5m)
2026-07-03 20:12:27 | WARNING | trading_bot | Alpaca devolvio barras vacias para AAPL (5m)
2026-07-03 20:12:47 | WARNING | trading_bot | Alpaca devolvio barras vacias para AAPL (5m)
2026-07-03 20:13:07 | WARNING | trading_bot | Alpaca devolvio barras vacias para AAPL (5m)
2026-07-03 20:13:14 | INFO | trading_bot | Iniciando trading bot UI
2026-07-03 20:13:14 | INFO | trading_bot | Recuperacion inicial | abiertas=1 sincronizadas=0 ya_linkeadas=1
2026-07-03 20:13:14 | INFO | trading_bot | Inhibidor de suspension activado
2026-07-03 20:13:15 | INFO | trading_bot | Workers automaticos iniciados para Paper
2026-07-03 20:13:15 | WARNING | trading_bot | Alpaca devolvio barras vacias para AAPL (5m)
2026-07-03 20:13:15 | WARNING | trading_bot | Alpaca devolvio barras vacias para AAPL (1m)
2026-07-03 20:13:15 | WARNING | trading_bot | Alpaca devolvio barras vacias para AAPL (5m)
2026-07-03 20:13:15 | WARNING | trading_bot | Alpaca devolvio barras vacias para AAPL (15m)
2026-07-03 20:13:35 | WARNING | trading_bot | Alpaca devolvio barras vacias para AAPL (5m)
2026-07-03 20:13:55 | WARNING | trading_bot | Alpaca devolvio barras vacias para AAPL (5m)
2026-07-03 20:14:15 | WARNING | trading_bot | Alpaca devolvio barras vacias para AAPL (5m)
2026-07-03 20:14:35 | WARNING | trading_bot | Alpaca devolvio barras vacias para AAPL (5m)
2026-07-03 20:14:56 | WARNING | trading_bot | Alpaca devolvio barras vacias para AAPL (5m)
2026-07-03 20:15:16 | WARNING | trading_bot | Alpaca devolvio barras vacias para AAPL (5m)
2026-07-03 20:15:16 | INFO | trading_bot | Salida limit registrada SOL/USD pnl=10.690075462239532
2026-07-03 20:15:16 | INFO | trading_bot | Orden creada: 257ee166-f779-45f1-9276-0e3279f1e935
2026-07-03 20:15:16 | INFO | trading_bot | Orden creada: fc175c5a-6224-4f15-a0c0-bc7f0f1c6dc1
2026-07-03 20:15:17 | INFO | trading_bot | Entrada registrada SOLUSD qty=6.03530000 entry=82.56000000 cost=498.27436800
2026-07-03 20:15:17 | INFO | trading_bot | Entrada registrada SOL/USD qty=6.03530000 entry=82.56000000 cost=498.27436800
2026-07-03 20:15:36 | WARNING | trading_bot | Alpaca devolvio barras vacias para AAPL (5m)
2026-07-03 20:15:46 | INFO | trading_bot | Orden limite creada: f537bfcd-c0bf-41c3-bd8b-2dc3590c56d8
2026-07-03 20:15:56 | WARNING | trading_bot | Alpaca devolvio barras vacias para AAPL (5m)
2026-07-03 20:16:16 | WARNING | trading_bot | Alpaca devolvio barras vacias para AAPL (5m)
2026-07-03 20:16:36 | WARNING | trading_bot | Alpaca devolvio barras vacias para AAPL (5m)
2026-07-03 20:16:56 | WARNING | trading_bot | Alpaca devolvio barras vacias para AAPL (5m)
2026-07-03 20:17:17 | WARNING | trading_bot | Alpaca devolvio barras vacias para AAPL (5m)
2026-07-03 20:17:19 | WARNING | trading_bot | Alpaca devolvio barras vacias para AAPL (1m)
2026-07-03 20:17:19 | WARNING | trading_bot | Alpaca devolvio barras vacias para AAPL (5m)
2026-07-03 20:17:19 | WARNING | trading_bot | Alpaca devolvio barras vacias para AAPL (15m)
2026-07-03 20:17:37 | WARNING | trading_bot | Alpaca devolvio barras vacias para AAPL (5m)
2026-07-03 20:17:57 | WARNING | trading_bot | Alpaca devolvio barras vacias para AAPL (5m)
2026-07-03 20:18:17 | WARNING | trading_bot | Alpaca devolvio barras vacias para AAPL (5m)
2026-07-03 20:18:37 | WARNING | trading_bot | Alpaca devolvio barras vacias para AAPL (5m)
2026-07-03 20:18:57 | WARNING | trading_bot | Alpaca devolvio barras vacias para AAPL (5m)
2026-07-03 20:19:18 | INFO | trading_bot | Iniciando trading bot UI
2026-07-03 20:19:18 | INFO | trading_bot | Recuperacion inicial | abiertas=1 sincronizadas=0 ya_linkeadas=1
2026-07-03 20:19:18 | INFO | trading_bot | Inhibidor de suspension activado
2026-07-03 20:19:18 | INFO | trading_bot | Workers automaticos iniciados para Paper
2026-07-03 20:19:19 | WARNING | trading_bot | Alpaca devolvio barras vacias para AAPL (5m)
2026-07-03 20:19:19 | WARNING | trading_bot | Alpaca devolvio barras vacias para AAPL (1m)
2026-07-03 20:19:19 | WARNING | trading_bot | Alpaca devolvio barras vacias para AAPL (5m)
2026-07-03 20:19:19 | WARNING | trading_bot | Alpaca devolvio barras vacias para AAPL (15m)
2026-07-03 20:19:39 | WARNING | trading_bot | Alpaca devolvio barras vacias para AAPL (5m)
2026-07-03 20:19:59 | WARNING | trading_bot | Alpaca devolvio barras vacias para AAPL (5m)
2026-07-03 20:20:19 | WARNING | trading_bot | Alpaca devolvio barras vacias para AAPL (5m)
2026-07-03 20:20:39 | WARNING | trading_bot | Alpaca devolvio barras vacias para AAPL (5m)
2026-07-03 20:20:59 | WARNING | trading_bot | Alpaca devolvio barras vacias para AAPL (5m)
2026-07-03 20:21:19 | WARNING | trading_bot | Alpaca devolvio barras vacias para AAPL (5m)
2026-07-03 20:21:28 | INFO | trading_bot | Iniciando trading bot UI
2026-07-03 20:21:28 | INFO | trading_bot | Recuperacion inicial | abiertas=1 sincronizadas=0 ya_linkeadas=1
2026-07-03 20:21:28 | INFO | trading_bot | Inhibidor de suspension activado
2026-07-03 20:21:29 | INFO | trading_bot | Workers automaticos iniciados para Paper
2026-07-03 20:21:29 | WARNING | trading_bot | Alpaca devolvio barras vacias para AAPL (5m)
2026-07-03 20:21:29 | WARNING | trading_bot | Alpaca devolvio barras vacias para AAPL (1m)
2026-07-03 20:21:29 | WARNING | trading_bot | Alpaca devolvio barras vacias para AAPL (5m)
2026-07-03 20:21:29 | WARNING | trading_bot | Alpaca devolvio barras vacias para AAPL (15m)
2026-07-03 20:21:49 | WARNING | trading_bot | Alpaca devolvio barras vacias para AAPL (5m)
2026-07-03 20:22:09 | WARNING | trading_bot | Alpaca devolvio barras vacias para AAPL (5m)
2026-07-03 20:22:29 | WARNING | trading_bot | Alpaca devolvio barras vacias para AAPL (5m)
2026-07-03 20:22:49 | WARNING | trading_bot | Alpaca devolvio barras vacias para AAPL (5m)
2026-07-03 20:23:10 | WARNING | trading_bot | Alpaca devolvio barras vacias para AAPL (5m)
2026-07-03 20:23:30 | WARNING | trading_bot | Alpaca devolvio barras vacias para AAPL (5m)
2026-07-03 20:23:50 | WARNING | trading_bot | Alpaca devolvio barras vacias para AAPL (5m)
2026-07-03 20:24:13 | INFO | trading_bot | Iniciando trading bot UI
2026-07-03 20:24:13 | INFO | trading_bot | Recuperacion inicial | abiertas=1 sincronizadas=0 ya_linkeadas=1
2026-07-03 20:24:13 | INFO | trading_bot | Inhibidor de suspension activado
2026-07-03 20:24:14 | INFO | trading_bot | Workers automaticos iniciados para Paper
2026-07-03 20:24:14 | WARNING | trading_bot | Alpaca devolvio barras vacias para AAPL (5m)
2026-07-03 20:24:14 | WARNING | trading_bot | Alpaca devolvio barras vacias para AAPL (1m)
2026-07-03 20:24:14 | WARNING | trading_bot | Alpaca devolvio barras vacias para AAPL (5m)
2026-07-03 20:24:14 | WARNING | trading_bot | Alpaca devolvio barras vacias para AAPL (15m)
2026-07-03 20:24:34 | WARNING | trading_bot | Alpaca devolvio barras vacias para AAPL (5m)
2026-07-03 20:24:54 | WARNING | trading_bot | Alpaca devolvio barras vacias para AAPL (5m)
2026-07-03 20:25:14 | WARNING | trading_bot | Alpaca devolvio barras vacias para AAPL (5m)
2026-07-03 20:25:35 | WARNING | trading_bot | Alpaca devolvio barras vacias para AAPL (5m)
2026-07-03 20:25:55 | WARNING | trading_bot | Alpaca devolvio barras vacias para AAPL (5m)
2026-07-03 20:26:15 | WARNING | trading_bot | Alpaca devolvio barras vacias para AAPL (5m)
2026-07-03 20:26:35 | WARNING | trading_bot | Alpaca devolvio barras vacias para AAPL (5m)
2026-07-03 20:26:55 | WARNING | trading_bot | Alpaca devolvio barras vacias para AAPL (5m)
2026-07-03 20:27:15 | WARNING | trading_bot | Alpaca devolvio barras vacias para AAPL (5m)
2026-07-03 20:27:35 | WARNING | trading_bot | Alpaca devolvio barras vacias para AAPL (5m)
2026-07-03 20:27:56 | WARNING | trading_bot | Alpaca devolvio barras vacias para AAPL (5m)
2026-07-03 20:28:16 | WARNING | trading_bot | Alpaca devolvio barras vacias para AAPL (5m)
2026-07-03 20:28:18 | WARNING | trading_bot | Alpaca devolvio barras vacias para AAPL (1m)
2026-07-03 20:28:18 | WARNING | trading_bot | Alpaca devolvio barras vacias para AAPL (5m)
2026-07-03 20:28:18 | WARNING | trading_bot | Alpaca devolvio barras vacias para AAPL (15m)
2026-07-03 20:28:27 | INFO | trading_bot | Iniciando trading bot UI
2026-07-03 20:28:27 | INFO | trading_bot | Recuperacion inicial | abiertas=1 sincronizadas=0 ya_linkeadas=1
2026-07-03 20:28:27 | INFO | trading_bot | Inhibidor de suspension activado
2026-07-03 20:28:27 | INFO | trading_bot | Workers automaticos iniciados para Paper
2026-07-03 20:28:28 | WARNING | trading_bot | Alpaca devolvio barras vacias para AAPL (5m)
2026-07-03 20:28:28 | WARNING | trading_bot | Alpaca devolvio barras vacias para AAPL (1m)
2026-07-03 20:28:28 | WARNING | trading_bot | Alpaca devolvio barras vacias para AAPL (5m)
2026-07-03 20:28:28 | WARNING | trading_bot | Alpaca devolvio barras vacias para AAPL (15m)
2026-07-03 20:28:48 | WARNING | trading_bot | Alpaca devolvio barras vacias para AAPL (5m)
2026-07-03 20:29:08 | WARNING | trading_bot | Alpaca devolvio barras vacias para AAPL (5m)
2026-07-03 20:29:28 | WARNING | trading_bot | Alpaca devolvio barras vacias para AAPL (5m)
2026-07-03 20:29:48 | WARNING | trading_bot | Alpaca devolvio barras vacias para AAPL (5m)
2026-07-03 20:30:08 | WARNING | trading_bot | Alpaca devolvio barras vacias para AAPL (5m)
2026-07-03 20:30:29 | WARNING | trading_bot | Alpaca devolvio barras vacias para AAPL (5m)
2026-07-03 20:30:49 | WARNING | trading_bot | Alpaca devolvio barras vacias para AAPL (5m)
2026-07-03 20:31:09 | WARNING | trading_bot | Alpaca devolvio barras vacias para AAPL (5m)
2026-07-03 20:31:29 | WARNING | trading_bot | Alpaca devolvio barras vacias para AAPL (5m)
2026-07-03 20:31:49 | WARNING | trading_bot | Alpaca devolvio barras vacias para AAPL (5m)
2026-07-03 20:32:10 | WARNING | trading_bot | Alpaca devolvio barras vacias para AAPL (5m)
2026-07-03 20:32:30 | WARNING | trading_bot | Alpaca devolvio barras vacias para AAPL (5m)
2026-07-03 20:32:32 | WARNING | trading_bot | Alpaca devolvio barras vacias para AAPL (1m)
2026-07-03 20:32:32 | WARNING | trading_bot | Alpaca devolvio barras vacias para AAPL (5m)
2026-07-03 20:32:32 | WARNING | trading_bot | Alpaca devolvio barras vacias para AAPL (15m)
2026-07-03 20:32:50 | WARNING | trading_bot | Alpaca devolvio barras vacias para AAPL (5m)
2026-07-03 20:33:10 | WARNING | trading_bot | Alpaca devolvio barras vacias para AAPL (5m)
2026-07-03 20:33:30 | WARNING | trading_bot | Alpaca devolvio barras vacias para AAPL (5m)
2026-07-03 20:33:50 | WARNING | trading_bot | Alpaca devolvio barras vacias para AAPL (5m)
2026-07-03 20:34:10 | WARNING | trading_bot | Alpaca devolvio barras vacias para AAPL (5m)
2026-07-03 20:34:31 | WARNING | trading_bot | Alpaca devolvio barras vacias para AAPL (5m)
2026-07-03 20:34:51 | WARNING | trading_bot | Alpaca devolvio barras vacias para AAPL (5m)
2026-07-03 20:35:11 | WARNING | trading_bot | Alpaca devolvio barras vacias para AAPL (5m)
2026-07-03 20:35:31 | WARNING | trading_bot | Alpaca devolvio barras vacias para AAPL (5m)
2026-07-03 20:35:51 | WARNING | trading_bot | Alpaca devolvio barras vacias para AAPL (5m)
2026-07-03 20:36:11 | WARNING | trading_bot | Alpaca devolvio barras vacias para AAPL (5m)
2026-07-03 20:36:31 | WARNING | trading_bot | Alpaca devolvio barras vacias para AAPL (5m)
2026-07-03 20:36:36 | WARNING | trading_bot | Alpaca devolvio barras vacias para AAPL (1m)
2026-07-03 20:36:36 | WARNING | trading_bot | Alpaca devolvio barras vacias para AAPL (5m)
2026-07-03 20:36:36 | WARNING | trading_bot | Alpaca devolvio barras vacias para AAPL (15m)
2026-07-03 20:36:52 | WARNING | trading_bot | Alpaca devolvio barras vacias para AAPL (5m)
2026-07-03 20:37:12 | WARNING | trading_bot | Alpaca devolvio barras vacias para AAPL (5m)
2026-07-03 20:37:32 | WARNING | trading_bot | Alpaca devolvio barras vacias para AAPL (5m)
2026-07-03 20:37:52 | WARNING | trading_bot | Alpaca devolvio barras vacias para AAPL (5m)
2026-07-03 20:38:12 | WARNING | trading_bot | Alpaca devolvio barras vacias para AAPL (5m)
2026-07-03 20:38:32 | WARNING | trading_bot | Alpaca devolvio barras vacias para AAPL (5m)
2026-07-03 20:38:53 | WARNING | trading_bot | Alpaca devolvio barras vacias para AAPL (5m)
2026-07-03 20:39:13 | WARNING | trading_bot | Alpaca devolvio barras vacias para AAPL (5m)
2026-07-03 20:39:33 | WARNING | trading_bot | Alpaca devolvio barras vacias para AAPL (5m)
2026-07-03 20:39:53 | WARNING | trading_bot | Alpaca devolvio barras vacias para AAPL (5m)
2026-07-03 20:40:13 | WARNING | trading_bot | Alpaca devolvio barras vacias para AAPL (5m)
2026-07-03 20:40:33 | WARNING | trading_bot | Alpaca devolvio barras vacias para AAPL (5m)
2026-07-03 20:40:40 | WARNING | trading_bot | Alpaca devolvio barras vacias para AAPL (1m)
2026-07-03 20:40:40 | WARNING | trading_bot | Alpaca devolvio barras vacias para AAPL (5m)
2026-07-03 20:40:40 | WARNING | trading_bot | Alpaca devolvio barras vacias para AAPL (15m)
2026-07-03 20:40:53 | WARNING | trading_bot | Alpaca devolvio barras vacias para AAPL (5m)
2026-07-03 20:41:14 | WARNING | trading_bot | Alpaca devolvio barras vacias para AAPL (5m)
2026-07-03 20:41:34 | WARNING | trading_bot | Alpaca devolvio barras vacias para AAPL (5m)
2026-07-03 20:41:54 | WARNING | trading_bot | Alpaca devolvio barras vacias para AAPL (5m)
2026-07-03 20:42:14 | WARNING | trading_bot | Alpaca devolvio barras vacias para AAPL (5m)
2026-07-03 20:42:34 | WARNING | trading_bot | Alpaca devolvio barras vacias para AAPL (5m)
2026-07-03 20:42:54 | WARNING | trading_bot | Alpaca devolvio barras vacias para AAPL (5m)
2026-07-03 20:43:14 | WARNING | trading_bot | Alpaca devolvio barras vacias para AAPL (5m)
2026-07-03 20:43:35 | WARNING | trading_bot | Alpaca devolvio barras vacias para AAPL (5m)
2026-07-03 20:43:55 | WARNING | trading_bot | Alpaca devolvio barras vacias para AAPL (5m)
2026-07-03 20:44:15 | WARNING | trading_bot | Alpaca devolvio barras vacias para AAPL (5m)
2026-07-03 20:44:35 | WARNING | trading_bot | Alpaca devolvio barras vacias para AAPL (5m)
2026-07-03 20:44:44 | WARNING | trading_bot | Alpaca devolvio barras vacias para AAPL (1m)
2026-07-03 20:44:44 | WARNING | trading_bot | Alpaca devolvio barras vacias para AAPL (5m)
2026-07-03 20:44:44 | WARNING | trading_bot | Alpaca devolvio barras vacias para AAPL (15m)
2026-07-03 20:44:55 | WARNING | trading_bot | Alpaca devolvio barras vacias para AAPL (5m)
2026-07-03 20:45:15 | WARNING | trading_bot | Alpaca devolvio barras vacias para AAPL (5m)
2026-07-03 20:45:35 | WARNING | trading_bot | Alpaca devolvio barras vacias para AAPL (5m)
2026-07-03 20:45:56 | WARNING | trading_bot | Alpaca devolvio barras vacias para AAPL (5m)
2026-07-03 20:46:16 | WARNING | trading_bot | Alpaca devolvio barras vacias para AAPL (5m)
2026-07-03 20:46:36 | WARNING | trading_bot | Alpaca devolvio barras vacias para AAPL (5m)
2026-07-03 20:46:56 | WARNING | trading_bot | Alpaca devolvio barras vacias para AAPL (5m)
2026-07-03 20:47:16 | WARNING | trading_bot | Alpaca devolvio barras vacias para AAPL (5m)
2026-07-03 20:47:36 | WARNING | trading_bot | Alpaca devolvio barras vacias para AAPL (5m)
2026-07-03 20:47:57 | WARNING | trading_bot | Alpaca devolvio barras vacias para AAPL (5m)
2026-07-03 20:48:17 | WARNING | trading_bot | Alpaca devolvio barras vacias para AAPL (5m)
2026-07-03 20:48:37 | WARNING | trading_bot | Alpaca devolvio barras vacias para AAPL (5m)
2026-07-03 20:48:48 | WARNING | trading_bot | Alpaca devolvio barras vacias para AAPL (1m)
2026-07-03 20:48:48 | WARNING | trading_bot | Alpaca devolvio barras vacias para AAPL (5m)
2026-07-03 20:48:48 | WARNING | trading_bot | Alpaca devolvio barras vacias para AAPL (15m)
2026-07-03 20:48:57 | WARNING | trading_bot | Alpaca devolvio barras vacias para AAPL (5m)
2026-07-03 20:49:17 | WARNING | trading_bot | Alpaca devolvio barras vacias para AAPL (5m)
2026-07-03 20:49:37 | WARNING | trading_bot | Alpaca devolvio barras vacias para AAPL (5m)
2026-07-03 20:49:57 | WARNING | trading_bot | Alpaca devolvio barras vacias para AAPL (5m)
2026-07-03 20:50:18 | WARNING | trading_bot | Alpaca devolvio barras vacias para AAPL (5m)
2026-07-03 20:50:38 | WARNING | trading_bot | Alpaca devolvio barras vacias para AAPL (5m)
2026-07-03 20:50:58 | WARNING | trading_bot | Alpaca devolvio barras vacias para AAPL (5m)
2026-07-03 20:51:18 | WARNING | trading_bot | Alpaca devolvio barras vacias para AAPL (5m)
2026-07-03 20:51:38 | WARNING | trading_bot | Alpaca devolvio barras vacias para AAPL (5m)
2026-07-03 20:51:58 | WARNING | trading_bot | Alpaca devolvio barras vacias para AAPL (5m)
2026-07-03 20:52:18 | WARNING | trading_bot | Alpaca devolvio barras vacias para AAPL (5m)
2026-07-03 20:52:39 | WARNING | trading_bot | Alpaca devolvio barras vacias para AAPL (5m)
2026-07-03 20:52:52 | WARNING | trading_bot | Alpaca devolvio barras vacias para AAPL (1m)
2026-07-03 20:52:52 | WARNING | trading_bot | Alpaca devolvio barras vacias para AAPL (5m)
2026-07-03 20:52:52 | WARNING | trading_bot | Alpaca devolvio barras vacias para AAPL (15m)
2026-07-03 20:52:59 | WARNING | trading_bot | Alpaca devolvio barras vacias para AAPL (5m)
2026-07-03 20:53:19 | WARNING | trading_bot | Alpaca devolvio barras vacias para AAPL (5m)
2026-07-03 20:53:39 | WARNING | trading_bot | Alpaca devolvio barras vacias para AAPL (5m)
2026-07-03 20:53:59 | WARNING | trading_bot | Alpaca devolvio barras vacias para AAPL (5m)
2026-07-03 20:54:19 | WARNING | trading_bot | Alpaca devolvio barras vacias para AAPL (5m)
2026-07-03 20:54:39 | WARNING | trading_bot | Alpaca devolvio barras vacias para AAPL (5m)
2026-07-03 20:55:00 | WARNING | trading_bot | Alpaca devolvio barras vacias para AAPL (5m)
2026-07-03 20:55:20 | WARNING | trading_bot | Alpaca devolvio barras vacias para AAPL (5m)
2026-07-03 20:55:40 | WARNING | trading_bot | Alpaca devolvio barras vacias para AAPL (5m)
2026-07-03 20:56:00 | WARNING | trading_bot | Alpaca devolvio barras vacias para AAPL (5m)
2026-07-03 20:56:20 | WARNING | trading_bot | Alpaca devolvio barras vacias para AAPL (5m)
2026-07-03 20:56:40 | WARNING | trading_bot | Alpaca devolvio barras vacias para AAPL (5m)
2026-07-03 20:56:56 | WARNING | trading_bot | Alpaca devolvio barras vacias para AAPL (1m)
2026-07-03 20:56:56 | WARNING | trading_bot | Alpaca devolvio barras vacias para AAPL (5m)
2026-07-03 20:56:56 | WARNING | trading_bot | Alpaca devolvio barras vacias para AAPL (15m)
2026-07-03 20:57:00 | WARNING | trading_bot | Alpaca devolvio barras vacias para AAPL (5m)
2026-07-03 20:57:21 | WARNING | trading_bot | Alpaca devolvio barras vacias para AAPL (5m)
2026-07-03 20:57:41 | WARNING | trading_bot | Alpaca devolvio barras vacias para AAPL (5m)
2026-07-03 20:58:01 | WARNING | trading_bot | Alpaca devolvio barras vacias para AAPL (5m)
2026-07-03 20:58:21 | WARNING | trading_bot | Alpaca devolvio barras vacias para AAPL (5m)
2026-07-03 20:58:41 | WARNING | trading_bot | Alpaca devolvio barras vacias para AAPL (5m)
2026-07-03 20:59:01 | WARNING | trading_bot | Alpaca devolvio barras vacias para AAPL (5m)
2026-07-03 20:59:22 | WARNING | trading_bot | Alpaca devolvio barras vacias para AAPL (5m)
2026-07-03 20:59:42 | WARNING | trading_bot | Alpaca devolvio barras vacias para AAPL (5m)
2026-07-03 21:00:02 | WARNING | trading_bot | Alpaca devolvio barras vacias para AAPL (5m)
2026-07-03 21:00:22 | WARNING | trading_bot | Alpaca devolvio barras vacias para AAPL (5m)
2026-07-03 21:00:42 | WARNING | trading_bot | Alpaca devolvio barras vacias para AAPL (5m)
2026-07-03 21:01:00 | WARNING | trading_bot | Alpaca devolvio barras vacias para AAPL (1m)
2026-07-03 21:01:00 | WARNING | trading_bot | Alpaca devolvio barras vacias para AAPL (5m)
2026-07-03 21:01:00 | WARNING | trading_bot | Alpaca devolvio barras vacias para AAPL (15m)
2026-07-03 21:01:03 | WARNING | trading_bot | Alpaca devolvio barras vacias para AAPL (5m)
2026-07-03 21:01:23 | WARNING | trading_bot | Alpaca devolvio barras vacias para AAPL (5m)
2026-07-03 21:01:43 | WARNING | trading_bot | Alpaca devolvio barras vacias para AAPL (5m)
2026-07-03 21:02:03 | WARNING | trading_bot | Alpaca devolvio barras vacias para AAPL (5m)
2026-07-03 21:02:23 | WARNING | trading_bot | Alpaca devolvio barras vacias para AAPL (5m)
2026-07-03 21:02:43 | WARNING | trading_bot | Alpaca devolvio barras vacias para AAPL (5m)
2026-07-03 21:03:03 | WARNING | trading_bot | Alpaca devolvio barras vacias para AAPL (5m)
2026-07-03 21:03:24 | WARNING | trading_bot | Alpaca devolvio barras vacias para AAPL (5m)
2026-07-03 21:03:44 | WARNING | trading_bot | Alpaca devolvio barras vacias para AAPL (5m)
2026-07-03 21:04:04 | WARNING | trading_bot | Alpaca devolvio barras vacias para AAPL (5m)
2026-07-03 21:04:24 | WARNING | trading_bot | Alpaca devolvio barras vacias para AAPL (5m)
2026-07-03 21:04:44 | WARNING | trading_bot | Alpaca devolvio barras vacias para AAPL (5m)
2026-07-03 21:05:04 | WARNING | trading_bot | Alpaca devolvio barras vacias para AAPL (1m)
2026-07-03 21:05:04 | WARNING | trading_bot | Alpaca devolvio barras vacias para AAPL (5m)
2026-07-03 21:05:04 | WARNING | trading_bot | Alpaca devolvio barras vacias para AAPL (15m)
2026-07-03 21:05:04 | WARNING | trading_bot | Alpaca devolvio barras vacias para AAPL (5m)
2026-07-03 21:05:25 | WARNING | trading_bot | Alpaca devolvio barras vacias para AAPL (5m)
2026-07-03 21:05:45 | WARNING | trading_bot | Alpaca devolvio barras vacias para AAPL (5m)
2026-07-03 21:06:05 | WARNING | trading_bot | Alpaca devolvio barras vacias para AAPL (5m)
2026-07-03 21:06:25 | WARNING | trading_bot | Alpaca devolvio barras vacias para AAPL (5m)
2026-07-03 21:06:45 | WARNING | trading_bot | Alpaca devolvio barras vacias para AAPL (5m)
2026-07-03 21:07:05 | WARNING | trading_bot | Alpaca devolvio barras vacias para AAPL (5m)
2026-07-03 21:07:26 | WARNING | trading_bot | Alpaca devolvio barras vacias para AAPL (5m)
2026-07-03 21:07:46 | WARNING | trading_bot | Alpaca devolvio barras vacias para AAPL (5m)
2026-07-03 21:08:06 | WARNING | trading_bot | Alpaca devolvio barras vacias para AAPL (5m)
2026-07-03 21:08:26 | WARNING | trading_bot | Alpaca devolvio barras vacias para AAPL (5m)
2026-07-03 21:08:46 | WARNING | trading_bot | Alpaca devolvio barras vacias para AAPL (5m)
2026-07-03 21:09:06 | WARNING | trading_bot | Alpaca devolvio barras vacias para AAPL (5m)
2026-07-03 21:09:08 | WARNING | trading_bot | Alpaca devolvio barras vacias para AAPL (1m)
2026-07-03 21:09:08 | WARNING | trading_bot | Alpaca devolvio barras vacias para AAPL (5m)
2026-07-03 21:09:08 | WARNING | trading_bot | Alpaca devolvio barras vacias para AAPL (15m)
2026-07-03 21:09:26 | WARNING | trading_bot | Alpaca devolvio barras vacias para AAPL (5m)
2026-07-03 21:09:47 | WARNING | trading_bot | Alpaca devolvio barras vacias para AAPL (5m)
2026-07-03 21:10:07 | WARNING | trading_bot | Alpaca devolvio barras vacias para AAPL (5m)
2026-07-03 21:10:27 | WARNING | trading_bot | Alpaca devolvio barras vacias para AAPL (5m)
2026-07-03 21:10:47 | WARNING | trading_bot | Alpaca devolvio barras vacias para AAPL (5m)
2026-07-03 21:11:07 | WARNING | trading_bot | Alpaca devolvio barras vacias para AAPL (5m)
2026-07-03 21:11:27 | WARNING | trading_bot | Alpaca devolvio barras vacias para AAPL (5m)
2026-07-03 21:11:48 | WARNING | trading_bot | Alpaca devolvio barras vacias para AAPL (5m)
2026-07-03 21:12:08 | WARNING | trading_bot | Alpaca devolvio barras vacias para AAPL (5m)
2026-07-03 21:12:28 | WARNING | trading_bot | Alpaca devolvio barras vacias para AAPL (5m)
2026-07-03 21:12:48 | WARNING | trading_bot | Alpaca devolvio barras vacias para AAPL (5m)
2026-07-03 21:13:08 | WARNING | trading_bot | Alpaca devolvio barras vacias para AAPL (5m)
2026-07-03 21:13:12 | WARNING | trading_bot | Alpaca devolvio barras vacias para AAPL (1m)
2026-07-03 21:13:12 | WARNING | trading_bot | Alpaca devolvio barras vacias para AAPL (5m)
2026-07-03 21:13:12 | WARNING | trading_bot | Alpaca devolvio barras vacias para AAPL (15m)
2026-07-03 21:13:28 | WARNING | trading_bot | Alpaca devolvio barras vacias para AAPL (5m)
2026-07-03 21:13:48 | WARNING | trading_bot | Alpaca devolvio barras vacias para AAPL (5m)
2026-07-03 21:14:09 | WARNING | trading_bot | Alpaca devolvio barras vacias para AAPL (5m)
2026-07-03 21:14:29 | WARNING | trading_bot | Alpaca devolvio barras vacias para AAPL (5m)
2026-07-03 21:14:49 | WARNING | trading_bot | Alpaca devolvio barras vacias para AAPL (5m)
2026-07-03 21:15:09 | WARNING | trading_bot | Alpaca devolvio barras vacias para AAPL (5m)
2026-07-03 21:15:29 | WARNING | trading_bot | Alpaca devolvio barras vacias para AAPL (5m)
2026-07-03 21:15:49 | WARNING | trading_bot | Alpaca devolvio barras vacias para AAPL (5m)
2026-07-03 21:16:10 | WARNING | trading_bot | Alpaca devolvio barras vacias para AAPL (5m)
2026-07-03 21:16:30 | WARNING | trading_bot | Alpaca devolvio barras vacias para AAPL (5m)
2026-07-03 21:16:50 | WARNING | trading_bot | Alpaca devolvio barras vacias para AAPL (5m)
2026-07-03 21:17:10 | WARNING | trading_bot | Alpaca devolvio barras vacias para AAPL (5m)
2026-07-03 21:17:16 | WARNING | trading_bot | Alpaca devolvio barras vacias para AAPL (1m)
2026-07-03 21:17:16 | WARNING | trading_bot | Alpaca devolvio barras vacias para AAPL (5m)
2026-07-03 21:17:16 | WARNING | trading_bot | Alpaca devolvio barras vacias para AAPL (15m)
2026-07-03 21:17:30 | WARNING | trading_bot | Alpaca devolvio barras vacias para AAPL (5m)
2026-07-03 21:17:50 | WARNING | trading_bot | Alpaca devolvio barras vacias para AAPL (5m)
2026-07-03 21:18:10 | WARNING | trading_bot | Alpaca devolvio barras vacias para AAPL (5m)
2026-07-03 21:18:31 | WARNING | trading_bot | Alpaca devolvio barras vacias para AAPL (5m)
2026-07-03 21:18:51 | WARNING | trading_bot | Alpaca devolvio barras vacias para AAPL (5m)
2026-07-03 21:19:11 | WARNING | trading_bot | Alpaca devolvio barras vacias para AAPL (5m)
2026-07-03 21:19:31 | WARNING | trading_bot | Alpaca devolvio barras vacias para AAPL (5m)
2026-07-03 21:19:51 | WARNING | trading_bot | Alpaca devolvio barras vacias para AAPL (5m)
2026-07-03 21:20:11 | WARNING | trading_bot | Alpaca devolvio barras vacias para AAPL (5m)
2026-07-03 21:20:32 | WARNING | trading_bot | Alpaca devolvio barras vacias para AAPL (5m)
2026-07-03 21:20:52 | WARNING | trading_bot | Alpaca devolvio barras vacias para AAPL (5m)
2026-07-03 21:21:12 | WARNING | trading_bot | Alpaca devolvio barras vacias para AAPL (5m)
2026-07-03 21:21:20 | WARNING | trading_bot | Alpaca devolvio barras vacias para AAPL (1m)
2026-07-03 21:21:20 | WARNING | trading_bot | Alpaca devolvio barras vacias para AAPL (5m)
2026-07-03 21:21:20 | WARNING | trading_bot | Alpaca devolvio barras vacias para AAPL (15m)
2026-07-03 21:21:32 | WARNING | trading_bot | Alpaca devolvio barras vacias para AAPL (5m)
2026-07-03 21:21:52 | WARNING | trading_bot | Alpaca devolvio barras vacias para AAPL (5m)
2026-07-03 21:22:12 | WARNING | trading_bot | Alpaca devolvio barras vacias para AAPL (5m)
2026-07-03 21:22:32 | WARNING | trading_bot | Alpaca devolvio barras vacias para AAPL (5m)
2026-07-03 21:22:53 | WARNING | trading_bot | Alpaca devolvio barras vacias para AAPL (5m)
2026-07-03 21:23:13 | WARNING | trading_bot | Alpaca devolvio barras vacias para AAPL (5m)
2026-07-03 21:23:33 | WARNING | trading_bot | Alpaca devolvio barras vacias para AAPL (5m)
2026-07-03 21:23:53 | WARNING | trading_bot | Alpaca devolvio barras vacias para AAPL (5m)
2026-07-03 21:24:13 | WARNING | trading_bot | Alpaca devolvio barras vacias para AAPL (5m)
2026-07-03 21:24:33 | WARNING | trading_bot | Alpaca devolvio barras vacias para AAPL (5m)
2026-07-03 21:24:54 | WARNING | trading_bot | Alpaca devolvio barras vacias para AAPL (5m)
2026-07-03 21:25:14 | WARNING | trading_bot | Alpaca devolvio barras vacias para AAPL (5m)
2026-07-03 21:25:24 | WARNING | trading_bot | Alpaca devolvio barras vacias para AAPL (1m)
2026-07-03 21:25:24 | WARNING | trading_bot | Alpaca devolvio barras vacias para AAPL (5m)
2026-07-03 21:25:24 | WARNING | trading_bot | Alpaca devolvio barras vacias para AAPL (15m)
2026-07-03 21:25:34 | WARNING | trading_bot | Alpaca devolvio barras vacias para AAPL (5m)
2026-07-03 21:25:54 | WARNING | trading_bot | Alpaca devolvio barras vacias para AAPL (5m)
2026-07-03 21:26:14 | WARNING | trading_bot | Alpaca devolvio barras vacias para AAPL (5m)
2026-07-03 21:26:34 | WARNING | trading_bot | Alpaca devolvio barras vacias para AAPL (5m)
2026-07-03 21:26:54 | WARNING | trading_bot | Alpaca devolvio barras vacias para AAPL (5m)
2026-07-03 21:27:15 | WARNING | trading_bot | Alpaca devolvio barras vacias para AAPL (5m)
2026-07-03 21:27:35 | WARNING | trading_bot | Alpaca devolvio barras vacias para AAPL (5m)
2026-07-03 21:27:55 | WARNING | trading_bot | Alpaca devolvio barras vacias para AAPL (5m)
2026-07-03 21:28:15 | WARNING | trading_bot | Alpaca devolvio barras vacias para AAPL (5m)
2026-07-03 21:28:35 | WARNING | trading_bot | Alpaca devolvio barras vacias para AAPL (5m)
2026-07-03 21:28:55 | WARNING | trading_bot | Alpaca devolvio barras vacias para AAPL (5m)
2026-07-03 21:29:15 | WARNING | trading_bot | Alpaca devolvio barras vacias para AAPL (5m)
2026-07-03 21:29:28 | WARNING | trading_bot | Alpaca devolvio barras vacias para AAPL (1m)
2026-07-03 21:29:28 | WARNING | trading_bot | Alpaca devolvio barras vacias para AAPL (5m)
2026-07-03 21:29:28 | WARNING | trading_bot | Alpaca devolvio barras vacias para AAPL (15m)
2026-07-03 21:29:36 | WARNING | trading_bot | Alpaca devolvio barras vacias para AAPL (5m)
2026-07-03 21:29:56 | WARNING | trading_bot | Alpaca devolvio barras vacias para AAPL (5m)
2026-07-03 21:30:16 | WARNING | trading_bot | Alpaca devolvio barras vacias para AAPL (5m)
2026-07-03 21:30:36 | WARNING | trading_bot | Alpaca devolvio barras vacias para AAPL (5m)
2026-07-03 21:30:56 | WARNING | trading_bot | Alpaca devolvio barras vacias para AAPL (5m)
2026-07-03 21:31:16 | WARNING | trading_bot | Alpaca devolvio barras vacias para AAPL (5m)
2026-07-03 21:31:37 | WARNING | trading_bot | Alpaca devolvio barras vacias para AAPL (5m)
2026-07-03 21:31:57 | WARNING | trading_bot | Alpaca devolvio barras vacias para AAPL (5m)
2026-07-03 21:32:17 | WARNING | trading_bot | Alpaca devolvio barras vacias para AAPL (5m)
2026-07-03 21:32:37 | WARNING | trading_bot | Alpaca devolvio barras vacias para AAPL (5m)
2026-07-03 21:32:57 | WARNING | trading_bot | Alpaca devolvio barras vacias para AAPL (5m)
2026-07-03 21:33:17 | WARNING | trading_bot | Alpaca devolvio barras vacias para AAPL (5m)
2026-07-03 21:33:33 | WARNING | trading_bot | Alpaca devolvio barras vacias para AAPL (1m)
2026-07-03 21:33:33 | WARNING | trading_bot | Alpaca devolvio barras vacias para AAPL (5m)
2026-07-03 21:33:33 | WARNING | trading_bot | Alpaca devolvio barras vacias para AAPL (15m)
2026-07-03 21:33:38 | WARNING | trading_bot | Alpaca devolvio barras vacias para AAPL (5m)
2026-07-03 21:33:58 | WARNING | trading_bot | Alpaca devolvio barras vacias para AAPL (5m)
2026-07-03 21:34:18 | WARNING | trading_bot | Alpaca devolvio barras vacias para AAPL (5m)
2026-07-03 21:34:38 | WARNING | trading_bot | Alpaca devolvio barras vacias para AAPL (5m)
2026-07-03 21:34:58 | WARNING | trading_bot | Alpaca devolvio barras vacias para AAPL (5m)
2026-07-03 21:35:18 | WARNING | trading_bot | Alpaca devolvio barras vacias para AAPL (5m)
2026-07-03 21:35:39 | WARNING | trading_bot | Alpaca devolvio barras vacias para AAPL (5m)
2026-07-03 21:35:59 | WARNING | trading_bot | Alpaca devolvio barras vacias para AAPL (5m)
2026-07-03 21:36:19 | WARNING | trading_bot | Alpaca devolvio barras vacias para AAPL (5m)
2026-07-03 21:36:39 | WARNING | trading_bot | Alpaca devolvio barras vacias para AAPL (5m)
2026-07-03 21:36:59 | WARNING | trading_bot | Alpaca devolvio barras vacias para AAPL (5m)
2026-07-03 21:37:19 | WARNING | trading_bot | Alpaca devolvio barras vacias para AAPL (5m)
2026-07-03 21:37:37 | WARNING | trading_bot | Alpaca devolvio barras vacias para AAPL (1m)
2026-07-03 21:37:37 | WARNING | trading_bot | Alpaca devolvio barras vacias para AAPL (5m)
2026-07-03 21:37:37 | WARNING | trading_bot | Alpaca devolvio barras vacias para AAPL (15m)
2026-07-03 21:37:39 | WARNING | trading_bot | Alpaca devolvio barras vacias para AAPL (5m)
2026-07-03 21:38:00 | WARNING | trading_bot | Alpaca devolvio barras vacias para AAPL (5m)
2026-07-03 21:38:20 | WARNING | trading_bot | Alpaca devolvio barras vacias para AAPL (5m)
2026-07-03 21:38:40 | WARNING | trading_bot | Alpaca devolvio barras vacias para AAPL (5m)
2026-07-03 21:39:00 | WARNING | trading_bot | Alpaca devolvio barras vacias para AAPL (5m)
2026-07-03 21:39:20 | WARNING | trading_bot | Alpaca devolvio barras vacias para AAPL (5m)
2026-07-03 21:39:40 | WARNING | trading_bot | Alpaca devolvio barras vacias para AAPL (5m)
2026-07-03 21:40:01 | WARNING | trading_bot | Alpaca devolvio barras vacias para AAPL (5m)
2026-07-03 21:40:21 | WARNING | trading_bot | Alpaca devolvio barras vacias para AAPL (5m)
2026-07-03 21:40:41 | WARNING | trading_bot | Alpaca devolvio barras vacias para AAPL (5m)
2026-07-03 21:41:01 | WARNING | trading_bot | Alpaca devolvio barras vacias para AAPL (5m)
2026-07-03 21:41:21 | WARNING | trading_bot | Alpaca devolvio barras vacias para AAPL (5m)
2026-07-03 21:41:41 | WARNING | trading_bot | Alpaca devolvio barras vacias para AAPL (1m)
2026-07-03 21:41:41 | WARNING | trading_bot | Alpaca devolvio barras vacias para AAPL (5m)
2026-07-03 21:41:41 | WARNING | trading_bot | Alpaca devolvio barras vacias para AAPL (15m)
2026-07-03 21:41:41 | WARNING | trading_bot | Alpaca devolvio barras vacias para AAPL (5m)
2026-07-03 21:42:01 | WARNING | trading_bot | Alpaca devolvio barras vacias para AAPL (5m)
2026-07-03 21:42:22 | WARNING | trading_bot | Alpaca devolvio barras vacias para AAPL (5m)
2026-07-03 21:42:42 | WARNING | trading_bot | Alpaca devolvio barras vacias para AAPL (5m)
2026-07-03 21:43:02 | WARNING | trading_bot | Alpaca devolvio barras vacias para AAPL (5m)
2026-07-03 21:43:22 | WARNING | trading_bot | Alpaca devolvio barras vacias para AAPL (5m)
2026-07-03 21:43:42 | WARNING | trading_bot | Alpaca devolvio barras vacias para AAPL (5m)
2026-07-03 21:44:02 | WARNING | trading_bot | Alpaca devolvio barras vacias para AAPL (5m)
2026-07-03 21:44:23 | WARNING | trading_bot | Alpaca devolvio barras vacias para AAPL (5m)
2026-07-03 21:44:43 | WARNING | trading_bot | Alpaca devolvio barras vacias para AAPL (5m)
2026-07-03 21:45:03 | WARNING | trading_bot | Alpaca devolvio barras vacias para AAPL (5m)
2026-07-03 21:45:23 | WARNING | trading_bot | Alpaca devolvio barras vacias para AAPL (5m)
2026-07-03 21:45:43 | WARNING | trading_bot | Alpaca devolvio barras vacias para AAPL (5m)
2026-07-03 21:45:45 | WARNING | trading_bot | Alpaca devolvio barras vacias para AAPL (1m)
2026-07-03 21:45:45 | WARNING | trading_bot | Alpaca devolvio barras vacias para AAPL (5m)
2026-07-03 21:45:45 | WARNING | trading_bot | Alpaca devolvio barras vacias para AAPL (15m)
2026-07-03 21:46:03 | WARNING | trading_bot | Alpaca devolvio barras vacias para AAPL (5m)
2026-07-03 21:46:23 | WARNING | trading_bot | Alpaca devolvio barras vacias para AAPL (5m)
2026-07-03 21:46:44 | WARNING | trading_bot | Alpaca devolvio barras vacias para AAPL (5m)
2026-07-03 21:47:04 | WARNING | trading_bot | Alpaca devolvio barras vacias para AAPL (5m)
2026-07-03 21:47:24 | WARNING | trading_bot | Alpaca devolvio barras vacias para AAPL (5m)
2026-07-03 21:47:44 | WARNING | trading_bot | Alpaca devolvio barras vacias para AAPL (5m)
2026-07-03 21:48:04 | WARNING | trading_bot | Alpaca devolvio barras vacias para AAPL (5m)
2026-07-03 21:48:24 | WARNING | trading_bot | Alpaca devolvio barras vacias para AAPL (5m)
2026-07-03 21:48:45 | WARNING | trading_bot | Alpaca devolvio barras vacias para AAPL (5m)
2026-07-03 21:49:05 | WARNING | trading_bot | Alpaca devolvio barras vacias para AAPL (5m)
2026-07-03 21:49:25 | WARNING | trading_bot | Alpaca devolvio barras vacias para AAPL (5m)
2026-07-03 21:49:45 | WARNING | trading_bot | Alpaca devolvio barras vacias para AAPL (5m)
2026-07-03 21:49:49 | WARNING | trading_bot | Alpaca devolvio barras vacias para AAPL (1m)
2026-07-03 21:49:49 | WARNING | trading_bot | Alpaca devolvio barras vacias para AAPL (5m)
2026-07-03 21:49:49 | WARNING | trading_bot | Alpaca devolvio barras vacias para AAPL (15m)
2026-07-03 21:50:05 | WARNING | trading_bot | Alpaca devolvio barras vacias para AAPL (5m)
2026-07-03 21:50:25 | WARNING | trading_bot | Alpaca devolvio barras vacias para AAPL (5m)
2026-07-03 21:50:46 | WARNING | trading_bot | Alpaca devolvio barras vacias para AAPL (5m)
2026-07-03 21:51:06 | WARNING | trading_bot | Alpaca devolvio barras vacias para AAPL (5m)
2026-07-03 21:51:26 | WARNING | trading_bot | Alpaca devolvio barras vacias para AAPL (5m)
2026-07-03 21:51:46 | WARNING | trading_bot | Alpaca devolvio barras vacias para AAPL (5m)
2026-07-03 21:52:06 | WARNING | trading_bot | Alpaca devolvio barras vacias para AAPL (5m)
2026-07-03 21:52:26 | WARNING | trading_bot | Alpaca devolvio barras vacias para AAPL (5m)
2026-07-03 21:52:47 | WARNING | trading_bot | Alpaca devolvio barras vacias para AAPL (5m)
2026-07-03 21:53:07 | WARNING | trading_bot | Alpaca devolvio barras vacias para AAPL (5m)
2026-07-03 21:53:27 | WARNING | trading_bot | Alpaca devolvio barras vacias para AAPL (5m)
2026-07-03 21:53:47 | WARNING | trading_bot | Alpaca devolvio barras vacias para AAPL (5m)
2026-07-03 21:53:53 | WARNING | trading_bot | Alpaca devolvio barras vacias para AAPL (1m)
2026-07-03 21:53:53 | WARNING | trading_bot | Alpaca devolvio barras vacias para AAPL (5m)
2026-07-03 21:53:53 | WARNING | trading_bot | Alpaca devolvio barras vacias para AAPL (15m)
2026-07-03 21:54:07 | WARNING | trading_bot | Alpaca devolvio barras vacias para AAPL (5m)
2026-07-03 21:54:27 | WARNING | trading_bot | Alpaca devolvio barras vacias para AAPL (5m)
2026-07-03 21:54:47 | WARNING | trading_bot | Alpaca devolvio barras vacias para AAPL (5m)
2026-07-03 21:55:08 | WARNING | trading_bot | Alpaca devolvio barras vacias para AAPL (5m)
2026-07-03 21:55:28 | WARNING | trading_bot | Alpaca devolvio barras vacias para AAPL (5m)
2026-07-03 21:55:48 | WARNING | trading_bot | Alpaca devolvio barras vacias para AAPL (5m)
2026-07-03 21:56:08 | WARNING | trading_bot | Alpaca devolvio barras vacias para AAPL (5m)
2026-07-03 21:56:28 | WARNING | trading_bot | Alpaca devolvio barras vacias para AAPL (5m)
2026-07-03 21:56:48 | WARNING | trading_bot | Alpaca devolvio barras vacias para AAPL (5m)
2026-07-03 21:57:09 | WARNING | trading_bot | Alpaca devolvio barras vacias para AAPL (5m)
2026-07-03 21:57:29 | WARNING | trading_bot | Alpaca devolvio barras vacias para AAPL (5m)
2026-07-03 21:57:49 | WARNING | trading_bot | Alpaca devolvio barras vacias para AAPL (5m)
2026-07-03 21:57:57 | WARNING | trading_bot | Alpaca devolvio barras vacias para AAPL (1m)
2026-07-03 21:57:57 | WARNING | trading_bot | Alpaca devolvio barras vacias para AAPL (5m)
2026-07-03 21:57:57 | WARNING | trading_bot | Alpaca devolvio barras vacias para AAPL (15m)
2026-07-03 21:58:09 | WARNING | trading_bot | Alpaca devolvio barras vacias para AAPL (5m)
2026-07-03 21:58:29 | WARNING | trading_bot | Alpaca devolvio barras vacias para AAPL (5m)
2026-07-03 21:58:49 | WARNING | trading_bot | Alpaca devolvio barras vacias para AAPL (5m)
2026-07-03 21:59:09 | WARNING | trading_bot | Alpaca devolvio barras vacias para AAPL (5m)
2026-07-03 21:59:30 | WARNING | trading_bot | Alpaca devolvio barras vacias para AAPL (5m)
2026-07-03 21:59:50 | WARNING | trading_bot | Alpaca devolvio barras vacias para AAPL (5m)
2026-07-03 22:00:10 | WARNING | trading_bot | Alpaca devolvio barras vacias para AAPL (5m)
2026-07-03 22:00:30 | WARNING | trading_bot | Alpaca devolvio barras vacias para AAPL (5m)
2026-07-03 22:00:50 | WARNING | trading_bot | Alpaca devolvio barras vacias para AAPL (5m)
2026-07-03 22:01:10 | WARNING | trading_bot | Alpaca devolvio barras vacias para AAPL (5m)
2026-07-03 22:01:31 | WARNING | trading_bot | Alpaca devolvio barras vacias para AAPL (5m)
2026-07-03 22:01:51 | WARNING | trading_bot | Alpaca devolvio barras vacias para AAPL (5m)
2026-07-03 22:02:01 | WARNING | trading_bot | Alpaca devolvio barras vacias para AAPL (1m)
2026-07-03 22:02:01 | WARNING | trading_bot | Alpaca devolvio barras vacias para AAPL (5m)
2026-07-03 22:02:01 | WARNING | trading_bot | Alpaca devolvio barras vacias para AAPL (15m)
2026-07-03 22:02:11 | WARNING | trading_bot | Alpaca devolvio barras vacias para AAPL (5m)
2026-07-03 22:02:31 | WARNING | trading_bot | Alpaca devolvio barras vacias para AAPL (5m)
2026-07-03 22:02:51 | WARNING | trading_bot | Alpaca devolvio barras vacias para AAPL (5m)
2026-07-03 22:03:11 | WARNING | trading_bot | Alpaca devolvio barras vacias para AAPL (5m)
2026-07-03 22:03:31 | WARNING | trading_bot | Alpaca devolvio barras vacias para AAPL (5m)
2026-07-03 22:03:52 | WARNING | trading_bot | Alpaca devolvio barras vacias para AAPL (5m)
2026-07-03 22:04:12 | WARNING | trading_bot | Alpaca devolvio barras vacias para AAPL (5m)
2026-07-03 22:04:32 | WARNING | trading_bot | Alpaca devolvio barras vacias para AAPL (5m)
2026-07-03 22:04:52 | WARNING | trading_bot | Alpaca devolvio barras vacias para AAPL (5m)
2026-07-03 22:05:12 | WARNING | trading_bot | Alpaca devolvio barras vacias para AAPL (5m)
2026-07-03 22:05:32 | WARNING | trading_bot | Alpaca devolvio barras vacias para AAPL (5m)
2026-07-03 22:05:52 | WARNING | trading_bot | Alpaca devolvio barras vacias para AAPL (5m)
2026-07-03 22:06:05 | WARNING | trading_bot | Alpaca devolvio barras vacias para AAPL (1m)
2026-07-03 22:06:05 | WARNING | trading_bot | Alpaca devolvio barras vacias para AAPL (5m)
2026-07-03 22:06:05 | WARNING | trading_bot | Alpaca devolvio barras vacias para AAPL (15m)
2026-07-03 22:06:13 | WARNING | trading_bot | Alpaca devolvio barras vacias para AAPL (5m)
2026-07-03 22:06:33 | WARNING | trading_bot | Alpaca devolvio barras vacias para AAPL (5m)
2026-07-03 22:06:53 | WARNING | trading_bot | Alpaca devolvio barras vacias para AAPL (5m)
2026-07-03 22:07:13 | WARNING | trading_bot | Alpaca devolvio barras vacias para AAPL (5m)
2026-07-03 22:07:33 | WARNING | trading_bot | Alpaca devolvio barras vacias para AAPL (5m)
2026-07-03 22:07:53 | WARNING | trading_bot | Alpaca devolvio barras vacias para AAPL (5m)
2026-07-03 22:08:14 | WARNING | trading_bot | Alpaca devolvio barras vacias para AAPL (5m)
2026-07-03 22:08:34 | WARNING | trading_bot | Alpaca devolvio barras vacias para AAPL (5m)
2026-07-03 22:08:54 | WARNING | trading_bot | Alpaca devolvio barras vacias para AAPL (5m)
2026-07-03 22:09:14 | WARNING | trading_bot | Alpaca devolvio barras vacias para AAPL (5m)
2026-07-03 22:09:34 | WARNING | trading_bot | Alpaca devolvio barras vacias para AAPL (5m)
2026-07-03 22:09:54 | WARNING | trading_bot | Alpaca devolvio barras vacias para AAPL (5m)
2026-07-03 22:10:09 | WARNING | trading_bot | Alpaca devolvio barras vacias para AAPL (1m)
2026-07-03 22:10:09 | WARNING | trading_bot | Alpaca devolvio barras vacias para AAPL (5m)
2026-07-03 22:10:09 | WARNING | trading_bot | Alpaca devolvio barras vacias para AAPL (15m)
2026-07-03 22:10:14 | WARNING | trading_bot | Alpaca devolvio barras vacias para AAPL (5m)
2026-07-03 22:10:35 | WARNING | trading_bot | Alpaca devolvio barras vacias para AAPL (5m)
2026-07-03 22:10:55 | WARNING | trading_bot | Alpaca devolvio barras vacias para AAPL (5m)
2026-07-03 22:11:15 | WARNING | trading_bot | Alpaca devolvio barras vacias para AAPL (5m)
2026-07-03 22:11:35 | WARNING | trading_bot | Alpaca devolvio barras vacias para AAPL (5m)
2026-07-03 22:11:55 | WARNING | trading_bot | Alpaca devolvio barras vacias para AAPL (5m)
2026-07-03 22:12:15 | WARNING | trading_bot | Alpaca devolvio barras vacias para AAPL (5m)
2026-07-03 22:12:36 | WARNING | trading_bot | Alpaca devolvio barras vacias para AAPL (5m)
2026-07-03 22:12:56 | WARNING | trading_bot | Alpaca devolvio barras vacias para AAPL (5m)
2026-07-03 22:13:16 | WARNING | trading_bot | Alpaca devolvio barras vacias para AAPL (5m)
2026-07-03 22:13:36 | WARNING | trading_bot | Alpaca devolvio barras vacias para AAPL (5m)
2026-07-03 22:13:56 | WARNING | trading_bot | Alpaca devolvio barras vacias para AAPL (5m)
2026-07-03 22:14:13 | WARNING | trading_bot | Alpaca devolvio barras vacias para AAPL (1m)
2026-07-03 22:14:13 | WARNING | trading_bot | Alpaca devolvio barras vacias para AAPL (5m)
2026-07-03 22:14:13 | WARNING | trading_bot | Alpaca devolvio barras vacias para AAPL (15m)
2026-07-03 22:14:17 | WARNING | trading_bot | Alpaca devolvio barras vacias para AAPL (5m)
2026-07-03 22:14:37 | WARNING | trading_bot | Alpaca devolvio barras vacias para AAPL (5m)
2026-07-03 22:14:57 | WARNING | trading_bot | Alpaca devolvio barras vacias para AAPL (5m)
2026-07-03 22:15:17 | WARNING | trading_bot | Alpaca devolvio barras vacias para AAPL (5m)
2026-07-03 22:15:37 | WARNING | trading_bot | Alpaca devolvio barras vacias para AAPL (5m)
2026-07-03 22:15:57 | WARNING | trading_bot | Alpaca devolvio barras vacias para AAPL (5m)
2026-07-03 22:16:17 | WARNING | trading_bot | Alpaca devolvio barras vacias para AAPL (5m)
2026-07-03 22:16:38 | WARNING | trading_bot | Alpaca devolvio barras vacias para AAPL (5m)
2026-07-03 22:16:58 | WARNING | trading_bot | Alpaca devolvio barras vacias para AAPL (5m)
2026-07-03 22:17:18 | WARNING | trading_bot | Alpaca devolvio barras vacias para AAPL (5m)
2026-07-03 22:17:38 | WARNING | trading_bot | Alpaca devolvio barras vacias para AAPL (5m)
2026-07-03 22:17:58 | WARNING | trading_bot | Alpaca devolvio barras vacias para AAPL (5m)
2026-07-03 22:18:17 | WARNING | trading_bot | Alpaca devolvio barras vacias para AAPL (1m)
2026-07-03 22:18:17 | WARNING | trading_bot | Alpaca devolvio barras vacias para AAPL (5m)
2026-07-03 22:18:17 | WARNING | trading_bot | Alpaca devolvio barras vacias para AAPL (15m)
2026-07-03 22:18:18 | WARNING | trading_bot | Alpaca devolvio barras vacias para AAPL (5m)
2026-07-03 22:18:39 | WARNING | trading_bot | Alpaca devolvio barras vacias para AAPL (5m)
2026-07-03 22:18:59 | WARNING | trading_bot | Alpaca devolvio barras vacias para AAPL (5m)
2026-07-03 22:19:19 | WARNING | trading_bot | Alpaca devolvio barras vacias para AAPL (5m)
2026-07-03 22:19:39 | WARNING | trading_bot | Alpaca devolvio barras vacias para AAPL (5m)
2026-07-03 22:19:59 | WARNING | trading_bot | Alpaca devolvio barras vacias para AAPL (5m)
2026-07-03 22:20:19 | WARNING | trading_bot | Alpaca devolvio barras vacias para AAPL (5m)
2026-07-03 22:20:39 | WARNING | trading_bot | Alpaca devolvio barras vacias para AAPL (5m)
2026-07-03 22:21:00 | WARNING | trading_bot | Alpaca devolvio barras vacias para AAPL (5m)
2026-07-03 22:21:20 | WARNING | trading_bot | Alpaca devolvio barras vacias para AAPL (5m)
2026-07-03 22:21:40 | WARNING | trading_bot | Alpaca devolvio barras vacias para AAPL (5m)
2026-07-03 22:22:00 | WARNING | trading_bot | Alpaca devolvio barras vacias para AAPL (5m)
2026-07-03 22:22:20 | WARNING | trading_bot | Alpaca devolvio barras vacias para AAPL (5m)
2026-07-03 22:22:21 | WARNING | trading_bot | Alpaca devolvio barras vacias para AAPL (1m)
2026-07-03 22:22:21 | WARNING | trading_bot | Alpaca devolvio barras vacias para AAPL (5m)
2026-07-03 22:22:21 | WARNING | trading_bot | Alpaca devolvio barras vacias para AAPL (15m)
2026-07-03 22:22:40 | WARNING | trading_bot | Alpaca devolvio barras vacias para AAPL (5m)
2026-07-03 22:23:01 | WARNING | trading_bot | Alpaca devolvio barras vacias para AAPL (5m)
2026-07-03 22:23:21 | WARNING | trading_bot | Alpaca devolvio barras vacias para AAPL (5m)
2026-07-03 22:23:41 | WARNING | trading_bot | Alpaca devolvio barras vacias para AAPL (5m)
2026-07-03 22:24:01 | WARNING | trading_bot | Alpaca devolvio barras vacias para AAPL (5m)
2026-07-03 22:24:21 | WARNING | trading_bot | Alpaca devolvio barras vacias para AAPL (5m)
2026-07-03 22:24:41 | WARNING | trading_bot | Alpaca devolvio barras vacias para AAPL (5m)
2026-07-03 22:25:02 | WARNING | trading_bot | Alpaca devolvio barras vacias para AAPL (5m)
2026-07-03 22:25:22 | WARNING | trading_bot | Alpaca devolvio barras vacias para AAPL (5m)
2026-07-03 22:25:42 | WARNING | trading_bot | Alpaca devolvio barras vacias para AAPL (5m)
2026-07-03 22:26:02 | WARNING | trading_bot | Alpaca devolvio barras vacias para AAPL (5m)
2026-07-03 22:26:22 | WARNING | trading_bot | Alpaca devolvio barras vacias para AAPL (5m)
2026-07-03 22:26:25 | WARNING | trading_bot | Alpaca devolvio barras vacias para AAPL (1m)
2026-07-03 22:26:25 | WARNING | trading_bot | Alpaca devolvio barras vacias para AAPL (5m)
2026-07-03 22:26:25 | WARNING | trading_bot | Alpaca devolvio barras vacias para AAPL (15m)
2026-07-03 22:26:42 | WARNING | trading_bot | Alpaca devolvio barras vacias para AAPL (5m)
2026-07-03 22:27:02 | WARNING | trading_bot | Alpaca devolvio barras vacias para AAPL (5m)
2026-07-03 22:27:23 | WARNING | trading_bot | Alpaca devolvio barras vacias para AAPL (5m)
2026-07-03 22:27:43 | WARNING | trading_bot | Alpaca devolvio barras vacias para AAPL (5m)
2026-07-03 22:28:03 | WARNING | trading_bot | Alpaca devolvio barras vacias para AAPL (5m)
2026-07-03 22:28:23 | WARNING | trading_bot | Alpaca devolvio barras vacias para AAPL (5m)
2026-07-03 22:28:43 | WARNING | trading_bot | Alpaca devolvio barras vacias para AAPL (5m)
2026-07-03 22:29:03 | WARNING | trading_bot | Alpaca devolvio barras vacias para AAPL (5m)
2026-07-03 22:29:24 | WARNING | trading_bot | Alpaca devolvio barras vacias para AAPL (5m)
2026-07-03 22:29:44 | WARNING | trading_bot | Alpaca devolvio barras vacias para AAPL (5m)
2026-07-03 22:30:04 | WARNING | trading_bot | Alpaca devolvio barras vacias para AAPL (5m)
2026-07-03 22:30:24 | WARNING | trading_bot | Alpaca devolvio barras vacias para AAPL (5m)
2026-07-03 22:30:29 | WARNING | trading_bot | Alpaca devolvio barras vacias para AAPL (1m)
2026-07-03 22:30:30 | WARNING | trading_bot | Alpaca devolvio barras vacias para AAPL (5m)
2026-07-03 22:30:30 | WARNING | trading_bot | Alpaca devolvio barras vacias para AAPL (15m)
2026-07-03 22:30:44 | WARNING | trading_bot | Alpaca devolvio barras vacias para AAPL (5m)
2026-07-03 22:31:04 | WARNING | trading_bot | Alpaca devolvio barras vacias para AAPL (5m)
2026-07-03 22:31:25 | WARNING | trading_bot | Alpaca devolvio barras vacias para AAPL (5m)
2026-07-03 22:31:45 | WARNING | trading_bot | Alpaca devolvio barras vacias para AAPL (5m)
2026-07-03 22:32:05 | WARNING | trading_bot | Alpaca devolvio barras vacias para AAPL (5m)
2026-07-03 22:32:25 | WARNING | trading_bot | Alpaca devolvio barras vacias para AAPL (5m)
2026-07-03 22:32:45 | WARNING | trading_bot | Alpaca devolvio barras vacias para AAPL (5m)
2026-07-03 22:33:05 | WARNING | trading_bot | Alpaca devolvio barras vacias para AAPL (5m)
2026-07-03 22:33:26 | WARNING | trading_bot | Alpaca devolvio barras vacias para AAPL (5m)
2026-07-03 22:33:46 | WARNING | trading_bot | Alpaca devolvio barras vacias para AAPL (5m)
2026-07-03 22:34:06 | WARNING | trading_bot | Alpaca devolvio barras vacias para AAPL (5m)
2026-07-03 22:34:26 | WARNING | trading_bot | Alpaca devolvio barras vacias para AAPL (5m)
2026-07-03 22:34:34 | WARNING | trading_bot | Alpaca devolvio barras vacias para AAPL (1m)
2026-07-03 22:34:34 | WARNING | trading_bot | Alpaca devolvio barras vacias para AAPL (5m)
2026-07-03 22:34:34 | WARNING | trading_bot | Alpaca devolvio barras vacias para AAPL (15m)
2026-07-03 22:34:46 | WARNING | trading_bot | Alpaca devolvio barras vacias para AAPL (5m)
2026-07-03 22:35:06 | WARNING | trading_bot | Alpaca devolvio barras vacias para AAPL (5m)
2026-07-03 22:35:27 | WARNING | trading_bot | Alpaca devolvio barras vacias para AAPL (5m)
2026-07-03 22:35:47 | WARNING | trading_bot | Alpaca devolvio barras vacias para AAPL (5m)
2026-07-03 22:36:07 | WARNING | trading_bot | Alpaca devolvio barras vacias para AAPL (5m)
2026-07-03 22:36:27 | WARNING | trading_bot | Alpaca devolvio barras vacias para AAPL (5m)
2026-07-03 22:36:47 | WARNING | trading_bot | Alpaca devolvio barras vacias para AAPL (5m)
2026-07-03 22:37:07 | WARNING | trading_bot | Alpaca devolvio barras vacias para AAPL (5m)
2026-07-03 22:37:28 | WARNING | trading_bot | Alpaca devolvio barras vacias para AAPL (5m)
2026-07-03 22:37:48 | WARNING | trading_bot | Alpaca devolvio barras vacias para AAPL (5m)
2026-07-03 22:38:08 | WARNING | trading_bot | Alpaca devolvio barras vacias para AAPL (5m)
2026-07-03 22:38:28 | WARNING | trading_bot | Alpaca devolvio barras vacias para AAPL (5m)
2026-07-03 22:38:38 | WARNING | trading_bot | Alpaca devolvio barras vacias para AAPL (1m)
2026-07-03 22:38:38 | WARNING | trading_bot | Alpaca devolvio barras vacias para AAPL (5m)
2026-07-03 22:38:38 | WARNING | trading_bot | Alpaca devolvio barras vacias para AAPL (15m)
2026-07-03 22:38:48 | WARNING | trading_bot | Alpaca devolvio barras vacias para AAPL (5m)
2026-07-03 22:39:08 | WARNING | trading_bot | Alpaca devolvio barras vacias para AAPL (5m)
2026-07-03 22:39:28 | WARNING | trading_bot | Alpaca devolvio barras vacias para AAPL (5m)
2026-07-03 22:39:49 | WARNING | trading_bot | Alpaca devolvio barras vacias para AAPL (5m)
2026-07-03 22:40:09 | WARNING | trading_bot | Alpaca devolvio barras vacias para AAPL (5m)
2026-07-03 22:40:29 | WARNING | trading_bot | Alpaca devolvio barras vacias para AAPL (5m)
2026-07-03 22:40:49 | WARNING | trading_bot | Alpaca devolvio barras vacias para AAPL (5m)
2026-07-03 22:41:09 | WARNING | trading_bot | Alpaca devolvio barras vacias para AAPL (5m)
2026-07-03 22:41:29 | WARNING | trading_bot | Alpaca devolvio barras vacias para AAPL (5m)
2026-07-03 22:41:50 | WARNING | trading_bot | Alpaca devolvio barras vacias para AAPL (5m)
2026-07-03 22:42:10 | WARNING | trading_bot | Alpaca devolvio barras vacias para AAPL (5m)
2026-07-03 22:42:30 | WARNING | trading_bot | Alpaca devolvio barras vacias para AAPL (5m)
2026-07-03 22:42:42 | WARNING | trading_bot | Alpaca devolvio barras vacias para AAPL (1m)
2026-07-03 22:42:42 | WARNING | trading_bot | Alpaca devolvio barras vacias para AAPL (5m)
2026-07-03 22:42:42 | WARNING | trading_bot | Alpaca devolvio barras vacias para AAPL (15m)
2026-07-03 22:42:50 | WARNING | trading_bot | Alpaca devolvio barras vacias para AAPL (5m)
2026-07-03 22:43:10 | WARNING | trading_bot | Alpaca devolvio barras vacias para AAPL (5m)
2026-07-03 22:43:30 | WARNING | trading_bot | Alpaca devolvio barras vacias para AAPL (5m)
2026-07-03 22:43:51 | WARNING | trading_bot | Alpaca devolvio barras vacias para AAPL (5m)
2026-07-03 22:44:11 | WARNING | trading_bot | Alpaca devolvio barras vacias para AAPL (5m)
2026-07-03 22:44:31 | WARNING | trading_bot | Alpaca devolvio barras vacias para AAPL (5m)
2026-07-03 22:44:51 | WARNING | trading_bot | Alpaca devolvio barras vacias para AAPL (5m)
2026-07-03 22:45:11 | WARNING | trading_bot | Alpaca devolvio barras vacias para AAPL (5m)
2026-07-03 22:45:32 | WARNING | trading_bot | Alpaca devolvio barras vacias para AAPL (5m)
2026-07-03 22:45:52 | WARNING | trading_bot | Alpaca devolvio barras vacias para AAPL (5m)
2026-07-03 22:46:12 | WARNING | trading_bot | Alpaca devolvio barras vacias para AAPL (5m)
2026-07-03 22:46:32 | WARNING | trading_bot | Alpaca devolvio barras vacias para AAPL (5m)
2026-07-03 22:46:46 | WARNING | trading_bot | Alpaca devolvio barras vacias para AAPL (1m)
2026-07-03 22:46:46 | WARNING | trading_bot | Alpaca devolvio barras vacias para AAPL (5m)
2026-07-03 22:46:46 | WARNING | trading_bot | Alpaca devolvio barras vacias para AAPL (15m)
2026-07-03 22:46:52 | WARNING | trading_bot | Alpaca devolvio barras vacias para AAPL (5m)
2026-07-03 22:47:12 | WARNING | trading_bot | Alpaca devolvio barras vacias para AAPL (5m)
2026-07-03 22:47:33 | WARNING | trading_bot | Alpaca devolvio barras vacias para AAPL (5m)
2026-07-03 22:47:53 | WARNING | trading_bot | Alpaca devolvio barras vacias para AAPL (5m)
2026-07-03 22:48:13 | WARNING | trading_bot | Alpaca devolvio barras vacias para AAPL (5m)
2026-07-03 22:48:33 | WARNING | trading_bot | Alpaca devolvio barras vacias para AAPL (5m)
2026-07-03 22:48:53 | WARNING | trading_bot | Alpaca devolvio barras vacias para AAPL (5m)
2026-07-03 22:49:13 | WARNING | trading_bot | Alpaca devolvio barras vacias para AAPL (5m)
2026-07-03 22:49:33 | WARNING | trading_bot | Alpaca devolvio barras vacias para AAPL (5m)
2026-07-03 22:49:54 | WARNING | trading_bot | Alpaca devolvio barras vacias para AAPL (5m)
2026-07-03 22:50:14 | WARNING | trading_bot | Alpaca devolvio barras vacias para AAPL (5m)
2026-07-03 22:50:34 | WARNING | trading_bot | Alpaca devolvio barras vacias para AAPL (5m)
2026-07-03 22:50:50 | WARNING | trading_bot | Alpaca devolvio barras vacias para AAPL (1m)
2026-07-03 22:50:50 | WARNING | trading_bot | Alpaca devolvio barras vacias para AAPL (5m)
2026-07-03 22:50:50 | WARNING | trading_bot | Alpaca devolvio barras vacias para AAPL (15m)
2026-07-03 22:50:54 | WARNING | trading_bot | Alpaca devolvio barras vacias para AAPL (5m)
2026-07-03 22:51:14 | WARNING | trading_bot | Alpaca devolvio barras vacias para AAPL (5m)
2026-07-03 22:51:34 | WARNING | trading_bot | Alpaca devolvio barras vacias para AAPL (5m)
2026-07-03 22:51:55 | WARNING | trading_bot | Alpaca devolvio barras vacias para AAPL (5m)
2026-07-03 22:52:15 | WARNING | trading_bot | Alpaca devolvio barras vacias para AAPL (5m)
2026-07-03 22:52:35 | WARNING | trading_bot | Alpaca devolvio barras vacias para AAPL (5m)
2026-07-03 22:52:55 | WARNING | trading_bot | Alpaca devolvio barras vacias para AAPL (5m)
2026-07-03 22:53:15 | WARNING | trading_bot | Alpaca devolvio barras vacias para AAPL (5m)
2026-07-03 22:53:35 | WARNING | trading_bot | Alpaca devolvio barras vacias para AAPL (5m)
2026-07-03 22:53:55 | WARNING | trading_bot | Alpaca devolvio barras vacias para AAPL (5m)
2026-07-03 22:54:16 | WARNING | trading_bot | Alpaca devolvio barras vacias para AAPL (5m)
2026-07-03 22:54:36 | WARNING | trading_bot | Alpaca devolvio barras vacias para AAPL (5m)
2026-07-03 22:54:54 | WARNING | trading_bot | Alpaca devolvio barras vacias para AAPL (1m)
2026-07-03 22:54:54 | WARNING | trading_bot | Alpaca devolvio barras vacias para AAPL (5m)
2026-07-03 22:54:54 | WARNING | trading_bot | Alpaca devolvio barras vacias para AAPL (15m)
2026-07-03 22:54:56 | WARNING | trading_bot | Alpaca devolvio barras vacias para AAPL (5m)
2026-07-03 22:55:16 | WARNING | trading_bot | Alpaca devolvio barras vacias para AAPL (5m)
2026-07-03 22:55:36 | WARNING | trading_bot | Alpaca devolvio barras vacias para AAPL (5m)
2026-07-03 22:55:56 | WARNING | trading_bot | Alpaca devolvio barras vacias para AAPL (5m)
2026-07-03 22:56:19 | INFO | trading_bot | Iniciando trading bot UI
2026-07-03 22:56:19 | INFO | trading_bot | Recuperacion inicial | abiertas=1 sincronizadas=0 ya_linkeadas=1
2026-07-03 22:56:19 | INFO | trading_bot | Inhibidor de suspension activado
2026-07-03 22:56:19 | INFO | trading_bot | Workers automaticos iniciados para Paper
2026-07-03 22:56:20 | WARNING | trading_bot | Alpaca devolvio barras vacias para AAPL (5m)
2026-07-03 22:56:20 | WARNING | trading_bot | Alpaca devolvio barras vacias para AAPL (1m)
2026-07-03 22:56:20 | WARNING | trading_bot | Alpaca devolvio barras vacias para AAPL (5m)
2026-07-03 22:56:20 | WARNING | trading_bot | Alpaca devolvio barras vacias para AAPL (15m)
2026-07-03 22:56:40 | WARNING | trading_bot | Alpaca devolvio barras vacias para AAPL (5m)
2026-07-03 22:57:00 | WARNING | trading_bot | Alpaca devolvio barras vacias para AAPL (5m)
2026-07-03 22:57:20 | WARNING | trading_bot | Alpaca devolvio barras vacias para AAPL (5m)
2026-07-03 22:57:40 | WARNING | trading_bot | Alpaca devolvio barras vacias para AAPL (5m)
