2026-07-05 14:14:44 | WARNING | trading_bot | Alpaca devolvio barras vacias para AAPL (1m)
2026-07-05 14:14:44 | WARNING | trading_bot | Alpaca devolvio barras vacias para AAPL (5m)
2026-07-05 14:14:44 | WARNING | trading_bot | Alpaca devolvio barras vacias para AAPL (15m)
2026-07-05 14:15:08 | WARNING | trading_bot | Alpaca devolvio barras vacias para AAPL (1m)
2026-07-05 14:15:08 | WARNING | trading_bot | Alpaca devolvio barras vacias para AAPL (5m)
2026-07-05 14:15:09 | WARNING | trading_bot | Alpaca devolvio barras vacias para AAPL (15m)
2026-07-05 14:15:20 | INFO | trading_bot | API recuperada. Limpiando ultimo error: HTTPSConnectionPool(host='feeds.finance.yahoo.com', port=443): Read timed out. (read timeout=10)
2026-07-05 14:15:58 | INFO | trading_bot | Alpaca stream market-stocks closed for Paper: status=None msg=None
2026-07-05 14:15:58 | INFO | trading_bot | Alpaca stream news closed for Paper: status=None msg=None
2026-07-05 14:15:58 | INFO | trading_bot | Alpaca stream trade_updates closed for Paper: status=None msg=None
2026-07-05 14:16:48 | INFO | trading_bot | Alpaca stream market-stocks closed for Paper: status=None msg=None
2026-07-05 14:16:48 | INFO | trading_bot | Alpaca stream news closed for Paper: status=None msg=None
2026-07-05 14:16:48 | INFO | trading_bot | Alpaca stream trade_updates closed for Paper: status=None msg=None
2026-07-05 14:17:38 | INFO | trading_bot | Alpaca stream market-stocks closed for Paper: status=None msg=None
2026-07-05 14:17:38 | INFO | trading_bot | Alpaca stream news closed for Paper: status=None msg=None
2026-07-05 14:17:38 | INFO | trading_bot | Alpaca stream trade_updates closed for Paper: status=None msg=None
2026-07-05 14:17:53 | WARNING | trading_bot | No se pudo crear salida inmediata para SOLUSD: 403 Client Error: Forbidden for url: https://paper-api.alpaca.markets/v2/orders
2026-07-05 14:18:28 | INFO | trading_bot | Alpaca stream market-stocks closed for Paper: status=None msg=None
2026-07-05 14:18:28 | INFO | trading_bot | Alpaca stream news closed for Paper: status=None msg=None
2026-07-05 14:18:29 | INFO | trading_bot | Alpaca stream trade_updates closed for Paper: status=None msg=None
2026-07-05 14:19:19 | INFO | trading_bot | Alpaca stream market-stocks closed for Paper: status=None msg=None
2026-07-05 14:19:19 | INFO | trading_bot | Alpaca stream news closed for Paper: status=None msg=None
2026-07-05 14:19:19 | INFO | trading_bot | Alpaca stream trade_updates closed for Paper: status=None msg=None
2026-07-05 14:20:09 | INFO | trading_bot | Alpaca stream market-stocks closed for Paper: status=None msg=None
2026-07-05 14:20:09 | INFO | trading_bot | Alpaca stream news closed for Paper: status=None msg=None
2026-07-05 14:20:09 | INFO | trading_bot | Alpaca stream trade_updates closed for Paper: status=None msg=None
2026-07-05 14:20:59 | INFO | trading_bot | Alpaca stream market-stocks closed for Paper: status=None msg=None
2026-07-05 14:20:59 | INFO | trading_bot | Alpaca stream news closed for Paper: status=None msg=None
2026-07-05 14:20:59 | INFO | trading_bot | Alpaca stream trade_updates closed for Paper: status=None msg=None
2026-07-05 14:21:49 | INFO | trading_bot | Alpaca stream market-stocks closed for Paper: status=None msg=None
2026-07-05 14:21:50 | INFO | trading_bot | Alpaca stream trade_updates closed for Paper: status=None msg=None
2026-07-05 14:22:19 | INFO | trading_bot | Alpaca stream news closed for Paper: status=None msg=None
2026-07-05 14:22:39 | INFO | trading_bot | Alpaca stream market-stocks closed for Paper: status=None msg=None
2026-07-05 14:22:39 | INFO | trading_bot | Alpaca stream trade_updates closed for Paper: status=None msg=None
2026-07-05 14:22:54 | INFO | trading_bot | Alpaca stream market-crypto closed for Paper: status=None msg=None
2026-07-05 14:23:09 | INFO | trading_bot | Alpaca stream news closed for Paper: status=None msg=None
2026-07-05 14:23:29 | INFO | trading_bot | Alpaca stream market-stocks closed for Paper: status=None msg=None
2026-07-05 14:23:29 | INFO | trading_bot | Alpaca stream trade_updates closed for Paper: status=None msg=None
2026-07-05 14:23:59 | INFO | trading_bot | Alpaca stream news closed for Paper: status=None msg=None
2026-07-05 14:24:19 | INFO | trading_bot | Alpaca stream market-stocks closed for Paper: status=None msg=None
2026-07-05 14:24:19 | INFO | trading_bot | Alpaca stream trade_updates closed for Paper: status=None msg=None
2026-07-05 14:24:49 | INFO | trading_bot | Alpaca stream news closed for Paper: status=None msg=None
2026-07-05 14:25:09 | INFO | trading_bot | Alpaca stream market-stocks closed for Paper: status=None msg=None
2026-07-05 14:25:09 | INFO | trading_bot | Alpaca stream trade_updates closed for Paper: status=None msg=None
2026-07-05 14:25:21 | INFO | trading_bot | Entrada registrada SOLUSD qty=501.18490000 entry=81.96642904 cost=41080.33654277
2026-07-05 14:25:21 | WARNING | trading_bot | No se pudo crear salida inmediata para SOLUSD: 403 Client Error: Forbidden for url: https://paper-api.alpaca.markets/v2/orders
2026-07-05 14:25:22 | INFO | trading_bot | Salida inmediata creada SOLUSD qty=500.28276718 limit=82.46642900 reason=repair_missing_limit_from_tracking
2026-07-05 14:25:40 | INFO | trading_bot | Alpaca stream news closed for Paper: status=None msg=None
2026-07-05 14:25:59 | INFO | trading_bot | Alpaca stream market-stocks closed for Paper: status=None msg=None
2026-07-05 14:25:59 | INFO | trading_bot | Alpaca stream trade_updates closed for Paper: status=None msg=None
2026-07-05 14:26:31 | INFO | trading_bot | Alpaca stream news closed for Paper: status=None msg=None
2026-07-05 14:26:50 | INFO | trading_bot | Alpaca stream market-stocks closed for Paper: status=None msg=None
2026-07-05 14:26:50 | INFO | trading_bot | Alpaca stream trade_updates closed for Paper: status=None msg=None
2026-07-05 14:27:19 | INFO | trading_bot | Alpaca stream news closed for Paper: status=None msg=None
2026-07-05 14:27:39 | INFO | trading_bot | Alpaca stream market-stocks closed for Paper: status=None msg=None
2026-07-05 14:27:39 | INFO | trading_bot | Alpaca stream trade_updates closed for Paper: status=None msg=None
2026-07-05 14:28:09 | INFO | trading_bot | Alpaca stream news closed for Paper: status=None msg=None
2026-07-05 14:28:29 | INFO | trading_bot | Alpaca stream market-stocks closed for Paper: status=None msg=None
2026-07-05 14:28:29 | INFO | trading_bot | Alpaca stream trade_updates closed for Paper: status=None msg=None
2026-07-05 14:28:59 | INFO | trading_bot | Alpaca stream news closed for Paper: status=None msg=None
2026-07-05 14:29:19 | INFO | trading_bot | Alpaca stream trade_updates closed for Paper: status=None msg=None
2026-07-05 14:29:20 | INFO | trading_bot | Alpaca stream market-stocks closed for Paper: status=None msg=None
2026-07-05 14:29:49 | INFO | trading_bot | Alpaca stream news closed for Paper: status=None msg=None
2026-07-05 14:30:09 | INFO | trading_bot | Alpaca stream trade_updates closed for Paper: status=None msg=None
2026-07-05 14:30:09 | INFO | trading_bot | Alpaca stream market-stocks closed for Paper: status=None msg=None
2026-07-05 14:30:39 | INFO | trading_bot | Alpaca stream news closed for Paper: status=None msg=None
2026-07-05 14:30:59 | INFO | trading_bot | Alpaca stream trade_updates closed for Paper: status=None msg=None
2026-07-05 14:30:59 | INFO | trading_bot | Alpaca stream market-stocks closed for Paper: status=None msg=None
2026-07-05 14:31:30 | INFO | trading_bot | Alpaca stream news closed for Paper: status=None msg=None
2026-07-05 14:31:50 | INFO | trading_bot | Alpaca stream market-stocks closed for Paper: status=None msg=None
2026-07-05 14:31:51 | INFO | trading_bot | Alpaca stream trade_updates closed for Paper: status=None msg=None
2026-07-05 14:32:20 | INFO | trading_bot | Alpaca stream news closed for Paper: status=None msg=None
2026-07-05 14:32:40 | INFO | trading_bot | Alpaca stream market-stocks closed for Paper: status=None msg=None
2026-07-05 14:32:40 | INFO | trading_bot | Alpaca stream trade_updates closed for Paper: status=None msg=None
2026-07-05 14:32:48 | WARNING | trading_bot | No se pudo crear salida inmediata para SOLUSD: 403 Client Error: Forbidden for url: https://paper-api.alpaca.markets/v2/orders
2026-07-05 14:33:10 | INFO | trading_bot | Alpaca stream news closed for Paper: status=None msg=None
2026-07-05 14:33:30 | INFO | trading_bot | Alpaca stream market-stocks closed for Paper: status=None msg=None
2026-07-05 14:33:30 | INFO | trading_bot | Alpaca stream trade_updates closed for Paper: status=None msg=None
2026-07-05 14:34:00 | INFO | trading_bot | Alpaca stream news closed for Paper: status=None msg=None
2026-07-05 14:34:20 | INFO | trading_bot | Alpaca stream market-stocks closed for Paper: status=None msg=None
2026-07-05 14:34:20 | INFO | trading_bot | Alpaca stream trade_updates closed for Paper: status=None msg=None
2026-07-05 14:34:50 | INFO | trading_bot | Alpaca stream news closed for Paper: status=None msg=None
2026-07-05 14:35:10 | INFO | trading_bot | Alpaca stream market-stocks closed for Paper: status=None msg=None
2026-07-05 14:35:10 | INFO | trading_bot | Alpaca stream trade_updates closed for Paper: status=None msg=None
2026-07-05 14:35:40 | INFO | trading_bot | Alpaca stream news closed for Paper: status=None msg=None
2026-07-05 14:36:00 | INFO | trading_bot | Alpaca stream market-stocks closed for Paper: status=None msg=None
2026-07-05 14:36:00 | INFO | trading_bot | Alpaca stream trade_updates closed for Paper: status=None msg=None
2026-07-05 14:36:30 | INFO | trading_bot | Alpaca stream news closed for Paper: status=None msg=None
2026-07-05 14:36:45 | INFO | trading_bot | Alpaca stream market-crypto closed for Paper: status=None msg=None
2026-07-05 14:36:50 | INFO | trading_bot | Alpaca stream market-stocks closed for Paper: status=None msg=None
2026-07-05 14:36:50 | INFO | trading_bot | Alpaca stream trade_updates closed for Paper: status=None msg=None
2026-07-05 14:37:20 | INFO | trading_bot | Alpaca stream news closed for Paper: status=None msg=None
2026-07-05 14:37:40 | INFO | trading_bot | Alpaca stream market-stocks closed for Paper: status=None msg=None
2026-07-05 14:37:41 | INFO | trading_bot | Alpaca stream trade_updates closed for Paper: status=None msg=None
2026-07-05 14:38:10 | INFO | trading_bot | Alpaca stream news closed for Paper: status=None msg=None
2026-07-05 14:38:30 | INFO | trading_bot | Alpaca stream market-stocks closed for Paper: status=None msg=None
2026-07-05 14:38:30 | INFO | trading_bot | Alpaca stream trade_updates closed for Paper: status=None msg=None
2026-07-05 14:39:01 | INFO | trading_bot | Alpaca stream news closed for Paper: status=None msg=None
2026-07-05 14:39:20 | INFO | trading_bot | Alpaca stream market-stocks closed for Paper: status=None msg=None
2026-07-05 14:39:20 | INFO | trading_bot | Alpaca stream trade_updates closed for Paper: status=None msg=None
2026-07-05 14:39:50 | INFO | trading_bot | Alpaca stream news closed for Paper: status=None msg=None
2026-07-05 14:40:10 | INFO | trading_bot | Alpaca stream market-stocks closed for Paper: status=None msg=None
2026-07-05 14:40:10 | INFO | trading_bot | Alpaca stream trade_updates closed for Paper: status=None msg=None
2026-07-05 14:40:16 | WARNING | trading_bot | No se pudo crear salida inmediata para SOLUSD: 403 Client Error: Forbidden for url: https://paper-api.alpaca.markets/v2/orders
2026-07-05 14:40:40 | INFO | trading_bot | Alpaca stream news closed for Paper: status=None msg=None
2026-07-05 14:41:00 | INFO | trading_bot | Alpaca stream market-stocks closed for Paper: status=None msg=None
2026-07-05 14:41:00 | INFO | trading_bot | Alpaca stream trade_updates closed for Paper: status=None msg=None
2026-07-05 14:41:50 | INFO | trading_bot | Alpaca stream market-stocks closed for Paper: status=None msg=None
2026-07-05 14:41:50 | INFO | trading_bot | Alpaca stream trade_updates closed for Paper: status=None msg=None
2026-07-05 14:41:55 | INFO | trading_bot | Alpaca stream market-crypto closed for Paper: status=None msg=None
2026-07-05 14:42:00 | INFO | trading_bot | Alpaca stream news closed for Paper: status=None msg=None
2026-07-05 14:42:40 | INFO | trading_bot | Alpaca stream market-stocks closed for Paper: status=None msg=None
2026-07-05 14:42:40 | INFO | trading_bot | Alpaca stream trade_updates closed for Paper: status=None msg=None
2026-07-05 14:42:44 | WARNING | trading_bot | Alpaca devolvio barras vacias para AAPL (1m)
2026-07-05 14:42:44 | WARNING | trading_bot | Alpaca devolvio barras vacias para AAPL (5m)
2026-07-05 14:42:44 | WARNING | trading_bot | Alpaca devolvio barras vacias para AAPL (15m)
2026-07-05 14:42:50 | INFO | trading_bot | Alpaca stream news closed for Paper: status=None msg=None
2026-07-05 14:42:53 | WARNING | trading_bot | Alpaca stream market-stocks error for Paper: Connection to remote host was lost.
2026-07-05 14:42:53 | INFO | trading_bot | Alpaca stream market-stocks closed for Paper: status=None msg=None
2026-07-05 14:42:53 | WARNING | trading_bot | Alpaca stream market-crypto error for Paper: Connection to remote host was lost.
2026-07-05 14:42:53 | INFO | trading_bot | Alpaca stream market-crypto closed for Paper: status=None msg=None
2026-07-05 14:42:53 | WARNING | trading_bot | Alpaca stream news error for Paper: Connection to remote host was lost.
2026-07-05 14:42:53 | INFO | trading_bot | Alpaca stream news closed for Paper: status=None msg=None
2026-07-05 14:43:04 | WARNING | trading_bot | Alpaca stream market-stocks error for Paper: Connection to remote host was lost.
2026-07-05 14:43:04 | INFO | trading_bot | Alpaca stream market-stocks closed for Paper: status=None msg=None
2026-07-05 14:43:30 | INFO | trading_bot | Alpaca stream market-stocks closed for Paper: status=None msg=None
2026-07-05 14:43:30 | INFO | trading_bot | Alpaca stream trade_updates closed for Paper: status=None msg=None
2026-07-05 14:43:40 | INFO | trading_bot | Alpaca stream news closed for Paper: status=None msg=None
2026-07-05 14:44:20 | INFO | trading_bot | Alpaca stream market-stocks closed for Paper: status=None msg=None
2026-07-05 14:44:21 | INFO | trading_bot | Alpaca stream trade_updates closed for Paper: status=None msg=None
2026-07-05 14:44:32 | INFO | trading_bot | Alpaca stream news closed for Paper: status=None msg=None
2026-07-05 14:45:01 | WARNING | trading_bot | No se pudo crear salida inmediata para SOLUSD: 403 Client Error: Forbidden for url: https://paper-api.alpaca.markets/v2/orders
2026-07-05 14:45:11 | INFO | trading_bot | Alpaca stream market-stocks closed for Paper: status=None msg=None
2026-07-05 14:45:11 | INFO | trading_bot | Alpaca stream trade_updates closed for Paper: status=None msg=None
2026-07-05 14:45:15 | WARNING | trading_bot | Alpaca devolvio barras vacias para AAPL (1m)
2026-07-05 14:45:16 | WARNING | trading_bot | Alpaca devolvio barras vacias para AAPL (5m)
2026-07-05 14:45:16 | WARNING | trading_bot | Alpaca devolvio barras vacias para AAPL (15m)
2026-07-05 14:46:05 | INFO | trading_bot | Alpaca stream market-stocks closed for Paper: status=None msg=None
2026-07-05 14:46:05 | INFO | trading_bot | Alpaca stream news closed for Paper: status=None msg=None
2026-07-05 14:46:05 | INFO | trading_bot | Alpaca stream trade_updates closed for Paper: status=None msg=None
2026-07-05 14:46:55 | INFO | trading_bot | Alpaca stream market-stocks closed for Paper: status=None msg=None
2026-07-05 14:46:55 | INFO | trading_bot | Alpaca stream trade_updates closed for Paper: status=None msg=None
2026-07-05 14:46:56 | INFO | trading_bot | Alpaca stream news closed for Paper: status=None msg=None
2026-07-05 14:47:45 | INFO | trading_bot | Alpaca stream market-stocks closed for Paper: status=None msg=None
2026-07-05 14:47:45 | INFO | trading_bot | Alpaca stream news closed for Paper: status=None msg=None
2026-07-05 14:47:46 | INFO | trading_bot | Alpaca stream trade_updates closed for Paper: status=None msg=None
2026-07-05 14:48:35 | INFO | trading_bot | Alpaca stream market-stocks closed for Paper: status=None msg=None
2026-07-05 14:48:35 | INFO | trading_bot | Alpaca stream news closed for Paper: status=None msg=None
2026-07-05 14:48:35 | INFO | trading_bot | Alpaca stream trade_updates closed for Paper: status=None msg=None
2026-07-05 14:49:25 | INFO | trading_bot | Alpaca stream market-stocks closed for Paper: status=None msg=None
2026-07-05 14:49:25 | INFO | trading_bot | Alpaca stream news closed for Paper: status=None msg=None
2026-07-05 14:49:25 | INFO | trading_bot | Alpaca stream trade_updates closed for Paper: status=None msg=None
2026-07-05 14:50:15 | INFO | trading_bot | Alpaca stream market-stocks closed for Paper: status=None msg=None
2026-07-05 14:50:15 | INFO | trading_bot | Alpaca stream news closed for Paper: status=None msg=None
2026-07-05 14:50:15 | INFO | trading_bot | Alpaca stream trade_updates closed for Paper: status=None msg=None
2026-07-05 14:51:06 | INFO | trading_bot | Alpaca stream market-stocks closed for Paper: status=None msg=None
2026-07-05 14:51:06 | INFO | trading_bot | Alpaca stream news closed for Paper: status=None msg=None
2026-07-05 14:51:06 | INFO | trading_bot | Alpaca stream trade_updates closed for Paper: status=None msg=None
2026-07-05 14:51:56 | INFO | trading_bot | Alpaca stream market-stocks closed for Paper: status=None msg=None
2026-07-05 14:51:56 | INFO | trading_bot | Alpaca stream trade_updates closed for Paper: status=None msg=None
2026-07-05 14:52:06 | INFO | trading_bot | Alpaca stream news closed for Paper: status=None msg=None
2026-07-05 14:52:46 | INFO | trading_bot | Alpaca stream market-stocks closed for Paper: status=None msg=None
2026-07-05 14:52:47 | INFO | trading_bot | Alpaca stream trade_updates closed for Paper: status=None msg=None
2026-07-05 14:52:57 | INFO | trading_bot | Alpaca stream news closed for Paper: status=None msg=None
2026-07-05 14:53:36 | INFO | trading_bot | Alpaca stream market-stocks closed for Paper: status=None msg=None
2026-07-05 14:53:36 | INFO | trading_bot | Alpaca stream trade_updates closed for Paper: status=None msg=None
2026-07-05 14:53:48 | INFO | trading_bot | Alpaca stream news closed for Paper: status=None msg=None
2026-07-05 14:54:04 | WARNING | trading_bot | No se pudo crear salida inmediata para SOLUSD: 403 Client Error: Forbidden for url: https://paper-api.alpaca.markets/v2/orders
2026-07-05 14:54:26 | INFO | trading_bot | Alpaca stream market-stocks closed for Paper: status=None msg=None
2026-07-05 14:54:27 | INFO | trading_bot | Alpaca stream trade_updates closed for Paper: status=None msg=None
2026-07-05 14:54:39 | INFO | trading_bot | Alpaca stream news closed for Paper: status=None msg=None
2026-07-05 14:55:17 | INFO | trading_bot | Alpaca stream market-stocks closed for Paper: status=None msg=None
2026-07-05 14:55:18 | INFO | trading_bot | Alpaca stream trade_updates closed for Paper: status=None msg=None
2026-07-05 14:55:30 | INFO | trading_bot | Alpaca stream news closed for Paper: status=None msg=None
2026-07-05 14:56:06 | INFO | trading_bot | Alpaca stream trade_updates closed for Paper: status=None msg=None
2026-07-05 14:56:08 | INFO | trading_bot | Alpaca stream market-stocks closed for Paper: status=None msg=None
2026-07-05 14:56:21 | INFO | trading_bot | Alpaca stream news closed for Paper: status=None msg=None
2026-07-05 14:56:56 | INFO | trading_bot | Alpaca stream trade_updates closed for Paper: status=None msg=None
2026-07-05 14:56:59 | INFO | trading_bot | Alpaca stream market-stocks closed for Paper: status=None msg=None
2026-07-05 14:57:12 | INFO | trading_bot | Alpaca stream news closed for Paper: status=None msg=None
2026-07-05 14:57:46 | INFO | trading_bot | Alpaca stream trade_updates closed for Paper: status=None msg=None
2026-07-05 14:57:50 | INFO | trading_bot | Alpaca stream market-stocks closed for Paper: status=None msg=None
2026-07-05 14:58:01 | INFO | trading_bot | Alpaca stream news closed for Paper: status=None msg=None
2026-07-05 14:58:39 | WARNING | trading_bot | Alpaca devolvio barras vacias para AAPL (1m)
2026-07-05 14:58:39 | WARNING | trading_bot | Alpaca devolvio barras vacias para AAPL (5m)
2026-07-05 14:58:39 | WARNING | trading_bot | Alpaca devolvio barras vacias para AAPL (15m)
2026-07-05 14:59:29 | INFO | trading_bot | Alpaca stream market-stocks closed for Paper: status=None msg=None
2026-07-05 14:59:29 | INFO | trading_bot | Alpaca stream news closed for Paper: status=None msg=None
2026-07-05 14:59:29 | INFO | trading_bot | Alpaca stream trade_updates closed for Paper: status=None msg=None
2026-07-05 14:59:41 | WARNING | trading_bot | No se pudo reconciliar salida limit faltante para SOLUSD: 403 Client Error: Forbidden for url: https://paper-api.alpaca.markets/v2/orders
2026-07-05 14:59:41 | WARNING | trading_bot | No se pudo reconciliar salida limit faltante para SOLUSD: 403 Client Error: Forbidden for url: https://paper-api.alpaca.markets/v2/orders
2026-07-05 14:59:42 | WARNING | trading_bot | No se pudo crear salida inmediata para SOLUSD: 403 Client Error: Forbidden for url: https://paper-api.alpaca.markets/v2/orders
2026-07-05 15:00:19 | INFO | trading_bot | Alpaca stream market-stocks closed for Paper: status=None msg=None
2026-07-05 15:00:19 | INFO | trading_bot | Alpaca stream news closed for Paper: status=None msg=None
2026-07-05 15:00:20 | INFO | trading_bot | Alpaca stream trade_updates closed for Paper: status=None msg=None
2026-07-05 15:01:09 | INFO | trading_bot | Alpaca stream market-stocks closed for Paper: status=None msg=None
2026-07-05 15:01:09 | INFO | trading_bot | Alpaca stream trade_updates closed for Paper: status=None msg=None
2026-07-05 15:01:10 | INFO | trading_bot | Alpaca stream news closed for Paper: status=None msg=None
2026-07-05 15:01:59 | INFO | trading_bot | Alpaca stream market-stocks closed for Paper: status=None msg=None
2026-07-05 15:01:59 | INFO | trading_bot | Alpaca stream trade_updates closed for Paper: status=None msg=None
2026-07-05 15:01:59 | INFO | trading_bot | Alpaca stream news closed for Paper: status=None msg=None
2026-07-05 15:02:49 | INFO | trading_bot | Alpaca stream market-stocks closed for Paper: status=None msg=None
2026-07-05 15:02:49 | INFO | trading_bot | Alpaca stream trade_updates closed for Paper: status=None msg=None
2026-07-05 15:02:49 | INFO | trading_bot | Alpaca stream news closed for Paper: status=None msg=None
2026-07-05 15:03:39 | INFO | trading_bot | Alpaca stream market-stocks closed for Paper: status=None msg=None
2026-07-05 15:03:39 | INFO | trading_bot | Alpaca stream trade_updates closed for Paper: status=None msg=None
2026-07-05 15:03:39 | INFO | trading_bot | Alpaca stream news closed for Paper: status=None msg=None
2026-07-05 15:04:29 | INFO | trading_bot | Alpaca stream market-stocks closed for Paper: status=None msg=None
2026-07-05 15:04:29 | INFO | trading_bot | Alpaca stream trade_updates closed for Paper: status=None msg=None
2026-07-05 15:04:29 | INFO | trading_bot | Alpaca stream news closed for Paper: status=None msg=None
2026-07-05 15:05:19 | INFO | trading_bot | Alpaca stream market-stocks closed for Paper: status=None msg=None
2026-07-05 15:05:19 | INFO | trading_bot | Alpaca stream trade_updates closed for Paper: status=None msg=None
2026-07-05 15:05:20 | INFO | trading_bot | Alpaca stream news closed for Paper: status=None msg=None
2026-07-05 15:05:56 | WARNING | trading_bot | No se pudo crear salida inmediata para SOLUSD: 403 Client Error: Forbidden for url: https://paper-api.alpaca.markets/v2/orders
2026-07-05 15:06:09 | INFO | trading_bot | Alpaca stream market-stocks closed for Paper: status=None msg=None
2026-07-05 15:06:09 | INFO | trading_bot | Alpaca stream trade_updates closed for Paper: status=None msg=None
2026-07-05 15:06:09 | INFO | trading_bot | Alpaca stream news closed for Paper: status=None msg=None
2026-07-05 15:06:59 | INFO | trading_bot | Alpaca stream market-stocks closed for Paper: status=None msg=None
2026-07-05 15:06:59 | INFO | trading_bot | Alpaca stream trade_updates closed for Paper: status=None msg=None
2026-07-05 15:06:59 | INFO | trading_bot | Alpaca stream news closed for Paper: status=None msg=None
2026-07-05 15:07:49 | INFO | trading_bot | Alpaca stream market-stocks closed for Paper: status=None msg=None
2026-07-05 15:07:49 | INFO | trading_bot | Alpaca stream trade_updates closed for Paper: status=None msg=None
2026-07-05 15:07:49 | INFO | trading_bot | Alpaca stream news closed for Paper: status=None msg=None
2026-07-05 15:07:59 | INFO | trading_bot | Alpaca stream market-crypto closed for Paper: status=None msg=None
2026-07-05 15:08:39 | INFO | trading_bot | Alpaca stream trade_updates closed for Paper: status=None msg=None
2026-07-05 15:08:39 | INFO | trading_bot | Alpaca stream news closed for Paper: status=None msg=None
2026-07-05 15:08:40 | INFO | trading_bot | Alpaca stream market-stocks closed for Paper: status=None msg=None
2026-07-05 15:09:29 | INFO | trading_bot | Alpaca stream trade_updates closed for Paper: status=None msg=None
2026-07-05 15:09:29 | INFO | trading_bot | Alpaca stream news closed for Paper: status=None msg=None
2026-07-05 15:09:29 | INFO | trading_bot | Alpaca stream market-stocks closed for Paper: status=None msg=None
2026-07-05 15:10:19 | INFO | trading_bot | Alpaca stream trade_updates closed for Paper: status=None msg=None
2026-07-05 15:10:19 | INFO | trading_bot | Alpaca stream news closed for Paper: status=None msg=None
2026-07-05 15:10:19 | INFO | trading_bot | Alpaca stream market-stocks closed for Paper: status=None msg=None
2026-07-05 15:11:09 | INFO | trading_bot | Alpaca stream trade_updates closed for Paper: status=None msg=None
2026-07-05 15:11:10 | INFO | trading_bot | Alpaca stream market-stocks closed for Paper: status=None msg=None
2026-07-05 15:11:11 | INFO | trading_bot | Alpaca stream news closed for Paper: status=None msg=None
2026-07-05 15:12:00 | INFO | trading_bot | Alpaca stream trade_updates closed for Paper: status=None msg=None
2026-07-05 15:12:00 | INFO | trading_bot | Alpaca stream market-stocks closed for Paper: status=None msg=None
2026-07-05 15:12:00 | INFO | trading_bot | Alpaca stream news closed for Paper: status=None msg=None
2026-07-05 15:12:50 | INFO | trading_bot | Alpaca stream trade_updates closed for Paper: status=None msg=None
2026-07-05 15:12:50 | INFO | trading_bot | Alpaca stream market-stocks closed for Paper: status=None msg=None
2026-07-05 15:12:50 | INFO | trading_bot | Alpaca stream news closed for Paper: status=None msg=None
2026-07-05 15:13:03 | WARNING | trading_bot | No se pudo crear salida inmediata para SOLUSD: 403 Client Error: Forbidden for url: https://paper-api.alpaca.markets/v2/orders
2026-07-05 15:13:40 | INFO | trading_bot | Alpaca stream trade_updates closed for Paper: status=None msg=None
2026-07-05 15:13:40 | INFO | trading_bot | Alpaca stream market-stocks closed for Paper: status=None msg=None
2026-07-05 15:13:40 | INFO | trading_bot | Alpaca stream news closed for Paper: status=None msg=None
2026-07-05 15:14:30 | INFO | trading_bot | Alpaca stream trade_updates closed for Paper: status=None msg=None
2026-07-05 15:14:30 | INFO | trading_bot | Alpaca stream market-stocks closed for Paper: status=None msg=None
2026-07-05 15:14:30 | INFO | trading_bot | Alpaca stream news closed for Paper: status=None msg=None
2026-07-05 15:15:20 | INFO | trading_bot | Alpaca stream trade_updates closed for Paper: status=None msg=None
2026-07-05 15:15:20 | INFO | trading_bot | Alpaca stream market-stocks closed for Paper: status=None msg=None
2026-07-05 15:15:20 | INFO | trading_bot | Alpaca stream news closed for Paper: status=None msg=None
2026-07-05 15:16:10 | INFO | trading_bot | Alpaca stream trade_updates closed for Paper: status=None msg=None
2026-07-05 15:16:10 | INFO | trading_bot | Alpaca stream market-stocks closed for Paper: status=None msg=None
2026-07-05 15:16:10 | INFO | trading_bot | Alpaca stream news closed for Paper: status=None msg=None
2026-07-05 15:17:00 | INFO | trading_bot | Alpaca stream trade_updates closed for Paper: status=None msg=None
2026-07-05 15:17:00 | INFO | trading_bot | Alpaca stream market-stocks closed for Paper: status=None msg=None
2026-07-05 15:17:00 | INFO | trading_bot | Alpaca stream news closed for Paper: status=None msg=None
2026-07-05 15:17:50 | INFO | trading_bot | Alpaca stream trade_updates closed for Paper: status=None msg=None
2026-07-05 15:17:50 | INFO | trading_bot | Alpaca stream market-stocks closed for Paper: status=None msg=None
2026-07-05 15:17:50 | INFO | trading_bot | Alpaca stream news closed for Paper: status=None msg=None
2026-07-05 15:18:08 | WARNING | trading_bot | No se pudo crear salida inmediata para SOLUSD: 403 Client Error: Forbidden for url: https://paper-api.alpaca.markets/v2/orders
2026-07-05 15:18:40 | INFO | trading_bot | Alpaca stream trade_updates closed for Paper: status=None msg=None
2026-07-05 15:18:40 | INFO | trading_bot | Alpaca stream market-stocks closed for Paper: status=None msg=None
2026-07-05 15:18:40 | INFO | trading_bot | Alpaca stream news closed for Paper: status=None msg=None
2026-07-05 15:19:30 | INFO | trading_bot | Alpaca stream trade_updates closed for Paper: status=None msg=None
2026-07-05 15:19:30 | INFO | trading_bot | Alpaca stream market-stocks closed for Paper: status=None msg=None
2026-07-05 15:19:31 | INFO | trading_bot | Alpaca stream news closed for Paper: status=None msg=None
2026-07-05 15:20:20 | INFO | trading_bot | Alpaca stream trade_updates closed for Paper: status=None msg=None
2026-07-05 15:20:20 | INFO | trading_bot | Alpaca stream market-stocks closed for Paper: status=None msg=None
2026-07-05 15:20:20 | INFO | trading_bot | Alpaca stream news closed for Paper: status=None msg=None
2026-07-05 15:21:10 | INFO | trading_bot | Alpaca stream trade_updates closed for Paper: status=None msg=None
2026-07-05 15:21:10 | INFO | trading_bot | Alpaca stream market-stocks closed for Paper: status=None msg=None
2026-07-05 15:21:10 | INFO | trading_bot | Alpaca stream news closed for Paper: status=None msg=None
2026-07-05 15:22:00 | INFO | trading_bot | Alpaca stream trade_updates closed for Paper: status=None msg=None
2026-07-05 15:22:00 | INFO | trading_bot | Alpaca stream market-stocks closed for Paper: status=None msg=None
2026-07-05 15:22:00 | INFO | trading_bot | Alpaca stream news closed for Paper: status=None msg=None
2026-07-05 15:22:50 | INFO | trading_bot | Alpaca stream trade_updates closed for Paper: status=None msg=None
2026-07-05 15:22:50 | INFO | trading_bot | Alpaca stream market-stocks closed for Paper: status=None msg=None
2026-07-05 15:22:50 | INFO | trading_bot | Alpaca stream news closed for Paper: status=None msg=None
2026-07-05 15:23:40 | INFO | trading_bot | Alpaca stream trade_updates closed for Paper: status=None msg=None
2026-07-05 15:23:40 | INFO | trading_bot | Alpaca stream market-stocks closed for Paper: status=None msg=None
2026-07-05 15:23:40 | INFO | trading_bot | Alpaca stream news closed for Paper: status=None msg=None
2026-07-05 15:23:50 | INFO | trading_bot | Alpaca stream market-crypto closed for Paper: status=None msg=None
2026-07-05 15:24:30 | INFO | trading_bot | Alpaca stream trade_updates closed for Paper: status=None msg=None
2026-07-05 15:24:30 | INFO | trading_bot | Alpaca stream market-stocks closed for Paper: status=None msg=None
2026-07-05 15:24:31 | INFO | trading_bot | Alpaca stream news closed for Paper: status=None msg=None
2026-07-05 15:25:21 | INFO | trading_bot | Alpaca stream market-stocks closed for Paper: status=None msg=None
2026-07-05 15:25:21 | INFO | trading_bot | Alpaca stream news closed for Paper: status=None msg=None
2026-07-05 15:25:22 | INFO | trading_bot | Alpaca stream trade_updates closed for Paper: status=None msg=None
2026-07-05 15:25:45 | WARNING | trading_bot | Alpaca devolvio barras vacias para AAPL (1m)
2026-07-05 15:25:45 | WARNING | trading_bot | Alpaca devolvio barras vacias para AAPL (5m)
2026-07-05 15:25:45 | WARNING | trading_bot | Alpaca devolvio barras vacias para AAPL (15m)
2026-07-05 15:26:35 | INFO | trading_bot | Alpaca stream news closed for Paper: status=None msg=None
2026-07-05 15:26:35 | INFO | trading_bot | Alpaca stream market-stocks closed for Paper: status=None msg=None
2026-07-05 15:26:35 | INFO | trading_bot | Alpaca stream trade_updates closed for Paper: status=None msg=None
2026-07-05 15:27:25 | INFO | trading_bot | Alpaca stream news closed for Paper: status=None msg=None
2026-07-05 15:27:25 | INFO | trading_bot | Alpaca stream market-stocks closed for Paper: status=None msg=None
2026-07-05 15:27:26 | INFO | trading_bot | Alpaca stream trade_updates closed for Paper: status=None msg=None
2026-07-05 15:27:49 | WARNING | trading_bot | No se pudo crear salida inmediata para SOLUSD: 403 Client Error: Forbidden for url: https://paper-api.alpaca.markets/v2/orders
2026-07-05 15:28:15 | INFO | trading_bot | Alpaca stream news closed for Paper: status=None msg=None
2026-07-05 15:28:15 | INFO | trading_bot | Alpaca stream trade_updates closed for Paper: status=None msg=None
2026-07-05 15:28:16 | INFO | trading_bot | Alpaca stream market-stocks closed for Paper: status=None msg=None
2026-07-05 15:29:05 | INFO | trading_bot | Alpaca stream news closed for Paper: status=None msg=None
2026-07-05 15:29:05 | INFO | trading_bot | Alpaca stream trade_updates closed for Paper: status=None msg=None
2026-07-05 15:29:05 | INFO | trading_bot | Alpaca stream market-stocks closed for Paper: status=None msg=None
2026-07-05 15:29:55 | INFO | trading_bot | Alpaca stream news closed for Paper: status=None msg=None
2026-07-05 15:29:55 | INFO | trading_bot | Alpaca stream trade_updates closed for Paper: status=None msg=None
2026-07-05 15:29:55 | INFO | trading_bot | Alpaca stream market-stocks closed for Paper: status=None msg=None
2026-07-05 15:30:45 | INFO | trading_bot | Alpaca stream news closed for Paper: status=None msg=None
2026-07-05 15:30:45 | INFO | trading_bot | Alpaca stream trade_updates closed for Paper: status=None msg=None
2026-07-05 15:30:45 | INFO | trading_bot | Alpaca stream market-stocks closed for Paper: status=None msg=None
2026-07-05 15:31:35 | INFO | trading_bot | Alpaca stream news closed for Paper: status=None msg=None
2026-07-05 15:31:35 | INFO | trading_bot | Alpaca stream trade_updates closed for Paper: status=None msg=None
2026-07-05 15:31:35 | INFO | trading_bot | Alpaca stream market-stocks closed for Paper: status=None msg=None
2026-07-05 15:32:25 | INFO | trading_bot | Alpaca stream news closed for Paper: status=None msg=None
2026-07-05 15:32:25 | INFO | trading_bot | Alpaca stream trade_updates closed for Paper: status=None msg=None
2026-07-05 15:32:25 | INFO | trading_bot | Alpaca stream market-stocks closed for Paper: status=None msg=None
2026-07-05 15:32:27 | WARNING | trading_bot | Alpaca devolvio barras vacias para AAPL (1m)
2026-07-05 15:32:27 | WARNING | trading_bot | Alpaca devolvio barras vacias para AAPL (5m)
2026-07-05 15:32:27 | WARNING | trading_bot | Alpaca devolvio barras vacias para AAPL (15m)
2026-07-05 15:32:34 | WARNING | trading_bot | Alpaca devolvio barras vacias para AAPL (15m)
2026-07-05 15:33:17 | INFO | trading_bot | Alpaca stream market-stocks closed for Paper: status=None msg=None
2026-07-05 15:33:17 | INFO | trading_bot | Alpaca stream trade_updates closed for Paper: status=None msg=None
2026-07-05 15:33:17 | INFO | trading_bot | Alpaca stream news closed for Paper: status=None msg=None
2026-07-05 15:34:07 | INFO | trading_bot | Alpaca stream market-stocks closed for Paper: status=None msg=None
2026-07-05 15:34:07 | INFO | trading_bot | Alpaca stream news closed for Paper: status=None msg=None
2026-07-05 15:34:08 | INFO | trading_bot | Alpaca stream trade_updates closed for Paper: status=None msg=None
2026-07-05 15:34:52 | WARNING | trading_bot | No se pudo crear salida inmediata para SOLUSD: 403 Client Error: Forbidden for url: https://paper-api.alpaca.markets/v2/orders
2026-07-05 15:34:57 | INFO | trading_bot | Alpaca stream market-stocks closed for Paper: status=None msg=None
2026-07-05 15:34:57 | INFO | trading_bot | Alpaca stream news closed for Paper: status=None msg=None
2026-07-05 15:35:00 | INFO | trading_bot | Alpaca stream trade_updates closed for Paper: status=None msg=None
2026-07-05 15:35:47 | INFO | trading_bot | Alpaca stream trade_updates closed for Paper: status=None msg=None
2026-07-05 15:35:48 | INFO | trading_bot | Alpaca stream market-stocks closed for Paper: status=None msg=None
2026-07-05 15:35:48 | INFO | trading_bot | Alpaca stream news closed for Paper: status=None msg=None
2026-07-05 15:36:37 | INFO | trading_bot | Alpaca stream trade_updates closed for Paper: status=None msg=None
2026-07-05 15:36:37 | INFO | trading_bot | Alpaca stream market-stocks closed for Paper: status=None msg=None
2026-07-05 15:36:37 | INFO | trading_bot | Alpaca stream news closed for Paper: status=None msg=None
2026-07-05 15:37:27 | INFO | trading_bot | Alpaca stream trade_updates closed for Paper: status=None msg=None
2026-07-05 15:37:29 | INFO | trading_bot | Alpaca stream market-stocks closed for Paper: status=None msg=None
2026-07-05 15:37:29 | INFO | trading_bot | Alpaca stream news closed for Paper: status=None msg=None
2026-07-05 15:37:57 | INFO | trading_bot | Alpaca stream market-crypto closed for Paper: status=None msg=None
2026-07-05 15:38:18 | INFO | trading_bot | Alpaca stream trade_updates closed for Paper: status=None msg=None
2026-07-05 15:38:20 | INFO | trading_bot | Alpaca stream news closed for Paper: status=None msg=None
2026-07-05 15:38:20 | INFO | trading_bot | Alpaca stream market-stocks closed for Paper: status=None msg=None
2026-07-05 15:38:48 | INFO | trading_bot | Alpaca stream market-crypto closed for Paper: status=None msg=None
2026-07-05 15:39:08 | INFO | trading_bot | Alpaca stream trade_updates closed for Paper: status=None msg=None
2026-07-05 15:39:08 | INFO | trading_bot | Alpaca stream market-stocks closed for Paper: status=None msg=None
2026-07-05 15:39:11 | INFO | trading_bot | Alpaca stream news closed for Paper: status=None msg=None
2026-07-05 15:39:58 | INFO | trading_bot | Alpaca stream trade_updates closed for Paper: status=None msg=None
2026-07-05 15:39:58 | INFO | trading_bot | Alpaca stream market-stocks closed for Paper: status=None msg=None
2026-07-05 15:40:02 | INFO | trading_bot | Alpaca stream news closed for Paper: status=None msg=None
2026-07-05 15:40:49 | INFO | trading_bot | Alpaca stream trade_updates closed for Paper: status=None msg=None
2026-07-05 15:40:49 | INFO | trading_bot | Alpaca stream market-stocks closed for Paper: status=None msg=None
2026-07-05 15:40:53 | INFO | trading_bot | Alpaca stream news closed for Paper: status=None msg=None
2026-07-05 15:41:38 | INFO | trading_bot | Alpaca stream trade_updates closed for Paper: status=None msg=None
2026-07-05 15:41:38 | INFO | trading_bot | Alpaca stream market-stocks closed for Paper: status=None msg=None
2026-07-05 15:41:43 | INFO | trading_bot | Alpaca stream news closed for Paper: status=None msg=None
2026-07-05 15:42:06 | WARNING | trading_bot | No se pudo crear salida inmediata para SOLUSD: 403 Client Error: Forbidden for url: https://paper-api.alpaca.markets/v2/orders
2026-07-05 15:42:29 | INFO | trading_bot | Alpaca stream trade_updates closed for Paper: status=None msg=None
2026-07-05 15:42:29 | INFO | trading_bot | Alpaca stream market-stocks closed for Paper: status=None msg=None
2026-07-05 15:42:34 | INFO | trading_bot | Alpaca stream news closed for Paper: status=None msg=None
2026-07-05 15:43:18 | INFO | trading_bot | Alpaca stream trade_updates closed for Paper: status=None msg=None
2026-07-05 15:43:18 | INFO | trading_bot | Alpaca stream market-stocks closed for Paper: status=None msg=None
2026-07-05 15:43:23 | INFO | trading_bot | Alpaca stream news closed for Paper: status=None msg=None
2026-07-05 15:44:08 | INFO | trading_bot | Alpaca stream market-stocks closed for Paper: status=None msg=None
2026-07-05 15:44:09 | INFO | trading_bot | Alpaca stream trade_updates closed for Paper: status=None msg=None
2026-07-05 15:44:14 | INFO | trading_bot | Alpaca stream news closed for Paper: status=None msg=None
2026-07-05 15:44:58 | INFO | trading_bot | Alpaca stream market-stocks closed for Paper: status=None msg=None
2026-07-05 15:44:58 | INFO | trading_bot | Alpaca stream trade_updates closed for Paper: status=None msg=None
2026-07-05 15:45:03 | INFO | trading_bot | Alpaca stream news closed for Paper: status=None msg=None
2026-07-05 15:45:48 | INFO | trading_bot | Alpaca stream market-stocks closed for Paper: status=None msg=None
2026-07-05 15:45:48 | INFO | trading_bot | Alpaca stream trade_updates closed for Paper: status=None msg=None
2026-07-05 15:45:53 | INFO | trading_bot | Alpaca stream news closed for Paper: status=None msg=None
2026-07-05 15:46:26 | WARNING | trading_bot | Alpaca devolvio barras vacias para AAPL (1m)
2026-07-05 15:46:26 | WARNING | trading_bot | Alpaca devolvio barras vacias para AAPL (5m)
2026-07-05 15:46:26 | WARNING | trading_bot | Alpaca devolvio barras vacias para AAPL (15m)
2026-07-05 15:46:40 | WARNING | trading_bot | Alpaca devolvio barras vacias para AAPL (15m)
2026-07-05 15:47:16 | INFO | trading_bot | Alpaca stream news closed for Paper: status=None msg=None
2026-07-05 15:47:16 | INFO | trading_bot | Alpaca stream trade_updates closed for Paper: status=None msg=None
2026-07-05 15:47:16 | INFO | trading_bot | Alpaca stream market-stocks closed for Paper: status=None msg=None
2026-07-05 15:48:06 | INFO | trading_bot | Alpaca stream trade_updates closed for Paper: status=None msg=None
2026-07-05 15:48:06 | INFO | trading_bot | Alpaca stream market-stocks closed for Paper: status=None msg=None
2026-07-05 15:48:07 | INFO | trading_bot | Alpaca stream news closed for Paper: status=None msg=None
2026-07-05 15:48:56 | WARNING | trading_bot | Alpaca devolvio barras vacias para AAPL (1m)
2026-07-05 15:48:56 | WARNING | trading_bot | Alpaca devolvio barras vacias para AAPL (5m)
2026-07-05 15:48:56 | WARNING | trading_bot | Alpaca devolvio barras vacias para AAPL (15m)
2026-07-05 15:49:03 | WARNING | trading_bot | Alpaca devolvio barras vacias para AAPL (15m)
2026-07-05 15:49:39 | WARNING | trading_bot | No se pudo crear salida inmediata para SOLUSD: 403 Client Error: Forbidden for url: https://paper-api.alpaca.markets/v2/orders
2026-07-05 15:49:45 | INFO | trading_bot | Alpaca stream market-stocks closed for Paper: status=None msg=None
2026-07-05 15:49:45 | INFO | trading_bot | Alpaca stream news closed for Paper: status=None msg=None
2026-07-05 15:49:46 | INFO | trading_bot | Alpaca stream trade_updates closed for Paper: status=None msg=None
2026-07-05 15:50:36 | INFO | trading_bot | Alpaca stream market-stocks closed for Paper: status=None msg=None
2026-07-05 15:50:36 | INFO | trading_bot | Alpaca stream news closed for Paper: status=None msg=None
2026-07-05 15:50:37 | INFO | trading_bot | Alpaca stream trade_updates closed for Paper: status=None msg=None
2026-07-05 15:51:26 | INFO | trading_bot | Alpaca stream news closed for Paper: status=None msg=None
2026-07-05 15:51:26 | INFO | trading_bot | Alpaca stream trade_updates closed for Paper: status=None msg=None
2026-07-05 15:51:27 | INFO | trading_bot | Alpaca stream market-stocks closed for Paper: status=None msg=None
2026-07-05 15:52:16 | INFO | trading_bot | Alpaca stream trade_updates closed for Paper: status=None msg=None
2026-07-05 15:52:18 | INFO | trading_bot | Alpaca stream market-stocks closed for Paper: status=None msg=None
2026-07-05 15:52:46 | INFO | trading_bot | Alpaca stream news closed for Paper: status=None msg=None
2026-07-05 15:53:06 | INFO | trading_bot | Alpaca stream trade_updates closed for Paper: status=None msg=None
2026-07-05 15:53:06 | INFO | trading_bot | Alpaca stream market-stocks closed for Paper: status=None msg=None
2026-07-05 15:53:36 | INFO | trading_bot | Alpaca stream news closed for Paper: status=None msg=None
2026-07-05 15:53:56 | INFO | trading_bot | Alpaca stream trade_updates closed for Paper: status=None msg=None
2026-07-05 15:53:56 | INFO | trading_bot | Alpaca stream market-stocks closed for Paper: status=None msg=None
2026-07-05 15:54:26 | INFO | trading_bot | Alpaca stream news closed for Paper: status=None msg=None
2026-07-05 15:54:46 | INFO | trading_bot | Alpaca stream trade_updates closed for Paper: status=None msg=None
2026-07-05 15:54:46 | INFO | trading_bot | Alpaca stream market-stocks closed for Paper: status=None msg=None
2026-07-05 15:55:16 | INFO | trading_bot | Alpaca stream news closed for Paper: status=None msg=None
2026-07-05 15:55:36 | INFO | trading_bot | Alpaca stream trade_updates closed for Paper: status=None msg=None
2026-07-05 15:55:36 | INFO | trading_bot | Alpaca stream market-stocks closed for Paper: status=None msg=None
2026-07-05 15:56:06 | INFO | trading_bot | Alpaca stream news closed for Paper: status=None msg=None
2026-07-05 15:56:33 | WARNING | trading_bot | Alpaca devolvio barras vacias para AAPL (1m)
2026-07-05 15:56:33 | WARNING | trading_bot | Alpaca devolvio barras vacias para AAPL (5m)
2026-07-05 15:56:33 | WARNING | trading_bot | Alpaca devolvio barras vacias para AAPL (15m)
2026-07-05 15:57:17 | WARNING | trading_bot | No se pudo crear salida inmediata para SOLUSD: 403 Client Error: Forbidden for url: https://paper-api.alpaca.markets/v2/orders
2026-07-05 15:57:23 | INFO | trading_bot | Alpaca stream trade_updates closed for Paper: status=None msg=None
2026-07-05 15:57:23 | INFO | trading_bot | Alpaca stream news closed for Paper: status=None msg=None
2026-07-05 15:57:23 | INFO | trading_bot | Alpaca stream market-stocks closed for Paper: status=None msg=None
2026-07-05 15:57:53 | INFO | trading_bot | Alpaca stream market-crypto closed for Paper: status=None msg=None
2026-07-05 15:58:13 | INFO | trading_bot | Alpaca stream trade_updates closed for Paper: status=None msg=None
2026-07-05 15:58:13 | INFO | trading_bot | Alpaca stream news closed for Paper: status=None msg=None
2026-07-05 15:58:13 | INFO | trading_bot | Alpaca stream market-stocks closed for Paper: status=None msg=None
2026-07-05 15:59:03 | INFO | trading_bot | Alpaca stream trade_updates closed for Paper: status=None msg=None
2026-07-05 15:59:03 | INFO | trading_bot | Alpaca stream market-stocks closed for Paper: status=None msg=None
2026-07-05 15:59:04 | INFO | trading_bot | Alpaca stream news closed for Paper: status=None msg=None
2026-07-05 15:59:53 | INFO | trading_bot | Alpaca stream trade_updates closed for Paper: status=None msg=None
2026-07-05 15:59:53 | INFO | trading_bot | Alpaca stream market-stocks closed for Paper: status=None msg=None
2026-07-05 15:59:53 | INFO | trading_bot | Alpaca stream news closed for Paper: status=None msg=None
2026-07-05 16:00:43 | INFO | trading_bot | Alpaca stream trade_updates closed for Paper: status=None msg=None
2026-07-05 16:00:43 | INFO | trading_bot | Alpaca stream market-stocks closed for Paper: status=None msg=None
2026-07-05 16:00:43 | INFO | trading_bot | Alpaca stream news closed for Paper: status=None msg=None
2026-07-05 16:01:18 | WARNING | trading_bot | Alpaca devolvio barras vacias para AAPL (1m)
2026-07-05 16:01:18 | WARNING | trading_bot | Alpaca devolvio barras vacias para AAPL (5m)
2026-07-05 16:01:18 | WARNING | trading_bot | Alpaca devolvio barras vacias para AAPL (15m)
2026-07-05 16:02:08 | INFO | trading_bot | Alpaca stream news closed for Paper: status=None msg=None
2026-07-05 16:02:08 | INFO | trading_bot | Alpaca stream trade_updates closed for Paper: status=None msg=None
2026-07-05 16:02:08 | INFO | trading_bot | Alpaca stream market-stocks closed for Paper: status=None msg=None
2026-07-05 16:02:25 | WARNING | trading_bot | Alpaca devolvio barras vacias para AAPL (1m)
2026-07-05 16:02:25 | WARNING | trading_bot | Alpaca devolvio barras vacias para AAPL (15m)
2026-07-05 16:02:58 | INFO | trading_bot | Alpaca stream news closed for Paper: status=None msg=None
2026-07-05 16:02:58 | INFO | trading_bot | Alpaca stream trade_updates closed for Paper: status=None msg=None
2026-07-05 16:02:58 | INFO | trading_bot | Alpaca stream market-stocks closed for Paper: status=None msg=None
2026-07-05 16:03:48 | INFO | trading_bot | Alpaca stream news closed for Paper: status=None msg=None
2026-07-05 16:03:49 | INFO | trading_bot | Alpaca stream market-stocks closed for Paper: status=None msg=None
2026-07-05 16:03:49 | INFO | trading_bot | Alpaca stream trade_updates closed for Paper: status=None msg=None
2026-07-05 16:04:38 | INFO | trading_bot | Alpaca stream news closed for Paper: status=None msg=None
2026-07-05 16:04:38 | INFO | trading_bot | Alpaca stream market-stocks closed for Paper: status=None msg=None
2026-07-05 16:04:38 | INFO | trading_bot | Alpaca stream trade_updates closed for Paper: status=None msg=None
2026-07-05 16:05:04 | WARNING | trading_bot | No se pudo crear salida inmediata para SOLUSD: 403 Client Error: Forbidden for url: https://paper-api.alpaca.markets/v2/orders
2026-07-05 16:05:28 | INFO | trading_bot | Alpaca stream news closed for Paper: status=None msg=None
2026-07-05 16:05:28 | INFO | trading_bot | Alpaca stream market-stocks closed for Paper: status=None msg=None
2026-07-05 16:05:28 | INFO | trading_bot | Alpaca stream trade_updates closed for Paper: status=None msg=None
2026-07-05 16:06:18 | INFO | trading_bot | Alpaca stream news closed for Paper: status=None msg=None
2026-07-05 16:06:18 | INFO | trading_bot | Alpaca stream market-stocks closed for Paper: status=None msg=None
2026-07-05 16:06:18 | INFO | trading_bot | Alpaca stream trade_updates closed for Paper: status=None msg=None
2026-07-05 16:07:08 | INFO | trading_bot | Alpaca stream news closed for Paper: status=None msg=None
2026-07-05 16:07:08 | INFO | trading_bot | Alpaca stream market-stocks closed for Paper: status=None msg=None
2026-07-05 16:07:08 | INFO | trading_bot | Alpaca stream trade_updates closed for Paper: status=None msg=None
2026-07-05 16:07:24 | WARNING | trading_bot | Alpaca devolvio barras vacias para AAPL (1m)
2026-07-05 16:07:24 | WARNING | trading_bot | Alpaca devolvio barras vacias para AAPL (5m)
2026-07-05 16:07:24 | WARNING | trading_bot | Alpaca devolvio barras vacias para AAPL (15m)
2026-07-05 16:07:36 | WARNING | trading_bot | Alpaca devolvio barras vacias para AAPL (15m)
2026-07-05 16:08:14 | INFO | trading_bot | Alpaca stream news closed for Paper: status=None msg=None
2026-07-05 16:08:14 | INFO | trading_bot | Alpaca stream market-stocks closed for Paper: status=None msg=None
2026-07-05 16:08:14 | INFO | trading_bot | Alpaca stream trade_updates closed for Paper: status=None msg=None
2026-07-05 16:08:49 | INFO | trading_bot | Alpaca stream market-crypto closed for Paper: status=None msg=None
2026-07-05 16:09:04 | INFO | trading_bot | Alpaca stream news closed for Paper: status=None msg=None
2026-07-05 16:09:04 | INFO | trading_bot | Alpaca stream market-stocks closed for Paper: status=None msg=None
2026-07-05 16:09:05 | INFO | trading_bot | Alpaca stream trade_updates closed for Paper: status=None msg=None
2026-07-05 16:09:39 | INFO | trading_bot | Alpaca stream market-crypto closed for Paper: status=None msg=None
2026-07-05 16:09:54 | INFO | trading_bot | Alpaca stream news closed for Paper: status=None msg=None
2026-07-05 16:09:55 | INFO | trading_bot | Alpaca stream market-stocks closed for Paper: status=None msg=None
2026-07-05 16:09:56 | INFO | trading_bot | Alpaca stream trade_updates closed for Paper: status=None msg=None
2026-07-05 16:10:29 | INFO | trading_bot | Alpaca stream market-crypto closed for Paper: status=None msg=None
2026-07-05 16:10:44 | INFO | trading_bot | Alpaca stream trade_updates closed for Paper: status=None msg=None
2026-07-05 16:10:45 | INFO | trading_bot | Alpaca stream news closed for Paper: status=None msg=None
2026-07-05 16:10:46 | INFO | trading_bot | Alpaca stream market-stocks closed for Paper: status=None msg=None
2026-07-05 16:10:50 | WARNING | trading_bot | No se pudo crear salida inmediata para SOLUSD: 403 Client Error: Forbidden for url: https://paper-api.alpaca.markets/v2/orders
2026-07-05 16:11:19 | INFO | trading_bot | Alpaca stream market-crypto closed for Paper: status=None msg=None
2026-07-05 16:11:34 | INFO | trading_bot | Alpaca stream trade_updates closed for Paper: status=None msg=None
2026-07-05 16:11:34 | INFO | trading_bot | Alpaca stream market-stocks closed for Paper: status=None msg=None
2026-07-05 16:12:06 | INFO | trading_bot | Alpaca stream news closed for Paper: status=None msg=None
2026-07-05 16:12:09 | INFO | trading_bot | Alpaca stream market-crypto closed for Paper: status=None msg=None
2026-07-05 16:12:24 | INFO | trading_bot | Alpaca stream market-stocks closed for Paper: status=None msg=None
2026-07-05 16:12:25 | INFO | trading_bot | Alpaca stream trade_updates closed for Paper: status=None msg=None
2026-07-05 16:12:54 | INFO | trading_bot | Alpaca stream news closed for Paper: status=None msg=None
2026-07-05 16:13:00 | INFO | trading_bot | Alpaca stream market-crypto closed for Paper: status=None msg=None
2026-07-05 16:13:14 | INFO | trading_bot | Alpaca stream market-stocks closed for Paper: status=None msg=None
2026-07-05 16:13:14 | INFO | trading_bot | Alpaca stream trade_updates closed for Paper: status=None msg=None
2026-07-05 16:13:45 | INFO | trading_bot | Alpaca stream news closed for Paper: status=None msg=None
2026-07-05 16:13:49 | INFO | trading_bot | Alpaca stream market-crypto closed for Paper: status=None msg=None
2026-07-05 16:14:04 | INFO | trading_bot | Alpaca stream trade_updates closed for Paper: status=None msg=None
2026-07-05 16:14:05 | INFO | trading_bot | Alpaca stream market-stocks closed for Paper: status=None msg=None
2026-07-05 16:14:34 | INFO | trading_bot | Alpaca stream news closed for Paper: status=None msg=None
2026-07-05 16:14:40 | INFO | trading_bot | Alpaca stream market-crypto closed for Paper: status=None msg=None
2026-07-05 16:14:54 | INFO | trading_bot | Alpaca stream trade_updates closed for Paper: status=None msg=None
2026-07-05 16:14:56 | INFO | trading_bot | Alpaca stream market-stocks closed for Paper: status=None msg=None
2026-07-05 16:15:25 | INFO | trading_bot | Alpaca stream news closed for Paper: status=None msg=None
2026-07-05 16:15:31 | INFO | trading_bot | Alpaca stream market-crypto closed for Paper: status=None msg=None
2026-07-05 16:15:44 | INFO | trading_bot | Alpaca stream trade_updates closed for Paper: status=None msg=None
2026-07-05 16:15:47 | INFO | trading_bot | Alpaca stream market-stocks closed for Paper: status=None msg=None
2026-07-05 16:16:16 | INFO | trading_bot | Alpaca stream news closed for Paper: status=None msg=None
2026-07-05 16:16:23 | INFO | trading_bot | Alpaca stream market-crypto closed for Paper: status=None msg=None
2026-07-05 16:16:34 | INFO | trading_bot | Alpaca stream trade_updates closed for Paper: status=None msg=None
2026-07-05 16:16:34 | INFO | trading_bot | Alpaca stream market-stocks closed for Paper: status=None msg=None
2026-07-05 16:17:08 | INFO | trading_bot | Alpaca stream news closed for Paper: status=None msg=None
2026-07-05 16:17:09 | INFO | trading_bot | Alpaca stream market-crypto closed for Paper: status=None msg=None
2026-07-05 16:17:24 | INFO | trading_bot | Alpaca stream trade_updates closed for Paper: status=None msg=None
2026-07-05 16:17:26 | INFO | trading_bot | Alpaca stream market-stocks closed for Paper: status=None msg=None
2026-07-05 16:17:36 | WARNING | trading_bot | No se pudo crear salida inmediata para SOLUSD: 403 Client Error: Forbidden for url: https://paper-api.alpaca.markets/v2/orders
2026-07-05 16:17:54 | INFO | trading_bot | Alpaca stream news closed for Paper: status=None msg=None
2026-07-05 16:17:59 | INFO | trading_bot | Alpaca stream market-crypto closed for Paper: status=None msg=None
2026-07-05 16:18:14 | INFO | trading_bot | Alpaca stream trade_updates closed for Paper: status=None msg=None
2026-07-05 16:18:15 | INFO | trading_bot | Alpaca stream market-stocks closed for Paper: status=None msg=None
2026-07-05 16:18:45 | INFO | trading_bot | Alpaca stream news closed for Paper: status=None msg=None
2026-07-05 16:18:51 | INFO | trading_bot | Alpaca stream market-crypto closed for Paper: status=None msg=None
2026-07-05 16:19:05 | INFO | trading_bot | Alpaca stream market-stocks closed for Paper: status=None msg=None
2026-07-05 16:19:06 | INFO | trading_bot | Alpaca stream trade_updates closed for Paper: status=None msg=None
2026-07-05 16:19:36 | INFO | trading_bot | Alpaca stream news closed for Paper: status=None msg=None
2026-07-05 16:19:42 | INFO | trading_bot | Alpaca stream market-crypto closed for Paper: status=None msg=None
2026-07-05 16:19:55 | INFO | trading_bot | Alpaca stream market-stocks closed for Paper: status=None msg=None
2026-07-05 16:19:57 | INFO | trading_bot | Alpaca stream trade_updates closed for Paper: status=None msg=None
2026-07-05 16:20:27 | INFO | trading_bot | Alpaca stream news closed for Paper: status=None msg=None
2026-07-05 16:20:30 | INFO | trading_bot | Alpaca stream market-crypto closed for Paper: status=None msg=None
2026-07-05 16:20:45 | INFO | trading_bot | Alpaca stream market-stocks closed for Paper: status=None msg=None
2026-07-05 16:20:48 | INFO | trading_bot | Alpaca stream trade_updates closed for Paper: status=None msg=None
2026-07-05 16:21:18 | INFO | trading_bot | Alpaca stream news closed for Paper: status=None msg=None
2026-07-05 16:21:21 | INFO | trading_bot | Alpaca stream market-crypto closed for Paper: status=None msg=None
2026-07-05 16:21:35 | INFO | trading_bot | Alpaca stream market-stocks closed for Paper: status=None msg=None
2026-07-05 16:21:39 | INFO | trading_bot | Alpaca stream trade_updates closed for Paper: status=None msg=None
2026-07-05 16:22:09 | INFO | trading_bot | Alpaca stream news closed for Paper: status=None msg=None
2026-07-05 16:22:10 | INFO | trading_bot | Alpaca stream market-crypto closed for Paper: status=None msg=None
2026-07-05 16:22:25 | INFO | trading_bot | Alpaca stream market-stocks closed for Paper: status=None msg=None
2026-07-05 16:22:30 | INFO | trading_bot | Alpaca stream trade_updates closed for Paper: status=None msg=None
2026-07-05 16:23:00 | INFO | trading_bot | Alpaca stream news closed for Paper: status=None msg=None
2026-07-05 16:23:00 | INFO | trading_bot | Alpaca stream market-crypto closed for Paper: status=None msg=None
2026-07-05 16:23:03 | WARNING | trading_bot | Alpaca devolvio barras vacias para AAPL (1m)
2026-07-05 16:23:03 | WARNING | trading_bot | Alpaca devolvio barras vacias para AAPL (5m)
2026-07-05 16:23:03 | WARNING | trading_bot | Alpaca devolvio barras vacias para AAPL (15m)
2026-07-05 16:23:52 | INFO | trading_bot | Alpaca stream market-stocks closed for Paper: status=None msg=None
2026-07-05 16:23:52 | INFO | trading_bot | Alpaca stream market-crypto closed for Paper: status=None msg=None
2026-07-05 16:23:52 | INFO | trading_bot | Alpaca stream news closed for Paper: status=None msg=None
2026-07-05 16:23:53 | INFO | trading_bot | Alpaca stream trade_updates closed for Paper: status=None msg=None
2026-07-05 16:24:02 | WARNING | trading_bot | Alpaca devolvio barras vacias para AAPL (1m)
2026-07-05 16:24:02 | WARNING | trading_bot | Alpaca devolvio barras vacias para AAPL (15m)
2026-07-05 16:24:42 | INFO | trading_bot | Alpaca stream market-stocks closed for Paper: status=None msg=None
2026-07-05 16:24:42 | INFO | trading_bot | Alpaca stream news closed for Paper: status=None msg=None
2026-07-05 16:24:42 | INFO | trading_bot | Alpaca stream trade_updates closed for Paper: status=None msg=None
2026-07-05 16:25:07 | WARNING | trading_bot | No se pudo crear salida inmediata para SOLUSD: 403 Client Error: Forbidden for url: https://paper-api.alpaca.markets/v2/orders
2026-07-05 16:25:32 | INFO | trading_bot | Alpaca stream market-stocks closed for Paper: status=None msg=None
2026-07-05 16:25:32 | INFO | trading_bot | Alpaca stream news closed for Paper: status=None msg=None
2026-07-05 16:25:33 | INFO | trading_bot | Alpaca stream trade_updates closed for Paper: status=None msg=None
2026-07-05 16:26:22 | INFO | trading_bot | Alpaca stream market-stocks closed for Paper: status=None msg=None
2026-07-05 16:26:22 | INFO | trading_bot | Alpaca stream news closed for Paper: status=None msg=None
2026-07-05 16:26:22 | INFO | trading_bot | Alpaca stream trade_updates closed for Paper: status=None msg=None
2026-07-05 16:27:12 | INFO | trading_bot | Alpaca stream market-stocks closed for Paper: status=None msg=None
2026-07-05 16:27:12 | INFO | trading_bot | Alpaca stream news closed for Paper: status=None msg=None
2026-07-05 16:27:12 | INFO | trading_bot | Alpaca stream trade_updates closed for Paper: status=None msg=None
2026-07-05 16:28:03 | INFO | trading_bot | Alpaca stream market-stocks closed for Paper: status=None msg=None
2026-07-05 16:28:03 | INFO | trading_bot | Alpaca stream news closed for Paper: status=None msg=None
2026-07-05 16:28:03 | INFO | trading_bot | Alpaca stream trade_updates closed for Paper: status=None msg=None
2026-07-05 16:28:53 | INFO | trading_bot | Alpaca stream market-stocks closed for Paper: status=None msg=None
2026-07-05 16:28:53 | INFO | trading_bot | Alpaca stream news closed for Paper: status=None msg=None
2026-07-05 16:28:53 | INFO | trading_bot | Alpaca stream trade_updates closed for Paper: status=None msg=None
2026-07-05 16:29:43 | INFO | trading_bot | Alpaca stream market-stocks closed for Paper: status=None msg=None
2026-07-05 16:29:43 | INFO | trading_bot | Alpaca stream news closed for Paper: status=None msg=None
2026-07-05 16:29:43 | INFO | trading_bot | Alpaca stream trade_updates closed for Paper: status=None msg=None
2026-07-05 16:30:33 | INFO | trading_bot | Alpaca stream market-stocks closed for Paper: status=None msg=None
2026-07-05 16:30:33 | INFO | trading_bot | Alpaca stream news closed for Paper: status=None msg=None
2026-07-05 16:30:33 | INFO | trading_bot | Alpaca stream trade_updates closed for Paper: status=None msg=None
2026-07-05 16:31:23 | INFO | trading_bot | Alpaca stream market-stocks closed for Paper: status=None msg=None
2026-07-05 16:31:23 | INFO | trading_bot | Alpaca stream news closed for Paper: status=None msg=None
2026-07-05 16:31:23 | INFO | trading_bot | Alpaca stream trade_updates closed for Paper: status=None msg=None
2026-07-05 16:32:13 | INFO | trading_bot | Alpaca stream market-stocks closed for Paper: status=None msg=None
2026-07-05 16:32:13 | INFO | trading_bot | Alpaca stream news closed for Paper: status=None msg=None
2026-07-05 16:32:13 | INFO | trading_bot | Alpaca stream trade_updates closed for Paper: status=None msg=None
2026-07-05 16:33:03 | INFO | trading_bot | Alpaca stream market-stocks closed for Paper: status=None msg=None
2026-07-05 16:33:03 | INFO | trading_bot | Alpaca stream news closed for Paper: status=None msg=None
2026-07-05 16:33:03 | INFO | trading_bot | Alpaca stream trade_updates closed for Paper: status=None msg=None
2026-07-05 16:33:53 | INFO | trading_bot | Alpaca stream market-stocks closed for Paper: status=None msg=None
2026-07-05 16:33:53 | INFO | trading_bot | Alpaca stream news closed for Paper: status=None msg=None
2026-07-05 16:33:53 | INFO | trading_bot | Alpaca stream trade_updates closed for Paper: status=None msg=None
2026-07-05 16:33:56 | WARNING | trading_bot | No se pudo crear salida inmediata para SOLUSD: 403 Client Error: Forbidden for url: https://paper-api.alpaca.markets/v2/orders
2026-07-05 16:34:43 | INFO | trading_bot | Alpaca stream market-stocks closed for Paper: status=None msg=None
2026-07-05 16:34:43 | INFO | trading_bot | Alpaca stream trade_updates closed for Paper: status=None msg=None
2026-07-05 16:34:44 | INFO | trading_bot | Alpaca stream news closed for Paper: status=None msg=None
2026-07-05 16:35:33 | INFO | trading_bot | Alpaca stream market-stocks closed for Paper: status=None msg=None
2026-07-05 16:35:33 | INFO | trading_bot | Alpaca stream trade_updates closed for Paper: status=None msg=None
2026-07-05 16:35:33 | INFO | trading_bot | Alpaca stream news closed for Paper: status=None msg=None
2026-07-05 16:36:17 | WARNING | trading_bot | Alpaca devolvio barras vacias para AAPL (1m)
2026-07-05 16:36:17 | WARNING | trading_bot | Alpaca devolvio barras vacias para AAPL (5m)
2026-07-05 16:36:17 | WARNING | trading_bot | Alpaca devolvio barras vacias para AAPL (15m)
2026-07-05 16:37:07 | INFO | trading_bot | Alpaca stream market-stocks closed for Paper: status=None msg=None
2026-07-05 16:37:07 | INFO | trading_bot | Alpaca stream news closed for Paper: status=None msg=None
2026-07-05 16:37:07 | INFO | trading_bot | Alpaca stream trade_updates closed for Paper: status=None msg=None
2026-07-05 16:37:57 | INFO | trading_bot | Alpaca stream market-stocks closed for Paper: status=None msg=None
2026-07-05 16:37:57 | INFO | trading_bot | Alpaca stream news closed for Paper: status=None msg=None
2026-07-05 16:37:58 | INFO | trading_bot | Alpaca stream trade_updates closed for Paper: status=None msg=None
2026-07-05 16:38:47 | INFO | trading_bot | Alpaca stream market-stocks closed for Paper: status=None msg=None
2026-07-05 16:38:47 | INFO | trading_bot | Alpaca stream news closed for Paper: status=None msg=None
2026-07-05 16:38:47 | INFO | trading_bot | Alpaca stream trade_updates closed for Paper: status=None msg=None
2026-07-05 16:39:19 | WARNING | trading_bot | Alpaca devolvio barras vacias para AAPL (1m)
2026-07-05 16:39:19 | WARNING | trading_bot | Alpaca devolvio barras vacias para AAPL (5m)
2026-07-05 16:39:19 | WARNING | trading_bot | Alpaca devolvio barras vacias para AAPL (15m)
2026-07-05 16:39:46 | WARNING | trading_bot | Alpaca devolvio barras vacias para AAPL (15m)
2026-07-05 16:39:56 | WARNING | trading_bot | Alpaca devolvio barras vacias para AAPL (1m)
2026-07-05 16:40:08 | INFO | trading_bot | Alpaca stream news closed for Paper: status=None msg=None
2026-07-05 16:40:09 | INFO | trading_bot | Alpaca stream trade_updates closed for Paper: status=None msg=None
2026-07-05 16:40:09 | INFO | trading_bot | Alpaca stream market-stocks closed for Paper: status=None msg=None
2026-07-05 16:40:23 | WARNING | trading_bot | No se pudo reconciliar salida limit faltante para SOLUSD: 403 Client Error: Forbidden for url: https://paper-api.alpaca.markets/v2/orders
2026-07-05 16:40:23 | WARNING | trading_bot | No se pudo reconciliar salida limit faltante para SOLUSD: 403 Client Error: Forbidden for url: https://paper-api.alpaca.markets/v2/orders
2026-07-05 16:40:24 | WARNING | trading_bot | No se pudo crear salida inmediata para SOLUSD: 403 Client Error: Forbidden for url: https://paper-api.alpaca.markets/v2/orders
2026-07-05 16:40:59 | INFO | trading_bot | Alpaca stream news closed for Paper: status=None msg=None
2026-07-05 16:40:59 | INFO | trading_bot | Alpaca stream trade_updates closed for Paper: status=None msg=None
2026-07-05 16:40:59 | INFO | trading_bot | Alpaca stream market-stocks closed for Paper: status=None msg=None
2026-07-05 16:41:49 | INFO | trading_bot | Alpaca stream news closed for Paper: status=None msg=None
2026-07-05 16:41:49 | INFO | trading_bot | Alpaca stream trade_updates closed for Paper: status=None msg=None
2026-07-05 16:41:50 | INFO | trading_bot | Alpaca stream market-stocks closed for Paper: status=None msg=None
2026-07-05 16:41:54 | INFO | trading_bot | Alpaca stream market-crypto closed for Paper: status=None msg=None
2026-07-05 16:42:39 | INFO | trading_bot | Alpaca stream news closed for Paper: status=None msg=None
2026-07-05 16:42:39 | INFO | trading_bot | Alpaca stream trade_updates closed for Paper: status=None msg=None
2026-07-05 16:42:39 | INFO | trading_bot | Alpaca stream market-stocks closed for Paper: status=None msg=None
2026-07-05 16:43:29 | INFO | trading_bot | Alpaca stream news closed for Paper: status=None msg=None
2026-07-05 16:43:29 | INFO | trading_bot | Alpaca stream trade_updates closed for Paper: status=None msg=None
2026-07-05 16:43:29 | INFO | trading_bot | Alpaca stream market-stocks closed for Paper: status=None msg=None
2026-07-05 16:43:49 | INFO | trading_bot | Alpaca stream market-crypto closed for Paper: status=None msg=None
2026-07-05 16:44:19 | INFO | trading_bot | Alpaca stream news closed for Paper: status=None msg=None
2026-07-05 16:44:19 | INFO | trading_bot | Alpaca stream trade_updates closed for Paper: status=None msg=None
2026-07-05 16:44:19 | INFO | trading_bot | Alpaca stream market-stocks closed for Paper: status=None msg=None
2026-07-05 16:44:57 | WARNING | trading_bot | No se pudo crear salida inmediata para SOLUSD: 403 Client Error: Forbidden for url: https://paper-api.alpaca.markets/v2/orders
2026-07-05 16:45:09 | INFO | trading_bot | Alpaca stream trade_updates closed for Paper: status=None msg=None
2026-07-05 16:45:09 | INFO | trading_bot | Alpaca stream market-stocks closed for Paper: status=None msg=None
2026-07-05 16:45:10 | INFO | trading_bot | Alpaca stream news closed for Paper: status=None msg=None
2026-07-05 16:45:59 | INFO | trading_bot | Alpaca stream trade_updates closed for Paper: status=None msg=None
2026-07-05 16:45:59 | INFO | trading_bot | Alpaca stream market-stocks closed for Paper: status=None msg=None
2026-07-05 16:45:59 | INFO | trading_bot | Alpaca stream news closed for Paper: status=None msg=None
2026-07-05 16:46:49 | INFO | trading_bot | Alpaca stream trade_updates closed for Paper: status=None msg=None
2026-07-05 16:46:49 | INFO | trading_bot | Alpaca stream market-stocks closed for Paper: status=None msg=None
2026-07-05 16:46:50 | INFO | trading_bot | Alpaca stream news closed for Paper: status=None msg=None
2026-07-05 16:47:39 | INFO | trading_bot | Alpaca stream trade_updates closed for Paper: status=None msg=None
2026-07-05 16:47:39 | INFO | trading_bot | Alpaca stream market-stocks closed for Paper: status=None msg=None
2026-07-05 16:47:39 | INFO | trading_bot | Alpaca stream news closed for Paper: status=None msg=None
2026-07-05 16:48:29 | INFO | trading_bot | Alpaca stream trade_updates closed for Paper: status=None msg=None
2026-07-05 16:48:29 | INFO | trading_bot | Alpaca stream market-stocks closed for Paper: status=None msg=None
2026-07-05 16:48:29 | INFO | trading_bot | Alpaca stream news closed for Paper: status=None msg=None
2026-07-05 16:49:19 | INFO | trading_bot | Alpaca stream trade_updates closed for Paper: status=None msg=None
2026-07-05 16:49:19 | INFO | trading_bot | Alpaca stream market-stocks closed for Paper: status=None msg=None
2026-07-05 16:49:19 | INFO | trading_bot | Alpaca stream news closed for Paper: status=None msg=None
2026-07-05 16:50:09 | INFO | trading_bot | Alpaca stream market-stocks closed for Paper: status=None msg=None
2026-07-05 16:50:09 | INFO | trading_bot | Alpaca stream news closed for Paper: status=None msg=None
2026-07-05 16:50:10 | INFO | trading_bot | Alpaca stream trade_updates closed for Paper: status=None msg=None
2026-07-05 16:50:49 | INFO | trading_bot | Alpaca stream market-crypto closed for Paper: status=None msg=None
2026-07-05 16:50:59 | INFO | trading_bot | Alpaca stream market-stocks closed for Paper: status=None msg=None
2026-07-05 16:50:59 | INFO | trading_bot | Alpaca stream news closed for Paper: status=None msg=None
2026-07-05 16:50:59 | INFO | trading_bot | Alpaca stream trade_updates closed for Paper: status=None msg=None
2026-07-05 16:51:03 | WARNING | trading_bot | Alpaca devolvio barras vacias para AAPL (1m)
2026-07-05 16:51:03 | WARNING | trading_bot | Alpaca devolvio barras vacias para AAPL (5m)
2026-07-05 16:51:03 | WARNING | trading_bot | Alpaca devolvio barras vacias para AAPL (15m)
2026-07-05 16:51:53 | INFO | trading_bot | Alpaca stream market-stocks closed for Paper: status=None msg=None
2026-07-05 16:51:53 | INFO | trading_bot | Alpaca stream trade_updates closed for Paper: status=None msg=None
2026-07-05 16:51:53 | INFO | trading_bot | Alpaca stream news closed for Paper: status=None msg=None
2026-07-05 16:52:43 | INFO | trading_bot | Alpaca stream market-stocks closed for Paper: status=None msg=None
2026-07-05 16:52:43 | INFO | trading_bot | Alpaca stream trade_updates closed for Paper: status=None msg=None
2026-07-05 16:52:43 | INFO | trading_bot | Alpaca stream news closed for Paper: status=None msg=None
2026-07-05 16:53:33 | INFO | trading_bot | Alpaca stream market-stocks closed for Paper: status=None msg=None
2026-07-05 16:53:33 | INFO | trading_bot | Alpaca stream trade_updates closed for Paper: status=None msg=None
2026-07-05 16:53:33 | INFO | trading_bot | Alpaca stream news closed for Paper: status=None msg=None
2026-07-05 16:54:23 | INFO | trading_bot | Alpaca stream market-stocks closed for Paper: status=None msg=None
2026-07-05 16:54:23 | INFO | trading_bot | Alpaca stream trade_updates closed for Paper: status=None msg=None
2026-07-05 16:54:23 | INFO | trading_bot | Alpaca stream news closed for Paper: status=None msg=None
2026-07-05 16:55:12 | WARNING | trading_bot | No se pudo crear salida inmediata para SOLUSD: 403 Client Error: Forbidden for url: https://paper-api.alpaca.markets/v2/orders
2026-07-05 16:55:13 | INFO | trading_bot | Alpaca stream market-stocks closed for Paper: status=None msg=None
2026-07-05 16:55:13 | INFO | trading_bot | Alpaca stream trade_updates closed for Paper: status=None msg=None
2026-07-05 16:55:14 | INFO | trading_bot | Alpaca stream news closed for Paper: status=None msg=None
2026-07-05 16:56:03 | INFO | trading_bot | Alpaca stream market-stocks closed for Paper: status=None msg=None
2026-07-05 16:56:03 | INFO | trading_bot | Alpaca stream trade_updates closed for Paper: status=None msg=None
2026-07-05 16:56:03 | INFO | trading_bot | Alpaca stream news closed for Paper: status=None msg=None
2026-07-05 16:56:53 | INFO | trading_bot | Alpaca stream market-stocks closed for Paper: status=None msg=None
2026-07-05 16:56:53 | INFO | trading_bot | Alpaca stream news closed for Paper: status=None msg=None
2026-07-05 16:56:54 | INFO | trading_bot | Alpaca stream trade_updates closed for Paper: status=None msg=None
2026-07-05 16:57:43 | INFO | trading_bot | Alpaca stream market-stocks closed for Paper: status=None msg=None
2026-07-05 16:57:43 | INFO | trading_bot | Alpaca stream news closed for Paper: status=None msg=None
2026-07-05 16:57:43 | INFO | trading_bot | Alpaca stream trade_updates closed for Paper: status=None msg=None
2026-07-05 16:58:33 | INFO | trading_bot | Alpaca stream market-stocks closed for Paper: status=None msg=None
2026-07-05 16:58:33 | INFO | trading_bot | Alpaca stream news closed for Paper: status=None msg=None
2026-07-05 16:58:34 | INFO | trading_bot | Alpaca stream trade_updates closed for Paper: status=None msg=None
2026-07-05 16:59:25 | INFO | trading_bot | Alpaca stream market-stocks closed for Paper: status=None msg=None
2026-07-05 16:59:25 | INFO | trading_bot | Alpaca stream news closed for Paper: status=None msg=None
2026-07-05 16:59:25 | INFO | trading_bot | Alpaca stream trade_updates closed for Paper: status=None msg=None
2026-07-05 16:59:52 | WARNING | trading_bot | Alpaca devolvio barras vacias para AAPL (1m)
2026-07-05 16:59:52 | WARNING | trading_bot | Alpaca devolvio barras vacias para AAPL (5m)
2026-07-05 16:59:52 | WARNING | trading_bot | Alpaca devolvio barras vacias para AAPL (15m)
2026-07-05 17:00:19 | WARNING | trading_bot | OpenAI analyzer fallback neutral: HTTPSConnectionPool(host='api.openai.com', port=443): Read timed out. (read timeout=25)
2026-07-05 17:00:24 | WARNING | trading_bot | Alpaca devolvio barras vacias para AAPL (1m)
2026-07-05 17:00:24 | WARNING | trading_bot | Alpaca devolvio barras vacias para AAPL (15m)
2026-07-05 17:00:41 | INFO | trading_bot | Alpaca stream market-stocks closed for Paper: status=None msg=None
2026-07-05 17:00:41 | INFO | trading_bot | Alpaca stream trade_updates closed for Paper: status=None msg=None
2026-07-05 17:00:42 | INFO | trading_bot | Alpaca stream news closed for Paper: status=None msg=None
2026-07-05 17:01:32 | INFO | trading_bot | Alpaca stream market-stocks closed for Paper: status=None msg=None
2026-07-05 17:01:32 | INFO | trading_bot | Alpaca stream trade_updates closed for Paper: status=None msg=None
2026-07-05 17:01:32 | INFO | trading_bot | Alpaca stream news closed for Paper: status=None msg=None
2026-07-05 17:02:22 | INFO | trading_bot | Alpaca stream market-stocks closed for Paper: status=None msg=None
2026-07-05 17:02:22 | INFO | trading_bot | Alpaca stream trade_updates closed for Paper: status=None msg=None
2026-07-05 17:02:23 | INFO | trading_bot | Alpaca stream news closed for Paper: status=None msg=None
2026-07-05 17:03:12 | INFO | trading_bot | Alpaca stream market-stocks closed for Paper: status=None msg=None
2026-07-05 17:03:12 | INFO | trading_bot | Alpaca stream trade_updates closed for Paper: status=None msg=None
2026-07-05 17:03:14 | INFO | trading_bot | Alpaca stream news closed for Paper: status=None msg=None
2026-07-05 17:04:02 | INFO | trading_bot | Alpaca stream market-stocks closed for Paper: status=None msg=None
2026-07-05 17:04:02 | INFO | trading_bot | Alpaca stream trade_updates closed for Paper: status=None msg=None
2026-07-05 17:04:02 | INFO | trading_bot | Alpaca stream news closed for Paper: status=None msg=None
2026-07-05 17:04:52 | INFO | trading_bot | Alpaca stream market-stocks closed for Paper: status=None msg=None
2026-07-05 17:04:53 | INFO | trading_bot | Alpaca stream news closed for Paper: status=None msg=None
2026-07-05 17:04:53 | INFO | trading_bot | Alpaca stream trade_updates closed for Paper: status=None msg=None
2026-07-05 17:05:21 | WARNING | trading_bot | No se pudo crear salida inmediata para SOLUSD: 403 Client Error: Forbidden for url: https://paper-api.alpaca.markets/v2/orders
2026-07-05 17:05:42 | INFO | trading_bot | Alpaca stream market-stocks closed for Paper: status=None msg=None
2026-07-05 17:05:42 | INFO | trading_bot | Alpaca stream news closed for Paper: status=None msg=None
2026-07-05 17:05:42 | INFO | trading_bot | Alpaca stream trade_updates closed for Paper: status=None msg=None
2026-07-05 17:06:32 | INFO | trading_bot | Alpaca stream market-stocks closed for Paper: status=None msg=None
2026-07-05 17:06:32 | INFO | trading_bot | Alpaca stream news closed for Paper: status=None msg=None
2026-07-05 17:06:32 | INFO | trading_bot | Alpaca stream trade_updates closed for Paper: status=None msg=None
2026-07-05 17:07:22 | INFO | trading_bot | Alpaca stream market-stocks closed for Paper: status=None msg=None
2026-07-05 17:07:22 | INFO | trading_bot | Alpaca stream news closed for Paper: status=None msg=None
2026-07-05 17:07:22 | INFO | trading_bot | Alpaca stream trade_updates closed for Paper: status=None msg=None
2026-07-05 17:07:42 | WARNING | trading_bot | Alpaca devolvio barras vacias para AAPL (1m)
2026-07-05 17:07:42 | WARNING | trading_bot | Alpaca devolvio barras vacias para AAPL (5m)
2026-07-05 17:07:42 | WARNING | trading_bot | Alpaca devolvio barras vacias para AAPL (15m)
2026-07-05 17:07:56 | WARNING | trading_bot | Alpaca devolvio barras vacias para AAPL (15m)
2026-07-05 17:08:09 | WARNING | trading_bot | OpenAI analyzer fallback neutral: HTTPSConnectionPool(host='api.openai.com', port=443): Read timed out. (read timeout=25)
2026-07-05 17:08:29 | WARNING | trading_bot | Alpaca devolvio barras vacias para AAPL (1m)
2026-07-05 17:08:29 | WARNING | trading_bot | Alpaca devolvio barras vacias para AAPL (15m)
2026-07-05 17:08:31 | INFO | trading_bot | Alpaca stream market-stocks closed for Paper: status=None msg=None
2026-07-05 17:08:31 | INFO | trading_bot | Alpaca stream news closed for Paper: status=None msg=None
2026-07-05 17:08:32 | INFO | trading_bot | Alpaca stream trade_updates closed for Paper: status=None msg=None
2026-07-05 17:09:22 | INFO | trading_bot | Alpaca stream market-stocks closed for Paper: status=None msg=None
2026-07-05 17:09:22 | INFO | trading_bot | Alpaca stream news closed for Paper: status=None msg=None
2026-07-05 17:09:22 | INFO | trading_bot | Alpaca stream trade_updates closed for Paper: status=None msg=None
2026-07-05 17:10:13 | INFO | trading_bot | Alpaca stream market-stocks closed for Paper: status=None msg=None
2026-07-05 17:10:13 | INFO | trading_bot | Alpaca stream news closed for Paper: status=None msg=None
2026-07-05 17:10:13 | INFO | trading_bot | Alpaca stream trade_updates closed for Paper: status=None msg=None
2026-07-05 17:11:02 | INFO | trading_bot | Alpaca stream news closed for Paper: status=None msg=None
2026-07-05 17:11:04 | INFO | trading_bot | Alpaca stream market-stocks closed for Paper: status=None msg=None
2026-07-05 17:11:04 | INFO | trading_bot | Alpaca stream trade_updates closed for Paper: status=None msg=None
2026-07-05 17:11:40 | WARNING | trading_bot | Alpaca devolvio barras vacias para AAPL (1m)
2026-07-05 17:11:40 | WARNING | trading_bot | Alpaca devolvio barras vacias para AAPL (5m)
2026-07-05 17:11:40 | WARNING | trading_bot | Alpaca devolvio barras vacias para AAPL (15m)
2026-07-05 17:12:06 | WARNING | trading_bot | No se pudo crear salida inmediata para SOLUSD: 403 Client Error: Forbidden for url: https://paper-api.alpaca.markets/v2/orders
2026-07-05 17:12:30 | INFO | trading_bot | Alpaca stream news closed for Paper: status=None msg=None
2026-07-05 17:12:30 | INFO | trading_bot | Alpaca stream trade_updates closed for Paper: status=None msg=None
2026-07-05 17:12:30 | INFO | trading_bot | Alpaca stream market-stocks closed for Paper: status=None msg=None
2026-07-05 17:13:21 | WARNING | trading_bot | Alpaca devolvio barras vacias para AAPL (1m)
2026-07-05 17:13:21 | WARNING | trading_bot | Alpaca devolvio barras vacias para AAPL (5m)
2026-07-05 17:13:21 | WARNING | trading_bot | Alpaca devolvio barras vacias para AAPL (15m)
2026-07-05 17:13:42 | WARNING | trading_bot | Alpaca devolvio barras vacias para AAPL (15m)
2026-07-05 17:13:55 | WARNING | trading_bot | Alpaca devolvio barras vacias para AAPL (1m)
2026-07-05 17:14:10 | INFO | trading_bot | Alpaca stream market-stocks closed for Paper: status=None msg=None
2026-07-05 17:14:10 | INFO | trading_bot | Alpaca stream news closed for Paper: status=None msg=None
2026-07-05 17:14:10 | INFO | trading_bot | Alpaca stream trade_updates closed for Paper: status=None msg=None
2026-07-05 17:15:00 | INFO | trading_bot | Alpaca stream market-stocks closed for Paper: status=None msg=None
2026-07-05 17:15:00 | INFO | trading_bot | Alpaca stream news closed for Paper: status=None msg=None
2026-07-05 17:15:00 | INFO | trading_bot | Alpaca stream trade_updates closed for Paper: status=None msg=None
2026-07-05 17:15:51 | INFO | trading_bot | Alpaca stream market-stocks closed for Paper: status=None msg=None
2026-07-05 17:15:52 | INFO | trading_bot | Alpaca stream news closed for Paper: status=None msg=None
2026-07-05 17:15:52 | INFO | trading_bot | Alpaca stream trade_updates closed for Paper: status=None msg=None
2026-07-05 17:16:41 | INFO | trading_bot | Alpaca stream market-stocks closed for Paper: status=None msg=None
2026-07-05 17:16:41 | INFO | trading_bot | Alpaca stream news closed for Paper: status=None msg=None
2026-07-05 17:16:41 | INFO | trading_bot | Alpaca stream trade_updates closed for Paper: status=None msg=None
2026-07-05 17:17:31 | INFO | trading_bot | Alpaca stream market-stocks closed for Paper: status=None msg=None
2026-07-05 17:17:31 | INFO | trading_bot | Alpaca stream news closed for Paper: status=None msg=None
2026-07-05 17:17:31 | INFO | trading_bot | Alpaca stream trade_updates closed for Paper: status=None msg=None
2026-07-05 17:18:21 | INFO | trading_bot | Alpaca stream market-stocks closed for Paper: status=None msg=None
2026-07-05 17:18:21 | INFO | trading_bot | Alpaca stream news closed for Paper: status=None msg=None
2026-07-05 17:18:21 | INFO | trading_bot | Alpaca stream trade_updates closed for Paper: status=None msg=None
2026-07-05 17:18:28 | WARNING | trading_bot | Alpaca devolvio barras vacias para AAPL (1m)
2026-07-05 17:18:28 | WARNING | trading_bot | Alpaca devolvio barras vacias para AAPL (5m)
2026-07-05 17:18:28 | WARNING | trading_bot | Alpaca devolvio barras vacias para AAPL (15m)
2026-07-05 17:19:17 | INFO | trading_bot | Alpaca stream market-stocks closed for Paper: status=None msg=None
2026-07-05 17:19:17 | INFO | trading_bot | Alpaca stream news closed for Paper: status=None msg=None
2026-07-05 17:19:17 | INFO | trading_bot | Alpaca stream trade_updates closed for Paper: status=None msg=None
2026-07-05 17:20:07 | INFO | trading_bot | Alpaca stream market-stocks closed for Paper: status=None msg=None
2026-07-05 17:20:07 | INFO | trading_bot | Alpaca stream news closed for Paper: status=None msg=None
2026-07-05 17:20:07 | INFO | trading_bot | Alpaca stream trade_updates closed for Paper: status=None msg=None
2026-07-05 17:20:29 | WARNING | trading_bot | Alpaca devolvio barras vacias para AAPL (1m)
2026-07-05 17:20:29 | WARNING | trading_bot | Alpaca devolvio barras vacias para AAPL (15m)
2026-07-05 17:20:57 | INFO | trading_bot | Alpaca stream market-stocks closed for Paper: status=None msg=None
2026-07-05 17:20:57 | INFO | trading_bot | Alpaca stream news closed for Paper: status=None msg=None
2026-07-05 17:20:57 | INFO | trading_bot | Alpaca stream trade_updates closed for Paper: status=None msg=None
2026-07-05 17:21:47 | INFO | trading_bot | Alpaca stream market-stocks closed for Paper: status=None msg=None
2026-07-05 17:21:49 | INFO | trading_bot | Alpaca stream news closed for Paper: status=None msg=None
2026-07-05 17:21:49 | INFO | trading_bot | Alpaca stream trade_updates closed for Paper: status=None msg=None
2026-07-05 17:22:38 | INFO | trading_bot | Alpaca stream trade_updates closed for Paper: status=None msg=None
2026-07-05 17:22:39 | INFO | trading_bot | Alpaca stream market-stocks closed for Paper: status=None msg=None
2026-07-05 17:22:40 | INFO | trading_bot | Alpaca stream news closed for Paper: status=None msg=None
2026-07-05 17:23:28 | INFO | trading_bot | Alpaca stream trade_updates closed for Paper: status=None msg=None
2026-07-05 17:23:28 | INFO | trading_bot | Alpaca stream market-stocks closed for Paper: status=None msg=None
2026-07-05 17:23:28 | INFO | trading_bot | Alpaca stream news closed for Paper: status=None msg=None
2026-07-05 17:24:18 | INFO | trading_bot | Alpaca stream trade_updates closed for Paper: status=None msg=None
2026-07-05 17:24:18 | INFO | trading_bot | Alpaca stream market-stocks closed for Paper: status=None msg=None
2026-07-05 17:24:18 | INFO | trading_bot | Alpaca stream news closed for Paper: status=None msg=None
2026-07-05 17:25:08 | INFO | trading_bot | Alpaca stream trade_updates closed for Paper: status=None msg=None
2026-07-05 17:25:08 | INFO | trading_bot | Alpaca stream market-stocks closed for Paper: status=None msg=None
2026-07-05 17:25:08 | INFO | trading_bot | Alpaca stream news closed for Paper: status=None msg=None
2026-07-05 17:25:58 | INFO | trading_bot | Alpaca stream trade_updates closed for Paper: status=None msg=None
2026-07-05 17:25:58 | INFO | trading_bot | Alpaca stream market-stocks closed for Paper: status=None msg=None
2026-07-05 17:25:58 | INFO | trading_bot | Alpaca stream news closed for Paper: status=None msg=None
2026-07-05 17:26:27 | WARNING | trading_bot | Alpaca devolvio barras vacias para AAPL (1m)
2026-07-05 17:26:27 | WARNING | trading_bot | Alpaca devolvio barras vacias para AAPL (5m)
2026-07-05 17:26:27 | WARNING | trading_bot | Alpaca devolvio barras vacias para AAPL (15m)
2026-07-05 17:27:16 | INFO | trading_bot | Alpaca stream market-stocks closed for Paper: status=None msg=None
2026-07-05 17:27:16 | INFO | trading_bot | Alpaca stream news closed for Paper: status=None msg=None
2026-07-05 17:27:16 | INFO | trading_bot | Alpaca stream trade_updates closed for Paper: status=None msg=None
2026-07-05 17:28:06 | INFO | trading_bot | Alpaca stream market-stocks closed for Paper: status=None msg=None
2026-07-05 17:28:07 | INFO | trading_bot | Alpaca stream news closed for Paper: status=None msg=None
2026-07-05 17:28:07 | INFO | trading_bot | Alpaca stream trade_updates closed for Paper: status=None msg=None
2026-07-05 17:28:30 | WARNING | trading_bot | Alpaca devolvio barras vacias para AAPL (1m)
2026-07-05 17:28:30 | WARNING | trading_bot | Alpaca devolvio barras vacias para AAPL (5m)
2026-07-05 17:28:30 | WARNING | trading_bot | Alpaca devolvio barras vacias para AAPL (15m)
2026-07-05 17:29:20 | INFO | trading_bot | Alpaca stream market-stocks closed for Paper: status=None msg=None
2026-07-05 17:29:20 | INFO | trading_bot | Alpaca stream news closed for Paper: status=None msg=None
2026-07-05 17:29:20 | INFO | trading_bot | Alpaca stream trade_updates closed for Paper: status=None msg=None
2026-07-05 17:29:27 | WARNING | trading_bot | Alpaca devolvio barras vacias para AAPL (1m)
2026-07-05 17:29:27 | WARNING | trading_bot | Alpaca devolvio barras vacias para AAPL (15m)
2026-07-05 17:30:10 | INFO | trading_bot | Alpaca stream market-stocks closed for Paper: status=None msg=None
2026-07-05 17:30:11 | INFO | trading_bot | Alpaca stream news closed for Paper: status=None msg=None
2026-07-05 17:30:11 | INFO | trading_bot | Alpaca stream trade_updates closed for Paper: status=None msg=None
2026-07-05 17:31:00 | INFO | trading_bot | Alpaca stream market-stocks closed for Paper: status=None msg=None
2026-07-05 17:31:00 | INFO | trading_bot | Alpaca stream news closed for Paper: status=None msg=None
2026-07-05 17:31:00 | INFO | trading_bot | Alpaca stream trade_updates closed for Paper: status=None msg=None
2026-07-05 17:31:50 | INFO | trading_bot | Alpaca stream market-stocks closed for Paper: status=None msg=None
2026-07-05 17:31:50 | INFO | trading_bot | Alpaca stream news closed for Paper: status=None msg=None
2026-07-05 17:31:50 | INFO | trading_bot | Alpaca stream trade_updates closed for Paper: status=None msg=None
2026-07-05 17:32:40 | INFO | trading_bot | Alpaca stream market-stocks closed for Paper: status=None msg=None
2026-07-05 17:32:40 | INFO | trading_bot | Alpaca stream news closed for Paper: status=None msg=None
2026-07-05 17:32:41 | INFO | trading_bot | Alpaca stream trade_updates closed for Paper: status=None msg=None
2026-07-05 17:33:48 | WARNING | trading_bot | Alpaca devolvio barras vacias para AAPL (1m)
2026-07-05 17:33:48 | WARNING | trading_bot | Alpaca devolvio barras vacias para AAPL (5m)
2026-07-05 17:33:48 | WARNING | trading_bot | Alpaca devolvio barras vacias para AAPL (15m)
2026-07-05 17:34:38 | INFO | trading_bot | Alpaca stream trade_updates closed for Paper: status=None msg=None
2026-07-05 17:34:38 | INFO | trading_bot | Alpaca stream news closed for Paper: status=None msg=None
2026-07-05 17:34:38 | INFO | trading_bot | Alpaca stream market-stocks closed for Paper: status=None msg=None
2026-07-05 17:34:39 | WARNING | trading_bot | Alpaca devolvio barras vacias para AAPL (1m)
2026-07-05 17:34:39 | WARNING | trading_bot | Alpaca devolvio barras vacias para AAPL (15m)
2026-07-05 17:35:28 | INFO | trading_bot | Alpaca stream news closed for Paper: status=None msg=None
2026-07-05 17:35:28 | INFO | trading_bot | Alpaca stream market-stocks closed for Paper: status=None msg=None
2026-07-05 17:35:48 | INFO | trading_bot | Alpaca stream trade_updates closed for Paper: status=None msg=None
2026-07-05 17:36:18 | INFO | trading_bot | Alpaca stream market-stocks closed for Paper: status=None msg=None
2026-07-05 17:36:19 | INFO | trading_bot | Alpaca stream news closed for Paper: status=None msg=None
2026-07-05 17:37:08 | INFO | trading_bot | Alpaca stream market-stocks closed for Paper: status=None msg=None
2026-07-05 17:37:08 | INFO | trading_bot | Alpaca stream news closed for Paper: status=None msg=None
2026-07-05 17:37:13 | INFO | trading_bot | Alpaca stream trade_updates closed for Paper: status=None msg=None
2026-07-05 17:37:58 | INFO | trading_bot | Alpaca stream market-stocks closed for Paper: status=None msg=None
2026-07-05 17:37:59 | INFO | trading_bot | Alpaca stream news closed for Paper: status=None msg=None
2026-07-05 17:38:03 | INFO | trading_bot | Alpaca stream trade_updates closed for Paper: status=None msg=None
2026-07-05 17:38:48 | INFO | trading_bot | Alpaca stream market-stocks closed for Paper: status=None msg=None
2026-07-05 17:38:48 | INFO | trading_bot | Alpaca stream news closed for Paper: status=None msg=None
2026-07-05 17:38:53 | INFO | trading_bot | Alpaca stream trade_updates closed for Paper: status=None msg=None
2026-07-05 17:39:38 | INFO | trading_bot | Alpaca stream market-stocks closed for Paper: status=None msg=None
2026-07-05 17:39:39 | INFO | trading_bot | Alpaca stream news closed for Paper: status=None msg=None
2026-07-05 17:39:43 | INFO | trading_bot | Alpaca stream trade_updates closed for Paper: status=None msg=None
2026-07-05 17:40:28 | INFO | trading_bot | Alpaca stream market-stocks closed for Paper: status=None msg=None
2026-07-05 17:40:28 | INFO | trading_bot | Alpaca stream news closed for Paper: status=None msg=None
2026-07-05 17:40:33 | INFO | trading_bot | Alpaca stream trade_updates closed for Paper: status=None msg=None
2026-07-05 17:41:18 | INFO | trading_bot | Alpaca stream news closed for Paper: status=None msg=None
2026-07-05 17:41:19 | INFO | trading_bot | Alpaca stream market-stocks closed for Paper: status=None msg=None
2026-07-05 17:41:23 | INFO | trading_bot | Alpaca stream trade_updates closed for Paper: status=None msg=None
2026-07-05 17:42:08 | INFO | trading_bot | Alpaca stream news closed for Paper: status=None msg=None
2026-07-05 17:42:08 | INFO | trading_bot | Alpaca stream market-stocks closed for Paper: status=None msg=None
2026-07-05 17:42:13 | INFO | trading_bot | Alpaca stream trade_updates closed for Paper: status=None msg=None
2026-07-05 17:42:58 | INFO | trading_bot | Alpaca stream news closed for Paper: status=None msg=None
2026-07-05 17:42:58 | INFO | trading_bot | Alpaca stream market-stocks closed for Paper: status=None msg=None
2026-07-05 17:43:04 | INFO | trading_bot | Alpaca stream trade_updates closed for Paper: status=None msg=None
2026-07-05 17:43:48 | INFO | trading_bot | Alpaca stream market-stocks closed for Paper: status=None msg=None
2026-07-05 17:43:49 | INFO | trading_bot | Alpaca stream news closed for Paper: status=None msg=None
2026-07-05 17:43:53 | INFO | trading_bot | Alpaca stream trade_updates closed for Paper: status=None msg=None
2026-07-05 17:44:38 | INFO | trading_bot | Alpaca stream news closed for Paper: status=None msg=None
2026-07-05 17:44:39 | INFO | trading_bot | Alpaca stream market-stocks closed for Paper: status=None msg=None
2026-07-05 17:44:43 | INFO | trading_bot | Alpaca stream trade_updates closed for Paper: status=None msg=None
2026-07-05 17:45:28 | INFO | trading_bot | Alpaca stream news closed for Paper: status=None msg=None
2026-07-05 17:45:28 | INFO | trading_bot | Alpaca stream market-stocks closed for Paper: status=None msg=None
2026-07-05 17:45:33 | INFO | trading_bot | Alpaca stream trade_updates closed for Paper: status=None msg=None
2026-07-05 17:46:18 | INFO | trading_bot | Alpaca stream news closed for Paper: status=None msg=None
2026-07-05 17:46:18 | INFO | trading_bot | Alpaca stream market-stocks closed for Paper: status=None msg=None
2026-07-05 17:46:25 | INFO | trading_bot | Alpaca stream trade_updates closed for Paper: status=None msg=None
2026-07-05 17:47:09 | INFO | trading_bot | Alpaca stream news closed for Paper: status=None msg=None
2026-07-05 17:47:09 | INFO | trading_bot | Alpaca stream market-stocks closed for Paper: status=None msg=None
2026-07-05 17:47:14 | INFO | trading_bot | Alpaca stream trade_updates closed for Paper: status=None msg=None
2026-07-05 17:47:59 | INFO | trading_bot | Alpaca stream news closed for Paper: status=None msg=None
2026-07-05 17:47:59 | INFO | trading_bot | Alpaca stream market-stocks closed for Paper: status=None msg=None
2026-07-05 17:48:04 | INFO | trading_bot | Alpaca stream trade_updates closed for Paper: status=None msg=None
2026-07-05 17:48:19 | WARNING | trading_bot | Alpaca devolvio barras vacias para AAPL (1m)
2026-07-05 17:48:19 | WARNING | trading_bot | Alpaca devolvio barras vacias para AAPL (5m)
2026-07-05 17:48:19 | WARNING | trading_bot | Alpaca devolvio barras vacias para AAPL (15m)
2026-07-05 17:48:47 | WARNING | trading_bot | Alpaca devolvio barras vacias para AAPL (15m)
2026-07-05 17:48:58 | WARNING | trading_bot | Alpaca devolvio barras vacias para AAPL (1m)
2026-07-05 17:49:09 | INFO | trading_bot | Alpaca stream news closed for Paper: status=None msg=None
2026-07-05 17:49:09 | INFO | trading_bot | Alpaca stream trade_updates closed for Paper: status=None msg=None
2026-07-05 17:49:09 | INFO | trading_bot | Alpaca stream market-stocks closed for Paper: status=None msg=None
2026-07-05 17:50:00 | INFO | trading_bot | Alpaca stream news closed for Paper: status=None msg=None
2026-07-05 17:50:00 | INFO | trading_bot | Alpaca stream trade_updates closed for Paper: status=None msg=None
2026-07-05 17:50:00 | INFO | trading_bot | Alpaca stream market-stocks closed for Paper: status=None msg=None
2026-07-05 17:50:49 | INFO | trading_bot | Alpaca stream trade_updates closed for Paper: status=None msg=None
2026-07-05 17:50:51 | INFO | trading_bot | Alpaca stream news closed for Paper: status=None msg=None
2026-07-05 17:50:51 | INFO | trading_bot | Alpaca stream market-stocks closed for Paper: status=None msg=None
2026-07-05 17:51:34 | WARNING | trading_bot | Alpaca devolvio barras vacias para AAPL (1m)
2026-07-05 17:51:34 | WARNING | trading_bot | Alpaca devolvio barras vacias para AAPL (5m)
2026-07-05 17:51:34 | WARNING | trading_bot | Alpaca devolvio barras vacias para AAPL (15m)
2026-07-05 17:52:18 | WARNING | trading_bot | Alpaca devolvio barras vacias para AAPL (1m)
2026-07-05 17:52:18 | WARNING | trading_bot | Alpaca devolvio barras vacias para AAPL (15m)
2026-07-05 17:52:24 | INFO | trading_bot | Alpaca stream market-stocks closed for Paper: status=None msg=None
2026-07-05 17:52:24 | INFO | trading_bot | Alpaca stream trade_updates closed for Paper: status=None msg=None
2026-07-05 17:52:24 | INFO | trading_bot | Alpaca stream news closed for Paper: status=None msg=None
2026-07-05 17:53:14 | INFO | trading_bot | Alpaca stream news closed for Paper: status=None msg=None
2026-07-05 17:53:15 | INFO | trading_bot | Alpaca stream market-stocks closed for Paper: status=None msg=None
2026-07-05 17:53:15 | INFO | trading_bot | Alpaca stream trade_updates closed for Paper: status=None msg=None
2026-07-05 17:54:04 | INFO | trading_bot | Alpaca stream news closed for Paper: status=None msg=None
2026-07-05 17:54:04 | INFO | trading_bot | Alpaca stream market-stocks closed for Paper: status=None msg=None
2026-07-05 17:54:04 | INFO | trading_bot | Alpaca stream trade_updates closed for Paper: status=None msg=None
2026-07-05 17:54:55 | INFO | trading_bot | Alpaca stream news closed for Paper: status=None msg=None
2026-07-05 17:54:55 | INFO | trading_bot | Alpaca stream market-stocks closed for Paper: status=None msg=None
2026-07-05 17:55:30 | WARNING | trading_bot | Alpaca devolvio barras vacias para AAPL (1m)
2026-07-05 17:55:30 | WARNING | trading_bot | Alpaca devolvio barras vacias para AAPL (5m)
2026-07-05 17:55:30 | WARNING | trading_bot | Alpaca devolvio barras vacias para AAPL (15m)
2026-07-05 17:56:20 | INFO | trading_bot | Alpaca stream market-stocks closed for Paper: status=None msg=None
2026-07-05 17:56:20 | INFO | trading_bot | Alpaca stream market-crypto closed for Paper: status=None msg=None
2026-07-05 17:56:20 | INFO | trading_bot | Alpaca stream trade_updates closed for Paper: status=None msg=None
2026-07-05 17:56:20 | INFO | trading_bot | Alpaca stream news closed for Paper: status=None msg=None
2026-07-05 17:57:10 | INFO | trading_bot | Alpaca stream market-stocks closed for Paper: status=None msg=None
2026-07-05 17:57:10 | INFO | trading_bot | Alpaca stream news closed for Paper: status=None msg=None
2026-07-05 17:57:40 | INFO | trading_bot | Alpaca stream trade_updates closed for Paper: status=None msg=None
2026-07-05 17:58:00 | INFO | trading_bot | Alpaca stream market-stocks closed for Paper: status=None msg=None
2026-07-05 17:58:00 | INFO | trading_bot | Alpaca stream news closed for Paper: status=None msg=None
2026-07-05 17:58:30 | INFO | trading_bot | Alpaca stream trade_updates closed for Paper: status=None msg=None
2026-07-05 17:58:50 | INFO | trading_bot | Alpaca stream market-stocks closed for Paper: status=None msg=None
2026-07-05 17:58:51 | INFO | trading_bot | Alpaca stream news closed for Paper: status=None msg=None
2026-07-05 17:59:20 | INFO | trading_bot | Alpaca stream trade_updates closed for Paper: status=None msg=None
2026-07-05 17:59:40 | INFO | trading_bot | Alpaca stream market-stocks closed for Paper: status=None msg=None
2026-07-05 17:59:40 | INFO | trading_bot | Alpaca stream news closed for Paper: status=None msg=None
2026-07-05 18:00:11 | WARNING | trading_bot | Alpaca devolvio barras vacias para AAPL (1m)
2026-07-05 18:00:11 | WARNING | trading_bot | Alpaca devolvio barras vacias para AAPL (5m)
2026-07-05 18:00:11 | WARNING | trading_bot | Alpaca devolvio barras vacias para AAPL (15m)
2026-07-05 18:00:23 | WARNING | trading_bot | Alpaca devolvio barras vacias para AAPL (15m)
2026-07-05 18:01:01 | INFO | trading_bot | Alpaca stream market-stocks closed for Paper: status=None msg=None
2026-07-05 18:01:01 | INFO | trading_bot | Alpaca stream news closed for Paper: status=None msg=None
2026-07-05 18:01:01 | INFO | trading_bot | Alpaca stream trade_updates closed for Paper: status=None msg=None
2026-07-05 18:01:51 | INFO | trading_bot | Alpaca stream market-stocks closed for Paper: status=None msg=None
2026-07-05 18:01:51 | INFO | trading_bot | Alpaca stream news closed for Paper: status=None msg=None
2026-07-05 18:01:51 | INFO | trading_bot | Alpaca stream trade_updates closed for Paper: status=None msg=None
2026-07-05 18:02:41 | INFO | trading_bot | Alpaca stream market-stocks closed for Paper: status=None msg=None
2026-07-05 18:02:41 | INFO | trading_bot | Alpaca stream news closed for Paper: status=None msg=None
2026-07-05 18:02:41 | INFO | trading_bot | Alpaca stream trade_updates closed for Paper: status=None msg=None
2026-07-05 18:03:31 | INFO | trading_bot | Alpaca stream market-stocks closed for Paper: status=None msg=None
2026-07-05 18:03:31 | INFO | trading_bot | Alpaca stream news closed for Paper: status=None msg=None
2026-07-05 18:03:31 | INFO | trading_bot | Alpaca stream trade_updates closed for Paper: status=None msg=None
2026-07-05 18:04:21 | INFO | trading_bot | Alpaca stream market-stocks closed for Paper: status=None msg=None
2026-07-05 18:04:21 | INFO | trading_bot | Alpaca stream news closed for Paper: status=None msg=None
2026-07-05 18:04:21 | INFO | trading_bot | Alpaca stream trade_updates closed for Paper: status=None msg=None
2026-07-05 18:05:11 | INFO | trading_bot | Alpaca stream news closed for Paper: status=None msg=None
2026-07-05 18:05:11 | INFO | trading_bot | Alpaca stream trade_updates closed for Paper: status=None msg=None
2026-07-05 18:05:12 | INFO | trading_bot | Alpaca stream market-stocks closed for Paper: status=None msg=None
2026-07-05 18:06:01 | INFO | trading_bot | Alpaca stream news closed for Paper: status=None msg=None
2026-07-05 18:06:01 | INFO | trading_bot | Alpaca stream trade_updates closed for Paper: status=None msg=None
2026-07-05 18:06:01 | INFO | trading_bot | Alpaca stream market-stocks closed for Paper: status=None msg=None
2026-07-05 18:06:51 | INFO | trading_bot | Alpaca stream trade_updates closed for Paper: status=None msg=None
2026-07-05 18:06:51 | INFO | trading_bot | Alpaca stream market-stocks closed for Paper: status=None msg=None
2026-07-05 18:06:56 | INFO | trading_bot | Alpaca stream news closed for Paper: status=None msg=None
2026-07-05 18:07:41 | INFO | trading_bot | Alpaca stream trade_updates closed for Paper: status=None msg=None
2026-07-05 18:07:41 | INFO | trading_bot | Alpaca stream market-stocks closed for Paper: status=None msg=None
2026-07-05 18:07:46 | INFO | trading_bot | Alpaca stream news closed for Paper: status=None msg=None
2026-07-05 18:08:31 | INFO | trading_bot | Alpaca stream trade_updates closed for Paper: status=None msg=None
2026-07-05 18:08:31 | INFO | trading_bot | Alpaca stream market-stocks closed for Paper: status=None msg=None
2026-07-05 18:08:36 | INFO | trading_bot | Alpaca stream news closed for Paper: status=None msg=None
2026-07-05 18:09:21 | INFO | trading_bot | Alpaca stream trade_updates closed for Paper: status=None msg=None
2026-07-05 18:09:21 | INFO | trading_bot | Alpaca stream market-stocks closed for Paper: status=None msg=None
2026-07-05 18:09:26 | WARNING | trading_bot | Alpaca devolvio barras vacias para AAPL (1m)
2026-07-05 18:09:26 | WARNING | trading_bot | Alpaca devolvio barras vacias para AAPL (5m)
2026-07-05 18:09:26 | WARNING | trading_bot | Alpaca devolvio barras vacias para AAPL (15m)
2026-07-05 18:09:54 | WARNING | trading_bot | Alpaca devolvio barras vacias para AAPL (15m)
2026-07-05 18:10:05 | WARNING | trading_bot | Alpaca devolvio barras vacias para AAPL (1m)
2026-07-05 18:10:16 | INFO | trading_bot | Alpaca stream news closed for Paper: status=None msg=None
2026-07-05 18:10:16 | INFO | trading_bot | Alpaca stream market-stocks closed for Paper: status=None msg=None
2026-07-05 18:10:16 | INFO | trading_bot | Alpaca stream trade_updates closed for Paper: status=None msg=None
2026-07-05 18:11:06 | INFO | trading_bot | Alpaca stream news closed for Paper: status=None msg=None
2026-07-05 18:11:07 | INFO | trading_bot | Alpaca stream market-stocks closed for Paper: status=None msg=None
2026-07-05 18:11:07 | INFO | trading_bot | Alpaca stream trade_updates closed for Paper: status=None msg=None
2026-07-05 18:11:56 | INFO | trading_bot | Alpaca stream news closed for Paper: status=None msg=None
2026-07-05 18:11:56 | INFO | trading_bot | Alpaca stream market-stocks closed for Paper: status=None msg=None
2026-07-05 18:11:56 | INFO | trading_bot | Alpaca stream trade_updates closed for Paper: status=None msg=None
2026-07-05 18:12:46 | INFO | trading_bot | Alpaca stream news closed for Paper: status=None msg=None
2026-07-05 18:12:46 | INFO | trading_bot | Alpaca stream market-stocks closed for Paper: status=None msg=None
2026-07-05 18:12:46 | INFO | trading_bot | Alpaca stream trade_updates closed for Paper: status=None msg=None
2026-07-05 18:13:36 | INFO | trading_bot | Alpaca stream news closed for Paper: status=None msg=None
2026-07-05 18:13:36 | INFO | trading_bot | Alpaca stream market-stocks closed for Paper: status=None msg=None
2026-07-05 18:13:36 | INFO | trading_bot | Alpaca stream trade_updates closed for Paper: status=None msg=None
2026-07-05 18:14:26 | INFO | trading_bot | Alpaca stream news closed for Paper: status=None msg=None
2026-07-05 18:14:26 | INFO | trading_bot | Alpaca stream market-stocks closed for Paper: status=None msg=None
2026-07-05 18:14:26 | INFO | trading_bot | Alpaca stream trade_updates closed for Paper: status=None msg=None
2026-07-05 18:15:16 | INFO | trading_bot | Alpaca stream news closed for Paper: status=None msg=None
2026-07-05 18:15:16 | INFO | trading_bot | Alpaca stream market-stocks closed for Paper: status=None msg=None
2026-07-05 18:15:16 | INFO | trading_bot | Alpaca stream trade_updates closed for Paper: status=None msg=None
2026-07-05 18:16:06 | INFO | trading_bot | Alpaca stream news closed for Paper: status=None msg=None
2026-07-05 18:16:06 | INFO | trading_bot | Alpaca stream market-stocks closed for Paper: status=None msg=None
2026-07-05 18:16:06 | INFO | trading_bot | Alpaca stream trade_updates closed for Paper: status=None msg=None
2026-07-05 18:16:56 | INFO | trading_bot | Alpaca stream market-stocks closed for Paper: status=None msg=None
2026-07-05 18:16:56 | INFO | trading_bot | Alpaca stream trade_updates closed for Paper: status=None msg=None
2026-07-05 18:17:26 | INFO | trading_bot | Alpaca stream news closed for Paper: status=None msg=None
2026-07-05 18:17:46 | INFO | trading_bot | Alpaca stream market-stocks closed for Paper: status=None msg=None
2026-07-05 18:17:46 | INFO | trading_bot | Alpaca stream trade_updates closed for Paper: status=None msg=None
2026-07-05 18:18:16 | INFO | trading_bot | Alpaca stream news closed for Paper: status=None msg=None
2026-07-05 18:18:36 | INFO | trading_bot | Alpaca stream market-stocks closed for Paper: status=None msg=None
2026-07-05 18:18:36 | INFO | trading_bot | Alpaca stream trade_updates closed for Paper: status=None msg=None
2026-07-05 18:18:48 | WARNING | trading_bot | Alpaca devolvio barras vacias para AAPL (1m)
2026-07-05 18:18:48 | WARNING | trading_bot | Alpaca devolvio barras vacias para AAPL (5m)
2026-07-05 18:18:48 | WARNING | trading_bot | Alpaca devolvio barras vacias para AAPL (15m)
2026-07-05 18:19:03 | WARNING | trading_bot | Alpaca devolvio barras vacias para AAPL (15m)
2026-07-05 18:19:36 | WARNING | trading_bot | Alpaca devolvio barras vacias para AAPL (1m)
2026-07-05 18:19:36 | WARNING | trading_bot | Alpaca devolvio barras vacias para AAPL (15m)
2026-07-05 18:19:38 | INFO | trading_bot | Alpaca stream market-stocks closed for Paper: status=None msg=None
2026-07-05 18:19:38 | INFO | trading_bot | Alpaca stream news closed for Paper: status=None msg=None
2026-07-05 18:19:38 | INFO | trading_bot | Alpaca stream trade_updates closed for Paper: status=None msg=None
2026-07-05 18:20:28 | INFO | trading_bot | Alpaca stream market-stocks closed for Paper: status=None msg=None
2026-07-05 18:20:28 | INFO | trading_bot | Alpaca stream news closed for Paper: status=None msg=None
2026-07-05 18:20:28 | INFO | trading_bot | Alpaca stream trade_updates closed for Paper: status=None msg=None
2026-07-05 18:21:18 | INFO | trading_bot | Alpaca stream trade_updates closed for Paper: status=None msg=None
2026-07-05 18:21:19 | INFO | trading_bot | Alpaca stream market-stocks closed for Paper: status=None msg=None
2026-07-05 18:21:19 | INFO | trading_bot | Alpaca stream news closed for Paper: status=None msg=None
2026-07-05 18:22:08 | INFO | trading_bot | Alpaca stream trade_updates closed for Paper: status=None msg=None
2026-07-05 18:22:08 | INFO | trading_bot | Alpaca stream market-stocks closed for Paper: status=None msg=None
2026-07-05 18:22:08 | INFO | trading_bot | Alpaca stream news closed for Paper: status=None msg=None
2026-07-05 18:22:58 | INFO | trading_bot | Alpaca stream trade_updates closed for Paper: status=None msg=None
2026-07-05 18:22:58 | INFO | trading_bot | Alpaca stream market-stocks closed for Paper: status=None msg=None
2026-07-05 18:22:58 | INFO | trading_bot | Alpaca stream news closed for Paper: status=None msg=None
2026-07-05 18:23:48 | INFO | trading_bot | Alpaca stream trade_updates closed for Paper: status=None msg=None
2026-07-05 18:23:48 | INFO | trading_bot | Alpaca stream market-stocks closed for Paper: status=None msg=None
2026-07-05 18:23:48 | INFO | trading_bot | Alpaca stream news closed for Paper: status=None msg=None
2026-07-05 18:24:38 | INFO | trading_bot | Alpaca stream market-stocks closed for Paper: status=None msg=None
2026-07-05 18:24:39 | INFO | trading_bot | Alpaca stream news closed for Paper: status=None msg=None
2026-07-05 18:24:39 | INFO | trading_bot | Alpaca stream trade_updates closed for Paper: status=None msg=None
2026-07-05 18:25:28 | INFO | trading_bot | Alpaca stream news closed for Paper: status=None msg=None
2026-07-05 18:25:28 | INFO | trading_bot | Alpaca stream trade_updates closed for Paper: status=None msg=None
2026-07-05 18:25:29 | INFO | trading_bot | Alpaca stream market-stocks closed for Paper: status=None msg=None
2026-07-05 18:25:35 | WARNING | trading_bot | Alpaca devolvio barras vacias para AAPL (1m)
2026-07-05 18:25:35 | WARNING | trading_bot | Alpaca devolvio barras vacias para AAPL (5m)
2026-07-05 18:25:35 | WARNING | trading_bot | Alpaca devolvio barras vacias para AAPL (15m)
2026-07-05 18:26:16 | WARNING | trading_bot | Alpaca devolvio barras vacias para AAPL (1m)
2026-07-05 18:26:16 | WARNING | trading_bot | Alpaca devolvio barras vacias para AAPL (15m)
2026-07-05 18:26:25 | INFO | trading_bot | Alpaca stream market-stocks closed for Paper: status=None msg=None
2026-07-05 18:26:25 | INFO | trading_bot | Alpaca stream news closed for Paper: status=None msg=None
2026-07-05 18:26:25 | INFO | trading_bot | Alpaca stream trade_updates closed for Paper: status=None msg=None
2026-07-05 18:27:15 | INFO | trading_bot | Alpaca stream market-stocks closed for Paper: status=None msg=None
2026-07-05 18:27:15 | INFO | trading_bot | Alpaca stream trade_updates closed for Paper: status=None msg=None
2026-07-05 18:27:16 | INFO | trading_bot | Alpaca stream news closed for Paper: status=None msg=None
2026-07-05 18:28:05 | INFO | trading_bot | Alpaca stream trade_updates closed for Paper: status=None msg=None
2026-07-05 18:28:05 | INFO | trading_bot | Alpaca stream news closed for Paper: status=None msg=None
2026-07-05 18:28:06 | INFO | trading_bot | Alpaca stream market-stocks closed for Paper: status=None msg=None
2026-07-05 18:28:25 | INFO | trading_bot | Helper de emergencia iniciado (pid=429169)
2026-07-05 18:28:26 | WARNING | trading_bot | Alpaca devolvio barras vacias para AAPL (1m)
2026-07-05 18:28:26 | WARNING | trading_bot | Alpaca devolvio barras vacias para AAPL (5m)
2026-07-05 18:28:26 | WARNING | trading_bot | Alpaca devolvio barras vacias para AAPL (15m)
2026-07-05 18:29:15 | INFO | trading_bot | Alpaca stream market-stocks closed for Paper: status=None msg=None
2026-07-05 18:29:15 | INFO | trading_bot | Alpaca stream trade_updates closed for Paper: status=None msg=None
2026-07-05 18:29:16 | INFO | trading_bot | Alpaca stream news closed for Paper: status=None msg=None
2026-07-05 18:29:22 | WARNING | trading_bot | Alpaca devolvio barras vacias para AAPL (1m)
2026-07-05 18:29:22 | WARNING | trading_bot | Alpaca devolvio barras vacias para AAPL (15m)
2026-07-05 18:30:05 | INFO | trading_bot | Alpaca stream market-stocks closed for Paper: status=None msg=None
2026-07-05 18:30:05 | INFO | trading_bot | Alpaca stream trade_updates closed for Paper: status=None msg=None
2026-07-05 18:30:07 | INFO | trading_bot | Alpaca stream news closed for Paper: status=None msg=None
2026-07-05 18:30:19 | WARNING | trading_bot | Alpaca devolvio barras vacias para AAPL (1m)
2026-07-05 18:30:19 | WARNING | trading_bot | Alpaca devolvio barras vacias para AAPL (15m)
2026-07-05 18:30:55 | INFO | trading_bot | Alpaca stream market-stocks closed for Paper: status=None msg=None
2026-07-05 18:30:55 | INFO | trading_bot | Alpaca stream trade_updates closed for Paper: status=None msg=None
2026-07-05 18:30:55 | INFO | trading_bot | Alpaca stream news closed for Paper: status=None msg=None
2026-07-05 18:31:45 | INFO | trading_bot | Alpaca stream market-stocks closed for Paper: status=None msg=None
2026-07-05 18:31:46 | INFO | trading_bot | Alpaca stream trade_updates closed for Paper: status=None msg=None
2026-07-05 18:31:46 | INFO | trading_bot | Alpaca stream news closed for Paper: status=None msg=None
2026-07-05 18:32:36 | INFO | trading_bot | Alpaca stream market-stocks closed for Paper: status=None msg=None
2026-07-05 18:32:36 | INFO | trading_bot | Alpaca stream trade_updates closed for Paper: status=None msg=None
2026-07-05 18:32:36 | INFO | trading_bot | Alpaca stream news closed for Paper: status=None msg=None
2026-07-05 18:33:26 | INFO | trading_bot | Alpaca stream trade_updates closed for Paper: status=None msg=None
2026-07-05 18:33:26 | INFO | trading_bot | Alpaca stream news closed for Paper: status=None msg=None
2026-07-05 18:33:27 | INFO | trading_bot | Alpaca stream market-stocks closed for Paper: status=None msg=None
2026-07-05 18:34:16 | INFO | trading_bot | Alpaca stream trade_updates closed for Paper: status=None msg=None
2026-07-05 18:34:16 | INFO | trading_bot | Alpaca stream news closed for Paper: status=None msg=None
2026-07-05 18:34:16 | INFO | trading_bot | Alpaca stream market-stocks closed for Paper: status=None msg=None
2026-07-05 18:35:06 | INFO | trading_bot | Alpaca stream trade_updates closed for Paper: status=None msg=None
2026-07-05 18:35:06 | INFO | trading_bot | Alpaca stream news closed for Paper: status=None msg=None
2026-07-05 18:35:06 | INFO | trading_bot | Alpaca stream market-stocks closed for Paper: status=None msg=None
2026-07-05 18:35:25 | WARNING | trading_bot | Alpaca devolvio barras vacias para AAPL (1m)
2026-07-05 18:35:25 | WARNING | trading_bot | Alpaca devolvio barras vacias para AAPL (5m)
2026-07-05 18:35:25 | WARNING | trading_bot | Alpaca devolvio barras vacias para AAPL (15m)
2026-07-05 18:36:15 | INFO | trading_bot | Alpaca stream market-stocks closed for Paper: status=None msg=None
2026-07-05 18:36:15 | INFO | trading_bot | Alpaca stream news closed for Paper: status=None msg=None
2026-07-05 18:36:15 | INFO | trading_bot | Alpaca stream trade_updates closed for Paper: status=None msg=None
2026-07-05 18:36:21 | WARNING | trading_bot | Alpaca devolvio barras vacias para AAPL (1m)
2026-07-05 18:36:21 | WARNING | trading_bot | Alpaca devolvio barras vacias para AAPL (15m)
2026-07-05 18:37:05 | INFO | trading_bot | Alpaca stream market-stocks closed for Paper: status=None msg=None
2026-07-05 18:37:05 | INFO | trading_bot | Alpaca stream trade_updates closed for Paper: status=None msg=None
2026-07-05 18:37:06 | INFO | trading_bot | Alpaca stream news closed for Paper: status=None msg=None
2026-07-05 18:37:55 | INFO | trading_bot | Alpaca stream market-stocks closed for Paper: status=None msg=None
2026-07-05 18:37:55 | INFO | trading_bot | Alpaca stream trade_updates closed for Paper: status=None msg=None
2026-07-05 18:37:55 | INFO | trading_bot | Alpaca stream news closed for Paper: status=None msg=None
2026-07-05 18:38:45 | INFO | trading_bot | Alpaca stream market-stocks closed for Paper: status=None msg=None
2026-07-05 18:38:45 | INFO | trading_bot | Alpaca stream trade_updates closed for Paper: status=None msg=None
2026-07-05 18:38:45 | INFO | trading_bot | Alpaca stream news closed for Paper: status=None msg=None
2026-07-05 18:39:35 | INFO | trading_bot | Alpaca stream market-stocks closed for Paper: status=None msg=None
2026-07-05 18:39:35 | INFO | trading_bot | Alpaca stream trade_updates closed for Paper: status=None msg=None
2026-07-05 18:39:36 | INFO | trading_bot | Alpaca stream news closed for Paper: status=None msg=None
2026-07-05 18:40:25 | INFO | trading_bot | Alpaca stream market-stocks closed for Paper: status=None msg=None
2026-07-05 18:40:25 | INFO | trading_bot | Alpaca stream trade_updates closed for Paper: status=None msg=None
2026-07-05 18:40:25 | INFO | trading_bot | Alpaca stream news closed for Paper: status=None msg=None
2026-07-05 18:41:15 | INFO | trading_bot | Alpaca stream market-stocks closed for Paper: status=None msg=None
2026-07-05 18:41:15 | INFO | trading_bot | Alpaca stream trade_updates closed for Paper: status=None msg=None
2026-07-05 18:41:15 | INFO | trading_bot | Alpaca stream news closed for Paper: status=None msg=None
2026-07-05 18:42:05 | INFO | trading_bot | Alpaca stream market-stocks closed for Paper: status=None msg=None
2026-07-05 18:42:05 | INFO | trading_bot | Alpaca stream trade_updates closed for Paper: status=None msg=None
2026-07-05 18:42:07 | WARNING | trading_bot | Alpaca devolvio barras vacias para AAPL (1m)
2026-07-05 18:42:07 | WARNING | trading_bot | Alpaca devolvio barras vacias para AAPL (5m)
2026-07-05 18:42:07 | WARNING | trading_bot | Alpaca devolvio barras vacias para AAPL (15m)
2026-07-05 18:42:57 | INFO | trading_bot | Alpaca stream market-stocks closed for Paper: status=None msg=None
2026-07-05 18:42:57 | INFO | trading_bot | Alpaca stream news closed for Paper: status=None msg=None
2026-07-05 18:42:57 | INFO | trading_bot | Alpaca stream trade_updates closed for Paper: status=None msg=None
2026-07-05 18:43:47 | INFO | trading_bot | Alpaca stream market-stocks closed for Paper: status=None msg=None
2026-07-05 18:43:47 | INFO | trading_bot | Alpaca stream trade_updates closed for Paper: status=None msg=None
2026-07-05 18:43:48 | INFO | trading_bot | Alpaca stream news closed for Paper: status=None msg=None
2026-07-05 18:44:37 | INFO | trading_bot | Alpaca stream market-stocks closed for Paper: status=None msg=None
2026-07-05 18:44:37 | INFO | trading_bot | Alpaca stream trade_updates closed for Paper: status=None msg=None
2026-07-05 18:44:37 | INFO | trading_bot | Alpaca stream news closed for Paper: status=None msg=None
2026-07-05 18:45:27 | INFO | trading_bot | Alpaca stream market-stocks closed for Paper: status=None msg=None
2026-07-05 18:45:27 | INFO | trading_bot | Alpaca stream news closed for Paper: status=None msg=None
2026-07-05 18:46:17 | INFO | trading_bot | Alpaca stream trade_updates closed for Paper: status=None msg=None
2026-07-05 18:46:17 | INFO | trading_bot | Alpaca stream market-stocks closed for Paper: status=None msg=None
2026-07-05 18:46:18 | INFO | trading_bot | Alpaca stream news closed for Paper: status=None msg=None
2026-07-05 18:47:07 | INFO | trading_bot | Alpaca stream trade_updates closed for Paper: status=None msg=None
2026-07-05 18:47:07 | INFO | trading_bot | Alpaca stream market-stocks closed for Paper: status=None msg=None
2026-07-05 18:47:07 | INFO | trading_bot | Alpaca stream news closed for Paper: status=None msg=None
2026-07-05 18:47:52 | WARNING | trading_bot | Alpaca devolvio barras vacias para AAPL (1m)
2026-07-05 18:47:52 | WARNING | trading_bot | Alpaca devolvio barras vacias para AAPL (5m)
2026-07-05 18:47:52 | WARNING | trading_bot | Alpaca devolvio barras vacias para AAPL (15m)
2026-07-05 18:48:42 | INFO | trading_bot | Alpaca stream market-crypto closed for Odalis2786: status=None msg=None
2026-07-05 18:48:42 | INFO | trading_bot | Alpaca stream trade_updates closed for Odalis2786: status=None msg=None
2026-07-05 18:48:42 | INFO | trading_bot | Alpaca stream news closed for Odalis2786: status=None msg=None
2026-07-05 18:48:43 | INFO | trading_bot | Alpaca stream market-stocks closed for Odalis2786: status=None msg=None
2026-07-05 18:49:14 | WARNING | trading_bot | No se pudo reconciliar salida limit faltante para SOLUSD: 403 Client Error: Forbidden for url: https://paper-api.alpaca.markets/v2/orders
2026-07-05 18:49:14 | WARNING | trading_bot | No se pudo reconciliar salida limit faltante para SOLUSD: 403 Client Error: Forbidden for url: https://paper-api.alpaca.markets/v2/orders
2026-07-05 18:49:32 | INFO | trading_bot | Alpaca stream market-crypto closed for Odalis2786: status=None msg=None
2026-07-05 18:49:32 | INFO | trading_bot | Alpaca stream news closed for Odalis2786: status=None msg=None
2026-07-05 18:49:34 | INFO | trading_bot | Alpaca stream market-stocks closed for Odalis2786: status=None msg=None
2026-07-05 18:50:02 | INFO | trading_bot | Alpaca stream trade_updates closed for Odalis2786: status=None msg=None
2026-07-05 18:50:23 | INFO | trading_bot | Alpaca stream market-crypto closed for Odalis2786: status=None msg=None
2026-07-05 18:50:23 | INFO | trading_bot | Alpaca stream news closed for Odalis2786: status=None msg=None
2026-07-05 18:50:25 | INFO | trading_bot | Alpaca stream market-stocks closed for Odalis2786: status=None msg=None
2026-07-05 18:50:52 | INFO | trading_bot | Alpaca stream trade_updates closed for Odalis2786: status=None msg=None
2026-07-05 18:51:15 | INFO | trading_bot | Alpaca stream news closed for Odalis2786: status=None msg=None
2026-07-05 18:51:16 | INFO | trading_bot | Alpaca stream market-stocks closed for Odalis2786: status=None msg=None
2026-07-05 18:51:42 | INFO | trading_bot | Alpaca stream trade_updates closed for Odalis2786: status=None msg=None
2026-07-05 18:52:06 | INFO | trading_bot | Alpaca stream news closed for Odalis2786: status=None msg=None
2026-07-05 18:52:07 | INFO | trading_bot | Alpaca stream market-stocks closed for Odalis2786: status=None msg=None
2026-07-05 18:52:57 | INFO | trading_bot | Alpaca stream news closed for Odalis2786: status=None msg=None
2026-07-05 18:52:58 | INFO | trading_bot | Alpaca stream market-stocks closed for Odalis2786: status=None msg=None
2026-07-05 18:53:03 | WARNING | trading_bot | Alpaca devolvio barras vacias para AAPL (1m)
2026-07-05 18:53:03 | WARNING | trading_bot | Alpaca devolvio barras vacias para AAPL (5m)
2026-07-05 18:53:03 | WARNING | trading_bot | Alpaca devolvio barras vacias para AAPL (15m)
2026-07-05 18:53:53 | INFO | trading_bot | Alpaca stream news closed for Paper 2: status=None msg=None
2026-07-05 18:53:53 | INFO | trading_bot | Alpaca stream trade_updates closed for Paper 2: status=None msg=None
2026-07-05 18:53:53 | INFO | trading_bot | Alpaca stream market-stocks closed for Paper 2: status=None msg=None
2026-07-05 18:54:43 | INFO | trading_bot | Alpaca stream news closed for Paper 2: status=None msg=None
2026-07-05 18:54:43 | INFO | trading_bot | Alpaca stream trade_updates closed for Paper 2: status=None msg=None
2026-07-05 18:54:43 | INFO | trading_bot | Alpaca stream market-stocks closed for Paper 2: status=None msg=None
2026-07-05 18:55:33 | INFO | trading_bot | Alpaca stream news closed for Paper 2: status=None msg=None
2026-07-05 18:55:33 | INFO | trading_bot | Alpaca stream trade_updates closed for Paper 2: status=None msg=None
2026-07-05 18:55:33 | INFO | trading_bot | Alpaca stream market-stocks closed for Paper 2: status=None msg=None
2026-07-05 18:56:23 | INFO | trading_bot | Alpaca stream news closed for Paper 2: status=None msg=None
2026-07-05 18:56:23 | INFO | trading_bot | Alpaca stream trade_updates closed for Paper 2: status=None msg=None
2026-07-05 18:56:23 | INFO | trading_bot | Alpaca stream market-stocks closed for Paper 2: status=None msg=None
2026-07-05 18:57:13 | INFO | trading_bot | Alpaca stream news closed for Paper 2: status=None msg=None
2026-07-05 18:57:13 | INFO | trading_bot | Alpaca stream trade_updates closed for Paper 2: status=None msg=None
2026-07-05 18:57:14 | INFO | trading_bot | Alpaca stream market-stocks closed for Paper 2: status=None msg=None
2026-07-05 18:58:03 | INFO | trading_bot | Alpaca stream news closed for Paper 2: status=None msg=None
2026-07-05 18:58:03 | INFO | trading_bot | Alpaca stream trade_updates closed for Paper 2: status=None msg=None
2026-07-05 18:58:03 | INFO | trading_bot | Alpaca stream market-stocks closed for Paper 2: status=None msg=None
2026-07-05 18:58:53 | INFO | trading_bot | Alpaca stream news closed for Paper 2: status=None msg=None
2026-07-05 18:58:53 | INFO | trading_bot | Alpaca stream trade_updates closed for Paper 2: status=None msg=None
2026-07-05 18:58:53 | INFO | trading_bot | Alpaca stream market-stocks closed for Paper 2: status=None msg=None
2026-07-05 18:59:43 | INFO | trading_bot | Alpaca stream news closed for Paper 2: status=None msg=None
2026-07-05 18:59:43 | INFO | trading_bot | Alpaca stream trade_updates closed for Paper 2: status=None msg=None
2026-07-05 18:59:44 | INFO | trading_bot | Alpaca stream market-stocks closed for Paper 2: status=None msg=None
2026-07-05 19:00:34 | INFO | trading_bot | Alpaca stream news closed for Paper 2: status=None msg=None
2026-07-05 19:00:34 | INFO | trading_bot | Alpaca stream trade_updates closed for Paper 2: status=None msg=None
2026-07-05 19:00:34 | INFO | trading_bot | Alpaca stream market-stocks closed for Paper 2: status=None msg=None
2026-07-05 19:01:00 | WARNING | trading_bot | Alpaca devolvio barras vacias para AAPL (1m)
2026-07-05 19:01:00 | WARNING | trading_bot | Alpaca devolvio barras vacias para AAPL (5m)
2026-07-05 19:01:00 | WARNING | trading_bot | Alpaca devolvio barras vacias para AAPL (15m)
2026-07-05 19:01:50 | INFO | trading_bot | Alpaca stream news closed for Paper 2: status=None msg=None
2026-07-05 19:01:50 | INFO | trading_bot | Alpaca stream trade_updates closed for Paper 2: status=None msg=None
2026-07-05 19:01:50 | INFO | trading_bot | Alpaca stream market-stocks closed for Paper 2: status=None msg=None
2026-07-05 19:02:40 | INFO | trading_bot | Alpaca stream trade_updates closed for Paper 2: status=None msg=None
2026-07-05 19:02:41 | INFO | trading_bot | Alpaca stream news closed for Paper 2: status=None msg=None
2026-07-05 19:02:41 | INFO | trading_bot | Alpaca stream market-stocks closed for Paper 2: status=None msg=None
2026-07-05 19:03:30 | INFO | trading_bot | Alpaca stream trade_updates closed for Paper 2: status=None msg=None
2026-07-05 19:03:30 | INFO | trading_bot | Alpaca stream news closed for Paper 2: status=None msg=None
2026-07-05 19:03:33 | INFO | trading_bot | Alpaca stream market-stocks closed for Paper 2: status=None msg=None
2026-07-05 19:04:20 | INFO | trading_bot | Alpaca stream trade_updates closed for Paper 2: status=None msg=None
2026-07-05 19:04:20 | INFO | trading_bot | Alpaca stream news closed for Paper 2: status=None msg=None
2026-07-05 19:04:20 | INFO | trading_bot | Alpaca stream market-stocks closed for Paper 2: status=None msg=None
2026-07-05 19:04:59 | WARNING | trading_bot | Alpaca devolvio barras vacias para AAPL (1m)
2026-07-05 19:04:59 | WARNING | trading_bot | Alpaca devolvio barras vacias para AAPL (5m)
2026-07-05 19:04:59 | WARNING | trading_bot | Alpaca devolvio barras vacias para AAPL (15m)
2026-07-05 19:05:48 | INFO | trading_bot | Alpaca stream market-stocks closed for Paper 2: status=None msg=None
2026-07-05 19:05:48 | INFO | trading_bot | Alpaca stream news closed for Paper 2: status=None msg=None
2026-07-05 19:05:48 | INFO | trading_bot | Alpaca stream trade_updates closed for Paper 2: status=None msg=None
2026-07-05 19:06:38 | INFO | trading_bot | Alpaca stream market-stocks closed for Paper 2: status=None msg=None
2026-07-05 19:06:38 | INFO | trading_bot | Alpaca stream news closed for Paper 2: status=None msg=None
2026-07-05 19:06:39 | INFO | trading_bot | Alpaca stream trade_updates closed for Paper 2: status=None msg=None
2026-07-05 19:07:28 | INFO | trading_bot | Alpaca stream trade_updates closed for Paper 2: status=None msg=None
2026-07-05 19:07:30 | INFO | trading_bot | Alpaca stream market-stocks closed for Paper 2: status=None msg=None
2026-07-05 19:07:30 | INFO | trading_bot | Alpaca stream news closed for Paper 2: status=None msg=None
2026-07-05 19:08:18 | INFO | trading_bot | Alpaca stream trade_updates closed for Paper 2: status=None msg=None
2026-07-05 19:08:18 | INFO | trading_bot | Alpaca stream market-stocks closed for Paper 2: status=None msg=None
2026-07-05 19:08:19 | INFO | trading_bot | Alpaca stream news closed for Paper 2: status=None msg=None
2026-07-05 19:09:09 | INFO | trading_bot | Alpaca stream trade_updates closed for Paper 2: status=None msg=None
2026-07-05 19:09:09 | INFO | trading_bot | Alpaca stream market-stocks closed for Paper 2: status=None msg=None
2026-07-05 19:09:10 | INFO | trading_bot | Alpaca stream news closed for Paper 2: status=None msg=None
2026-07-05 19:09:58 | WARNING | trading_bot | Alpaca devolvio barras vacias para AAPL (1m)
2026-07-05 19:09:59 | WARNING | trading_bot | Alpaca devolvio barras vacias para AAPL (5m)
2026-07-05 19:09:59 | WARNING | trading_bot | Alpaca devolvio barras vacias para AAPL (15m)
2026-07-05 19:10:48 | INFO | trading_bot | Alpaca stream market-stocks closed for Paper 2: status=None msg=None
2026-07-05 19:10:48 | INFO | trading_bot | Alpaca stream trade_updates closed for Paper 2: status=None msg=None
2026-07-05 19:10:48 | INFO | trading_bot | Alpaca stream news closed for Paper 2: status=None msg=None
2026-07-05 19:11:45 | WARNING | trading_bot | Alpaca devolvio barras vacias para AAPL (1m)
2026-07-05 19:11:45 | WARNING | trading_bot | Alpaca devolvio barras vacias para AAPL (5m)
2026-07-05 19:11:45 | WARNING | trading_bot | Alpaca devolvio barras vacias para AAPL (15m)
2026-07-05 19:12:34 | INFO | trading_bot | Alpaca stream market-stocks closed for Paper 2: status=None msg=None
2026-07-05 19:12:34 | INFO | trading_bot | Alpaca stream news closed for Paper 2: status=None msg=None
2026-07-05 19:12:34 | INFO | trading_bot | Alpaca stream trade_updates closed for Paper 2: status=None msg=None
2026-07-05 19:13:24 | INFO | trading_bot | Alpaca stream market-stocks closed for Paper 2: status=None msg=None
2026-07-05 19:13:24 | INFO | trading_bot | Alpaca stream news closed for Paper 2: status=None msg=None
2026-07-05 19:13:24 | INFO | trading_bot | Alpaca stream trade_updates closed for Paper 2: status=None msg=None
2026-07-05 19:13:54 | WARNING | trading_bot | Alpaca devolvio barras vacias para AAPL (1m)
2026-07-05 19:13:54 | WARNING | trading_bot | Alpaca devolvio barras vacias para AAPL (5m)
2026-07-05 19:13:54 | WARNING | trading_bot | Alpaca devolvio barras vacias para AAPL (15m)
2026-07-05 19:14:44 | INFO | trading_bot | Alpaca stream news closed for Paper 2: status=None msg=None
2026-07-05 19:14:44 | INFO | trading_bot | Alpaca stream market-stocks closed for Paper 2: status=None msg=None
2026-07-05 19:14:44 | INFO | trading_bot | Alpaca stream trade_updates closed for Paper 2: status=None msg=None
2026-07-05 19:15:34 | INFO | trading_bot | Alpaca stream news closed for Paper 2: status=None msg=None
2026-07-05 19:15:34 | INFO | trading_bot | Alpaca stream market-stocks closed for Paper 2: status=None msg=None
2026-07-05 19:15:34 | INFO | trading_bot | Alpaca stream trade_updates closed for Paper 2: status=None msg=None
2026-07-05 19:16:24 | INFO | trading_bot | Alpaca stream news closed for Paper 2: status=None msg=None
2026-07-05 19:16:24 | INFO | trading_bot | Alpaca stream market-stocks closed for Paper 2: status=None msg=None
2026-07-05 19:16:24 | INFO | trading_bot | Alpaca stream trade_updates closed for Paper 2: status=None msg=None
2026-07-05 19:17:14 | INFO | trading_bot | Alpaca stream market-stocks closed for Paper 2: status=None msg=None
2026-07-05 19:17:15 | INFO | trading_bot | Alpaca stream news closed for Paper 2: status=None msg=None
2026-07-05 19:17:15 | INFO | trading_bot | Alpaca stream trade_updates closed for Paper 2: status=None msg=None
2026-07-05 19:18:04 | INFO | trading_bot | Alpaca stream market-stocks closed for Paper 2: status=None msg=None
2026-07-05 19:18:04 | INFO | trading_bot | Alpaca stream news closed for Paper 2: status=None msg=None
2026-07-05 19:18:04 | INFO | trading_bot | Alpaca stream trade_updates closed for Paper 2: status=None msg=None
2026-07-05 19:18:54 | INFO | trading_bot | Alpaca stream market-stocks closed for Paper 2: status=None msg=None
2026-07-05 19:18:54 | INFO | trading_bot | Alpaca stream news closed for Paper 2: status=None msg=None
2026-07-05 19:18:54 | INFO | trading_bot | Alpaca stream trade_updates closed for Paper 2: status=None msg=None
2026-07-05 19:19:44 | INFO | trading_bot | Alpaca stream market-stocks closed for Paper 2: status=None msg=None
2026-07-05 19:19:44 | INFO | trading_bot | Alpaca stream news closed for Paper 2: status=None msg=None
2026-07-05 19:19:44 | INFO | trading_bot | Alpaca stream trade_updates closed for Paper 2: status=None msg=None
2026-07-05 19:20:34 | INFO | trading_bot | Alpaca stream market-stocks closed for Paper 2: status=None msg=None
2026-07-05 19:20:34 | INFO | trading_bot | Alpaca stream news closed for Paper 2: status=None msg=None
2026-07-05 19:20:34 | INFO | trading_bot | Alpaca stream trade_updates closed for Paper 2: status=None msg=None
2026-07-05 19:21:24 | INFO | trading_bot | Alpaca stream market-stocks closed for Paper 2: status=None msg=None
2026-07-05 19:21:24 | INFO | trading_bot | Alpaca stream news closed for Paper 2: status=None msg=None
2026-07-05 19:21:25 | INFO | trading_bot | Alpaca stream trade_updates closed for Paper 2: status=None msg=None
2026-07-05 19:22:14 | INFO | trading_bot | Alpaca stream news closed for Paper 2: status=None msg=None
2026-07-05 19:22:14 | INFO | trading_bot | Alpaca stream trade_updates closed for Paper 2: status=None msg=None
2026-07-05 19:22:15 | INFO | trading_bot | Alpaca stream market-stocks closed for Paper 2: status=None msg=None
2026-07-05 19:23:04 | INFO | trading_bot | Alpaca stream news closed for Paper 2: status=None msg=None
2026-07-05 19:23:04 | INFO | trading_bot | Alpaca stream trade_updates closed for Paper 2: status=None msg=None
2026-07-05 19:23:04 | INFO | trading_bot | Alpaca stream market-stocks closed for Paper 2: status=None msg=None
2026-07-05 19:23:54 | INFO | trading_bot | Alpaca stream news closed for Paper 2: status=None msg=None
2026-07-05 19:23:54 | INFO | trading_bot | Alpaca stream trade_updates closed for Paper 2: status=None msg=None
2026-07-05 19:23:54 | INFO | trading_bot | Alpaca stream market-stocks closed for Paper 2: status=None msg=None
2026-07-05 19:24:45 | INFO | trading_bot | Alpaca stream news closed for Paper 2: status=None msg=None
2026-07-05 19:24:45 | INFO | trading_bot | Alpaca stream market-stocks closed for Paper 2: status=None msg=None
2026-07-05 19:24:46 | INFO | trading_bot | Alpaca stream trade_updates closed for Paper 2: status=None msg=None
2026-07-05 19:25:35 | INFO | trading_bot | Alpaca stream news closed for Paper 2: status=None msg=None
2026-07-05 19:25:35 | INFO | trading_bot | Alpaca stream market-stocks closed for Paper 2: status=None msg=None
2026-07-05 19:25:35 | INFO | trading_bot | Alpaca stream trade_updates closed for Paper 2: status=None msg=None
2026-07-05 19:26:25 | INFO | trading_bot | Alpaca stream news closed for Paper 2: status=None msg=None
2026-07-05 19:26:25 | INFO | trading_bot | Alpaca stream market-stocks closed for Paper 2: status=None msg=None
2026-07-05 19:26:25 | INFO | trading_bot | Alpaca stream trade_updates closed for Paper 2: status=None msg=None
2026-07-05 19:27:15 | INFO | trading_bot | Alpaca stream news closed for Paper 2: status=None msg=None
2026-07-05 19:27:15 | INFO | trading_bot | Alpaca stream market-stocks closed for Paper 2: status=None msg=None
2026-07-05 19:27:15 | INFO | trading_bot | Alpaca stream trade_updates closed for Paper 2: status=None msg=None
2026-07-05 19:28:05 | INFO | trading_bot | Alpaca stream news closed for Paper 2: status=None msg=None
2026-07-05 19:28:05 | INFO | trading_bot | Alpaca stream trade_updates closed for Paper 2: status=None msg=None
2026-07-05 19:28:06 | INFO | trading_bot | Alpaca stream market-stocks closed for Paper 2: status=None msg=None
2026-07-05 19:28:55 | INFO | trading_bot | Alpaca stream news closed for Paper 2: status=None msg=None
2026-07-05 19:28:55 | INFO | trading_bot | Alpaca stream trade_updates closed for Paper 2: status=None msg=None
2026-07-05 19:28:55 | INFO | trading_bot | Alpaca stream market-stocks closed for Paper 2: status=None msg=None
2026-07-05 19:29:45 | INFO | trading_bot | Alpaca stream news closed for Paper 2: status=None msg=None
2026-07-05 19:29:45 | INFO | trading_bot | Alpaca stream trade_updates closed for Paper 2: status=None msg=None
2026-07-05 19:29:45 | INFO | trading_bot | Alpaca stream market-stocks closed for Paper 2: status=None msg=None
2026-07-05 19:30:35 | INFO | trading_bot | Alpaca stream trade_updates closed for Paper 2: status=None msg=None
2026-07-05 19:30:36 | INFO | trading_bot | Alpaca stream news closed for Paper 2: status=None msg=None
2026-07-05 19:30:36 | INFO | trading_bot | Alpaca stream market-stocks closed for Paper 2: status=None msg=None
2026-07-05 19:31:25 | INFO | trading_bot | Alpaca stream trade_updates closed for Paper 2: status=None msg=None
2026-07-05 19:31:27 | INFO | trading_bot | Alpaca stream news closed for Paper 2: status=None msg=None
2026-07-05 19:31:27 | INFO | trading_bot | Alpaca stream market-stocks closed for Paper 2: status=None msg=None
2026-07-05 19:32:16 | INFO | trading_bot | Alpaca stream trade_updates closed for Paper 2: status=None msg=None
2026-07-05 19:32:18 | INFO | trading_bot | Alpaca stream news closed for Paper 2: status=None msg=None
2026-07-05 19:32:18 | INFO | trading_bot | Alpaca stream market-stocks closed for Paper 2: status=None msg=None
2026-07-05 19:33:04 | WARNING | trading_bot | Alpaca devolvio barras vacias para AAPL (1m)
2026-07-05 19:33:04 | WARNING | trading_bot | Alpaca devolvio barras vacias para AAPL (5m)
2026-07-05 19:33:05 | WARNING | trading_bot | Alpaca devolvio barras vacias para AAPL (15m)
2026-07-05 19:33:37 | INFO | trading_bot | Auto-ejecucion bloqueada para SOL/USD: 403 Client Error: Forbidden for url: https://paper-api.alpaca.markets/v2/orders
2026-07-05 19:33:54 | INFO | trading_bot | Alpaca stream market-stocks closed for Paper 2: status=None msg=None
2026-07-05 19:33:54 | INFO | trading_bot | Alpaca stream news closed for Paper 2: status=None msg=None
2026-07-05 19:33:54 | INFO | trading_bot | Alpaca stream trade_updates closed for Paper 2: status=None msg=None
2026-07-05 19:34:44 | INFO | trading_bot | Alpaca stream market-stocks closed for Paper 2: status=None msg=None
2026-07-05 19:34:44 | INFO | trading_bot | Alpaca stream trade_updates closed for Paper 2: status=None msg=None
2026-07-05 19:34:45 | INFO | trading_bot | Alpaca stream news closed for Paper 2: status=None msg=None
2026-07-05 19:35:34 | INFO | trading_bot | Alpaca stream market-stocks closed for Paper 2: status=None msg=None
2026-07-05 19:35:34 | INFO | trading_bot | Alpaca stream trade_updates closed for Paper 2: status=None msg=None
2026-07-05 19:35:36 | INFO | trading_bot | Alpaca stream news closed for Paper 2: status=None msg=None
2026-07-05 19:36:24 | INFO | trading_bot | Alpaca stream market-stocks closed for Paper 2: status=None msg=None
2026-07-05 19:36:24 | INFO | trading_bot | Alpaca stream trade_updates closed for Paper 2: status=None msg=None
2026-07-05 19:36:24 | INFO | trading_bot | Alpaca stream news closed for Paper 2: status=None msg=None
2026-07-05 19:37:14 | INFO | trading_bot | Alpaca stream trade_updates closed for Paper 2: status=None msg=None
2026-07-05 19:37:15 | INFO | trading_bot | Alpaca stream market-stocks closed for Paper 2: status=None msg=None
2026-07-05 19:37:15 | INFO | trading_bot | Alpaca stream news closed for Paper 2: status=None msg=None
2026-07-05 19:38:04 | INFO | trading_bot | Alpaca stream trade_updates closed for Paper 2: status=None msg=None
2026-07-05 19:38:04 | INFO | trading_bot | Alpaca stream market-stocks closed for Paper 2: status=None msg=None
2026-07-05 19:38:04 | INFO | trading_bot | Alpaca stream news closed for Paper 2: status=None msg=None
2026-07-05 19:38:39 | WARNING | trading_bot | Alpaca devolvio barras vacias para AAPL (1m)
2026-07-05 19:38:39 | WARNING | trading_bot | Alpaca devolvio barras vacias para AAPL (5m)
2026-07-05 19:38:39 | WARNING | trading_bot | Alpaca devolvio barras vacias para AAPL (15m)
2026-07-05 19:38:45 | INFO | trading_bot | Auto-ejecucion bloqueada para SOL/USD: 403 Client Error: Forbidden for url: https://paper-api.alpaca.markets/v2/orders
2026-07-05 19:39:29 | INFO | trading_bot | Alpaca stream market-stocks closed for Paper 2: status=None msg=None
2026-07-05 19:39:29 | INFO | trading_bot | Alpaca stream news closed for Paper 2: status=None msg=None
2026-07-05 19:39:29 | INFO | trading_bot | Alpaca stream trade_updates closed for Paper 2: status=None msg=None
2026-07-05 19:40:19 | INFO | trading_bot | Alpaca stream market-stocks closed for Paper 2: status=None msg=None
2026-07-05 19:40:19 | INFO | trading_bot | Alpaca stream news closed for Paper 2: status=None msg=None
2026-07-05 19:40:20 | INFO | trading_bot | Alpaca stream trade_updates closed for Paper 2: status=None msg=None
2026-07-05 19:41:09 | INFO | trading_bot | Alpaca stream market-stocks closed for Paper 2: status=None msg=None
2026-07-05 19:41:09 | INFO | trading_bot | Alpaca stream news closed for Paper 2: status=None msg=None
2026-07-05 19:41:09 | INFO | trading_bot | Alpaca stream trade_updates closed for Paper 2: status=None msg=None
2026-07-05 19:41:59 | INFO | trading_bot | Alpaca stream trade_updates closed for Paper 2: status=None msg=None
2026-07-05 19:42:00 | INFO | trading_bot | Alpaca stream market-stocks closed for Paper 2: status=None msg=None
2026-07-05 19:42:00 | INFO | trading_bot | Alpaca stream news closed for Paper 2: status=None msg=None
2026-07-05 19:42:49 | INFO | trading_bot | Alpaca stream trade_updates closed for Paper 2: status=None msg=None
2026-07-05 19:42:49 | INFO | trading_bot | Alpaca stream news closed for Paper 2: status=None msg=None
2026-07-05 19:42:52 | INFO | trading_bot | Alpaca stream market-stocks closed for Paper 2: status=None msg=None
2026-07-05 19:43:35 | WARNING | trading_bot | Alpaca devolvio barras vacias para AAPL (1m)
2026-07-05 19:43:35 | WARNING | trading_bot | Alpaca devolvio barras vacias para AAPL (5m)
2026-07-05 19:43:35 | WARNING | trading_bot | Alpaca devolvio barras vacias para AAPL (15m)
2026-07-05 19:44:25 | INFO | trading_bot | Alpaca stream market-stocks closed for Paper 2: status=None msg=None
2026-07-05 19:44:25 | INFO | trading_bot | Alpaca stream news closed for Paper 2: status=None msg=None
2026-07-05 19:44:25 | INFO | trading_bot | Alpaca stream trade_updates closed for Paper 2: status=None msg=None
2026-07-05 19:45:15 | INFO | trading_bot | Alpaca stream market-stocks closed for Paper 2: status=None msg=None
2026-07-05 19:45:15 | INFO | trading_bot | Alpaca stream news closed for Paper 2: status=None msg=None
2026-07-05 19:45:16 | INFO | trading_bot | Alpaca stream trade_updates closed for Paper 2: status=None msg=None
2026-07-05 19:46:05 | INFO | trading_bot | Alpaca stream market-stocks closed for Paper 2: status=None msg=None
2026-07-05 19:46:05 | INFO | trading_bot | Alpaca stream news closed for Paper 2: status=None msg=None
2026-07-05 19:46:05 | INFO | trading_bot | Alpaca stream trade_updates closed for Paper 2: status=None msg=None
2026-07-05 19:46:55 | INFO | trading_bot | Alpaca stream market-stocks closed for Paper 2: status=None msg=None
2026-07-05 19:46:55 | INFO | trading_bot | Alpaca stream news closed for Paper 2: status=None msg=None
2026-07-05 19:46:55 | INFO | trading_bot | Alpaca stream trade_updates closed for Paper 2: status=None msg=None
2026-07-05 19:47:45 | INFO | trading_bot | Alpaca stream market-stocks closed for Paper 2: status=None msg=None
2026-07-05 19:47:45 | INFO | trading_bot | Alpaca stream trade_updates closed for Paper 2: status=None msg=None
2026-07-05 19:47:46 | INFO | trading_bot | Alpaca stream news closed for Paper 2: status=None msg=None
2026-07-05 19:48:35 | INFO | trading_bot | Alpaca stream market-stocks closed for Paper 2: status=None msg=None
2026-07-05 19:48:35 | INFO | trading_bot | Alpaca stream trade_updates closed for Paper 2: status=None msg=None
2026-07-05 19:48:35 | INFO | trading_bot | Alpaca stream news closed for Paper 2: status=None msg=None
2026-07-05 19:49:25 | INFO | trading_bot | Alpaca stream market-stocks closed for Paper 2: status=None msg=None
2026-07-05 19:49:25 | INFO | trading_bot | Alpaca stream trade_updates closed for Paper 2: status=None msg=None
2026-07-05 19:49:25 | INFO | trading_bot | Alpaca stream news closed for Paper 2: status=None msg=None
2026-07-05 19:50:00 | WARNING | trading_bot | Alpaca devolvio barras vacias para AAPL (1m)
2026-07-05 19:50:00 | WARNING | trading_bot | Alpaca devolvio barras vacias para AAPL (5m)
2026-07-05 19:50:00 | WARNING | trading_bot | Alpaca devolvio barras vacias para AAPL (15m)
2026-07-05 19:50:06 | INFO | trading_bot | Auto-ejecucion bloqueada para SOL/USD: 403 Client Error: Forbidden for url: https://paper-api.alpaca.markets/v2/orders
2026-07-05 19:50:06 | INFO | trading_bot | Salida inmediata creada SOLUSD qty=3.06442949 limit=82.01600000 reason=repair_missing_limit_from_tracking
2026-07-05 19:50:49 | INFO | trading_bot | Alpaca stream news closed for Paper 2: status=None msg=None
2026-07-05 19:50:49 | INFO | trading_bot | Alpaca stream trade_updates closed for Paper 2: status=None msg=None
2026-07-05 19:50:50 | INFO | trading_bot | Alpaca stream market-stocks closed for Paper 2: status=None msg=None
2026-07-05 19:51:14 | WARNING | trading_bot | Alpaca devolvio barras vacias para AAPL (1m)
2026-07-05 19:51:14 | WARNING | trading_bot | Alpaca devolvio barras vacias para AAPL (5m)
2026-07-05 19:51:14 | WARNING | trading_bot | Alpaca devolvio barras vacias para AAPL (15m)
2026-07-05 19:52:03 | INFO | trading_bot | Alpaca stream market-stocks closed for Paper 2: status=None msg=None
2026-07-05 19:52:03 | INFO | trading_bot | Alpaca stream trade_updates closed for Paper 2: status=None msg=None
2026-07-05 19:52:04 | INFO | trading_bot | Alpaca stream news closed for Paper 2: status=None msg=None
2026-07-05 19:52:17 | WARNING | trading_bot | Alpaca devolvio barras vacias para AAPL (1m)
2026-07-05 19:52:17 | WARNING | trading_bot | Alpaca devolvio barras vacias para AAPL (5m)
2026-07-05 19:52:17 | WARNING | trading_bot | Alpaca devolvio barras vacias para AAPL (15m)
2026-07-05 19:52:20 | INFO | trading_bot | Auto-ejecucion bloqueada para SOL/USD: 403 Client Error: Forbidden for url: https://paper-api.alpaca.markets/v2/orders
2026-07-05 19:53:07 | INFO | trading_bot | Alpaca stream news closed for Paper 2: status=None msg=None
2026-07-05 19:53:07 | INFO | trading_bot | Alpaca stream trade_updates closed for Paper 2: status=None msg=None
2026-07-05 19:53:07 | INFO | trading_bot | Alpaca stream market-stocks closed for Paper 2: status=None msg=None
2026-07-05 19:53:57 | INFO | trading_bot | Alpaca stream news closed for Paper 2: status=None msg=None
2026-07-05 19:53:57 | INFO | trading_bot | Alpaca stream trade_updates closed for Paper 2: status=None msg=None
2026-07-05 19:53:57 | INFO | trading_bot | Alpaca stream market-stocks closed for Paper 2: status=None msg=None
2026-07-05 19:54:08 | INFO | trading_bot | Auto-ejecucion bloqueada para SOL/USD: 403 Client Error: Forbidden for url: https://paper-api.alpaca.markets/v2/orders
2026-07-05 19:54:31 | WARNING | trading_bot | Alpaca devolvio barras vacias para AAPL (1m)
2026-07-05 19:54:31 | WARNING | trading_bot | Alpaca devolvio barras vacias para AAPL (5m)
2026-07-05 19:54:31 | WARNING | trading_bot | Alpaca devolvio barras vacias para AAPL (15m)
2026-07-05 19:55:21 | INFO | trading_bot | Alpaca stream news closed for Paper 2: status=None msg=None
2026-07-05 19:55:21 | INFO | trading_bot | Alpaca stream trade_updates closed for Paper 2: status=None msg=None
2026-07-05 19:55:21 | INFO | trading_bot | Alpaca stream market-stocks closed for Paper 2: status=None msg=None
2026-07-05 19:56:06 | WARNING | trading_bot | Alpaca devolvio barras vacias para AAPL (1m)
2026-07-05 19:56:06 | WARNING | trading_bot | Alpaca devolvio barras vacias para AAPL (5m)
2026-07-05 19:56:06 | WARNING | trading_bot | Alpaca devolvio barras vacias para AAPL (15m)
2026-07-05 19:56:08 | INFO | trading_bot | Auto-ejecucion bloqueada para SOL/USD: 403 Client Error: Forbidden for url: https://paper-api.alpaca.markets/v2/orders
2026-07-05 19:56:56 | INFO | trading_bot | Alpaca stream market-stocks closed for Paper 2: status=None msg=None
2026-07-05 19:56:56 | INFO | trading_bot | Alpaca stream news closed for Paper 2: status=None msg=None
2026-07-05 19:56:56 | INFO | trading_bot | Alpaca stream trade_updates closed for Paper 2: status=None msg=None
2026-07-05 19:57:46 | INFO | trading_bot | Alpaca stream market-stocks closed for Paper 2: status=None msg=None
2026-07-05 19:57:46 | INFO | trading_bot | Alpaca stream news closed for Paper 2: status=None msg=None
2026-07-05 19:57:46 | INFO | trading_bot | Alpaca stream trade_updates closed for Paper 2: status=None msg=None
2026-07-05 19:58:11 | INFO | trading_bot | Auto-ejecucion bloqueada para SOL/USD: 403 Client Error: Forbidden for url: https://paper-api.alpaca.markets/v2/orders
2026-07-05 19:58:36 | INFO | trading_bot | Alpaca stream market-stocks closed for Paper 2: status=None msg=None
2026-07-05 19:58:36 | INFO | trading_bot | Alpaca stream news closed for Paper 2: status=None msg=None
2026-07-05 19:58:37 | INFO | trading_bot | Alpaca stream trade_updates closed for Paper 2: status=None msg=None
2026-07-05 19:59:26 | INFO | trading_bot | Alpaca stream market-stocks closed for Paper 2: status=None msg=None
2026-07-05 19:59:26 | INFO | trading_bot | Alpaca stream news closed for Paper 2: status=None msg=None
2026-07-05 19:59:26 | INFO | trading_bot | Alpaca stream trade_updates closed for Paper 2: status=None msg=None
2026-07-05 19:59:36 | WARNING | trading_bot | Alpaca devolvio barras vacias para AAPL (1m)
2026-07-05 19:59:36 | WARNING | trading_bot | Alpaca devolvio barras vacias para AAPL (5m)
2026-07-05 19:59:36 | WARNING | trading_bot | Alpaca devolvio barras vacias para AAPL (15m)
2026-07-05 20:00:26 | INFO | trading_bot | Alpaca stream trade_updates closed for Paper 2: status=None msg=None
2026-07-05 20:00:26 | INFO | trading_bot | Alpaca stream news closed for Paper 2: status=None msg=None
2026-07-05 20:00:26 | INFO | trading_bot | Alpaca stream market-stocks closed for Paper 2: status=None msg=None
2026-07-05 20:01:16 | INFO | trading_bot | Alpaca stream trade_updates closed for Paper 2: status=None msg=None
2026-07-05 20:01:16 | INFO | trading_bot | Alpaca stream news closed for Paper 2: status=None msg=None
2026-07-05 20:01:16 | INFO | trading_bot | Alpaca stream market-stocks closed for Paper 2: status=None msg=None
2026-07-05 20:02:06 | INFO | trading_bot | Alpaca stream market-stocks closed for Paper 2: status=None msg=None
2026-07-05 20:02:07 | INFO | trading_bot | Alpaca stream trade_updates closed for Paper 2: status=None msg=None
2026-07-05 20:02:07 | INFO | trading_bot | Alpaca stream news closed for Paper 2: status=None msg=None
2026-07-05 20:02:56 | INFO | trading_bot | Alpaca stream market-stocks closed for Paper 2: status=None msg=None
2026-07-05 20:02:56 | INFO | trading_bot | Alpaca stream trade_updates closed for Paper 2: status=None msg=None
2026-07-05 20:02:58 | INFO | trading_bot | Alpaca stream news closed for Paper 2: status=None msg=None
2026-07-05 20:03:00 | WARNING | trading_bot | Alpaca devolvio barras vacias para AAPL (1m)
2026-07-05 20:03:00 | WARNING | trading_bot | Alpaca devolvio barras vacias para AAPL (5m)
2026-07-05 20:03:00 | WARNING | trading_bot | Alpaca devolvio barras vacias para AAPL (15m)
2026-07-05 20:03:50 | INFO | trading_bot | Alpaca stream market-stocks closed for Paper 2: status=None msg=None
2026-07-05 20:03:50 | INFO | trading_bot | Alpaca stream news closed for Paper 2: status=None msg=None
2026-07-05 20:03:50 | INFO | trading_bot | Alpaca stream trade_updates closed for Paper 2: status=None msg=None
2026-07-05 20:04:40 | INFO | trading_bot | Alpaca stream market-stocks closed for Paper 2: status=None msg=None
2026-07-05 20:04:40 | INFO | trading_bot | Alpaca stream trade_updates closed for Paper 2: status=None msg=None
2026-07-05 20:04:41 | INFO | trading_bot | Alpaca stream news closed for Paper 2: status=None msg=None
2026-07-05 20:05:30 | INFO | trading_bot | Alpaca stream market-stocks closed for Paper 2: status=None msg=None
2026-07-05 20:05:30 | INFO | trading_bot | Alpaca stream trade_updates closed for Paper 2: status=None msg=None
2026-07-05 20:05:30 | INFO | trading_bot | Alpaca stream news closed for Paper 2: status=None msg=None
2026-07-05 20:06:20 | INFO | trading_bot | Alpaca stream trade_updates closed for Paper 2: status=None msg=None
2026-07-05 20:06:20 | INFO | trading_bot | Alpaca stream news closed for Paper 2: status=None msg=None
2026-07-05 20:06:21 | INFO | trading_bot | Alpaca stream market-stocks closed for Paper 2: status=None msg=None
2026-07-05 20:07:11 | WARNING | trading_bot | Alpaca devolvio barras vacias para AAPL (1m)
2026-07-05 20:07:11 | WARNING | trading_bot | Alpaca devolvio barras vacias para AAPL (5m)
2026-07-05 20:07:11 | WARNING | trading_bot | Alpaca devolvio barras vacias para AAPL (15m)
2026-07-05 20:07:12 | WARNING | trading_bot | Alpaca devolvio barras vacias para AAPL (1m)
2026-07-05 20:07:12 | WARNING | trading_bot | Alpaca devolvio barras vacias para AAPL (5m)
2026-07-05 20:07:12 | WARNING | trading_bot | Alpaca devolvio barras vacias para AAPL (15m)
2026-07-05 20:07:21 | WARNING | trading_bot | Alpaca stream market-stocks error for Paper 2: Connection to remote host was lost.
2026-07-05 20:07:21 | INFO | trading_bot | Alpaca stream market-stocks closed for Paper 2: status=None msg=None
2026-07-05 20:07:22 | WARNING | trading_bot | Alpaca stream market-crypto error for Paper 2: Connection to remote host was lost.
2026-07-05 20:07:22 | INFO | trading_bot | Alpaca stream market-crypto closed for Paper 2: status=None msg=None
2026-07-05 20:07:22 | WARNING | trading_bot | Alpaca stream news error for Paper 2: Connection to remote host was lost.
2026-07-05 20:07:22 | INFO | trading_bot | Alpaca stream news closed for Paper 2: status=None msg=None
2026-07-05 20:07:23 | INFO | trading_bot | Helper de emergencia iniciado (pid=442932)
2026-07-05 20:07:27 | INFO | trading_bot | Helper de emergencia iniciado (pid=442946)
2026-07-05 20:07:32 | WARNING | trading_bot | Alpaca stream market-stocks error for Paper 2: Connection to remote host was lost.
2026-07-05 20:07:32 | INFO | trading_bot | Alpaca stream market-stocks closed for Paper 2: status=None msg=None
2026-07-05 20:07:33 | WARNING | trading_bot | Alpaca stream market-crypto error for Paper 2: Connection to remote host was lost.
2026-07-05 20:07:33 | INFO | trading_bot | Alpaca stream market-crypto closed for Paper 2: status=None msg=None
2026-07-05 20:07:33 | WARNING | trading_bot | Alpaca stream news error for Paper 2: Connection to remote host was lost.
2026-07-05 20:07:33 | INFO | trading_bot | Alpaca stream news closed for Paper 2: status=None msg=None
2026-07-05 20:07:43 | INFO | trading_bot | Helper de emergencia iniciado (pid=442961)
2026-07-05 20:07:43 | WARNING | trading_bot | Alpaca stream market-stocks error for Paper 2: Connection to remote host was lost.
2026-07-05 20:07:43 | INFO | trading_bot | Alpaca stream market-stocks closed for Paper 2: status=None msg=None
2026-07-05 20:07:44 | WARNING | trading_bot | Alpaca stream market-crypto error for Paper 2: Connection to remote host was lost.
2026-07-05 20:07:44 | INFO | trading_bot | Alpaca stream market-crypto closed for Paper 2: status=None msg=None
2026-07-05 20:07:44 | WARNING | trading_bot | Alpaca stream news error for Paper 2: Connection to remote host was lost.
2026-07-05 20:07:44 | INFO | trading_bot | Alpaca stream news closed for Paper 2: status=None msg=None
2026-07-05 20:07:47 | INFO | trading_bot | Helper de emergencia iniciado (pid=442970)
2026-07-05 20:07:51 | INFO | trading_bot | Helper de emergencia iniciado (pid=442974)
2026-07-05 20:07:54 | WARNING | trading_bot | Alpaca stream market-stocks error for Paper 2: Connection to remote host was lost.
2026-07-05 20:07:54 | INFO | trading_bot | Alpaca stream market-stocks closed for Paper 2: status=None msg=None
2026-07-05 20:07:55 | WARNING | trading_bot | Alpaca stream market-crypto error for Paper 2: Connection to remote host was lost.
2026-07-05 20:07:55 | INFO | trading_bot | Alpaca stream market-crypto closed for Paper 2: status=None msg=None
2026-07-05 20:07:55 | WARNING | trading_bot | Alpaca stream news error for Paper 2: Connection to remote host was lost.
2026-07-05 20:07:55 | INFO | trading_bot | Alpaca stream news closed for Paper 2: status=None msg=None
2026-07-05 20:07:55 | INFO | trading_bot | Helper de emergencia iniciado (pid=442987)
2026-07-05 20:07:59 | INFO | trading_bot | Helper de emergencia iniciado (pid=442995)
2026-07-05 20:08:01 | INFO | trading_bot | Alpaca stream market-stocks closed for Paper 2: status=None msg=None
2026-07-05 20:08:01 | INFO | trading_bot | Alpaca stream news closed for Paper 2: status=None msg=None
2026-07-05 20:08:01 | INFO | trading_bot | Alpaca stream trade_updates closed for Paper 2: status=None msg=None
2026-07-05 20:08:02 | INFO | trading_bot | Alpaca stream trade_updates closed for Paper 2: status=None msg=None
2026-07-05 20:08:05 | WARNING | trading_bot | Alpaca stream market-stocks error for Paper 2: Connection to remote host was lost.
2026-07-05 20:08:05 | INFO | trading_bot | Alpaca stream market-stocks closed for Paper 2: status=None msg=None
2026-07-05 20:08:06 | WARNING | trading_bot | Alpaca stream market-crypto error for Paper 2: Connection to remote host was lost.
2026-07-05 20:08:06 | INFO | trading_bot | Alpaca stream market-crypto closed for Paper 2: status=None msg=None
2026-07-05 20:08:06 | WARNING | trading_bot | Alpaca stream news error for Paper 2: Connection to remote host was lost.
2026-07-05 20:08:06 | INFO | trading_bot | Alpaca stream news closed for Paper 2: status=None msg=None
2026-07-05 20:08:37 | WARNING | trading_bot | Alpaca devolvio barras vacias para AAPL (1m)
2026-07-05 20:08:37 | WARNING | trading_bot | Alpaca devolvio barras vacias para AAPL (5m)
2026-07-05 20:08:37 | WARNING | trading_bot | Alpaca devolvio barras vacias para AAPL (15m)
2026-07-05 20:09:27 | INFO | trading_bot | Alpaca stream market-stocks closed for Paper 2: status=None msg=None
2026-07-05 20:09:27 | INFO | trading_bot | Alpaca stream news closed for Paper 2: status=None msg=None
2026-07-05 20:09:27 | INFO | trading_bot | Alpaca stream trade_updates closed for Paper 2: status=None msg=None
2026-07-05 20:10:17 | INFO | trading_bot | Alpaca stream market-stocks closed for Paper 2: status=None msg=None
2026-07-05 20:10:17 | INFO | trading_bot | Alpaca stream news closed for Paper 2: status=None msg=None
2026-07-05 20:10:18 | INFO | trading_bot | Alpaca stream trade_updates closed for Paper 2: status=None msg=None
2026-07-05 20:11:07 | INFO | trading_bot | Alpaca stream market-stocks closed for Paper 2: status=None msg=None
2026-07-05 20:11:07 | INFO | trading_bot | Alpaca stream trade_updates closed for Paper 2: status=None msg=None
2026-07-05 20:11:08 | INFO | trading_bot | Alpaca stream news closed for Paper 2: status=None msg=None
2026-07-05 20:11:57 | INFO | trading_bot | Alpaca stream market-stocks closed for Paper 2: status=None msg=None
2026-07-05 20:11:57 | INFO | trading_bot | Alpaca stream trade_updates closed for Paper 2: status=None msg=None
2026-07-05 20:11:57 | INFO | trading_bot | Alpaca stream news closed for Paper 2: status=None msg=None
2026-07-05 20:12:21 | INFO | trading_bot | Auto-ejecucion bloqueada para SOL/USD: 403 Client Error: Forbidden for url: https://paper-api.alpaca.markets/v2/orders
2026-07-05 20:13:09 | WARNING | trading_bot | Alpaca devolvio barras vacias para AAPL (1m)
2026-07-05 20:13:09 | WARNING | trading_bot | Alpaca devolvio barras vacias para AAPL (5m)
2026-07-05 20:13:09 | WARNING | trading_bot | Alpaca devolvio barras vacias para AAPL (15m)
2026-07-05 20:13:59 | INFO | trading_bot | Alpaca stream market-stocks closed for Paper 2: status=None msg=None
2026-07-05 20:13:59 | INFO | trading_bot | Alpaca stream news closed for Paper 2: status=None msg=None
2026-07-05 20:13:59 | INFO | trading_bot | Alpaca stream trade_updates closed for Paper 2: status=None msg=None
2026-07-05 20:14:49 | INFO | trading_bot | Alpaca stream market-stocks closed for Paper 2: status=None msg=None
2026-07-05 20:14:49 | INFO | trading_bot | Alpaca stream news closed for Paper 2: status=None msg=None
2026-07-05 20:14:49 | INFO | trading_bot | Alpaca stream trade_updates closed for Paper 2: status=None msg=None
2026-07-05 20:15:39 | INFO | trading_bot | Alpaca stream market-stocks closed for Paper 2: status=None msg=None
2026-07-05 20:15:39 | INFO | trading_bot | Alpaca stream news closed for Paper 2: status=None msg=None
2026-07-05 20:15:39 | INFO | trading_bot | Alpaca stream trade_updates closed for Paper 2: status=None msg=None
2026-07-05 20:16:29 | INFO | trading_bot | Alpaca stream market-stocks closed for Paper 2: status=None msg=None
2026-07-05 20:16:29 | INFO | trading_bot | Alpaca stream news closed for Paper 2: status=None msg=None
2026-07-05 20:16:30 | INFO | trading_bot | Alpaca stream trade_updates closed for Paper 2: status=None msg=None
2026-07-05 20:17:04 | INFO | trading_bot | Orden limite creada: c5d796c3-23b3-49fe-9a49-e429ed4ecb03
2026-07-05 20:17:04 | INFO | trading_bot | Auto-ejecucion bloqueada para SOL/USD: 403 Client Error: Forbidden for url: https://paper-api.alpaca.markets/v2/orders
2026-07-05 20:17:19 | INFO | trading_bot | Alpaca stream trade_updates closed for Paper 2: status=None msg=None
2026-07-05 20:17:20 | INFO | trading_bot | Alpaca stream market-stocks closed for Paper 2: status=None msg=None
2026-07-05 20:17:20 | INFO | trading_bot | Alpaca stream news closed for Paper 2: status=None msg=None
2026-07-05 20:18:09 | INFO | trading_bot | Alpaca stream trade_updates closed for Paper 2: status=None msg=None
2026-07-05 20:18:09 | INFO | trading_bot | Alpaca stream news closed for Paper 2: status=None msg=None
2026-07-05 20:18:12 | INFO | trading_bot | Alpaca stream market-stocks closed for Paper 2: status=None msg=None
2026-07-05 20:18:48 | INFO | trading_bot | Auto-ejecucion bloqueada para SOL/USD: 403 Client Error: Forbidden for url: https://paper-api.alpaca.markets/v2/orders
2026-07-05 20:19:00 | INFO | trading_bot | Alpaca stream trade_updates closed for Paper 2: status=None msg=None
2026-07-05 20:19:00 | INFO | trading_bot | Alpaca stream news closed for Paper 2: status=None msg=None
2026-07-05 20:19:03 | INFO | trading_bot | Alpaca stream market-stocks closed for Paper 2: status=None msg=None
2026-07-05 20:19:50 | WARNING | trading_bot | Alpaca devolvio barras vacias para AAPL (1m)
2026-07-05 20:19:50 | WARNING | trading_bot | Alpaca devolvio barras vacias para AAPL (5m)
2026-07-05 20:19:50 | WARNING | trading_bot | Alpaca devolvio barras vacias para AAPL (15m)
2026-07-05 20:20:40 | INFO | trading_bot | Alpaca stream market-stocks closed for Paper 2: status=None msg=None
2026-07-05 20:20:40 | INFO | trading_bot | Alpaca stream news closed for Paper 2: status=None msg=None
2026-07-05 20:20:40 | INFO | trading_bot | Alpaca stream trade_updates closed for Paper 2: status=None msg=None
2026-07-05 20:21:30 | INFO | trading_bot | Alpaca stream news closed for Paper 2: status=None msg=None
2026-07-05 20:21:30 | INFO | trading_bot | Alpaca stream trade_updates closed for Paper 2: status=None msg=None
2026-07-05 20:21:31 | INFO | trading_bot | Alpaca stream market-stocks closed for Paper 2: status=None msg=None
2026-07-05 20:22:20 | INFO | trading_bot | Alpaca stream news closed for Paper 2: status=None msg=None
2026-07-05 20:22:20 | INFO | trading_bot | Alpaca stream trade_updates closed for Paper 2: status=None msg=None
2026-07-05 20:22:20 | INFO | trading_bot | Alpaca stream market-stocks closed for Paper 2: status=None msg=None
2026-07-05 20:23:10 | INFO | trading_bot | Alpaca stream news closed for Paper 2: status=None msg=None
2026-07-05 20:23:10 | INFO | trading_bot | Alpaca stream trade_updates closed for Paper 2: status=None msg=None
2026-07-05 20:23:10 | INFO | trading_bot | Alpaca stream market-stocks closed for Paper 2: status=None msg=None
2026-07-05 20:24:00 | INFO | trading_bot | Alpaca stream news closed for Paper 2: status=None msg=None
2026-07-05 20:24:00 | INFO | trading_bot | Alpaca stream trade_updates closed for Paper 2: status=None msg=None
2026-07-05 20:24:00 | INFO | trading_bot | Alpaca stream market-stocks closed for Paper 2: status=None msg=None
2026-07-05 20:24:50 | INFO | trading_bot | Alpaca stream news closed for Paper 2: status=None msg=None
2026-07-05 20:24:50 | INFO | trading_bot | Alpaca stream trade_updates closed for Paper 2: status=None msg=None
2026-07-05 20:24:51 | INFO | trading_bot | Alpaca stream market-stocks closed for Paper 2: status=None msg=None
2026-07-05 20:25:40 | INFO | trading_bot | Alpaca stream news closed for Paper 2: status=None msg=None
2026-07-05 20:25:40 | INFO | trading_bot | Alpaca stream trade_updates closed for Paper 2: status=None msg=None
2026-07-05 20:25:42 | INFO | trading_bot | Alpaca stream market-stocks closed for Paper 2: status=None msg=None
2026-07-05 20:26:30 | INFO | trading_bot | Alpaca stream news closed for Paper 2: status=None msg=None
2026-07-05 20:26:30 | INFO | trading_bot | Alpaca stream trade_updates closed for Paper 2: status=None msg=None
2026-07-05 20:26:30 | INFO | trading_bot | Alpaca stream market-stocks closed for Paper 2: status=None msg=None
2026-07-05 20:27:20 | INFO | trading_bot | Alpaca stream news closed for Paper 2: status=None msg=None
2026-07-05 20:27:20 | INFO | trading_bot | Alpaca stream trade_updates closed for Paper 2: status=None msg=None
2026-07-05 20:27:20 | INFO | trading_bot | Alpaca stream market-stocks closed for Paper 2: status=None msg=None
2026-07-05 20:28:14 | WARNING | trading_bot | Alpaca devolvio barras vacias para AAPL (1m)
2026-07-05 20:28:14 | WARNING | trading_bot | Alpaca devolvio barras vacias para AAPL (5m)
2026-07-05 20:28:14 | WARNING | trading_bot | Alpaca devolvio barras vacias para AAPL (15m)
2026-07-05 20:29:04 | INFO | trading_bot | Alpaca stream market-stocks closed for Paper 2: status=None msg=None
2026-07-05 20:29:04 | INFO | trading_bot | Alpaca stream news closed for Paper 2: status=None msg=None
2026-07-05 20:29:04 | INFO | trading_bot | Alpaca stream trade_updates closed for Paper 2: status=None msg=None
2026-07-05 20:29:54 | INFO | trading_bot | Alpaca stream market-stocks closed for Paper 2: status=None msg=None
2026-07-05 20:29:56 | INFO | trading_bot | Alpaca stream news closed for Paper 2: status=None msg=None
2026-07-05 20:29:56 | INFO | trading_bot | Alpaca stream trade_updates closed for Paper 2: status=None msg=None
2026-07-05 20:30:44 | INFO | trading_bot | Alpaca stream market-stocks closed for Paper 2: status=None msg=None
2026-07-05 20:30:44 | INFO | trading_bot | Alpaca stream news closed for Paper 2: status=None msg=None
2026-07-05 20:30:44 | INFO | trading_bot | Alpaca stream trade_updates closed for Paper 2: status=None msg=None
2026-07-05 20:31:34 | INFO | trading_bot | Alpaca stream market-stocks closed for Paper 2: status=None msg=None
2026-07-05 20:31:34 | INFO | trading_bot | Alpaca stream news closed for Paper 2: status=None msg=None
2026-07-05 20:31:34 | INFO | trading_bot | Alpaca stream trade_updates closed for Paper 2: status=None msg=None
2026-07-05 20:32:25 | INFO | trading_bot | Alpaca stream news closed for Paper 2: status=None msg=None
2026-07-05 20:32:25 | INFO | trading_bot | Alpaca stream market-stocks closed for Paper 2: status=None msg=None
2026-07-05 20:32:26 | INFO | trading_bot | Alpaca stream trade_updates closed for Paper 2: status=None msg=None
2026-07-05 20:33:14 | INFO | trading_bot | Alpaca stream trade_updates closed for Paper 2: status=None msg=None
2026-07-05 20:33:17 | INFO | trading_bot | Alpaca stream news closed for Paper 2: status=None msg=None
2026-07-05 20:33:17 | INFO | trading_bot | Alpaca stream market-stocks closed for Paper 2: status=None msg=None
2026-07-05 20:33:51 | WARNING | trading_bot | Alpaca devolvio barras vacias para AAPL (1m)
2026-07-05 20:33:51 | WARNING | trading_bot | Alpaca devolvio barras vacias para AAPL (5m)
2026-07-05 20:33:51 | WARNING | trading_bot | Alpaca devolvio barras vacias para AAPL (15m)
2026-07-05 20:34:41 | INFO | trading_bot | Alpaca stream news closed for Paper 2: status=None msg=None
2026-07-05 20:34:41 | INFO | trading_bot | Alpaca stream trade_updates closed for Paper 2: status=None msg=None
2026-07-05 20:34:41 | INFO | trading_bot | Alpaca stream market-stocks closed for Paper 2: status=None msg=None
2026-07-05 20:35:31 | INFO | trading_bot | Alpaca stream news closed for Paper 2: status=None msg=None
2026-07-05 20:35:31 | INFO | trading_bot | Alpaca stream trade_updates closed for Paper 2: status=None msg=None
2026-07-05 20:35:33 | INFO | trading_bot | Alpaca stream market-stocks closed for Paper 2: status=None msg=None
2026-07-05 20:36:21 | INFO | trading_bot | Alpaca stream trade_updates closed for Paper 2: status=None msg=None
2026-07-05 20:36:22 | INFO | trading_bot | Alpaca stream news closed for Paper 2: status=None msg=None
2026-07-05 20:36:24 | INFO | trading_bot | Alpaca stream market-stocks closed for Paper 2: status=None msg=None
2026-07-05 20:37:11 | INFO | trading_bot | Alpaca stream trade_updates closed for Paper 2: status=None msg=None
2026-07-05 20:37:11 | INFO | trading_bot | Alpaca stream market-stocks closed for Paper 2: status=None msg=None
2026-07-05 20:37:13 | INFO | trading_bot | Alpaca stream news closed for Paper 2: status=None msg=None
2026-07-05 20:38:01 | INFO | trading_bot | Alpaca stream trade_updates closed for Paper 2: status=None msg=None
2026-07-05 20:38:01 | INFO | trading_bot | Alpaca stream market-stocks closed for Paper 2: status=None msg=None
2026-07-05 20:38:01 | INFO | trading_bot | Alpaca stream news closed for Paper 2: status=None msg=None
2026-07-05 20:38:51 | INFO | trading_bot | Alpaca stream trade_updates closed for Paper 2: status=None msg=None
2026-07-05 20:38:51 | INFO | trading_bot | Alpaca stream market-stocks closed for Paper 2: status=None msg=None
2026-07-05 20:38:51 | INFO | trading_bot | Alpaca stream news closed for Paper 2: status=None msg=None
2026-07-05 20:38:55 | WARNING | trading_bot | No se pudo crear salida inmediata para SOL/USD: 403 Client Error: Forbidden for url: https://paper-api.alpaca.markets/v2/orders
2026-07-05 20:39:17 | INFO | trading_bot | Entrada registrada SOL/USD qty=246.73080000 entry=81.79429112 cost=20181.17088421
2026-07-05 20:39:17 | WARNING | trading_bot | No se pudo crear salida inmediata para SOL/USD: 403 Client Error: Forbidden for url: https://paper-api.alpaca.markets/v2/orders
2026-07-05 20:39:18 | INFO | trading_bot | Salida inmediata creada SOL/USD qty=246.28668456 limit=82.29429100 reason=repair_missing_limit_from_tracking
2026-07-05 20:39:41 | INFO | trading_bot | Alpaca stream trade_updates closed for Paper 2: status=None msg=None
2026-07-05 20:39:41 | INFO | trading_bot | Alpaca stream market-stocks closed for Paper 2: status=None msg=None
2026-07-05 20:39:42 | INFO | trading_bot | Alpaca stream news closed for Paper 2: status=None msg=None
2026-07-05 20:40:32 | INFO | trading_bot | Alpaca stream trade_updates closed for Paper 2: status=None msg=None
2026-07-05 20:40:32 | INFO | trading_bot | Alpaca stream market-stocks closed for Paper 2: status=None msg=None
2026-07-05 20:40:32 | INFO | trading_bot | Alpaca stream news closed for Paper 2: status=None msg=None
2026-07-05 20:41:22 | INFO | trading_bot | Alpaca stream trade_updates closed for Paper 2: status=None msg=None
2026-07-05 20:41:22 | INFO | trading_bot | Alpaca stream market-stocks closed for Paper 2: status=None msg=None
2026-07-05 20:41:23 | INFO | trading_bot | Alpaca stream news closed for Paper 2: status=None msg=None
2026-07-05 20:42:12 | INFO | trading_bot | Alpaca stream trade_updates closed for Paper 2: status=None msg=None
2026-07-05 20:42:12 | INFO | trading_bot | Alpaca stream market-stocks closed for Paper 2: status=None msg=None
2026-07-05 20:42:12 | INFO | trading_bot | Alpaca stream news closed for Paper 2: status=None msg=None
2026-07-05 20:42:40 | WARNING | trading_bot | No se pudo crear salida inmediata para SOL/USD: 403 Client Error: Forbidden for url: https://paper-api.alpaca.markets/v2/orders
2026-07-05 20:43:02 | INFO | trading_bot | Alpaca stream trade_updates closed for Paper 2: status=None msg=None
2026-07-05 20:43:02 | INFO | trading_bot | Alpaca stream market-stocks closed for Paper 2: status=None msg=None
2026-07-05 20:43:02 | INFO | trading_bot | Alpaca stream news closed for Paper 2: status=None msg=None
2026-07-05 20:43:02 | WARNING | trading_bot | No se pudo crear salida inmediata para SOL/USD: 403 Client Error: Forbidden for url: https://paper-api.alpaca.markets/v2/orders
2026-07-05 20:43:52 | INFO | trading_bot | Alpaca stream trade_updates closed for Paper 2: status=None msg=None
2026-07-05 20:43:52 | INFO | trading_bot | Alpaca stream market-stocks closed for Paper 2: status=None msg=None
2026-07-05 20:43:52 | INFO | trading_bot | Alpaca stream news closed for Paper 2: status=None msg=None
2026-07-05 20:44:42 | INFO | trading_bot | Alpaca stream trade_updates closed for Paper 2: status=None msg=None
2026-07-05 20:44:42 | INFO | trading_bot | Alpaca stream market-stocks closed for Paper 2: status=None msg=None
2026-07-05 20:44:43 | INFO | trading_bot | Alpaca stream news closed for Paper 2: status=None msg=None
2026-07-05 20:45:32 | INFO | trading_bot | Alpaca stream trade_updates closed for Paper 2: status=None msg=None
2026-07-05 20:45:32 | INFO | trading_bot | Alpaca stream market-stocks closed for Paper 2: status=None msg=None
2026-07-05 20:45:32 | INFO | trading_bot | Alpaca stream news closed for Paper 2: status=None msg=None
2026-07-05 20:45:50 | WARNING | trading_bot | Alpaca devolvio barras vacias para AAPL (1m)
2026-07-05 20:45:50 | WARNING | trading_bot | Alpaca devolvio barras vacias para AAPL (5m)
2026-07-05 20:45:51 | WARNING | trading_bot | Alpaca devolvio barras vacias para AAPL (15m)
2026-07-05 20:46:40 | INFO | trading_bot | Alpaca stream market-stocks closed for Paper 2: status=None msg=None
2026-07-05 20:46:40 | INFO | trading_bot | Alpaca stream news closed for Paper 2: status=None msg=None
2026-07-05 20:46:40 | INFO | trading_bot | Alpaca stream trade_updates closed for Paper 2: status=None msg=None
2026-07-05 20:47:30 | INFO | trading_bot | Alpaca stream market-stocks closed for Paper 2: status=None msg=None
2026-07-05 20:47:30 | INFO | trading_bot | Alpaca stream news closed for Paper 2: status=None msg=None
2026-07-05 20:47:32 | INFO | trading_bot | Alpaca stream trade_updates closed for Paper 2: status=None msg=None
2026-07-05 20:48:20 | INFO | trading_bot | Alpaca stream market-stocks closed for Paper 2: status=None msg=None
2026-07-05 20:48:21 | INFO | trading_bot | Alpaca stream news closed for Paper 2: status=None msg=None
2026-07-05 20:48:23 | INFO | trading_bot | Alpaca stream trade_updates closed for Paper 2: status=None msg=None
2026-07-05 20:49:10 | INFO | trading_bot | Alpaca stream market-stocks closed for Paper 2: status=None msg=None
2026-07-05 20:49:10 | INFO | trading_bot | Alpaca stream news closed for Paper 2: status=None msg=None
2026-07-05 20:49:10 | INFO | trading_bot | Alpaca stream trade_updates closed for Paper 2: status=None msg=None
2026-07-05 20:50:14 | WARNING | trading_bot | Alpaca devolvio barras vacias para AAPL (1m)
2026-07-05 20:50:15 | WARNING | trading_bot | Alpaca devolvio barras vacias para AAPL (5m)
2026-07-05 20:50:15 | WARNING | trading_bot | Alpaca devolvio barras vacias para AAPL (15m)
2026-07-05 20:51:04 | INFO | trading_bot | Alpaca stream news closed for Paper 2: status=None msg=None
2026-07-05 20:51:04 | INFO | trading_bot | Alpaca stream trade_updates closed for Paper 2: status=None msg=None
2026-07-05 20:51:05 | INFO | trading_bot | Alpaca stream market-stocks closed for Paper 2: status=None msg=None
2026-07-05 20:51:54 | INFO | trading_bot | Alpaca stream news closed for Paper 2: status=None msg=None
2026-07-05 20:51:54 | INFO | trading_bot | Alpaca stream trade_updates closed for Paper 2: status=None msg=None
2026-07-05 20:51:54 | INFO | trading_bot | Alpaca stream market-stocks closed for Paper 2: status=None msg=None
2026-07-05 20:52:24 | WARNING | trading_bot | Alpaca devolvio barras vacias para AAPL (1m)
2026-07-05 20:52:24 | WARNING | trading_bot | Alpaca devolvio barras vacias para AAPL (5m)
2026-07-05 20:52:24 | WARNING | trading_bot | Alpaca devolvio barras vacias para AAPL (15m)
2026-07-05 20:53:14 | INFO | trading_bot | Alpaca stream market-stocks closed for Paper 2: status=None msg=None
2026-07-05 20:53:14 | INFO | trading_bot | Alpaca stream news closed for Paper 2: status=None msg=None
2026-07-05 20:53:14 | INFO | trading_bot | Alpaca stream trade_updates closed for Paper 2: status=None msg=None
2026-07-05 20:54:04 | INFO | trading_bot | Alpaca stream market-stocks closed for Paper 2: status=None msg=None
2026-07-05 20:54:04 | INFO | trading_bot | Alpaca stream news closed for Paper 2: status=None msg=None
2026-07-05 20:54:04 | INFO | trading_bot | Alpaca stream trade_updates closed for Paper 2: status=None msg=None
2026-07-05 20:54:54 | INFO | trading_bot | Alpaca stream market-stocks closed for Paper 2: status=None msg=None
2026-07-05 20:54:54 | INFO | trading_bot | Alpaca stream trade_updates closed for Paper 2: status=None msg=None
2026-07-05 20:54:55 | INFO | trading_bot | Alpaca stream news closed for Paper 2: status=None msg=None
2026-07-05 20:55:44 | INFO | trading_bot | Alpaca stream market-stocks closed for Paper 2: status=None msg=None
2026-07-05 20:55:44 | INFO | trading_bot | Alpaca stream trade_updates closed for Paper 2: status=None msg=None
2026-07-05 20:55:44 | INFO | trading_bot | Alpaca stream news closed for Paper 2: status=None msg=None
2026-07-05 20:56:34 | INFO | trading_bot | Alpaca stream market-stocks closed for Paper 2: status=None msg=None
2026-07-05 20:56:34 | INFO | trading_bot | Alpaca stream trade_updates closed for Paper 2: status=None msg=None
2026-07-05 20:56:34 | INFO | trading_bot | Alpaca stream news closed for Paper 2: status=None msg=None
2026-07-05 20:57:24 | INFO | trading_bot | Alpaca stream market-stocks closed for Paper 2: status=None msg=None
2026-07-05 20:57:24 | INFO | trading_bot | Alpaca stream trade_updates closed for Paper 2: status=None msg=None
2026-07-05 20:57:24 | INFO | trading_bot | Alpaca stream news closed for Paper 2: status=None msg=None
2026-07-05 20:58:14 | INFO | trading_bot | Alpaca stream market-stocks closed for Paper 2: status=None msg=None
2026-07-05 20:58:14 | INFO | trading_bot | Alpaca stream trade_updates closed for Paper 2: status=None msg=None
2026-07-05 20:58:14 | INFO | trading_bot | Alpaca stream news closed for Paper 2: status=None msg=None
2026-07-05 20:59:04 | INFO | trading_bot | Alpaca stream market-stocks closed for Paper 2: status=None msg=None
2026-07-05 20:59:05 | INFO | trading_bot | Alpaca stream trade_updates closed for Paper 2: status=None msg=None
2026-07-05 20:59:05 | INFO | trading_bot | Alpaca stream news closed for Paper 2: status=None msg=None
2026-07-05 20:59:55 | INFO | trading_bot | Alpaca stream market-stocks closed for Paper 2: status=None msg=None
2026-07-05 20:59:55 | INFO | trading_bot | Alpaca stream trade_updates closed for Paper 2: status=None msg=None
2026-07-05 20:59:55 | INFO | trading_bot | Alpaca stream news closed for Paper 2: status=None msg=None
2026-07-05 21:00:45 | INFO | trading_bot | Alpaca stream market-stocks closed for Paper 2: status=None msg=None
2026-07-05 21:00:45 | INFO | trading_bot | Alpaca stream news closed for Paper 2: status=None msg=None
2026-07-05 21:00:46 | INFO | trading_bot | Alpaca stream trade_updates closed for Paper 2: status=None msg=None
2026-07-05 21:01:35 | INFO | trading_bot | Alpaca stream market-stocks closed for Paper 2: status=None msg=None
2026-07-05 21:01:35 | INFO | trading_bot | Alpaca stream news closed for Paper 2: status=None msg=None
2026-07-05 21:01:35 | INFO | trading_bot | Alpaca stream trade_updates closed for Paper 2: status=None msg=None
2026-07-05 21:02:25 | INFO | trading_bot | Alpaca stream market-stocks closed for Paper 2: status=None msg=None
2026-07-05 21:02:25 | INFO | trading_bot | Alpaca stream news closed for Paper 2: status=None msg=None
2026-07-05 21:02:25 | INFO | trading_bot | Alpaca stream trade_updates closed for Paper 2: status=None msg=None
2026-07-05 21:02:29 | WARNING | trading_bot | Alpaca devolvio barras vacias para AAPL (1m)
2026-07-05 21:02:29 | WARNING | trading_bot | Alpaca devolvio barras vacias para AAPL (5m)
2026-07-05 21:02:29 | WARNING | trading_bot | Alpaca devolvio barras vacias para AAPL (15m)
2026-07-05 21:04:14 | WARNING | trading_bot | Alpaca devolvio barras vacias para AAPL (1m)
2026-07-05 21:04:14 | WARNING | trading_bot | Alpaca devolvio barras vacias para AAPL (5m)
2026-07-05 21:04:14 | WARNING | trading_bot | Alpaca devolvio barras vacias para AAPL (15m)
2026-07-05 21:04:15 | WARNING | trading_bot | Alpaca devolvio barras vacias para AAPL (1m)
2026-07-05 21:04:15 | WARNING | trading_bot | Alpaca devolvio barras vacias para AAPL (5m)
2026-07-05 21:04:15 | WARNING | trading_bot | Alpaca devolvio barras vacias para AAPL (15m)
2026-07-05 21:04:28 | WARNING | trading_bot | Alpaca devolvio barras vacias para AAPL (1m)
2026-07-05 21:04:28 | WARNING | trading_bot | Alpaca devolvio barras vacias para AAPL (5m)
2026-07-05 21:04:28 | WARNING | trading_bot | Alpaca devolvio barras vacias para AAPL (15m)
2026-07-05 21:04:38 | WARNING | trading_bot | Alpaca devolvio barras vacias para AAPL (1m)
2026-07-05 21:04:38 | WARNING | trading_bot | Alpaca devolvio barras vacias para AAPL (5m)
2026-07-05 21:04:38 | WARNING | trading_bot | Alpaca devolvio barras vacias para AAPL (15m)
2026-07-05 21:08:50 | WARNING | trading_bot | Alpaca devolvio barras vacias para AAPL (1m)
2026-07-05 21:08:50 | WARNING | trading_bot | Alpaca devolvio barras vacias para AAPL (5m)
2026-07-05 21:08:50 | WARNING | trading_bot | Alpaca devolvio barras vacias para AAPL (15m)
2026-07-05 21:09:09 | WARNING | trading_bot | Alpaca devolvio barras vacias para AAPL (1m)
2026-07-05 21:09:09 | WARNING | trading_bot | Alpaca devolvio barras vacias para AAPL (5m)
2026-07-05 21:09:09 | WARNING | trading_bot | Alpaca devolvio barras vacias para AAPL (15m)
2026-07-05 21:10:58 | WARNING | trading_bot | Alpaca devolvio barras vacias para AAPL (1m)
2026-07-05 21:10:58 | WARNING | trading_bot | Alpaca devolvio barras vacias para AAPL (5m)
2026-07-05 21:10:58 | WARNING | trading_bot | Alpaca devolvio barras vacias para AAPL (15m)
2026-07-05 21:11:48 | INFO | trading_bot | Alpaca stream market-stocks closed for Paper 2: status=None msg=None
2026-07-05 21:11:48 | INFO | trading_bot | Alpaca stream news closed for Paper 2: status=None msg=None
2026-07-05 21:11:48 | INFO | trading_bot | Alpaca stream trade_updates closed for Paper 2: status=None msg=None
2026-07-05 21:12:38 | INFO | trading_bot | Alpaca stream news closed for Paper 2: status=None msg=None
2026-07-05 21:12:38 | INFO | trading_bot | Alpaca stream trade_updates closed for Paper 2: status=None msg=None
2026-07-05 21:12:39 | INFO | trading_bot | Alpaca stream market-stocks closed for Paper 2: status=None msg=None
2026-07-05 21:13:23 | WARNING | trading_bot | Alpaca devolvio barras vacias para AAPL (1m)
2026-07-05 21:13:23 | WARNING | trading_bot | Alpaca devolvio barras vacias para AAPL (5m)
2026-07-05 21:13:23 | WARNING | trading_bot | Alpaca devolvio barras vacias para AAPL (15m)
2026-07-05 21:13:28 | INFO | trading_bot | Alpaca stream news closed for Paper 2: status=None msg=None
2026-07-05 21:13:28 | INFO | trading_bot | Alpaca stream trade_updates closed for Paper 2: status=None msg=None
2026-07-05 21:13:28 | INFO | trading_bot | Alpaca stream market-stocks closed for Paper 2: status=None msg=None
2026-07-05 21:13:32 | WARNING | trading_bot | Alpaca stream market-stocks error for Paper 2: Connection to remote host was lost.
2026-07-05 21:13:32 | INFO | trading_bot | Alpaca stream market-stocks closed for Paper 2: status=None msg=None
2026-07-05 21:13:32 | WARNING | trading_bot | Alpaca stream news error for Paper 2: Connection to remote host was lost.
2026-07-05 21:13:32 | INFO | trading_bot | Alpaca stream news closed for Paper 2: status=None msg=None
2026-07-05 21:13:32 | WARNING | trading_bot | Alpaca stream market-crypto error for Paper 2: Connection to remote host was lost.
2026-07-05 21:13:32 | INFO | trading_bot | Alpaca stream market-crypto closed for Paper 2: status=None msg=None
2026-07-05 21:14:18 | INFO | trading_bot | Alpaca stream trade_updates closed for Paper 2: status=None msg=None
2026-07-05 21:14:19 | INFO | trading_bot | Alpaca stream news closed for Paper 2: status=None msg=None
2026-07-05 21:14:19 | INFO | trading_bot | Alpaca stream market-stocks closed for Paper 2: status=None msg=None
2026-07-05 21:15:08 | INFO | trading_bot | Alpaca stream trade_updates closed for Paper 2: status=None msg=None
2026-07-05 21:15:08 | INFO | trading_bot | Alpaca stream news closed for Paper 2: status=None msg=None
2026-07-05 21:15:08 | INFO | trading_bot | Alpaca stream market-stocks closed for Paper 2: status=None msg=None
2026-07-05 21:15:11 | INFO | trading_bot | Auto-ejecucion bloqueada para SOL/USD: 403 Client Error: Forbidden for url: https://paper-api.alpaca.markets/v2/orders
2026-07-05 21:15:58 | INFO | trading_bot | Alpaca stream trade_updates closed for Paper 2: status=None msg=None
2026-07-05 21:15:58 | INFO | trading_bot | Alpaca stream news closed for Paper 2: status=None msg=None
2026-07-05 21:15:59 | INFO | trading_bot | Alpaca stream market-stocks closed for Paper 2: status=None msg=None
2026-07-05 21:16:04 | WARNING | trading_bot | Alpaca devolvio barras vacias para AAPL (1m)
2026-07-05 21:16:04 | WARNING | trading_bot | Alpaca devolvio barras vacias para AAPL (5m)
2026-07-05 21:16:04 | WARNING | trading_bot | Alpaca devolvio barras vacias para AAPL (15m)
2026-07-05 21:16:14 | WARNING | trading_bot | Alpaca stream market-crypto error for Paper 2: Connection to remote host was lost.
2026-07-05 21:16:14 | INFO | trading_bot | Alpaca stream market-crypto closed for Paper 2: status=None msg=None
2026-07-05 21:16:14 | WARNING | trading_bot | Alpaca stream news error for Paper 2: Connection to remote host was lost.
2026-07-05 21:16:14 | INFO | trading_bot | Alpaca stream news closed for Paper 2: status=None msg=None
2026-07-05 21:16:14 | WARNING | trading_bot | Alpaca stream market-stocks error for Paper 2: Connection to remote host was lost.
2026-07-05 21:16:14 | INFO | trading_bot | Alpaca stream market-stocks closed for Paper 2: status=None msg=None
2026-07-05 21:16:48 | INFO | trading_bot | Alpaca stream trade_updates closed for Paper 2: status=None msg=None
2026-07-05 21:16:48 | INFO | trading_bot | Alpaca stream news closed for Paper 2: status=None msg=None
2026-07-05 21:16:48 | INFO | trading_bot | Alpaca stream market-stocks closed for Paper 2: status=None msg=None
2026-07-05 21:17:38 | INFO | trading_bot | Alpaca stream trade_updates closed for Paper 2: status=None msg=None
2026-07-05 21:17:38 | INFO | trading_bot | Alpaca stream news closed for Paper 2: status=None msg=None
2026-07-05 21:17:38 | INFO | trading_bot | Alpaca stream market-stocks closed for Paper 2: status=None msg=None
2026-07-05 21:18:28 | INFO | trading_bot | Alpaca stream trade_updates closed for Paper 2: status=None msg=None
2026-07-05 21:18:28 | INFO | trading_bot | Alpaca stream news closed for Paper 2: status=None msg=None
2026-07-05 21:18:29 | INFO | trading_bot | Alpaca stream market-stocks closed for Paper 2: status=None msg=None
2026-07-05 21:19:19 | INFO | trading_bot | Alpaca stream trade_updates closed for Paper 2: status=None msg=None
2026-07-05 21:19:19 | INFO | trading_bot | Alpaca stream news closed for Paper 2: status=None msg=None
2026-07-05 21:19:19 | INFO | trading_bot | Alpaca stream market-stocks closed for Paper 2: status=None msg=None
2026-07-05 21:20:09 | INFO | trading_bot | Alpaca stream trade_updates closed for Paper 2: status=None msg=None
2026-07-05 21:20:10 | INFO | trading_bot | Alpaca stream news closed for Paper 2: status=None msg=None
2026-07-05 21:20:10 | INFO | trading_bot | Alpaca stream market-stocks closed for Paper 2: status=None msg=None
2026-07-05 21:20:59 | INFO | trading_bot | Alpaca stream trade_updates closed for Paper 2: status=None msg=None
2026-07-05 21:21:01 | INFO | trading_bot | Alpaca stream news closed for Paper 2: status=None msg=None
2026-07-05 21:21:01 | INFO | trading_bot | Alpaca stream market-stocks closed for Paper 2: status=None msg=None
2026-07-05 21:21:49 | INFO | trading_bot | Alpaca stream news closed for Paper 2: status=None msg=None
2026-07-05 21:21:50 | INFO | trading_bot | Alpaca stream trade_updates closed for Paper 2: status=None msg=None
2026-07-05 21:21:52 | INFO | trading_bot | Alpaca stream market-stocks closed for Paper 2: status=None msg=None
2026-07-05 21:22:39 | INFO | trading_bot | Alpaca stream news closed for Paper 2: status=None msg=None
2026-07-05 21:22:39 | INFO | trading_bot | Alpaca stream trade_updates closed for Paper 2: status=None msg=None
2026-07-05 21:22:39 | INFO | trading_bot | Alpaca stream market-stocks closed for Paper 2: status=None msg=None
2026-07-05 21:23:29 | INFO | trading_bot | Alpaca stream news closed for Paper 2: status=None msg=None
2026-07-05 21:23:29 | INFO | trading_bot | Alpaca stream market-stocks closed for Paper 2: status=None msg=None
2026-07-05 21:23:30 | INFO | trading_bot | Alpaca stream trade_updates closed for Paper 2: status=None msg=None
2026-07-05 21:24:19 | INFO | trading_bot | Alpaca stream news closed for Paper 2: status=None msg=None
2026-07-05 21:24:19 | INFO | trading_bot | Alpaca stream market-stocks closed for Paper 2: status=None msg=None
2026-07-05 21:24:19 | INFO | trading_bot | Alpaca stream trade_updates closed for Paper 2: status=None msg=None
2026-07-05 21:25:09 | INFO | trading_bot | Alpaca stream news closed for Paper 2: status=None msg=None
2026-07-05 21:25:09 | INFO | trading_bot | Alpaca stream trade_updates closed for Paper 2: status=None msg=None
2026-07-05 21:25:10 | INFO | trading_bot | Alpaca stream market-stocks closed for Paper 2: status=None msg=None
2026-07-05 21:25:59 | INFO | trading_bot | Alpaca stream trade_updates closed for Paper 2: status=None msg=None
2026-07-05 21:26:00 | INFO | trading_bot | Alpaca stream news closed for Paper 2: status=None msg=None
2026-07-05 21:26:01 | INFO | trading_bot | Alpaca stream market-stocks closed for Paper 2: status=None msg=None
2026-07-05 21:26:49 | INFO | trading_bot | Alpaca stream trade_updates closed for Paper 2: status=None msg=None
2026-07-05 21:26:49 | INFO | trading_bot | Alpaca stream news closed for Paper 2: status=None msg=None
2026-07-05 21:26:52 | INFO | trading_bot | Alpaca stream market-stocks closed for Paper 2: status=None msg=None
2026-07-05 21:27:39 | INFO | trading_bot | Alpaca stream trade_updates closed for Paper 2: status=None msg=None
2026-07-05 21:27:39 | INFO | trading_bot | Alpaca stream news closed for Paper 2: status=None msg=None
2026-07-05 21:27:39 | INFO | trading_bot | Alpaca stream market-stocks closed for Paper 2: status=None msg=None
2026-07-05 21:28:29 | INFO | trading_bot | Alpaca stream trade_updates closed for Paper 2: status=None msg=None
2026-07-05 21:28:29 | INFO | trading_bot | Alpaca stream news closed for Paper 2: status=None msg=None
2026-07-05 21:28:29 | INFO | trading_bot | Alpaca stream market-stocks closed for Paper 2: status=None msg=None
2026-07-05 21:29:19 | INFO | trading_bot | Alpaca stream trade_updates closed for Paper 2: status=None msg=None
2026-07-05 21:29:19 | INFO | trading_bot | Alpaca stream news closed for Paper 2: status=None msg=None
2026-07-05 21:29:19 | INFO | trading_bot | Alpaca stream market-stocks closed for Paper 2: status=None msg=None
2026-07-05 21:30:09 | INFO | trading_bot | Alpaca stream trade_updates closed for Paper 2: status=None msg=None
2026-07-05 21:30:09 | INFO | trading_bot | Alpaca stream news closed for Paper 2: status=None msg=None
2026-07-05 21:30:09 | INFO | trading_bot | Alpaca stream market-stocks closed for Paper 2: status=None msg=None
2026-07-05 21:30:59 | INFO | trading_bot | Alpaca stream trade_updates closed for Paper 2: status=None msg=None
2026-07-05 21:30:59 | INFO | trading_bot | Alpaca stream news closed for Paper 2: status=None msg=None
2026-07-05 21:30:59 | INFO | trading_bot | Alpaca stream market-stocks closed for Paper 2: status=None msg=None
2026-07-05 21:31:49 | INFO | trading_bot | Alpaca stream trade_updates closed for Paper 2: status=None msg=None
2026-07-05 21:31:49 | INFO | trading_bot | Alpaca stream news closed for Paper 2: status=None msg=None
2026-07-05 21:31:49 | INFO | trading_bot | Alpaca stream market-stocks closed for Paper 2: status=None msg=None
2026-07-05 21:32:39 | INFO | trading_bot | Alpaca stream trade_updates closed for Paper 2: status=None msg=None
2026-07-05 21:32:39 | INFO | trading_bot | Alpaca stream news closed for Paper 2: status=None msg=None
2026-07-05 21:32:40 | INFO | trading_bot | Alpaca stream market-stocks closed for Paper 2: status=None msg=None
2026-07-05 21:33:30 | INFO | trading_bot | Alpaca stream trade_updates closed for Paper 2: status=None msg=None
2026-07-05 21:33:30 | INFO | trading_bot | Alpaca stream news closed for Paper 2: status=None msg=None
2026-07-05 21:33:30 | INFO | trading_bot | Alpaca stream market-stocks closed for Paper 2: status=None msg=None
2026-07-05 21:34:20 | INFO | trading_bot | Alpaca stream news closed for Paper 2: status=None msg=None
2026-07-05 21:34:20 | INFO | trading_bot | Alpaca stream market-stocks closed for Paper 2: status=None msg=None
2026-07-05 21:34:21 | INFO | trading_bot | Alpaca stream trade_updates closed for Paper 2: status=None msg=None
2026-07-05 21:35:10 | INFO | trading_bot | Alpaca stream news closed for Paper 2: status=None msg=None
2026-07-05 21:35:10 | INFO | trading_bot | Alpaca stream market-stocks closed for Paper 2: status=None msg=None
2026-07-05 21:35:10 | INFO | trading_bot | Alpaca stream trade_updates closed for Paper 2: status=None msg=None
2026-07-05 21:36:00 | INFO | trading_bot | Alpaca stream news closed for Paper 2: status=None msg=None
2026-07-05 21:36:00 | INFO | trading_bot | Alpaca stream market-stocks closed for Paper 2: status=None msg=None
2026-07-05 21:36:00 | INFO | trading_bot | Alpaca stream trade_updates closed for Paper 2: status=None msg=None
2026-07-05 21:36:50 | INFO | trading_bot | Alpaca stream news closed for Paper 2: status=None msg=None
2026-07-05 21:36:50 | INFO | trading_bot | Alpaca stream market-stocks closed for Paper 2: status=None msg=None
2026-07-05 21:36:50 | INFO | trading_bot | Alpaca stream trade_updates closed for Paper 2: status=None msg=None
2026-07-05 21:37:40 | INFO | trading_bot | Alpaca stream news closed for Paper 2: status=None msg=None
2026-07-05 21:37:40 | INFO | trading_bot | Alpaca stream market-stocks closed for Paper 2: status=None msg=None
2026-07-05 21:37:40 | INFO | trading_bot | Alpaca stream trade_updates closed for Paper 2: status=None msg=None
2026-07-05 21:38:30 | INFO | trading_bot | Alpaca stream news closed for Paper 2: status=None msg=None
2026-07-05 21:38:30 | INFO | trading_bot | Alpaca stream market-stocks closed for Paper 2: status=None msg=None
2026-07-05 21:38:30 | INFO | trading_bot | Alpaca stream trade_updates closed for Paper 2: status=None msg=None
2026-07-05 21:39:20 | INFO | trading_bot | Alpaca stream news closed for Paper 2: status=None msg=None
2026-07-05 21:39:20 | INFO | trading_bot | Alpaca stream market-stocks closed for Paper 2: status=None msg=None
2026-07-05 21:39:20 | INFO | trading_bot | Alpaca stream trade_updates closed for Paper 2: status=None msg=None
2026-07-05 21:40:10 | INFO | trading_bot | Alpaca stream news closed for Paper 2: status=None msg=None
2026-07-05 21:40:10 | INFO | trading_bot | Alpaca stream market-stocks closed for Paper 2: status=None msg=None
2026-07-05 21:40:10 | INFO | trading_bot | Alpaca stream trade_updates closed for Paper 2: status=None msg=None
2026-07-05 21:41:00 | INFO | trading_bot | Alpaca stream news closed for Paper 2: status=None msg=None
2026-07-05 21:41:00 | INFO | trading_bot | Alpaca stream market-stocks closed for Paper 2: status=None msg=None
2026-07-05 21:41:00 | INFO | trading_bot | Alpaca stream trade_updates closed for Paper 2: status=None msg=None
2026-07-05 21:41:50 | INFO | trading_bot | Alpaca stream news closed for Paper 2: status=None msg=None
2026-07-05 21:41:50 | INFO | trading_bot | Alpaca stream market-stocks closed for Paper 2: status=None msg=None
2026-07-05 21:41:50 | INFO | trading_bot | Alpaca stream trade_updates closed for Paper 2: status=None msg=None
2026-07-05 21:42:40 | INFO | trading_bot | Alpaca stream news closed for Paper 2: status=None msg=None
2026-07-05 21:42:40 | INFO | trading_bot | Alpaca stream market-stocks closed for Paper 2: status=None msg=None
2026-07-05 21:42:40 | INFO | trading_bot | Alpaca stream trade_updates closed for Paper 2: status=None msg=None
2026-07-05 21:43:14 | WARNING | trading_bot | Alpaca devolvio barras vacias para AAPL (1m)
2026-07-05 21:43:14 | WARNING | trading_bot | Alpaca devolvio barras vacias para AAPL (5m)
2026-07-05 21:43:14 | WARNING | trading_bot | Alpaca devolvio barras vacias para AAPL (15m)
2026-07-05 21:44:04 | INFO | trading_bot | Alpaca stream trade_updates closed for Paper 2: status=None msg=None
2026-07-05 21:44:04 | INFO | trading_bot | Alpaca stream news closed for Paper 2: status=None msg=None
2026-07-05 21:44:04 | INFO | trading_bot | Alpaca stream market-stocks closed for Paper 2: status=None msg=None
2026-07-05 21:44:06 | WARNING | trading_bot | Alpaca devolvio barras vacias para AAPL (1m)
2026-07-05 21:44:06 | WARNING | trading_bot | Alpaca devolvio barras vacias para AAPL (5m)
2026-07-05 21:44:06 | WARNING | trading_bot | Alpaca devolvio barras vacias para AAPL (15m)
2026-07-05 21:44:56 | INFO | trading_bot | Alpaca stream market-stocks closed for Paper 2: status=None msg=None
2026-07-05 21:44:56 | INFO | trading_bot | Alpaca stream trade_updates closed for Paper 2: status=None msg=None
2026-07-05 21:44:56 | INFO | trading_bot | Alpaca stream news closed for Paper 2: status=None msg=None
2026-07-05 21:45:46 | INFO | trading_bot | Alpaca stream trade_updates closed for Paper 2: status=None msg=None
2026-07-05 21:45:46 | INFO | trading_bot | Alpaca stream news closed for Paper 2: status=None msg=None
2026-07-05 21:45:47 | INFO | trading_bot | Alpaca stream market-stocks closed for Paper 2: status=None msg=None
2026-07-05 21:46:36 | INFO | trading_bot | Alpaca stream trade_updates closed for Paper 2: status=None msg=None
2026-07-05 21:46:36 | INFO | trading_bot | Alpaca stream news closed for Paper 2: status=None msg=None
2026-07-05 21:46:38 | INFO | trading_bot | Alpaca stream market-stocks closed for Paper 2: status=None msg=None
2026-07-05 21:47:27 | INFO | trading_bot | Alpaca stream news closed for Paper 2: status=None msg=None
2026-07-05 21:47:27 | INFO | trading_bot | Alpaca stream trade_updates closed for Paper 2: status=None msg=None
2026-07-05 21:47:29 | INFO | trading_bot | Alpaca stream market-stocks closed for Paper 2: status=None msg=None
2026-07-05 21:48:16 | INFO | trading_bot | Alpaca stream trade_updates closed for Paper 2: status=None msg=None
2026-07-05 21:48:18 | INFO | trading_bot | Alpaca stream news closed for Paper 2: status=None msg=None
2026-07-05 21:48:20 | INFO | trading_bot | Alpaca stream market-stocks closed for Paper 2: status=None msg=None
2026-07-05 21:48:25 | WARNING | trading_bot | Alpaca devolvio barras vacias para AAPL (1m)
2026-07-05 21:48:25 | WARNING | trading_bot | Alpaca devolvio barras vacias para AAPL (5m)
2026-07-05 21:48:25 | WARNING | trading_bot | Alpaca devolvio barras vacias para AAPL (15m)
2026-07-05 21:49:14 | INFO | trading_bot | Alpaca stream market-stocks closed for Paper 2: status=None msg=None
2026-07-05 21:49:14 | INFO | trading_bot | Alpaca stream news closed for Paper 2: status=None msg=None
2026-07-05 21:49:14 | INFO | trading_bot | Alpaca stream trade_updates closed for Paper 2: status=None msg=None
2026-07-05 21:50:04 | INFO | trading_bot | Alpaca stream market-stocks closed for Paper 2: status=None msg=None
2026-07-05 21:50:04 | INFO | trading_bot | Alpaca stream news closed for Paper 2: status=None msg=None
2026-07-05 21:50:04 | INFO | trading_bot | Alpaca stream trade_updates closed for Paper 2: status=None msg=None
2026-07-05 21:50:54 | INFO | trading_bot | Alpaca stream market-stocks closed for Paper 2: status=None msg=None
2026-07-05 21:50:55 | INFO | trading_bot | Alpaca stream news closed for Paper 2: status=None msg=None
2026-07-05 21:50:56 | INFO | trading_bot | Alpaca stream trade_updates closed for Paper 2: status=None msg=None
2026-07-05 21:51:45 | INFO | trading_bot | Alpaca stream news closed for Paper 2: status=None msg=None
2026-07-05 21:51:45 | INFO | trading_bot | Alpaca stream trade_updates closed for Paper 2: status=None msg=None
2026-07-05 21:51:46 | INFO | trading_bot | Alpaca stream market-stocks closed for Paper 2: status=None msg=None
2026-07-05 21:52:35 | INFO | trading_bot | Alpaca stream news closed for Paper 2: status=None msg=None
2026-07-05 21:52:35 | INFO | trading_bot | Alpaca stream trade_updates closed for Paper 2: status=None msg=None
2026-07-05 21:52:35 | INFO | trading_bot | Alpaca stream market-stocks closed for Paper 2: status=None msg=None
2026-07-05 21:53:25 | INFO | trading_bot | Alpaca stream trade_updates closed for Paper 2: status=None msg=None
2026-07-05 21:53:25 | INFO | trading_bot | Alpaca stream market-stocks closed for Paper 2: status=None msg=None
2026-07-05 21:53:30 | INFO | trading_bot | Alpaca stream news closed for Paper 2: status=None msg=None
2026-07-05 21:54:15 | INFO | trading_bot | Alpaca stream trade_updates closed for Paper 2: status=None msg=None
2026-07-05 21:54:15 | INFO | trading_bot | Alpaca stream market-stocks closed for Paper 2: status=None msg=None
2026-07-05 21:54:20 | INFO | trading_bot | Alpaca stream news closed for Paper 2: status=None msg=None
2026-07-05 21:55:05 | INFO | trading_bot | Alpaca stream trade_updates closed for Paper 2: status=None msg=None
2026-07-05 21:55:06 | INFO | trading_bot | Alpaca stream market-stocks closed for Paper 2: status=None msg=None
2026-07-05 21:55:10 | INFO | trading_bot | Alpaca stream news closed for Paper 2: status=None msg=None
2026-07-05 21:55:55 | INFO | trading_bot | Alpaca stream trade_updates closed for Paper 2: status=None msg=None
2026-07-05 21:55:55 | INFO | trading_bot | Alpaca stream market-stocks closed for Paper 2: status=None msg=None
2026-07-05 21:56:01 | INFO | trading_bot | Alpaca stream news closed for Paper 2: status=None msg=None
2026-07-05 21:56:45 | INFO | trading_bot | Alpaca stream trade_updates closed for Paper 2: status=None msg=None
2026-07-05 21:56:45 | INFO | trading_bot | Alpaca stream market-stocks closed for Paper 2: status=None msg=None
2026-07-05 21:56:50 | INFO | trading_bot | Alpaca stream news closed for Paper 2: status=None msg=None
2026-07-05 21:57:35 | INFO | trading_bot | Alpaca stream trade_updates closed for Paper 2: status=None msg=None
2026-07-05 21:57:35 | INFO | trading_bot | Alpaca stream market-stocks closed for Paper 2: status=None msg=None
2026-07-05 21:57:40 | INFO | trading_bot | Alpaca stream news closed for Paper 2: status=None msg=None
2026-07-05 21:58:25 | INFO | trading_bot | Alpaca stream trade_updates closed for Paper 2: status=None msg=None
2026-07-05 21:58:25 | INFO | trading_bot | Alpaca stream market-stocks closed for Paper 2: status=None msg=None
2026-07-05 21:58:30 | INFO | trading_bot | Alpaca stream news closed for Paper 2: status=None msg=None
2026-07-05 21:59:15 | INFO | trading_bot | Alpaca stream market-stocks closed for Paper 2: status=None msg=None
2026-07-05 21:59:16 | INFO | trading_bot | Alpaca stream trade_updates closed for Paper 2: status=None msg=None
2026-07-05 21:59:20 | INFO | trading_bot | Alpaca stream news closed for Paper 2: status=None msg=None
2026-07-05 22:00:05 | INFO | trading_bot | Alpaca stream market-stocks closed for Paper 2: status=None msg=None
2026-07-05 22:00:05 | INFO | trading_bot | Alpaca stream trade_updates closed for Paper 2: status=None msg=None
2026-07-05 22:00:10 | INFO | trading_bot | Alpaca stream news closed for Paper 2: status=None msg=None
2026-07-05 22:00:55 | INFO | trading_bot | Alpaca stream market-stocks closed for Paper 2: status=None msg=None
2026-07-05 22:00:55 | INFO | trading_bot | Alpaca stream trade_updates closed for Paper 2: status=None msg=None
2026-07-05 22:01:00 | INFO | trading_bot | Alpaca stream news closed for Paper 2: status=None msg=None
2026-07-05 22:01:45 | INFO | trading_bot | Alpaca stream market-stocks closed for Paper 2: status=None msg=None
2026-07-05 22:01:45 | INFO | trading_bot | Alpaca stream trade_updates closed for Paper 2: status=None msg=None
2026-07-05 22:01:52 | INFO | trading_bot | Alpaca stream news closed for Paper 2: status=None msg=None
2026-07-05 22:02:35 | INFO | trading_bot | Alpaca stream market-stocks closed for Paper 2: status=None msg=None
2026-07-05 22:02:35 | INFO | trading_bot | Alpaca stream trade_updates closed for Paper 2: status=None msg=None
2026-07-05 22:02:40 | INFO | trading_bot | Alpaca stream news closed for Paper 2: status=None msg=None
2026-07-05 22:03:26 | INFO | trading_bot | Alpaca stream market-stocks closed for Paper 2: status=None msg=None
2026-07-05 22:03:26 | INFO | trading_bot | Alpaca stream trade_updates closed for Paper 2: status=None msg=None
2026-07-05 22:03:31 | INFO | trading_bot | Alpaca stream news closed for Paper 2: status=None msg=None
2026-07-05 22:04:16 | INFO | trading_bot | Alpaca stream market-stocks closed for Paper 2: status=None msg=None
2026-07-05 22:04:16 | INFO | trading_bot | Alpaca stream trade_updates closed for Paper 2: status=None msg=None
2026-07-05 22:04:21 | INFO | trading_bot | Alpaca stream news closed for Paper 2: status=None msg=None
2026-07-05 22:05:06 | INFO | trading_bot | Alpaca stream market-stocks closed for Paper 2: status=None msg=None
2026-07-05 22:05:06 | INFO | trading_bot | Alpaca stream trade_updates closed for Paper 2: status=None msg=None
2026-07-05 22:05:12 | INFO | trading_bot | Alpaca stream news closed for Paper 2: status=None msg=None
2026-07-05 22:05:18 | WARNING | trading_bot | Alpaca devolvio barras vacias para AAPL (1m)
2026-07-05 22:05:18 | WARNING | trading_bot | Alpaca devolvio barras vacias para AAPL (5m)
2026-07-05 22:05:18 | WARNING | trading_bot | Alpaca devolvio barras vacias para AAPL (15m)
2026-07-05 22:06:07 | INFO | trading_bot | Alpaca stream market-stocks closed for Paper 2: status=None msg=None
2026-07-05 22:06:08 | INFO | trading_bot | Alpaca stream trade_updates closed for Paper 2: status=None msg=None
2026-07-05 22:06:08 | INFO | trading_bot | Alpaca stream news closed for Paper 2: status=None msg=None
2026-07-05 22:06:58 | INFO | trading_bot | Alpaca stream market-stocks closed for Paper 2: status=None msg=None
2026-07-05 22:06:58 | INFO | trading_bot | Alpaca stream trade_updates closed for Paper 2: status=None msg=None
2026-07-05 22:06:58 | INFO | trading_bot | Alpaca stream news closed for Paper 2: status=None msg=None
2026-07-05 22:07:48 | INFO | trading_bot | Alpaca stream market-stocks closed for Paper 2: status=None msg=None
2026-07-05 22:07:48 | INFO | trading_bot | Alpaca stream trade_updates closed for Paper 2: status=None msg=None
2026-07-05 22:07:48 | INFO | trading_bot | Alpaca stream news closed for Paper 2: status=None msg=None
2026-07-05 22:08:38 | INFO | trading_bot | Alpaca stream market-stocks closed for Paper 2: status=None msg=None
2026-07-05 22:08:38 | INFO | trading_bot | Alpaca stream trade_updates closed for Paper 2: status=None msg=None
2026-07-05 22:08:39 | INFO | trading_bot | Alpaca stream news closed for Paper 2: status=None msg=None
2026-07-05 22:09:29 | INFO | trading_bot | Alpaca stream market-stocks closed for Paper 2: status=None msg=None
2026-07-05 22:09:29 | INFO | trading_bot | Alpaca stream trade_updates closed for Paper 2: status=None msg=None
2026-07-05 22:10:20 | INFO | trading_bot | Alpaca stream news closed for Paper 2: status=None msg=None
2026-07-05 22:10:20 | INFO | trading_bot | Alpaca stream market-stocks closed for Paper 2: status=None msg=None
2026-07-05 22:10:20 | INFO | trading_bot | Alpaca stream trade_updates closed for Paper 2: status=None msg=None
2026-07-05 22:10:31 | WARNING | trading_bot | Alpaca devolvio barras vacias para AAPL (1m)
2026-07-05 22:10:31 | WARNING | trading_bot | Alpaca devolvio barras vacias para AAPL (5m)
2026-07-05 22:10:31 | WARNING | trading_bot | Alpaca devolvio barras vacias para AAPL (15m)
2026-07-05 22:11:21 | INFO | trading_bot | Alpaca stream market-stocks closed for Paper 2: status=None msg=None
2026-07-05 22:11:21 | INFO | trading_bot | Alpaca stream news closed for Paper 2: status=None msg=None
2026-07-05 22:11:21 | INFO | trading_bot | Alpaca stream trade_updates closed for Paper 2: status=None msg=None
2026-07-05 22:12:11 | INFO | trading_bot | Alpaca stream market-stocks closed for Paper 2: status=None msg=None
2026-07-05 22:12:12 | INFO | trading_bot | Alpaca stream news closed for Paper 2: status=None msg=None
2026-07-05 22:12:12 | INFO | trading_bot | Alpaca stream trade_updates closed for Paper 2: status=None msg=None
2026-07-05 22:13:01 | INFO | trading_bot | Alpaca stream news closed for Paper 2: status=None msg=None
2026-07-05 22:13:01 | INFO | trading_bot | Alpaca stream trade_updates closed for Paper 2: status=None msg=None
2026-07-05 22:13:02 | INFO | trading_bot | Alpaca stream market-stocks closed for Paper 2: status=None msg=None
2026-07-05 22:13:51 | INFO | trading_bot | Alpaca stream news closed for Paper 2: status=None msg=None
2026-07-05 22:13:51 | INFO | trading_bot | Alpaca stream trade_updates closed for Paper 2: status=None msg=None
2026-07-05 22:13:51 | INFO | trading_bot | Alpaca stream market-stocks closed for Paper 2: status=None msg=None
2026-07-05 22:14:41 | INFO | trading_bot | Alpaca stream news closed for Paper 2: status=None msg=None
2026-07-05 22:14:41 | INFO | trading_bot | Alpaca stream trade_updates closed for Paper 2: status=None msg=None
2026-07-05 22:14:41 | INFO | trading_bot | Alpaca stream market-stocks closed for Paper 2: status=None msg=None
2026-07-05 22:15:31 | INFO | trading_bot | Alpaca stream news closed for Paper 2: status=None msg=None
2026-07-05 22:15:31 | INFO | trading_bot | Alpaca stream trade_updates closed for Paper 2: status=None msg=None
2026-07-05 22:15:31 | INFO | trading_bot | Alpaca stream market-stocks closed for Paper 2: status=None msg=None
2026-07-05 22:16:21 | INFO | trading_bot | Alpaca stream news closed for Paper 2: status=None msg=None
2026-07-05 22:16:21 | INFO | trading_bot | Alpaca stream trade_updates closed for Paper 2: status=None msg=None
2026-07-05 22:16:21 | INFO | trading_bot | Alpaca stream market-stocks closed for Paper 2: status=None msg=None
2026-07-05 22:16:47 | WARNING | trading_bot | Alpaca devolvio barras vacias para AAPL (1m)
2026-07-05 22:16:47 | WARNING | trading_bot | Alpaca devolvio barras vacias para AAPL (5m)
2026-07-05 22:16:47 | WARNING | trading_bot | Alpaca devolvio barras vacias para AAPL (15m)
2026-07-05 22:17:37 | INFO | trading_bot | Alpaca stream news closed for Paper 2: status=None msg=None
2026-07-05 22:17:37 | INFO | trading_bot | Alpaca stream trade_updates closed for Paper 2: status=None msg=None
2026-07-05 22:17:37 | INFO | trading_bot | Alpaca stream market-stocks closed for Paper 2: status=None msg=None
2026-07-05 22:18:27 | INFO | trading_bot | Alpaca stream trade_updates closed for Paper 2: status=None msg=None
2026-07-05 22:18:27 | INFO | trading_bot | Alpaca stream market-stocks closed for Paper 2: status=None msg=None
2026-07-05 22:18:28 | INFO | trading_bot | Alpaca stream news closed for Paper 2: status=None msg=None
2026-07-05 22:19:17 | INFO | trading_bot | Alpaca stream trade_updates closed for Paper 2: status=None msg=None
2026-07-05 22:19:17 | INFO | trading_bot | Alpaca stream market-stocks closed for Paper 2: status=None msg=None
2026-07-05 22:19:17 | INFO | trading_bot | Alpaca stream news closed for Paper 2: status=None msg=None
2026-07-05 22:20:07 | INFO | trading_bot | Alpaca stream trade_updates closed for Paper 2: status=None msg=None
2026-07-05 22:20:07 | INFO | trading_bot | Alpaca stream market-stocks closed for Paper 2: status=None msg=None
2026-07-05 22:20:08 | INFO | trading_bot | Alpaca stream news closed for Paper 2: status=None msg=None
2026-07-05 22:20:57 | INFO | trading_bot | Alpaca stream trade_updates closed for Paper 2: status=None msg=None
2026-07-05 22:20:57 | INFO | trading_bot | Alpaca stream market-stocks closed for Paper 2: status=None msg=None
2026-07-05 22:20:59 | INFO | trading_bot | Alpaca stream news closed for Paper 2: status=None msg=None
2026-07-05 22:21:47 | INFO | trading_bot | Alpaca stream trade_updates closed for Paper 2: status=None msg=None
2026-07-05 22:21:48 | INFO | trading_bot | Alpaca stream market-stocks closed for Paper 2: status=None msg=None
2026-07-05 22:21:50 | INFO | trading_bot | Alpaca stream news closed for Paper 2: status=None msg=None
2026-07-05 22:22:37 | INFO | trading_bot | Alpaca stream trade_updates closed for Paper 2: status=None msg=None
2026-07-05 22:22:37 | INFO | trading_bot | Alpaca stream market-stocks closed for Paper 2: status=None msg=None
2026-07-05 22:22:37 | INFO | trading_bot | Alpaca stream news closed for Paper 2: status=None msg=None
2026-07-05 22:23:27 | INFO | trading_bot | Alpaca stream trade_updates closed for Paper 2: status=None msg=None
2026-07-05 22:23:27 | INFO | trading_bot | Alpaca stream market-stocks closed for Paper 2: status=None msg=None
2026-07-05 22:23:27 | INFO | trading_bot | Alpaca stream news closed for Paper 2: status=None msg=None
2026-07-05 22:24:17 | INFO | trading_bot | Alpaca stream trade_updates closed for Paper 2: status=None msg=None
2026-07-05 22:24:17 | INFO | trading_bot | Alpaca stream market-stocks closed for Paper 2: status=None msg=None
2026-07-05 22:24:17 | INFO | trading_bot | Alpaca stream news closed for Paper 2: status=None msg=None
2026-07-05 22:24:20 | WARNING | trading_bot | Alpaca devolvio barras vacias para AAPL (1m)
2026-07-05 22:24:20 | WARNING | trading_bot | Alpaca devolvio barras vacias para AAPL (5m)
2026-07-05 22:24:20 | WARNING | trading_bot | Alpaca devolvio barras vacias para AAPL (15m)
2026-07-05 22:25:09 | INFO | trading_bot | Alpaca stream market-stocks closed for Paper 2: status=None msg=None
2026-07-05 22:25:09 | INFO | trading_bot | Alpaca stream news closed for Paper 2: status=None msg=None
2026-07-05 22:25:09 | INFO | trading_bot | Alpaca stream trade_updates closed for Paper 2: status=None msg=None
2026-07-05 22:25:59 | INFO | trading_bot | Alpaca stream news closed for Paper 2: status=None msg=None
2026-07-05 22:25:59 | INFO | trading_bot | Alpaca stream trade_updates closed for Paper 2: status=None msg=None
2026-07-05 22:26:09 | INFO | trading_bot | Alpaca stream market-stocks closed for Paper 2: status=None msg=None
2026-07-05 22:26:50 | INFO | trading_bot | Alpaca stream news closed for Paper 2: status=None msg=None
2026-07-05 22:26:50 | INFO | trading_bot | Alpaca stream trade_updates closed for Paper 2: status=None msg=None
2026-07-05 22:27:00 | INFO | trading_bot | Alpaca stream market-stocks closed for Paper 2: status=None msg=None
2026-07-05 22:27:40 | INFO | trading_bot | Alpaca stream news closed for Paper 2: status=None msg=None
2026-07-05 22:27:40 | INFO | trading_bot | Alpaca stream trade_updates closed for Paper 2: status=None msg=None
2026-07-05 22:27:50 | INFO | trading_bot | Alpaca stream market-stocks closed for Paper 2: status=None msg=None
2026-07-05 22:28:30 | INFO | trading_bot | Alpaca stream news closed for Paper 2: status=None msg=None
2026-07-05 22:28:30 | INFO | trading_bot | Alpaca stream trade_updates closed for Paper 2: status=None msg=None
2026-07-05 22:28:40 | INFO | trading_bot | Alpaca stream market-stocks closed for Paper 2: status=None msg=None
2026-07-05 22:29:20 | INFO | trading_bot | Alpaca stream news closed for Paper 2: status=None msg=None
2026-07-05 22:29:21 | INFO | trading_bot | Alpaca stream trade_updates closed for Paper 2: status=None msg=None
2026-07-05 22:29:30 | INFO | trading_bot | Alpaca stream market-stocks closed for Paper 2: status=None msg=None
2026-07-05 22:30:10 | INFO | trading_bot | Alpaca stream news closed for Paper 2: status=None msg=None
2026-07-05 22:30:10 | INFO | trading_bot | Alpaca stream trade_updates closed for Paper 2: status=None msg=None
2026-07-05 22:30:21 | INFO | trading_bot | Alpaca stream market-stocks closed for Paper 2: status=None msg=None
2026-07-05 22:31:01 | WARNING | trading_bot | Alpaca devolvio barras vacias para AAPL (1m)
2026-07-05 22:31:01 | WARNING | trading_bot | Alpaca devolvio barras vacias para AAPL (5m)
2026-07-05 22:31:01 | WARNING | trading_bot | Alpaca devolvio barras vacias para AAPL (15m)
2026-07-05 22:31:50 | INFO | trading_bot | Alpaca stream market-stocks closed for Paper 2: status=None msg=None
2026-07-05 22:31:51 | INFO | trading_bot | Alpaca stream news closed for Paper 2: status=None msg=None
2026-07-05 22:31:51 | INFO | trading_bot | Alpaca stream trade_updates closed for Paper 2: status=None msg=None
2026-07-05 22:32:41 | INFO | trading_bot | Alpaca stream news closed for Paper 2: status=None msg=None
2026-07-05 22:32:41 | INFO | trading_bot | Alpaca stream trade_updates closed for Paper 2: status=None msg=None
2026-07-05 22:32:46 | INFO | trading_bot | Alpaca stream market-stocks closed for Paper 2: status=None msg=None
2026-07-05 22:33:31 | INFO | trading_bot | Alpaca stream news closed for Paper 2: status=None msg=None
2026-07-05 22:33:31 | INFO | trading_bot | Alpaca stream trade_updates closed for Paper 2: status=None msg=None
2026-07-05 22:33:36 | INFO | trading_bot | Alpaca stream market-stocks closed for Paper 2: status=None msg=None
2026-07-05 22:34:21 | INFO | trading_bot | Alpaca stream news closed for Paper 2: status=None msg=None
2026-07-05 22:34:21 | INFO | trading_bot | Alpaca stream trade_updates closed for Paper 2: status=None msg=None
2026-07-05 22:34:26 | INFO | trading_bot | Alpaca stream market-stocks closed for Paper 2: status=None msg=None
2026-07-05 22:35:11 | INFO | trading_bot | Alpaca stream news closed for Paper 2: status=None msg=None
2026-07-05 22:35:11 | INFO | trading_bot | Alpaca stream trade_updates closed for Paper 2: status=None msg=None
2026-07-05 22:35:16 | INFO | trading_bot | Alpaca stream market-stocks closed for Paper 2: status=None msg=None
2026-07-05 22:36:01 | INFO | trading_bot | Alpaca stream news closed for Paper 2: status=None msg=None
2026-07-05 22:36:01 | INFO | trading_bot | Alpaca stream trade_updates closed for Paper 2: status=None msg=None
2026-07-05 22:36:07 | INFO | trading_bot | Alpaca stream market-stocks closed for Paper 2: status=None msg=None
2026-07-05 22:36:51 | INFO | trading_bot | Alpaca stream news closed for Paper 2: status=None msg=None
2026-07-05 22:36:52 | INFO | trading_bot | Alpaca stream trade_updates closed for Paper 2: status=None msg=None
2026-07-05 22:36:56 | INFO | trading_bot | Alpaca stream market-stocks closed for Paper 2: status=None msg=None
2026-07-05 22:37:41 | INFO | trading_bot | Alpaca stream news closed for Paper 2: status=None msg=None
2026-07-05 22:37:41 | INFO | trading_bot | Alpaca stream trade_updates closed for Paper 2: status=None msg=None
2026-07-05 22:37:46 | INFO | trading_bot | Alpaca stream market-stocks closed for Paper 2: status=None msg=None
2026-07-05 22:38:31 | INFO | trading_bot | Alpaca stream news closed for Paper 2: status=None msg=None
2026-07-05 22:38:31 | INFO | trading_bot | Alpaca stream trade_updates closed for Paper 2: status=None msg=None
2026-07-05 22:38:36 | INFO | trading_bot | Alpaca stream market-stocks closed for Paper 2: status=None msg=None
2026-07-05 22:39:21 | INFO | trading_bot | Alpaca stream news closed for Paper 2: status=None msg=None
2026-07-05 22:39:21 | INFO | trading_bot | Alpaca stream trade_updates closed for Paper 2: status=None msg=None
2026-07-05 22:39:26 | INFO | trading_bot | Alpaca stream market-stocks closed for Paper 2: status=None msg=None
2026-07-05 22:39:59 | WARNING | trading_bot | Alpaca devolvio barras vacias para AAPL (1m)
2026-07-05 22:39:59 | WARNING | trading_bot | Alpaca devolvio barras vacias para AAPL (5m)
2026-07-05 22:39:59 | WARNING | trading_bot | Alpaca devolvio barras vacias para AAPL (15m)
2026-07-05 22:40:00 | INFO | trading_bot | Alpaca stream market-stocks closed for Paper 2: status=None msg=None
2026-07-05 22:40:00 | INFO | trading_bot | Alpaca stream market-crypto closed for Paper 2: status=None msg=None
2026-07-05 22:40:00 | INFO | trading_bot | Alpaca stream news closed for Paper 2: status=None msg=None
2026-07-05 22:40:00 | INFO | trading_bot | Alpaca stream trade_updates closed for Paper 2: status=None msg=None
2026-07-05 22:40:21 | INFO | trading_bot | Alpaca stream market-stocks closed for Paper 2: status=None msg=None
2026-07-05 22:40:21 | INFO | trading_bot | Alpaca stream market-crypto closed for Paper 2: status=None msg=None
2026-07-05 22:40:21 | INFO | trading_bot | Alpaca stream news closed for Paper 2: status=None msg=None
2026-07-05 22:40:21 | INFO | trading_bot | Alpaca stream trade_updates closed for Paper 2: status=None msg=None
2026-07-05 22:41:09 | INFO | trading_bot | Alpaca stream market-stocks closed for Paper 2: status=None msg=None
2026-07-05 22:41:09 | INFO | trading_bot | Alpaca stream news closed for Paper 2: status=None msg=None
2026-07-05 22:41:09 | INFO | trading_bot | Alpaca stream trade_updates closed for Paper 2: status=None msg=None
2026-07-05 22:41:59 | INFO | trading_bot | Alpaca stream news closed for Paper 2: status=None msg=None
2026-07-05 22:41:59 | INFO | trading_bot | Alpaca stream trade_updates closed for Paper 2: status=None msg=None
2026-07-05 22:42:00 | INFO | trading_bot | Alpaca stream market-stocks closed for Paper 2: status=None msg=None
2026-07-05 22:42:49 | INFO | trading_bot | Alpaca stream news closed for Paper 2: status=None msg=None
2026-07-05 22:42:49 | INFO | trading_bot | Alpaca stream trade_updates closed for Paper 2: status=None msg=None
2026-07-05 22:42:49 | INFO | trading_bot | Alpaca stream market-stocks closed for Paper 2: status=None msg=None
