2026-07-05 14:14:43 | WARNING | trading_bot | EMERGENCY MODE ACTIVADO: Health monitor detecto estado ERROR
2026-07-05 14:14:44 | WARNING | trading_bot | Alpaca devolvio barras vacias para AAPL (1m)
2026-07-05 14:14:44 | WARNING | trading_bot | Alpaca devolvio barras vacias para AAPL (5m)
2026-07-05 14:14:44 | WARNING | trading_bot | Alpaca devolvio barras vacias para AAPL (15m)
2026-07-05 14:15:08 | WARNING | trading_bot | Alpaca devolvio barras vacias para AAPL (1m)
2026-07-05 14:15:08 | WARNING | trading_bot | Alpaca devolvio barras vacias para AAPL (5m)
2026-07-05 14:15:09 | WARNING | trading_bot | Alpaca devolvio barras vacias para AAPL (15m)
2026-07-05 14:15:58 | WARNING | trading_bot | WebSocket stale detectado (market-stocks). Forzando reconexion controlada.
2026-07-05 14:15:58 | WARNING | trading_bot | WebSocket stale detectado (news). Forzando reconexion controlada.
2026-07-05 14:15:58 | WARNING | trading_bot | WebSocket stale detectado (trade_updates). Forzando reconexion controlada.
2026-07-05 14:16:48 | WARNING | trading_bot | WebSocket stale detectado (market-stocks). Forzando reconexion controlada.
2026-07-05 14:16:48 | WARNING | trading_bot | WebSocket stale detectado (news). Forzando reconexion controlada.
2026-07-05 14:16:48 | WARNING | trading_bot | WebSocket stale detectado (trade_updates). Forzando reconexion controlada.
2026-07-05 14:17:38 | WARNING | trading_bot | WebSocket stale detectado (market-stocks). Forzando reconexion controlada.
2026-07-05 14:17:38 | WARNING | trading_bot | WebSocket stale detectado (news). Forzando reconexion controlada.
2026-07-05 14:17:38 | WARNING | trading_bot | WebSocket stale detectado (trade_updates). Forzando reconexion controlada.
2026-07-05 14:17:53 | WARNING | trading_bot | CRYPTO SOLUSD: Opening position with max_hold_time=30 minutes. Stop loss enabled.
2026-07-05 14:17:53 | WARNING | trading_bot | Entrada parcial SOLUSD status=canceled filled_qty=502.74700000 requested_qty=988.58190000
2026-07-05 14:17:53 | WARNING | trading_bot | No se pudo crear salida inmediata para SOLUSD: 403 Client Error: Forbidden for url: https://paper-api.alpaca.markets/v2/orders
2026-07-05 14:18:28 | WARNING | trading_bot | WebSocket stale detectado (market-stocks). Forzando reconexion controlada.
2026-07-05 14:18:28 | WARNING | trading_bot | WebSocket stale detectado (news). Forzando reconexion controlada.
2026-07-05 14:18:28 | WARNING | trading_bot | WebSocket stale detectado (trade_updates). Forzando reconexion controlada.
2026-07-05 14:19:19 | WARNING | trading_bot | WebSocket stale detectado (market-stocks). Forzando reconexion controlada.
2026-07-05 14:19:19 | WARNING | trading_bot | WebSocket stale detectado (news). Forzando reconexion controlada.
2026-07-05 14:19:19 | WARNING | trading_bot | WebSocket stale detectado (trade_updates). Forzando reconexion controlada.
2026-07-05 14:20:09 | WARNING | trading_bot | WebSocket stale detectado (market-stocks). Forzando reconexion controlada.
2026-07-05 14:20:09 | WARNING | trading_bot | WebSocket stale detectado (news). Forzando reconexion controlada.
2026-07-05 14:20:09 | WARNING | trading_bot | WebSocket stale detectado (trade_updates). Forzando reconexion controlada.
2026-07-05 14:20:59 | WARNING | trading_bot | WebSocket stale detectado (market-stocks). Forzando reconexion controlada.
2026-07-05 14:20:59 | WARNING | trading_bot | WebSocket stale detectado (news). Forzando reconexion controlada.
2026-07-05 14:20:59 | WARNING | trading_bot | WebSocket stale detectado (trade_updates). Forzando reconexion controlada.
2026-07-05 14:21:49 | WARNING | trading_bot | WebSocket stale detectado (market-stocks). Forzando reconexion controlada.
2026-07-05 14:21:49 | WARNING | trading_bot | WebSocket stale detectado (trade_updates). Forzando reconexion controlada.
2026-07-05 14:22:19 | WARNING | trading_bot | WebSocket stale detectado (news). Forzando reconexion controlada.
2026-07-05 14:22:39 | WARNING | trading_bot | WebSocket stale detectado (market-stocks). Forzando reconexion controlada.
2026-07-05 14:22:39 | WARNING | trading_bot | WebSocket stale detectado (trade_updates). Forzando reconexion controlada.
2026-07-05 14:22:54 | WARNING | trading_bot | WebSocket stale detectado (market-crypto). Forzando reconexion controlada.
2026-07-05 14:23:09 | WARNING | trading_bot | WebSocket stale detectado (news). Forzando reconexion controlada.
2026-07-05 14:23:29 | WARNING | trading_bot | WebSocket stale detectado (market-stocks). Forzando reconexion controlada.
2026-07-05 14:23:29 | WARNING | trading_bot | WebSocket stale detectado (trade_updates). Forzando reconexion controlada.
2026-07-05 14:23:59 | WARNING | trading_bot | WebSocket stale detectado (news). Forzando reconexion controlada.
2026-07-05 14:24:19 | WARNING | trading_bot | WebSocket stale detectado (market-stocks). Forzando reconexion controlada.
2026-07-05 14:24:19 | WARNING | trading_bot | WebSocket stale detectado (trade_updates). Forzando reconexion controlada.
2026-07-05 14:24:49 | WARNING | trading_bot | WebSocket stale detectado (news). Forzando reconexion controlada.
2026-07-05 14:25:09 | WARNING | trading_bot | WebSocket stale detectado (market-stocks). Forzando reconexion controlada.
2026-07-05 14:25:09 | WARNING | trading_bot | WebSocket stale detectado (trade_updates). Forzando reconexion controlada.
2026-07-05 14:25:21 | WARNING | trading_bot | CRYPTO SOLUSD: Opening position with max_hold_time=30 minutes. Stop loss enabled.
2026-07-05 14:25:21 | WARNING | trading_bot | Entrada parcial SOLUSD status=canceled filled_qty=501.18490000 requested_qty=983.92510000
2026-07-05 14:25:21 | WARNING | trading_bot | No se pudo crear salida inmediata para SOLUSD: 403 Client Error: Forbidden for url: https://paper-api.alpaca.markets/v2/orders
2026-07-05 14:25:39 | WARNING | trading_bot | WebSocket stale detectado (news). Forzando reconexion controlada.
2026-07-05 14:25:59 | WARNING | trading_bot | WebSocket stale detectado (market-stocks). Forzando reconexion controlada.
2026-07-05 14:25:59 | WARNING | trading_bot | WebSocket stale detectado (trade_updates). Forzando reconexion controlada.
2026-07-05 14:26:29 | WARNING | trading_bot | WebSocket stale detectado (news). Forzando reconexion controlada.
2026-07-05 14:26:49 | WARNING | trading_bot | WebSocket stale detectado (market-stocks). Forzando reconexion controlada.
2026-07-05 14:26:49 | WARNING | trading_bot | WebSocket stale detectado (trade_updates). Forzando reconexion controlada.
2026-07-05 14:27:19 | WARNING | trading_bot | WebSocket stale detectado (news). Forzando reconexion controlada.
2026-07-05 14:27:39 | WARNING | trading_bot | WebSocket stale detectado (market-stocks). Forzando reconexion controlada.
2026-07-05 14:27:39 | WARNING | trading_bot | WebSocket stale detectado (trade_updates). Forzando reconexion controlada.
2026-07-05 14:28:09 | WARNING | trading_bot | WebSocket stale detectado (news). Forzando reconexion controlada.
2026-07-05 14:28:29 | WARNING | trading_bot | WebSocket stale detectado (market-stocks). Forzando reconexion controlada.
2026-07-05 14:28:29 | WARNING | trading_bot | WebSocket stale detectado (trade_updates). Forzando reconexion controlada.
2026-07-05 14:28:59 | WARNING | trading_bot | WebSocket stale detectado (news). Forzando reconexion controlada.
2026-07-05 14:29:19 | WARNING | trading_bot | WebSocket stale detectado (market-stocks). Forzando reconexion controlada.
2026-07-05 14:29:19 | WARNING | trading_bot | WebSocket stale detectado (trade_updates). Forzando reconexion controlada.
2026-07-05 14:29:49 | WARNING | trading_bot | WebSocket stale detectado (news). Forzando reconexion controlada.
2026-07-05 14:30:09 | WARNING | trading_bot | WebSocket stale detectado (trade_updates). Forzando reconexion controlada.
2026-07-05 14:30:09 | WARNING | trading_bot | WebSocket stale detectado (market-stocks). Forzando reconexion controlada.
2026-07-05 14:30:39 | WARNING | trading_bot | WebSocket stale detectado (news). Forzando reconexion controlada.
2026-07-05 14:30:59 | WARNING | trading_bot | WebSocket stale detectado (trade_updates). Forzando reconexion controlada.
2026-07-05 14:30:59 | WARNING | trading_bot | WebSocket stale detectado (market-stocks). Forzando reconexion controlada.
2026-07-05 14:31:29 | WARNING | trading_bot | WebSocket stale detectado (news). Forzando reconexion controlada.
2026-07-05 14:31:50 | WARNING | trading_bot | WebSocket stale detectado (trade_updates). Forzando reconexion controlada.
2026-07-05 14:31:50 | WARNING | trading_bot | WebSocket stale detectado (market-stocks). Forzando reconexion controlada.
2026-07-05 14:32:20 | WARNING | trading_bot | WebSocket stale detectado (news). Forzando reconexion controlada.
2026-07-05 14:32:40 | WARNING | trading_bot | WebSocket stale detectado (market-stocks). Forzando reconexion controlada.
2026-07-05 14:32:40 | WARNING | trading_bot | WebSocket stale detectado (trade_updates). Forzando reconexion controlada.
2026-07-05 14:32:48 | WARNING | trading_bot | CRYPTO SOLUSD: Opening position with max_hold_time=30 minutes. Stop loss enabled.
2026-07-05 14:32:48 | WARNING | trading_bot | Entrada parcial SOLUSD status=canceled filled_qty=500.59780000 requested_qty=962.07960000
2026-07-05 14:32:48 | WARNING | trading_bot | No se pudo crear salida inmediata para SOLUSD: 403 Client Error: Forbidden for url: https://paper-api.alpaca.markets/v2/orders
2026-07-05 14:33:10 | WARNING | trading_bot | WebSocket stale detectado (news). Forzando reconexion controlada.
2026-07-05 14:33:30 | WARNING | trading_bot | WebSocket stale detectado (market-stocks). Forzando reconexion controlada.
2026-07-05 14:33:30 | WARNING | trading_bot | WebSocket stale detectado (trade_updates). Forzando reconexion controlada.
2026-07-05 14:34:00 | WARNING | trading_bot | WebSocket stale detectado (news). Forzando reconexion controlada.
2026-07-05 14:34:20 | WARNING | trading_bot | WebSocket stale detectado (market-stocks). Forzando reconexion controlada.
2026-07-05 14:34:20 | WARNING | trading_bot | WebSocket stale detectado (trade_updates). Forzando reconexion controlada.
2026-07-05 14:34:50 | WARNING | trading_bot | WebSocket stale detectado (news). Forzando reconexion controlada.
2026-07-05 14:35:10 | WARNING | trading_bot | WebSocket stale detectado (market-stocks). Forzando reconexion controlada.
2026-07-05 14:35:10 | WARNING | trading_bot | WebSocket stale detectado (trade_updates). Forzando reconexion controlada.
2026-07-05 14:35:40 | WARNING | trading_bot | WebSocket stale detectado (news). Forzando reconexion controlada.
2026-07-05 14:36:00 | WARNING | trading_bot | WebSocket stale detectado (market-stocks). Forzando reconexion controlada.
2026-07-05 14:36:00 | WARNING | trading_bot | WebSocket stale detectado (trade_updates). Forzando reconexion controlada.
2026-07-05 14:36:30 | WARNING | trading_bot | WebSocket stale detectado (news). Forzando reconexion controlada.
2026-07-05 14:36:45 | WARNING | trading_bot | WebSocket stale detectado (market-crypto). Forzando reconexion controlada.
2026-07-05 14:36:50 | WARNING | trading_bot | WebSocket stale detectado (market-stocks). Forzando reconexion controlada.
2026-07-05 14:36:50 | WARNING | trading_bot | WebSocket stale detectado (trade_updates). Forzando reconexion controlada.
2026-07-05 14:37:20 | WARNING | trading_bot | WebSocket stale detectado (news). Forzando reconexion controlada.
2026-07-05 14:37:40 | WARNING | trading_bot | WebSocket stale detectado (market-stocks). Forzando reconexion controlada.
2026-07-05 14:37:40 | WARNING | trading_bot | WebSocket stale detectado (trade_updates). Forzando reconexion controlada.
2026-07-05 14:38:10 | WARNING | trading_bot | WebSocket stale detectado (news). Forzando reconexion controlada.
2026-07-05 14:38:30 | WARNING | trading_bot | WebSocket stale detectado (market-stocks). Forzando reconexion controlada.
2026-07-05 14:38:30 | WARNING | trading_bot | WebSocket stale detectado (trade_updates). Forzando reconexion controlada.
2026-07-05 14:39:00 | WARNING | trading_bot | WebSocket stale detectado (news). Forzando reconexion controlada.
2026-07-05 14:39:20 | WARNING | trading_bot | WebSocket stale detectado (market-stocks). Forzando reconexion controlada.
2026-07-05 14:39:20 | WARNING | trading_bot | WebSocket stale detectado (trade_updates). Forzando reconexion controlada.
2026-07-05 14:39:50 | WARNING | trading_bot | WebSocket stale detectado (news). Forzando reconexion controlada.
2026-07-05 14:40:10 | WARNING | trading_bot | WebSocket stale detectado (market-stocks). Forzando reconexion controlada.
2026-07-05 14:40:10 | WARNING | trading_bot | WebSocket stale detectado (trade_updates). Forzando reconexion controlada.
2026-07-05 14:40:16 | WARNING | trading_bot | CRYPTO SOLUSD: Opening position with max_hold_time=30 minutes. Stop loss enabled.
2026-07-05 14:40:16 | WARNING | trading_bot | Entrada parcial SOLUSD status=canceled filled_qty=502.35260000 requested_qty=988.20330000
2026-07-05 14:40:16 | WARNING | trading_bot | No se pudo crear salida inmediata para SOLUSD: 403 Client Error: Forbidden for url: https://paper-api.alpaca.markets/v2/orders
2026-07-05 14:40:40 | WARNING | trading_bot | WebSocket stale detectado (news). Forzando reconexion controlada.
2026-07-05 14:41:00 | WARNING | trading_bot | WebSocket stale detectado (market-stocks). Forzando reconexion controlada.
2026-07-05 14:41:00 | WARNING | trading_bot | WebSocket stale detectado (trade_updates). Forzando reconexion controlada.
2026-07-05 14:41:50 | WARNING | trading_bot | WebSocket stale detectado (market-stocks). Forzando reconexion controlada.
2026-07-05 14:41:50 | WARNING | trading_bot | WebSocket stale detectado (trade_updates). Forzando reconexion controlada.
2026-07-05 14:41:55 | WARNING | trading_bot | WebSocket stale detectado (market-crypto). Forzando reconexion controlada.
2026-07-05 14:42:00 | WARNING | trading_bot | WebSocket stale detectado (news). Forzando reconexion controlada.
2026-07-05 14:42:40 | WARNING | trading_bot | WebSocket stale detectado (market-stocks). Forzando reconexion controlada.
2026-07-05 14:42:40 | WARNING | trading_bot | WebSocket stale detectado (trade_updates). Forzando reconexion controlada.
2026-07-05 14:42:44 | WARNING | trading_bot | Alpaca devolvio barras vacias para AAPL (1m)
2026-07-05 14:42:44 | WARNING | trading_bot | Alpaca devolvio barras vacias para AAPL (5m)
2026-07-05 14:42:44 | WARNING | trading_bot | Alpaca devolvio barras vacias para AAPL (15m)
2026-07-05 14:42:50 | WARNING | trading_bot | WebSocket stale detectado (news). Forzando reconexion controlada.
2026-07-05 14:42:53 | WARNING | trading_bot | Alpaca stream market-stocks error for Paper: Connection to remote host was lost.
2026-07-05 14:42:53 | WARNING | trading_bot | Alpaca stream market-crypto error for Paper: Connection to remote host was lost.
2026-07-05 14:42:53 | WARNING | trading_bot | Alpaca stream news error for Paper: Connection to remote host was lost.
2026-07-05 14:43:04 | WARNING | trading_bot | Alpaca stream market-stocks error for Paper: Connection to remote host was lost.
2026-07-05 14:43:30 | WARNING | trading_bot | WebSocket stale detectado (market-stocks). Forzando reconexion controlada.
2026-07-05 14:43:30 | WARNING | trading_bot | WebSocket stale detectado (trade_updates). Forzando reconexion controlada.
2026-07-05 14:43:40 | WARNING | trading_bot | WebSocket stale detectado (news). Forzando reconexion controlada.
2026-07-05 14:44:20 | WARNING | trading_bot | WebSocket stale detectado (market-stocks). Forzando reconexion controlada.
2026-07-05 14:44:20 | WARNING | trading_bot | WebSocket stale detectado (trade_updates). Forzando reconexion controlada.
2026-07-05 14:44:31 | WARNING | trading_bot | WebSocket stale detectado (news). Forzando reconexion controlada.
2026-07-05 14:45:01 | WARNING | trading_bot | CRYPTO SOLUSD: Opening position with max_hold_time=30 minutes. Stop loss enabled.
2026-07-05 14:45:01 | WARNING | trading_bot | Entrada parcial SOLUSD status=canceled filled_qty=496.56764698 requested_qty=988.20330000
2026-07-05 14:45:01 | WARNING | trading_bot | No se pudo crear salida inmediata para SOLUSD: 403 Client Error: Forbidden for url: https://paper-api.alpaca.markets/v2/orders
2026-07-05 14:45:11 | WARNING | trading_bot | WebSocket stale detectado (market-stocks). Forzando reconexion controlada.
2026-07-05 14:45:11 | WARNING | trading_bot | WebSocket stale detectado (trade_updates). Forzando reconexion controlada.
2026-07-05 14:45:15 | WARNING | trading_bot | Alpaca devolvio barras vacias para AAPL (1m)
2026-07-05 14:45:16 | WARNING | trading_bot | Alpaca devolvio barras vacias para AAPL (5m)
2026-07-05 14:45:16 | WARNING | trading_bot | Alpaca devolvio barras vacias para AAPL (15m)
2026-07-05 14:46:05 | WARNING | trading_bot | WebSocket stale detectado (market-stocks). Forzando reconexion controlada.
2026-07-05 14:46:05 | WARNING | trading_bot | WebSocket stale detectado (news). Forzando reconexion controlada.
2026-07-05 14:46:05 | WARNING | trading_bot | WebSocket stale detectado (trade_updates). Forzando reconexion controlada.
2026-07-05 14:46:55 | WARNING | trading_bot | WebSocket stale detectado (market-stocks). Forzando reconexion controlada.
2026-07-05 14:46:55 | WARNING | trading_bot | WebSocket stale detectado (news). Forzando reconexion controlada.
2026-07-05 14:46:55 | WARNING | trading_bot | WebSocket stale detectado (trade_updates). Forzando reconexion controlada.
2026-07-05 14:47:45 | WARNING | trading_bot | WebSocket stale detectado (market-stocks). Forzando reconexion controlada.
2026-07-05 14:47:45 | WARNING | trading_bot | WebSocket stale detectado (trade_updates). Forzando reconexion controlada.
2026-07-05 14:47:45 | WARNING | trading_bot | WebSocket stale detectado (news). Forzando reconexion controlada.
2026-07-05 14:48:35 | WARNING | trading_bot | WebSocket stale detectado (market-stocks). Forzando reconexion controlada.
2026-07-05 14:48:35 | WARNING | trading_bot | WebSocket stale detectado (news). Forzando reconexion controlada.
2026-07-05 14:48:35 | WARNING | trading_bot | WebSocket stale detectado (trade_updates). Forzando reconexion controlada.
2026-07-05 14:49:25 | WARNING | trading_bot | WebSocket stale detectado (market-stocks). Forzando reconexion controlada.
2026-07-05 14:49:25 | WARNING | trading_bot | WebSocket stale detectado (news). Forzando reconexion controlada.
2026-07-05 14:49:25 | WARNING | trading_bot | WebSocket stale detectado (trade_updates). Forzando reconexion controlada.
2026-07-05 14:50:15 | WARNING | trading_bot | WebSocket stale detectado (market-stocks). Forzando reconexion controlada.
2026-07-05 14:50:15 | WARNING | trading_bot | WebSocket stale detectado (news). Forzando reconexion controlada.
2026-07-05 14:50:15 | WARNING | trading_bot | WebSocket stale detectado (trade_updates). Forzando reconexion controlada.
2026-07-05 14:51:05 | WARNING | trading_bot | WebSocket stale detectado (market-stocks). Forzando reconexion controlada.
2026-07-05 14:51:06 | WARNING | trading_bot | WebSocket stale detectado (news). Forzando reconexion controlada.
2026-07-05 14:51:06 | WARNING | trading_bot | WebSocket stale detectado (trade_updates). Forzando reconexion controlada.
2026-07-05 14:51:56 | WARNING | trading_bot | WebSocket stale detectado (market-stocks). Forzando reconexion controlada.
2026-07-05 14:51:56 | WARNING | trading_bot | WebSocket stale detectado (trade_updates). Forzando reconexion controlada.
2026-07-05 14:52:06 | WARNING | trading_bot | WebSocket stale detectado (news). Forzando reconexion controlada.
2026-07-05 14:52:46 | WARNING | trading_bot | WebSocket stale detectado (market-stocks). Forzando reconexion controlada.
2026-07-05 14:52:46 | WARNING | trading_bot | WebSocket stale detectado (trade_updates). Forzando reconexion controlada.
2026-07-05 14:52:56 | WARNING | trading_bot | WebSocket stale detectado (news). Forzando reconexion controlada.
2026-07-05 14:53:36 | WARNING | trading_bot | WebSocket stale detectado (market-stocks). Forzando reconexion controlada.
2026-07-05 14:53:36 | WARNING | trading_bot | WebSocket stale detectado (trade_updates). Forzando reconexion controlada.
2026-07-05 14:53:46 | WARNING | trading_bot | WebSocket stale detectado (news). Forzando reconexion controlada.
2026-07-05 14:54:04 | WARNING | trading_bot | CRYPTO SOLUSD: Opening position with max_hold_time=30 minutes. Stop loss enabled.
2026-07-05 14:54:04 | WARNING | trading_bot | Entrada parcial SOLUSD status=canceled filled_qty=501.72500000 requested_qty=988.20330000
2026-07-05 14:54:04 | WARNING | trading_bot | No se pudo crear salida inmediata para SOLUSD: 403 Client Error: Forbidden for url: https://paper-api.alpaca.markets/v2/orders
2026-07-05 14:54:26 | WARNING | trading_bot | WebSocket stale detectado (market-stocks). Forzando reconexion controlada.
2026-07-05 14:54:26 | WARNING | trading_bot | WebSocket stale detectado (trade_updates). Forzando reconexion controlada.
2026-07-05 14:54:36 | WARNING | trading_bot | WebSocket stale detectado (news). Forzando reconexion controlada.
2026-07-05 14:55:16 | WARNING | trading_bot | WebSocket stale detectado (market-stocks). Forzando reconexion controlada.
2026-07-05 14:55:16 | WARNING | trading_bot | WebSocket stale detectado (trade_updates). Forzando reconexion controlada.
2026-07-05 14:55:26 | WARNING | trading_bot | WebSocket stale detectado (news). Forzando reconexion controlada.
2026-07-05 14:56:06 | WARNING | trading_bot | WebSocket stale detectado (market-stocks). Forzando reconexion controlada.
2026-07-05 14:56:06 | WARNING | trading_bot | WebSocket stale detectado (trade_updates). Forzando reconexion controlada.
2026-07-05 14:56:21 | WARNING | trading_bot | WebSocket stale detectado (news). Forzando reconexion controlada.
2026-07-05 14:56:56 | WARNING | trading_bot | WebSocket stale detectado (trade_updates). Forzando reconexion controlada.
2026-07-05 14:56:56 | WARNING | trading_bot | WebSocket stale detectado (market-stocks). Forzando reconexion controlada.
2026-07-05 14:57:11 | WARNING | trading_bot | WebSocket stale detectado (news). Forzando reconexion controlada.
2026-07-05 14:57:46 | WARNING | trading_bot | WebSocket stale detectado (trade_updates). Forzando reconexion controlada.
2026-07-05 14:57:46 | WARNING | trading_bot | WebSocket stale detectado (market-stocks). Forzando reconexion controlada.
2026-07-05 14:58:01 | WARNING | trading_bot | WebSocket stale detectado (news). Forzando reconexion controlada.
2026-07-05 14:58:35 | WARNING | trading_bot | Forzando cierre de la aplicacion por solicitud del usuario.
2026-07-05 14:58:39 | WARNING | trading_bot | Alpaca devolvio barras vacias para AAPL (1m)
2026-07-05 14:58:39 | WARNING | trading_bot | Alpaca devolvio barras vacias para AAPL (5m)
2026-07-05 14:58:39 | WARNING | trading_bot | Alpaca devolvio barras vacias para AAPL (15m)
2026-07-05 14:59:29 | WARNING | trading_bot | WebSocket stale detectado (market-stocks). Forzando reconexion controlada.
2026-07-05 14:59:29 | WARNING | trading_bot | WebSocket stale detectado (news). Forzando reconexion controlada.
2026-07-05 14:59:29 | WARNING | trading_bot | WebSocket stale detectado (trade_updates). Forzando reconexion controlada.
2026-07-05 14:59:41 | WARNING | trading_bot | No se pudo reconciliar salida limit faltante para SOLUSD: 403 Client Error: Forbidden for url: https://paper-api.alpaca.markets/v2/orders
2026-07-05 14:59:41 | WARNING | trading_bot | No se pudo reconciliar salida limit faltante para SOLUSD: 403 Client Error: Forbidden for url: https://paper-api.alpaca.markets/v2/orders
2026-07-05 14:59:42 | WARNING | trading_bot | CRYPTO SOLUSD: Opening position with max_hold_time=30 minutes. Stop loss enabled.
2026-07-05 14:59:42 | WARNING | trading_bot | Entrada parcial SOLUSD status=canceled filled_qty=501.02350000 requested_qty=988.20330000
2026-07-05 14:59:42 | WARNING | trading_bot | No se pudo crear salida inmediata para SOLUSD: 403 Client Error: Forbidden for url: https://paper-api.alpaca.markets/v2/orders
2026-07-05 15:00:19 | WARNING | trading_bot | WebSocket stale detectado (market-stocks). Forzando reconexion controlada.
2026-07-05 15:00:19 | WARNING | trading_bot | WebSocket stale detectado (news). Forzando reconexion controlada.
2026-07-05 15:00:19 | WARNING | trading_bot | WebSocket stale detectado (trade_updates). Forzando reconexion controlada.
2026-07-05 15:01:09 | WARNING | trading_bot | WebSocket stale detectado (market-stocks). Forzando reconexion controlada.
2026-07-05 15:01:09 | WARNING | trading_bot | WebSocket stale detectado (news). Forzando reconexion controlada.
2026-07-05 15:01:09 | WARNING | trading_bot | WebSocket stale detectado (trade_updates). Forzando reconexion controlada.
2026-07-05 15:01:59 | WARNING | trading_bot | WebSocket stale detectado (market-stocks). Forzando reconexion controlada.
2026-07-05 15:01:59 | WARNING | trading_bot | WebSocket stale detectado (trade_updates). Forzando reconexion controlada.
2026-07-05 15:01:59 | WARNING | trading_bot | WebSocket stale detectado (news). Forzando reconexion controlada.
2026-07-05 15:02:49 | WARNING | trading_bot | WebSocket stale detectado (market-stocks). Forzando reconexion controlada.
2026-07-05 15:02:49 | WARNING | trading_bot | WebSocket stale detectado (trade_updates). Forzando reconexion controlada.
2026-07-05 15:02:49 | WARNING | trading_bot | WebSocket stale detectado (news). Forzando reconexion controlada.
2026-07-05 15:03:39 | WARNING | trading_bot | WebSocket stale detectado (market-stocks). Forzando reconexion controlada.
2026-07-05 15:03:39 | WARNING | trading_bot | WebSocket stale detectado (trade_updates). Forzando reconexion controlada.
2026-07-05 15:03:39 | WARNING | trading_bot | WebSocket stale detectado (news). Forzando reconexion controlada.
2026-07-05 15:04:29 | WARNING | trading_bot | WebSocket stale detectado (market-stocks). Forzando reconexion controlada.
2026-07-05 15:04:29 | WARNING | trading_bot | WebSocket stale detectado (trade_updates). Forzando reconexion controlada.
2026-07-05 15:04:29 | WARNING | trading_bot | WebSocket stale detectado (news). Forzando reconexion controlada.
2026-07-05 15:05:19 | WARNING | trading_bot | WebSocket stale detectado (market-stocks). Forzando reconexion controlada.
2026-07-05 15:05:19 | WARNING | trading_bot | WebSocket stale detectado (trade_updates). Forzando reconexion controlada.
2026-07-05 15:05:19 | WARNING | trading_bot | WebSocket stale detectado (news). Forzando reconexion controlada.
2026-07-05 15:05:56 | WARNING | trading_bot | CRYPTO SOLUSD: Opening position with max_hold_time=30 minutes. Stop loss enabled.
2026-07-05 15:05:56 | WARNING | trading_bot | Entrada parcial SOLUSD status=canceled filled_qty=499.96490000 requested_qty=988.20330000
2026-07-05 15:05:56 | WARNING | trading_bot | No se pudo crear salida inmediata para SOLUSD: 403 Client Error: Forbidden for url: https://paper-api.alpaca.markets/v2/orders
2026-07-05 15:06:09 | WARNING | trading_bot | WebSocket stale detectado (market-stocks). Forzando reconexion controlada.
2026-07-05 15:06:09 | WARNING | trading_bot | WebSocket stale detectado (trade_updates). Forzando reconexion controlada.
2026-07-05 15:06:09 | WARNING | trading_bot | WebSocket stale detectado (news). Forzando reconexion controlada.
2026-07-05 15:06:59 | WARNING | trading_bot | WebSocket stale detectado (market-stocks). Forzando reconexion controlada.
2026-07-05 15:06:59 | WARNING | trading_bot | WebSocket stale detectado (trade_updates). Forzando reconexion controlada.
2026-07-05 15:06:59 | WARNING | trading_bot | WebSocket stale detectado (news). Forzando reconexion controlada.
2026-07-05 15:07:49 | WARNING | trading_bot | WebSocket stale detectado (market-stocks). Forzando reconexion controlada.
2026-07-05 15:07:49 | WARNING | trading_bot | WebSocket stale detectado (trade_updates). Forzando reconexion controlada.
2026-07-05 15:07:49 | WARNING | trading_bot | WebSocket stale detectado (news). Forzando reconexion controlada.
2026-07-05 15:07:59 | WARNING | trading_bot | WebSocket stale detectado (market-crypto). Forzando reconexion controlada.
2026-07-05 15:08:39 | WARNING | trading_bot | WebSocket stale detectado (market-stocks). Forzando reconexion controlada.
2026-07-05 15:08:39 | WARNING | trading_bot | WebSocket stale detectado (trade_updates). Forzando reconexion controlada.
2026-07-05 15:08:39 | WARNING | trading_bot | WebSocket stale detectado (news). Forzando reconexion controlada.
2026-07-05 15:09:29 | WARNING | trading_bot | WebSocket stale detectado (trade_updates). Forzando reconexion controlada.
2026-07-05 15:09:29 | WARNING | trading_bot | WebSocket stale detectado (news). Forzando reconexion controlada.
2026-07-05 15:09:29 | WARNING | trading_bot | WebSocket stale detectado (market-stocks). Forzando reconexion controlada.
2026-07-05 15:10:19 | WARNING | trading_bot | WebSocket stale detectado (trade_updates). Forzando reconexion controlada.
2026-07-05 15:10:19 | WARNING | trading_bot | WebSocket stale detectado (news). Forzando reconexion controlada.
2026-07-05 15:10:19 | WARNING | trading_bot | WebSocket stale detectado (market-stocks). Forzando reconexion controlada.
2026-07-05 15:11:09 | WARNING | trading_bot | WebSocket stale detectado (trade_updates). Forzando reconexion controlada.
2026-07-05 15:11:09 | WARNING | trading_bot | WebSocket stale detectado (news). Forzando reconexion controlada.
2026-07-05 15:11:10 | WARNING | trading_bot | WebSocket stale detectado (market-stocks). Forzando reconexion controlada.
2026-07-05 15:12:00 | WARNING | trading_bot | WebSocket stale detectado (trade_updates). Forzando reconexion controlada.
2026-07-05 15:12:00 | WARNING | trading_bot | WebSocket stale detectado (market-stocks). Forzando reconexion controlada.
2026-07-05 15:12:00 | WARNING | trading_bot | WebSocket stale detectado (news). Forzando reconexion controlada.
2026-07-05 15:12:50 | WARNING | trading_bot | WebSocket stale detectado (trade_updates). Forzando reconexion controlada.
2026-07-05 15:12:50 | WARNING | trading_bot | WebSocket stale detectado (market-stocks). Forzando reconexion controlada.
2026-07-05 15:12:50 | WARNING | trading_bot | WebSocket stale detectado (news). Forzando reconexion controlada.
2026-07-05 15:13:03 | WARNING | trading_bot | CRYPTO SOLUSD: Opening position with max_hold_time=30 minutes. Stop loss enabled.
2026-07-05 15:13:03 | WARNING | trading_bot | Entrada parcial SOLUSD status=canceled filled_qty=499.57866838 requested_qty=988.20330000
2026-07-05 15:13:03 | WARNING | trading_bot | No se pudo crear salida inmediata para SOLUSD: 403 Client Error: Forbidden for url: https://paper-api.alpaca.markets/v2/orders
2026-07-05 15:13:40 | WARNING | trading_bot | WebSocket stale detectado (trade_updates). Forzando reconexion controlada.
2026-07-05 15:13:40 | WARNING | trading_bot | WebSocket stale detectado (market-stocks). Forzando reconexion controlada.
2026-07-05 15:13:40 | WARNING | trading_bot | WebSocket stale detectado (news). Forzando reconexion controlada.
2026-07-05 15:14:30 | WARNING | trading_bot | WebSocket stale detectado (trade_updates). Forzando reconexion controlada.
2026-07-05 15:14:30 | WARNING | trading_bot | WebSocket stale detectado (market-stocks). Forzando reconexion controlada.
2026-07-05 15:14:30 | WARNING | trading_bot | WebSocket stale detectado (news). Forzando reconexion controlada.
2026-07-05 15:15:20 | WARNING | trading_bot | WebSocket stale detectado (trade_updates). Forzando reconexion controlada.
2026-07-05 15:15:20 | WARNING | trading_bot | WebSocket stale detectado (market-stocks). Forzando reconexion controlada.
2026-07-05 15:15:20 | WARNING | trading_bot | WebSocket stale detectado (news). Forzando reconexion controlada.
2026-07-05 15:16:10 | WARNING | trading_bot | WebSocket stale detectado (trade_updates). Forzando reconexion controlada.
2026-07-05 15:16:10 | WARNING | trading_bot | WebSocket stale detectado (market-stocks). Forzando reconexion controlada.
2026-07-05 15:16:10 | WARNING | trading_bot | WebSocket stale detectado (news). Forzando reconexion controlada.
2026-07-05 15:17:00 | WARNING | trading_bot | WebSocket stale detectado (trade_updates). Forzando reconexion controlada.
2026-07-05 15:17:00 | WARNING | trading_bot | WebSocket stale detectado (market-stocks). Forzando reconexion controlada.
2026-07-05 15:17:00 | WARNING | trading_bot | WebSocket stale detectado (news). Forzando reconexion controlada.
2026-07-05 15:17:50 | WARNING | trading_bot | WebSocket stale detectado (trade_updates). Forzando reconexion controlada.
2026-07-05 15:17:50 | WARNING | trading_bot | WebSocket stale detectado (market-stocks). Forzando reconexion controlada.
2026-07-05 15:17:50 | WARNING | trading_bot | WebSocket stale detectado (news). Forzando reconexion controlada.
2026-07-05 15:18:08 | WARNING | trading_bot | CRYPTO SOLUSD: Opening position with max_hold_time=30 minutes. Stop loss enabled.
2026-07-05 15:18:08 | WARNING | trading_bot | Entrada parcial SOLUSD status=canceled filled_qty=498.67380000 requested_qty=988.20330000
2026-07-05 15:18:08 | WARNING | trading_bot | No se pudo crear salida inmediata para SOLUSD: 403 Client Error: Forbidden for url: https://paper-api.alpaca.markets/v2/orders
2026-07-05 15:18:40 | WARNING | trading_bot | WebSocket stale detectado (trade_updates). Forzando reconexion controlada.
2026-07-05 15:18:40 | WARNING | trading_bot | WebSocket stale detectado (market-stocks). Forzando reconexion controlada.
2026-07-05 15:18:40 | WARNING | trading_bot | WebSocket stale detectado (news). Forzando reconexion controlada.
2026-07-05 15:19:30 | WARNING | trading_bot | WebSocket stale detectado (trade_updates). Forzando reconexion controlada.
2026-07-05 15:19:30 | WARNING | trading_bot | WebSocket stale detectado (market-stocks). Forzando reconexion controlada.
2026-07-05 15:19:30 | WARNING | trading_bot | WebSocket stale detectado (news). Forzando reconexion controlada.
2026-07-05 15:20:20 | WARNING | trading_bot | WebSocket stale detectado (trade_updates). Forzando reconexion controlada.
2026-07-05 15:20:20 | WARNING | trading_bot | WebSocket stale detectado (market-stocks). Forzando reconexion controlada.
2026-07-05 15:20:20 | WARNING | trading_bot | WebSocket stale detectado (news). Forzando reconexion controlada.
2026-07-05 15:21:10 | WARNING | trading_bot | WebSocket stale detectado (trade_updates). Forzando reconexion controlada.
2026-07-05 15:21:10 | WARNING | trading_bot | WebSocket stale detectado (market-stocks). Forzando reconexion controlada.
2026-07-05 15:21:10 | WARNING | trading_bot | WebSocket stale detectado (news). Forzando reconexion controlada.
2026-07-05 15:22:00 | WARNING | trading_bot | WebSocket stale detectado (trade_updates). Forzando reconexion controlada.
2026-07-05 15:22:00 | WARNING | trading_bot | WebSocket stale detectado (market-stocks). Forzando reconexion controlada.
2026-07-05 15:22:00 | WARNING | trading_bot | WebSocket stale detectado (news). Forzando reconexion controlada.
2026-07-05 15:22:50 | WARNING | trading_bot | WebSocket stale detectado (trade_updates). Forzando reconexion controlada.
2026-07-05 15:22:50 | WARNING | trading_bot | WebSocket stale detectado (market-stocks). Forzando reconexion controlada.
2026-07-05 15:22:50 | WARNING | trading_bot | WebSocket stale detectado (news). Forzando reconexion controlada.
2026-07-05 15:23:40 | WARNING | trading_bot | WebSocket stale detectado (trade_updates). Forzando reconexion controlada.
2026-07-05 15:23:40 | WARNING | trading_bot | WebSocket stale detectado (market-stocks). Forzando reconexion controlada.
2026-07-05 15:23:40 | WARNING | trading_bot | WebSocket stale detectado (news). Forzando reconexion controlada.
2026-07-05 15:23:50 | WARNING | trading_bot | WebSocket stale detectado (market-crypto). Forzando reconexion controlada.
2026-07-05 15:24:30 | WARNING | trading_bot | WebSocket stale detectado (trade_updates). Forzando reconexion controlada.
2026-07-05 15:24:30 | WARNING | trading_bot | WebSocket stale detectado (market-stocks). Forzando reconexion controlada.
2026-07-05 15:24:30 | WARNING | trading_bot | WebSocket stale detectado (news). Forzando reconexion controlada.
2026-07-05 15:25:21 | WARNING | trading_bot | WebSocket stale detectado (trade_updates). Forzando reconexion controlada.
2026-07-05 15:25:21 | WARNING | trading_bot | WebSocket stale detectado (market-stocks). Forzando reconexion controlada.
2026-07-05 15:25:21 | WARNING | trading_bot | WebSocket stale detectado (news). Forzando reconexion controlada.
2026-07-05 15:25:45 | WARNING | trading_bot | Alpaca devolvio barras vacias para AAPL (1m)
2026-07-05 15:25:45 | WARNING | trading_bot | Alpaca devolvio barras vacias para AAPL (5m)
2026-07-05 15:25:45 | WARNING | trading_bot | Alpaca devolvio barras vacias para AAPL (15m)
2026-07-05 15:26:35 | WARNING | trading_bot | WebSocket stale detectado (market-stocks). Forzando reconexion controlada.
2026-07-05 15:26:35 | WARNING | trading_bot | WebSocket stale detectado (news). Forzando reconexion controlada.
2026-07-05 15:26:35 | WARNING | trading_bot | WebSocket stale detectado (trade_updates). Forzando reconexion controlada.
2026-07-05 15:27:25 | WARNING | trading_bot | WebSocket stale detectado (news). Forzando reconexion controlada.
2026-07-05 15:27:25 | WARNING | trading_bot | WebSocket stale detectado (market-stocks). Forzando reconexion controlada.
2026-07-05 15:27:25 | WARNING | trading_bot | WebSocket stale detectado (trade_updates). Forzando reconexion controlada.
2026-07-05 15:27:49 | WARNING | trading_bot | CRYPTO SOLUSD: Opening position with max_hold_time=30 minutes. Stop loss enabled.
2026-07-05 15:27:49 | WARNING | trading_bot | Entrada parcial SOLUSD status=canceled filled_qty=500.61360000 requested_qty=988.26440000
2026-07-05 15:27:49 | WARNING | trading_bot | No se pudo crear salida inmediata para SOLUSD: 403 Client Error: Forbidden for url: https://paper-api.alpaca.markets/v2/orders
2026-07-05 15:28:15 | WARNING | trading_bot | WebSocket stale detectado (news). Forzando reconexion controlada.
2026-07-05 15:28:15 | WARNING | trading_bot | WebSocket stale detectado (market-stocks). Forzando reconexion controlada.
2026-07-05 15:28:15 | WARNING | trading_bot | WebSocket stale detectado (trade_updates). Forzando reconexion controlada.
2026-07-05 15:29:05 | WARNING | trading_bot | WebSocket stale detectado (news). Forzando reconexion controlada.
2026-07-05 15:29:05 | WARNING | trading_bot | WebSocket stale detectado (trade_updates). Forzando reconexion controlada.
2026-07-05 15:29:05 | WARNING | trading_bot | WebSocket stale detectado (market-stocks). Forzando reconexion controlada.
2026-07-05 15:29:55 | WARNING | trading_bot | WebSocket stale detectado (news). Forzando reconexion controlada.
2026-07-05 15:29:55 | WARNING | trading_bot | WebSocket stale detectado (trade_updates). Forzando reconexion controlada.
2026-07-05 15:29:55 | WARNING | trading_bot | WebSocket stale detectado (market-stocks). Forzando reconexion controlada.
2026-07-05 15:30:45 | WARNING | trading_bot | WebSocket stale detectado (news). Forzando reconexion controlada.
2026-07-05 15:30:45 | WARNING | trading_bot | WebSocket stale detectado (trade_updates). Forzando reconexion controlada.
2026-07-05 15:30:45 | WARNING | trading_bot | WebSocket stale detectado (market-stocks). Forzando reconexion controlada.
2026-07-05 15:31:35 | WARNING | trading_bot | WebSocket stale detectado (news). Forzando reconexion controlada.
2026-07-05 15:31:35 | WARNING | trading_bot | WebSocket stale detectado (trade_updates). Forzando reconexion controlada.
2026-07-05 15:31:35 | WARNING | trading_bot | WebSocket stale detectado (market-stocks). Forzando reconexion controlada.
2026-07-05 15:32:25 | WARNING | trading_bot | WebSocket stale detectado (news). Forzando reconexion controlada.
2026-07-05 15:32:25 | WARNING | trading_bot | WebSocket stale detectado (trade_updates). Forzando reconexion controlada.
2026-07-05 15:32:25 | WARNING | trading_bot | WebSocket stale detectado (market-stocks). Forzando reconexion controlada.
2026-07-05 15:32:27 | WARNING | trading_bot | Alpaca devolvio barras vacias para AAPL (1m)
2026-07-05 15:32:27 | WARNING | trading_bot | Alpaca devolvio barras vacias para AAPL (5m)
2026-07-05 15:32:27 | WARNING | trading_bot | Alpaca devolvio barras vacias para AAPL (15m)
2026-07-05 15:32:34 | WARNING | trading_bot | Alpaca devolvio barras vacias para AAPL (15m)
2026-07-05 15:33:17 | WARNING | trading_bot | WebSocket stale detectado (market-stocks). Forzando reconexion controlada.
2026-07-05 15:33:17 | WARNING | trading_bot | WebSocket stale detectado (news). Forzando reconexion controlada.
2026-07-05 15:33:17 | WARNING | trading_bot | WebSocket stale detectado (trade_updates). Forzando reconexion controlada.
2026-07-05 15:34:07 | WARNING | trading_bot | WebSocket stale detectado (market-stocks). Forzando reconexion controlada.
2026-07-05 15:34:07 | WARNING | trading_bot | WebSocket stale detectado (trade_updates). Forzando reconexion controlada.
2026-07-05 15:34:07 | WARNING | trading_bot | WebSocket stale detectado (news). Forzando reconexion controlada.
2026-07-05 15:34:52 | WARNING | trading_bot | CRYPTO SOLUSD: Opening position with max_hold_time=30 minutes. Stop loss enabled.
2026-07-05 15:34:52 | WARNING | trading_bot | Entrada parcial SOLUSD status=canceled filled_qty=500.51210000 requested_qty=988.26440000
2026-07-05 15:34:52 | WARNING | trading_bot | No se pudo crear salida inmediata para SOLUSD: 403 Client Error: Forbidden for url: https://paper-api.alpaca.markets/v2/orders
2026-07-05 15:34:57 | WARNING | trading_bot | WebSocket stale detectado (market-stocks). Forzando reconexion controlada.
2026-07-05 15:34:57 | WARNING | trading_bot | WebSocket stale detectado (news). Forzando reconexion controlada.
2026-07-05 15:34:57 | WARNING | trading_bot | WebSocket stale detectado (trade_updates). Forzando reconexion controlada.
2026-07-05 15:35:47 | WARNING | trading_bot | WebSocket stale detectado (market-stocks). Forzando reconexion controlada.
2026-07-05 15:35:47 | WARNING | trading_bot | WebSocket stale detectado (news). Forzando reconexion controlada.
2026-07-05 15:35:47 | WARNING | trading_bot | WebSocket stale detectado (trade_updates). Forzando reconexion controlada.
2026-07-05 15:36:37 | WARNING | trading_bot | WebSocket stale detectado (trade_updates). Forzando reconexion controlada.
2026-07-05 15:36:37 | WARNING | trading_bot | WebSocket stale detectado (market-stocks). Forzando reconexion controlada.
2026-07-05 15:36:37 | WARNING | trading_bot | WebSocket stale detectado (news). Forzando reconexion controlada.
2026-07-05 15:37:27 | WARNING | trading_bot | WebSocket stale detectado (trade_updates). Forzando reconexion controlada.
2026-07-05 15:37:27 | WARNING | trading_bot | WebSocket stale detectado (market-stocks). Forzando reconexion controlada.
2026-07-05 15:37:27 | WARNING | trading_bot | WebSocket stale detectado (news). Forzando reconexion controlada.
2026-07-05 15:37:48 | WARNING | trading_bot | WebSocket stale detectado (market-crypto). Forzando reconexion controlada.
2026-07-05 15:37:53 | WARNING | trading_bot | WebSocket stale detectado (market-crypto). Forzando reconexion controlada.
2026-07-05 15:38:18 | WARNING | trading_bot | WebSocket stale detectado (trade_updates). Forzando reconexion controlada.
2026-07-05 15:38:18 | WARNING | trading_bot | WebSocket stale detectado (market-stocks). Forzando reconexion controlada.
2026-07-05 15:38:18 | WARNING | trading_bot | WebSocket stale detectado (news). Forzando reconexion controlada.
2026-07-05 15:38:48 | WARNING | trading_bot | WebSocket stale detectado (market-crypto). Forzando reconexion controlada.
2026-07-05 15:39:08 | WARNING | trading_bot | WebSocket stale detectado (trade_updates). Forzando reconexion controlada.
2026-07-05 15:39:08 | WARNING | trading_bot | WebSocket stale detectado (news). Forzando reconexion controlada.
2026-07-05 15:39:08 | WARNING | trading_bot | WebSocket stale detectado (market-stocks). Forzando reconexion controlada.
2026-07-05 15:39:58 | WARNING | trading_bot | WebSocket stale detectado (trade_updates). Forzando reconexion controlada.
2026-07-05 15:39:58 | WARNING | trading_bot | WebSocket stale detectado (market-stocks). Forzando reconexion controlada.
2026-07-05 15:39:58 | WARNING | trading_bot | WebSocket stale detectado (news). Forzando reconexion controlada.
2026-07-05 15:40:48 | WARNING | trading_bot | WebSocket stale detectado (trade_updates). Forzando reconexion controlada.
2026-07-05 15:40:48 | WARNING | trading_bot | WebSocket stale detectado (market-stocks). Forzando reconexion controlada.
2026-07-05 15:40:53 | WARNING | trading_bot | WebSocket stale detectado (news). Forzando reconexion controlada.
2026-07-05 15:41:38 | WARNING | trading_bot | WebSocket stale detectado (trade_updates). Forzando reconexion controlada.
2026-07-05 15:41:38 | WARNING | trading_bot | WebSocket stale detectado (market-stocks). Forzando reconexion controlada.
2026-07-05 15:41:43 | WARNING | trading_bot | WebSocket stale detectado (news). Forzando reconexion controlada.
2026-07-05 15:42:06 | WARNING | trading_bot | CRYPTO SOLUSD: Opening position with max_hold_time=30 minutes. Stop loss enabled.
2026-07-05 15:42:06 | WARNING | trading_bot | Entrada parcial SOLUSD status=canceled filled_qty=501.37530000 requested_qty=965.87820000
2026-07-05 15:42:06 | WARNING | trading_bot | No se pudo crear salida inmediata para SOLUSD: 403 Client Error: Forbidden for url: https://paper-api.alpaca.markets/v2/orders
2026-07-05 15:42:28 | WARNING | trading_bot | WebSocket stale detectado (trade_updates). Forzando reconexion controlada.
2026-07-05 15:42:28 | WARNING | trading_bot | WebSocket stale detectado (market-stocks). Forzando reconexion controlada.
2026-07-05 15:42:33 | WARNING | trading_bot | WebSocket stale detectado (news). Forzando reconexion controlada.
2026-07-05 15:43:18 | WARNING | trading_bot | WebSocket stale detectado (trade_updates). Forzando reconexion controlada.
2026-07-05 15:43:18 | WARNING | trading_bot | WebSocket stale detectado (market-stocks). Forzando reconexion controlada.
2026-07-05 15:43:23 | WARNING | trading_bot | WebSocket stale detectado (news). Forzando reconexion controlada.
2026-07-05 15:44:08 | WARNING | trading_bot | WebSocket stale detectado (trade_updates). Forzando reconexion controlada.
2026-07-05 15:44:08 | WARNING | trading_bot | WebSocket stale detectado (market-stocks). Forzando reconexion controlada.
2026-07-05 15:44:13 | WARNING | trading_bot | WebSocket stale detectado (news). Forzando reconexion controlada.
2026-07-05 15:44:58 | WARNING | trading_bot | WebSocket stale detectado (market-stocks). Forzando reconexion controlada.
2026-07-05 15:44:58 | WARNING | trading_bot | WebSocket stale detectado (trade_updates). Forzando reconexion controlada.
2026-07-05 15:45:03 | WARNING | trading_bot | WebSocket stale detectado (news). Forzando reconexion controlada.
2026-07-05 15:45:48 | WARNING | trading_bot | WebSocket stale detectado (market-stocks). Forzando reconexion controlada.
2026-07-05 15:45:48 | WARNING | trading_bot | WebSocket stale detectado (trade_updates). Forzando reconexion controlada.
2026-07-05 15:45:53 | WARNING | trading_bot | WebSocket stale detectado (news). Forzando reconexion controlada.
2026-07-05 15:46:26 | WARNING | trading_bot | Alpaca devolvio barras vacias para AAPL (1m)
2026-07-05 15:46:26 | WARNING | trading_bot | Alpaca devolvio barras vacias para AAPL (5m)
2026-07-05 15:46:26 | WARNING | trading_bot | Alpaca devolvio barras vacias para AAPL (15m)
2026-07-05 15:46:40 | WARNING | trading_bot | Alpaca devolvio barras vacias para AAPL (15m)
2026-07-05 15:47:16 | WARNING | trading_bot | WebSocket stale detectado (market-stocks). Forzando reconexion controlada.
2026-07-05 15:47:16 | WARNING | trading_bot | WebSocket stale detectado (news). Forzando reconexion controlada.
2026-07-05 15:47:16 | WARNING | trading_bot | WebSocket stale detectado (trade_updates). Forzando reconexion controlada.
2026-07-05 15:48:06 | WARNING | trading_bot | WebSocket stale detectado (news). Forzando reconexion controlada.
2026-07-05 15:48:06 | WARNING | trading_bot | WebSocket stale detectado (trade_updates). Forzando reconexion controlada.
2026-07-05 15:48:06 | WARNING | trading_bot | WebSocket stale detectado (market-stocks). Forzando reconexion controlada.
2026-07-05 15:48:56 | WARNING | trading_bot | Alpaca devolvio barras vacias para AAPL (1m)
2026-07-05 15:48:56 | WARNING | trading_bot | Alpaca devolvio barras vacias para AAPL (5m)
2026-07-05 15:48:56 | WARNING | trading_bot | Alpaca devolvio barras vacias para AAPL (15m)
2026-07-05 15:49:03 | WARNING | trading_bot | Alpaca devolvio barras vacias para AAPL (15m)
2026-07-05 15:49:38 | WARNING | trading_bot | CRYPTO SOLUSD: Opening position with max_hold_time=30 minutes. Stop loss enabled.
2026-07-05 15:49:39 | WARNING | trading_bot | Entrada parcial SOLUSD status=canceled filled_qty=501.52610000 requested_qty=988.26440000
2026-07-05 15:49:39 | WARNING | trading_bot | No se pudo crear salida inmediata para SOLUSD: 403 Client Error: Forbidden for url: https://paper-api.alpaca.markets/v2/orders
2026-07-05 15:49:45 | WARNING | trading_bot | WebSocket stale detectado (market-stocks). Forzando reconexion controlada.
2026-07-05 15:49:45 | WARNING | trading_bot | WebSocket stale detectado (news). Forzando reconexion controlada.
2026-07-05 15:49:45 | WARNING | trading_bot | WebSocket stale detectado (trade_updates). Forzando reconexion controlada.
2026-07-05 15:50:36 | WARNING | trading_bot | WebSocket stale detectado (market-stocks). Forzando reconexion controlada.
2026-07-05 15:50:36 | WARNING | trading_bot | WebSocket stale detectado (news). Forzando reconexion controlada.
2026-07-05 15:50:36 | WARNING | trading_bot | WebSocket stale detectado (trade_updates). Forzando reconexion controlada.
2026-07-05 15:51:18 | ERROR | trading_bot | Error en accion de UI
Traceback (most recent call last):
  File "/home/fbautista/Documents/Alpaca/trading_bot/ui/bot_window.py", line 1652, in _run_action
    fn()
  File "/home/fbautista/Documents/Alpaca/trading_bot/ui/bot_window.py", line 5705, in _execute_ai_limit_buy
    result = self.ai_trading_brain.place_limit_buy(
             ^^^^^^^^^^^^^^^^^^^^^^^^^^^^^^^^^^^^^^
  File "/home/fbautista/Documents/Alpaca/trading_bot/ai_trading_brain/service.py", line 1578, in place_limit_buy
    raise ValueError(f"IA no ejecuta compras para senales tipo {signal_type or 'N/A'}")
ValueError: IA no ejecuta compras para senales tipo WATCH
2026-07-05 15:51:18 | ERROR | trading_bot | Error en accion de UI
Traceback (most recent call last):
  File "/home/fbautista/Documents/Alpaca/trading_bot/ui/bot_window.py", line 1652, in _run_action
    fn()
  File "/home/fbautista/Documents/Alpaca/trading_bot/ui/bot_window.py", line 5705, in _execute_ai_limit_buy
    result = self.ai_trading_brain.place_limit_buy(
             ^^^^^^^^^^^^^^^^^^^^^^^^^^^^^^^^^^^^^^
  File "/home/fbautista/Documents/Alpaca/trading_bot/ai_trading_brain/service.py", line 1578, in place_limit_buy
    raise ValueError(f"IA no ejecuta compras para senales tipo {signal_type or 'N/A'}")
ValueError: IA no ejecuta compras para senales tipo WATCH
2026-07-05 15:51:26 | WARNING | trading_bot | WebSocket stale detectado (market-stocks). Forzando reconexion controlada.
2026-07-05 15:51:26 | WARNING | trading_bot | WebSocket stale detectado (news). Forzando reconexion controlada.
2026-07-05 15:51:26 | WARNING | trading_bot | WebSocket stale detectado (trade_updates). Forzando reconexion controlada.
2026-07-05 15:52:16 | WARNING | trading_bot | WebSocket stale detectado (trade_updates). Forzando reconexion controlada.
2026-07-05 15:52:16 | WARNING | trading_bot | WebSocket stale detectado (market-stocks). Forzando reconexion controlada.
2026-07-05 15:52:46 | WARNING | trading_bot | WebSocket stale detectado (news). Forzando reconexion controlada.
2026-07-05 15:53:06 | WARNING | trading_bot | WebSocket stale detectado (trade_updates). Forzando reconexion controlada.
2026-07-05 15:53:06 | WARNING | trading_bot | WebSocket stale detectado (market-stocks). Forzando reconexion controlada.
2026-07-05 15:53:36 | WARNING | trading_bot | WebSocket stale detectado (news). Forzando reconexion controlada.
2026-07-05 15:53:56 | WARNING | trading_bot | WebSocket stale detectado (trade_updates). Forzando reconexion controlada.
2026-07-05 15:53:56 | WARNING | trading_bot | WebSocket stale detectado (market-stocks). Forzando reconexion controlada.
2026-07-05 15:54:26 | WARNING | trading_bot | WebSocket stale detectado (news). Forzando reconexion controlada.
2026-07-05 15:54:46 | WARNING | trading_bot | WebSocket stale detectado (trade_updates). Forzando reconexion controlada.
2026-07-05 15:54:46 | WARNING | trading_bot | WebSocket stale detectado (market-stocks). Forzando reconexion controlada.
2026-07-05 15:55:16 | WARNING | trading_bot | WebSocket stale detectado (news). Forzando reconexion controlada.
2026-07-05 15:55:36 | WARNING | trading_bot | WebSocket stale detectado (trade_updates). Forzando reconexion controlada.
2026-07-05 15:55:36 | WARNING | trading_bot | WebSocket stale detectado (market-stocks). Forzando reconexion controlada.
2026-07-05 15:56:06 | WARNING | trading_bot | WebSocket stale detectado (news). Forzando reconexion controlada.
2026-07-05 15:56:33 | WARNING | trading_bot | Alpaca devolvio barras vacias para AAPL (1m)
2026-07-05 15:56:33 | WARNING | trading_bot | Alpaca devolvio barras vacias para AAPL (5m)
2026-07-05 15:56:33 | WARNING | trading_bot | Alpaca devolvio barras vacias para AAPL (15m)
2026-07-05 15:57:16 | WARNING | trading_bot | CRYPTO SOLUSD: Opening position with max_hold_time=30 minutes. Stop loss enabled.
2026-07-05 15:57:17 | WARNING | trading_bot | Entrada parcial SOLUSD status=canceled filled_qty=498.81430000 requested_qty=990.16030000
2026-07-05 15:57:17 | WARNING | trading_bot | No se pudo crear salida inmediata para SOLUSD: 403 Client Error: Forbidden for url: https://paper-api.alpaca.markets/v2/orders
2026-07-05 15:57:23 | WARNING | trading_bot | WebSocket stale detectado (market-stocks). Forzando reconexion controlada.
2026-07-05 15:57:23 | WARNING | trading_bot | WebSocket stale detectado (news). Forzando reconexion controlada.
2026-07-05 15:57:23 | WARNING | trading_bot | WebSocket stale detectado (trade_updates). Forzando reconexion controlada.
2026-07-05 15:57:48 | WARNING | trading_bot | WebSocket stale detectado (market-crypto). Forzando reconexion controlada.
2026-07-05 15:57:53 | WARNING | trading_bot | WebSocket stale detectado (market-crypto). Forzando reconexion controlada.
2026-07-05 15:58:13 | WARNING | trading_bot | WebSocket stale detectado (trade_updates). Forzando reconexion controlada.
2026-07-05 15:58:13 | WARNING | trading_bot | WebSocket stale detectado (news). Forzando reconexion controlada.
2026-07-05 15:58:13 | WARNING | trading_bot | WebSocket stale detectado (market-stocks). Forzando reconexion controlada.
2026-07-05 15:59:03 | WARNING | trading_bot | WebSocket stale detectado (trade_updates). Forzando reconexion controlada.
2026-07-05 15:59:03 | WARNING | trading_bot | WebSocket stale detectado (news). Forzando reconexion controlada.
2026-07-05 15:59:03 | WARNING | trading_bot | WebSocket stale detectado (market-stocks). Forzando reconexion controlada.
2026-07-05 15:59:53 | WARNING | trading_bot | WebSocket stale detectado (trade_updates). Forzando reconexion controlada.
2026-07-05 15:59:53 | WARNING | trading_bot | WebSocket stale detectado (market-stocks). Forzando reconexion controlada.
2026-07-05 15:59:53 | WARNING | trading_bot | WebSocket stale detectado (news). Forzando reconexion controlada.
2026-07-05 16:00:43 | WARNING | trading_bot | WebSocket stale detectado (trade_updates). Forzando reconexion controlada.
2026-07-05 16:00:43 | WARNING | trading_bot | WebSocket stale detectado (market-stocks). Forzando reconexion controlada.
2026-07-05 16:00:43 | WARNING | trading_bot | WebSocket stale detectado (news). Forzando reconexion controlada.
2026-07-05 16:01:18 | WARNING | trading_bot | Alpaca devolvio barras vacias para AAPL (1m)
2026-07-05 16:01:18 | WARNING | trading_bot | Alpaca devolvio barras vacias para AAPL (5m)
2026-07-05 16:01:18 | WARNING | trading_bot | Alpaca devolvio barras vacias para AAPL (15m)
2026-07-05 16:02:08 | WARNING | trading_bot | WebSocket stale detectado (market-stocks). Forzando reconexion controlada.
2026-07-05 16:02:08 | WARNING | trading_bot | WebSocket stale detectado (news). Forzando reconexion controlada.
2026-07-05 16:02:08 | WARNING | trading_bot | WebSocket stale detectado (trade_updates). Forzando reconexion controlada.
2026-07-05 16:02:25 | WARNING | trading_bot | Alpaca devolvio barras vacias para AAPL (1m)
2026-07-05 16:02:25 | WARNING | trading_bot | Alpaca devolvio barras vacias para AAPL (15m)
2026-07-05 16:02:58 | WARNING | trading_bot | WebSocket stale detectado (news). Forzando reconexion controlada.
2026-07-05 16:02:58 | WARNING | trading_bot | WebSocket stale detectado (trade_updates). Forzando reconexion controlada.
2026-07-05 16:02:58 | WARNING | trading_bot | WebSocket stale detectado (market-stocks). Forzando reconexion controlada.
2026-07-05 16:03:48 | WARNING | trading_bot | WebSocket stale detectado (news). Forzando reconexion controlada.
2026-07-05 16:03:48 | WARNING | trading_bot | WebSocket stale detectado (trade_updates). Forzando reconexion controlada.
2026-07-05 16:03:48 | WARNING | trading_bot | WebSocket stale detectado (market-stocks). Forzando reconexion controlada.
2026-07-05 16:04:38 | WARNING | trading_bot | WebSocket stale detectado (news). Forzando reconexion controlada.
2026-07-05 16:04:38 | WARNING | trading_bot | WebSocket stale detectado (market-stocks). Forzando reconexion controlada.
2026-07-05 16:04:38 | WARNING | trading_bot | WebSocket stale detectado (trade_updates). Forzando reconexion controlada.
2026-07-05 16:05:04 | WARNING | trading_bot | CRYPTO SOLUSD: Opening position with max_hold_time=30 minutes. Stop loss enabled.
2026-07-05 16:05:04 | WARNING | trading_bot | Entrada parcial SOLUSD status=canceled filled_qty=498.32710000 requested_qty=990.16030000
2026-07-05 16:05:04 | WARNING | trading_bot | No se pudo crear salida inmediata para SOLUSD: 403 Client Error: Forbidden for url: https://paper-api.alpaca.markets/v2/orders
2026-07-05 16:05:28 | WARNING | trading_bot | WebSocket stale detectado (news). Forzando reconexion controlada.
2026-07-05 16:05:28 | WARNING | trading_bot | WebSocket stale detectado (market-stocks). Forzando reconexion controlada.
2026-07-05 16:05:28 | WARNING | trading_bot | WebSocket stale detectado (trade_updates). Forzando reconexion controlada.
2026-07-05 16:06:18 | WARNING | trading_bot | WebSocket stale detectado (news). Forzando reconexion controlada.
2026-07-05 16:06:18 | WARNING | trading_bot | WebSocket stale detectado (market-stocks). Forzando reconexion controlada.
2026-07-05 16:06:18 | WARNING | trading_bot | WebSocket stale detectado (trade_updates). Forzando reconexion controlada.
2026-07-05 16:07:08 | WARNING | trading_bot | WebSocket stale detectado (news). Forzando reconexion controlada.
2026-07-05 16:07:08 | WARNING | trading_bot | WebSocket stale detectado (market-stocks). Forzando reconexion controlada.
2026-07-05 16:07:08 | WARNING | trading_bot | WebSocket stale detectado (trade_updates). Forzando reconexion controlada.
2026-07-05 16:07:24 | WARNING | trading_bot | Alpaca devolvio barras vacias para AAPL (1m)
2026-07-05 16:07:24 | WARNING | trading_bot | Alpaca devolvio barras vacias para AAPL (5m)
2026-07-05 16:07:24 | WARNING | trading_bot | Alpaca devolvio barras vacias para AAPL (15m)
2026-07-05 16:07:36 | WARNING | trading_bot | Alpaca devolvio barras vacias para AAPL (15m)
2026-07-05 16:08:13 | WARNING | trading_bot | WebSocket stale detectado (market-stocks). Forzando reconexion controlada.
2026-07-05 16:08:14 | WARNING | trading_bot | WebSocket stale detectado (news). Forzando reconexion controlada.
2026-07-05 16:08:14 | WARNING | trading_bot | WebSocket stale detectado (trade_updates). Forzando reconexion controlada.
2026-07-05 16:08:49 | WARNING | trading_bot | WebSocket stale detectado (market-crypto). Forzando reconexion controlada.
2026-07-05 16:09:04 | WARNING | trading_bot | WebSocket stale detectado (news). Forzando reconexion controlada.
2026-07-05 16:09:04 | WARNING | trading_bot | WebSocket stale detectado (market-stocks). Forzando reconexion controlada.
2026-07-05 16:09:04 | WARNING | trading_bot | WebSocket stale detectado (trade_updates). Forzando reconexion controlada.
2026-07-05 16:09:39 | WARNING | trading_bot | WebSocket stale detectado (market-crypto). Forzando reconexion controlada.
2026-07-05 16:09:54 | WARNING | trading_bot | WebSocket stale detectado (news). Forzando reconexion controlada.
2026-07-05 16:09:54 | WARNING | trading_bot | WebSocket stale detectado (market-stocks). Forzando reconexion controlada.
2026-07-05 16:09:54 | WARNING | trading_bot | WebSocket stale detectado (trade_updates). Forzando reconexion controlada.
2026-07-05 16:10:29 | WARNING | trading_bot | WebSocket stale detectado (market-crypto). Forzando reconexion controlada.
2026-07-05 16:10:44 | WARNING | trading_bot | WebSocket stale detectado (news). Forzando reconexion controlada.
2026-07-05 16:10:44 | WARNING | trading_bot | WebSocket stale detectado (market-stocks). Forzando reconexion controlada.
2026-07-05 16:10:44 | WARNING | trading_bot | WebSocket stale detectado (trade_updates). Forzando reconexion controlada.
2026-07-05 16:10:49 | WARNING | trading_bot | CRYPTO SOLUSD: Opening position with max_hold_time=30 minutes. Stop loss enabled.
2026-07-05 16:10:50 | WARNING | trading_bot | Entrada parcial SOLUSD status=canceled filled_qty=500.93670000 requested_qty=990.16030000
2026-07-05 16:10:50 | WARNING | trading_bot | No se pudo crear salida inmediata para SOLUSD: 403 Client Error: Forbidden for url: https://paper-api.alpaca.markets/v2/orders
2026-07-05 16:11:19 | WARNING | trading_bot | WebSocket stale detectado (market-crypto). Forzando reconexion controlada.
2026-07-05 16:11:34 | WARNING | trading_bot | WebSocket stale detectado (trade_updates). Forzando reconexion controlada.
2026-07-05 16:11:34 | WARNING | trading_bot | WebSocket stale detectado (market-stocks). Forzando reconexion controlada.
2026-07-05 16:11:59 | WARNING | trading_bot | WebSocket stale detectado (news). Forzando reconexion controlada.
2026-07-05 16:12:04 | WARNING | trading_bot | WebSocket stale detectado (news). Forzando reconexion controlada.
2026-07-05 16:12:09 | WARNING | trading_bot | WebSocket stale detectado (market-crypto). Forzando reconexion controlada.
2026-07-05 16:12:24 | WARNING | trading_bot | WebSocket stale detectado (trade_updates). Forzando reconexion controlada.
2026-07-05 16:12:24 | WARNING | trading_bot | WebSocket stale detectado (market-stocks). Forzando reconexion controlada.
2026-07-05 16:12:54 | WARNING | trading_bot | WebSocket stale detectado (news). Forzando reconexion controlada.
2026-07-05 16:12:59 | WARNING | trading_bot | WebSocket stale detectado (market-crypto). Forzando reconexion controlada.
2026-07-05 16:13:14 | WARNING | trading_bot | WebSocket stale detectado (market-stocks). Forzando reconexion controlada.
2026-07-05 16:13:14 | WARNING | trading_bot | WebSocket stale detectado (trade_updates). Forzando reconexion controlada.
2026-07-05 16:13:44 | WARNING | trading_bot | WebSocket stale detectado (news). Forzando reconexion controlada.
2026-07-05 16:13:49 | WARNING | trading_bot | WebSocket stale detectado (market-crypto). Forzando reconexion controlada.
2026-07-05 16:14:04 | WARNING | trading_bot | WebSocket stale detectado (market-stocks). Forzando reconexion controlada.
2026-07-05 16:14:04 | WARNING | trading_bot | WebSocket stale detectado (trade_updates). Forzando reconexion controlada.
2026-07-05 16:14:34 | WARNING | trading_bot | WebSocket stale detectado (news). Forzando reconexion controlada.
2026-07-05 16:14:39 | WARNING | trading_bot | WebSocket stale detectado (market-crypto). Forzando reconexion controlada.
2026-07-05 16:14:54 | WARNING | trading_bot | WebSocket stale detectado (trade_updates). Forzando reconexion controlada.
2026-07-05 16:14:54 | WARNING | trading_bot | WebSocket stale detectado (market-stocks). Forzando reconexion controlada.
2026-07-05 16:15:24 | WARNING | trading_bot | WebSocket stale detectado (news). Forzando reconexion controlada.
2026-07-05 16:15:29 | WARNING | trading_bot | WebSocket stale detectado (market-crypto). Forzando reconexion controlada.
2026-07-05 16:15:44 | WARNING | trading_bot | WebSocket stale detectado (trade_updates). Forzando reconexion controlada.
2026-07-05 16:15:44 | WARNING | trading_bot | WebSocket stale detectado (market-stocks). Forzando reconexion controlada.
2026-07-05 16:16:14 | WARNING | trading_bot | WebSocket stale detectado (news). Forzando reconexion controlada.
2026-07-05 16:16:19 | WARNING | trading_bot | WebSocket stale detectado (market-crypto). Forzando reconexion controlada.
2026-07-05 16:16:34 | WARNING | trading_bot | WebSocket stale detectado (trade_updates). Forzando reconexion controlada.
2026-07-05 16:16:34 | WARNING | trading_bot | WebSocket stale detectado (market-stocks). Forzando reconexion controlada.
2026-07-05 16:17:04 | WARNING | trading_bot | WebSocket stale detectado (news). Forzando reconexion controlada.
2026-07-05 16:17:09 | WARNING | trading_bot | WebSocket stale detectado (market-crypto). Forzando reconexion controlada.
2026-07-05 16:17:24 | WARNING | trading_bot | WebSocket stale detectado (trade_updates). Forzando reconexion controlada.
2026-07-05 16:17:24 | WARNING | trading_bot | WebSocket stale detectado (market-stocks). Forzando reconexion controlada.
2026-07-05 16:17:36 | WARNING | trading_bot | CRYPTO SOLUSD: Opening position with max_hold_time=30 minutes. Stop loss enabled.
2026-07-05 16:17:36 | WARNING | trading_bot | Entrada parcial SOLUSD status=canceled filled_qty=500.24050000 requested_qty=990.16030000
2026-07-05 16:17:36 | WARNING | trading_bot | No se pudo crear salida inmediata para SOLUSD: 403 Client Error: Forbidden for url: https://paper-api.alpaca.markets/v2/orders
2026-07-05 16:17:54 | WARNING | trading_bot | WebSocket stale detectado (news). Forzando reconexion controlada.
2026-07-05 16:17:59 | WARNING | trading_bot | WebSocket stale detectado (market-crypto). Forzando reconexion controlada.
2026-07-05 16:18:14 | WARNING | trading_bot | WebSocket stale detectado (trade_updates). Forzando reconexion controlada.
2026-07-05 16:18:14 | WARNING | trading_bot | WebSocket stale detectado (market-stocks). Forzando reconexion controlada.
2026-07-05 16:18:45 | WARNING | trading_bot | WebSocket stale detectado (news). Forzando reconexion controlada.
2026-07-05 16:18:50 | WARNING | trading_bot | WebSocket stale detectado (market-crypto). Forzando reconexion controlada.
2026-07-05 16:19:05 | WARNING | trading_bot | WebSocket stale detectado (trade_updates). Forzando reconexion controlada.
2026-07-05 16:19:05 | WARNING | trading_bot | WebSocket stale detectado (market-stocks). Forzando reconexion controlada.
2026-07-05 16:19:35 | WARNING | trading_bot | WebSocket stale detectado (news). Forzando reconexion controlada.
2026-07-05 16:19:40 | WARNING | trading_bot | WebSocket stale detectado (market-crypto). Forzando reconexion controlada.
2026-07-05 16:19:55 | WARNING | trading_bot | WebSocket stale detectado (market-stocks). Forzando reconexion controlada.
2026-07-05 16:19:55 | WARNING | trading_bot | WebSocket stale detectado (trade_updates). Forzando reconexion controlada.
2026-07-05 16:20:25 | WARNING | trading_bot | WebSocket stale detectado (news). Forzando reconexion controlada.
2026-07-05 16:20:30 | WARNING | trading_bot | WebSocket stale detectado (market-crypto). Forzando reconexion controlada.
2026-07-05 16:20:45 | WARNING | trading_bot | WebSocket stale detectado (market-stocks). Forzando reconexion controlada.
2026-07-05 16:20:45 | WARNING | trading_bot | WebSocket stale detectado (trade_updates). Forzando reconexion controlada.
2026-07-05 16:21:15 | WARNING | trading_bot | WebSocket stale detectado (news). Forzando reconexion controlada.
2026-07-05 16:21:20 | WARNING | trading_bot | WebSocket stale detectado (market-crypto). Forzando reconexion controlada.
2026-07-05 16:21:35 | WARNING | trading_bot | WebSocket stale detectado (market-stocks). Forzando reconexion controlada.
2026-07-05 16:21:35 | WARNING | trading_bot | WebSocket stale detectado (trade_updates). Forzando reconexion controlada.
2026-07-05 16:22:05 | WARNING | trading_bot | WebSocket stale detectado (news). Forzando reconexion controlada.
2026-07-05 16:22:10 | WARNING | trading_bot | WebSocket stale detectado (market-crypto). Forzando reconexion controlada.
2026-07-05 16:22:25 | WARNING | trading_bot | WebSocket stale detectado (market-stocks). Forzando reconexion controlada.
2026-07-05 16:22:30 | WARNING | trading_bot | WebSocket stale detectado (trade_updates). Forzando reconexion controlada.
2026-07-05 16:23:00 | WARNING | trading_bot | WebSocket stale detectado (news). Forzando reconexion controlada.
2026-07-05 16:23:00 | WARNING | trading_bot | WebSocket stale detectado (market-crypto). Forzando reconexion controlada.
2026-07-05 16:23:03 | WARNING | trading_bot | Alpaca devolvio barras vacias para AAPL (1m)
2026-07-05 16:23:03 | WARNING | trading_bot | Alpaca devolvio barras vacias para AAPL (5m)
2026-07-05 16:23:03 | WARNING | trading_bot | Alpaca devolvio barras vacias para AAPL (15m)
2026-07-05 16:23:52 | WARNING | trading_bot | WebSocket stale detectado (market-stocks). Forzando reconexion controlada.
2026-07-05 16:23:52 | WARNING | trading_bot | WebSocket stale detectado (market-crypto). Forzando reconexion controlada.
2026-07-05 16:23:52 | WARNING | trading_bot | WebSocket stale detectado (news). Forzando reconexion controlada.
2026-07-05 16:23:52 | WARNING | trading_bot | WebSocket stale detectado (trade_updates). Forzando reconexion controlada.
2026-07-05 16:24:02 | WARNING | trading_bot | Alpaca devolvio barras vacias para AAPL (1m)
2026-07-05 16:24:02 | WARNING | trading_bot | Alpaca devolvio barras vacias para AAPL (15m)
2026-07-05 16:24:42 | WARNING | trading_bot | WebSocket stale detectado (market-stocks). Forzando reconexion controlada.
2026-07-05 16:24:42 | WARNING | trading_bot | WebSocket stale detectado (news). Forzando reconexion controlada.
2026-07-05 16:24:42 | WARNING | trading_bot | WebSocket stale detectado (trade_updates). Forzando reconexion controlada.
2026-07-05 16:25:07 | WARNING | trading_bot | CRYPTO SOLUSD: Opening position with max_hold_time=30 minutes. Stop loss enabled.
2026-07-05 16:25:07 | WARNING | trading_bot | Entrada parcial SOLUSD status=canceled filled_qty=500.69060000 requested_qty=990.16030000
2026-07-05 16:25:07 | WARNING | trading_bot | No se pudo crear salida inmediata para SOLUSD: 403 Client Error: Forbidden for url: https://paper-api.alpaca.markets/v2/orders
2026-07-05 16:25:32 | WARNING | trading_bot | WebSocket stale detectado (market-stocks). Forzando reconexion controlada.
2026-07-05 16:25:32 | WARNING | trading_bot | WebSocket stale detectado (news). Forzando reconexion controlada.
2026-07-05 16:25:32 | WARNING | trading_bot | WebSocket stale detectado (trade_updates). Forzando reconexion controlada.
2026-07-05 16:26:22 | WARNING | trading_bot | WebSocket stale detectado (market-stocks). Forzando reconexion controlada.
2026-07-05 16:26:22 | WARNING | trading_bot | WebSocket stale detectado (news). Forzando reconexion controlada.
2026-07-05 16:26:22 | WARNING | trading_bot | WebSocket stale detectado (trade_updates). Forzando reconexion controlada.
2026-07-05 16:27:12 | WARNING | trading_bot | WebSocket stale detectado (market-stocks). Forzando reconexion controlada.
2026-07-05 16:27:12 | WARNING | trading_bot | WebSocket stale detectado (news). Forzando reconexion controlada.
2026-07-05 16:27:12 | WARNING | trading_bot | WebSocket stale detectado (trade_updates). Forzando reconexion controlada.
2026-07-05 16:28:02 | WARNING | trading_bot | WebSocket stale detectado (market-stocks). Forzando reconexion controlada.
2026-07-05 16:28:03 | WARNING | trading_bot | WebSocket stale detectado (news). Forzando reconexion controlada.
2026-07-05 16:28:03 | WARNING | trading_bot | WebSocket stale detectado (trade_updates). Forzando reconexion controlada.
2026-07-05 16:28:53 | WARNING | trading_bot | WebSocket stale detectado (market-stocks). Forzando reconexion controlada.
2026-07-05 16:28:53 | WARNING | trading_bot | WebSocket stale detectado (news). Forzando reconexion controlada.
2026-07-05 16:28:53 | WARNING | trading_bot | WebSocket stale detectado (trade_updates). Forzando reconexion controlada.
2026-07-05 16:29:43 | WARNING | trading_bot | WebSocket stale detectado (market-stocks). Forzando reconexion controlada.
2026-07-05 16:29:43 | WARNING | trading_bot | WebSocket stale detectado (news). Forzando reconexion controlada.
2026-07-05 16:29:43 | WARNING | trading_bot | WebSocket stale detectado (trade_updates). Forzando reconexion controlada.
2026-07-05 16:30:33 | WARNING | trading_bot | WebSocket stale detectado (market-stocks). Forzando reconexion controlada.
2026-07-05 16:30:33 | WARNING | trading_bot | WebSocket stale detectado (news). Forzando reconexion controlada.
2026-07-05 16:30:33 | WARNING | trading_bot | WebSocket stale detectado (trade_updates). Forzando reconexion controlada.
2026-07-05 16:31:23 | WARNING | trading_bot | WebSocket stale detectado (market-stocks). Forzando reconexion controlada.
2026-07-05 16:31:23 | WARNING | trading_bot | WebSocket stale detectado (news). Forzando reconexion controlada.
2026-07-05 16:31:23 | WARNING | trading_bot | WebSocket stale detectado (trade_updates). Forzando reconexion controlada.
2026-07-05 16:32:13 | WARNING | trading_bot | WebSocket stale detectado (market-stocks). Forzando reconexion controlada.
2026-07-05 16:32:13 | WARNING | trading_bot | WebSocket stale detectado (news). Forzando reconexion controlada.
2026-07-05 16:32:13 | WARNING | trading_bot | WebSocket stale detectado (trade_updates). Forzando reconexion controlada.
2026-07-05 16:33:03 | WARNING | trading_bot | WebSocket stale detectado (market-stocks). Forzando reconexion controlada.
2026-07-05 16:33:03 | WARNING | trading_bot | WebSocket stale detectado (news). Forzando reconexion controlada.
2026-07-05 16:33:03 | WARNING | trading_bot | WebSocket stale detectado (trade_updates). Forzando reconexion controlada.
2026-07-05 16:33:53 | WARNING | trading_bot | WebSocket stale detectado (market-stocks). Forzando reconexion controlada.
2026-07-05 16:33:53 | WARNING | trading_bot | WebSocket stale detectado (news). Forzando reconexion controlada.
2026-07-05 16:33:53 | WARNING | trading_bot | WebSocket stale detectado (trade_updates). Forzando reconexion controlada.
2026-07-05 16:33:56 | WARNING | trading_bot | CRYPTO SOLUSD: Opening position with max_hold_time=30 minutes. Stop loss enabled.
2026-07-05 16:33:56 | WARNING | trading_bot | Entrada parcial SOLUSD status=canceled filled_qty=498.22660000 requested_qty=990.54030000
2026-07-05 16:33:56 | WARNING | trading_bot | No se pudo crear salida inmediata para SOLUSD: 403 Client Error: Forbidden for url: https://paper-api.alpaca.markets/v2/orders
2026-07-05 16:34:43 | WARNING | trading_bot | WebSocket stale detectado (market-stocks). Forzando reconexion controlada.
2026-07-05 16:34:43 | WARNING | trading_bot | WebSocket stale detectado (news). Forzando reconexion controlada.
2026-07-05 16:34:43 | WARNING | trading_bot | WebSocket stale detectado (trade_updates). Forzando reconexion controlada.
2026-07-05 16:35:33 | WARNING | trading_bot | WebSocket stale detectado (market-stocks). Forzando reconexion controlada.
2026-07-05 16:35:33 | WARNING | trading_bot | WebSocket stale detectado (trade_updates). Forzando reconexion controlada.
2026-07-05 16:35:33 | WARNING | trading_bot | WebSocket stale detectado (news). Forzando reconexion controlada.
2026-07-05 16:36:17 | WARNING | trading_bot | Alpaca devolvio barras vacias para AAPL (1m)
2026-07-05 16:36:17 | WARNING | trading_bot | Alpaca devolvio barras vacias para AAPL (5m)
2026-07-05 16:36:17 | WARNING | trading_bot | Alpaca devolvio barras vacias para AAPL (15m)
2026-07-05 16:37:07 | WARNING | trading_bot | WebSocket stale detectado (market-stocks). Forzando reconexion controlada.
2026-07-05 16:37:07 | WARNING | trading_bot | WebSocket stale detectado (news). Forzando reconexion controlada.
2026-07-05 16:37:07 | WARNING | trading_bot | WebSocket stale detectado (trade_updates). Forzando reconexion controlada.
2026-07-05 16:37:57 | WARNING | trading_bot | WebSocket stale detectado (market-stocks). Forzando reconexion controlada.
2026-07-05 16:37:57 | WARNING | trading_bot | WebSocket stale detectado (news). Forzando reconexion controlada.
2026-07-05 16:37:57 | WARNING | trading_bot | WebSocket stale detectado (trade_updates). Forzando reconexion controlada.
2026-07-05 16:38:47 | WARNING | trading_bot | WebSocket stale detectado (market-stocks). Forzando reconexion controlada.
2026-07-05 16:38:47 | WARNING | trading_bot | WebSocket stale detectado (news). Forzando reconexion controlada.
2026-07-05 16:38:47 | WARNING | trading_bot | WebSocket stale detectado (trade_updates). Forzando reconexion controlada.
2026-07-05 16:39:19 | WARNING | trading_bot | Alpaca devolvio barras vacias para AAPL (1m)
2026-07-05 16:39:19 | WARNING | trading_bot | Alpaca devolvio barras vacias para AAPL (5m)
2026-07-05 16:39:19 | WARNING | trading_bot | Alpaca devolvio barras vacias para AAPL (15m)
2026-07-05 16:39:46 | WARNING | trading_bot | Alpaca devolvio barras vacias para AAPL (15m)
2026-07-05 16:39:56 | WARNING | trading_bot | Alpaca devolvio barras vacias para AAPL (1m)
2026-07-05 16:40:08 | WARNING | trading_bot | WebSocket stale detectado (market-stocks). Forzando reconexion controlada.
2026-07-05 16:40:08 | WARNING | trading_bot | WebSocket stale detectado (news). Forzando reconexion controlada.
2026-07-05 16:40:08 | WARNING | trading_bot | WebSocket stale detectado (trade_updates). Forzando reconexion controlada.
2026-07-05 16:40:23 | WARNING | trading_bot | No se pudo reconciliar salida limit faltante para SOLUSD: 403 Client Error: Forbidden for url: https://paper-api.alpaca.markets/v2/orders
2026-07-05 16:40:23 | WARNING | trading_bot | No se pudo reconciliar salida limit faltante para SOLUSD: 403 Client Error: Forbidden for url: https://paper-api.alpaca.markets/v2/orders
2026-07-05 16:40:24 | WARNING | trading_bot | CRYPTO SOLUSD: Opening position with max_hold_time=30 minutes. Stop loss enabled.
2026-07-05 16:40:24 | WARNING | trading_bot | Entrada parcial SOLUSD status=canceled filled_qty=499.02200000 requested_qty=986.92330000
2026-07-05 16:40:24 | WARNING | trading_bot | No se pudo crear salida inmediata para SOLUSD: 403 Client Error: Forbidden for url: https://paper-api.alpaca.markets/v2/orders
2026-07-05 16:40:59 | WARNING | trading_bot | WebSocket stale detectado (news). Forzando reconexion controlada.
2026-07-05 16:40:59 | WARNING | trading_bot | WebSocket stale detectado (trade_updates). Forzando reconexion controlada.
2026-07-05 16:40:59 | WARNING | trading_bot | WebSocket stale detectado (market-stocks). Forzando reconexion controlada.
2026-07-05 16:41:49 | WARNING | trading_bot | WebSocket stale detectado (news). Forzando reconexion controlada.
2026-07-05 16:41:49 | WARNING | trading_bot | WebSocket stale detectado (trade_updates). Forzando reconexion controlada.
2026-07-05 16:41:49 | WARNING | trading_bot | WebSocket stale detectado (market-stocks). Forzando reconexion controlada.
2026-07-05 16:41:54 | WARNING | trading_bot | WebSocket stale detectado (market-crypto). Forzando reconexion controlada.
2026-07-05 16:42:39 | WARNING | trading_bot | WebSocket stale detectado (news). Forzando reconexion controlada.
2026-07-05 16:42:39 | WARNING | trading_bot | WebSocket stale detectado (trade_updates). Forzando reconexion controlada.
2026-07-05 16:42:39 | WARNING | trading_bot | WebSocket stale detectado (market-stocks). Forzando reconexion controlada.
2026-07-05 16:43:29 | WARNING | trading_bot | WebSocket stale detectado (news). Forzando reconexion controlada.
2026-07-05 16:43:29 | WARNING | trading_bot | WebSocket stale detectado (trade_updates). Forzando reconexion controlada.
2026-07-05 16:43:29 | WARNING | trading_bot | WebSocket stale detectado (market-stocks). Forzando reconexion controlada.
2026-07-05 16:43:49 | WARNING | trading_bot | WebSocket stale detectado (market-crypto). Forzando reconexion controlada.
2026-07-05 16:44:19 | WARNING | trading_bot | WebSocket stale detectado (news). Forzando reconexion controlada.
2026-07-05 16:44:19 | WARNING | trading_bot | WebSocket stale detectado (trade_updates). Forzando reconexion controlada.
2026-07-05 16:44:19 | WARNING | trading_bot | WebSocket stale detectado (market-stocks). Forzando reconexion controlada.
2026-07-05 16:44:57 | WARNING | trading_bot | CRYPTO SOLUSD: Opening position with max_hold_time=30 minutes. Stop loss enabled.
2026-07-05 16:44:57 | WARNING | trading_bot | Entrada parcial SOLUSD status=canceled filled_qty=500.89800000 requested_qty=693.00790000
2026-07-05 16:44:57 | WARNING | trading_bot | No se pudo crear salida inmediata para SOLUSD: 403 Client Error: Forbidden for url: https://paper-api.alpaca.markets/v2/orders
2026-07-05 16:45:09 | WARNING | trading_bot | WebSocket stale detectado (news). Forzando reconexion controlada.
2026-07-05 16:45:09 | WARNING | trading_bot | WebSocket stale detectado (trade_updates). Forzando reconexion controlada.
2026-07-05 16:45:09 | WARNING | trading_bot | WebSocket stale detectado (market-stocks). Forzando reconexion controlada.
2026-07-05 16:45:59 | WARNING | trading_bot | WebSocket stale detectado (trade_updates). Forzando reconexion controlada.
2026-07-05 16:45:59 | WARNING | trading_bot | WebSocket stale detectado (market-stocks). Forzando reconexion controlada.
2026-07-05 16:45:59 | WARNING | trading_bot | WebSocket stale detectado (news). Forzando reconexion controlada.
2026-07-05 16:46:49 | WARNING | trading_bot | WebSocket stale detectado (trade_updates). Forzando reconexion controlada.
2026-07-05 16:46:49 | WARNING | trading_bot | WebSocket stale detectado (market-stocks). Forzando reconexion controlada.
2026-07-05 16:46:49 | WARNING | trading_bot | WebSocket stale detectado (news). Forzando reconexion controlada.
2026-07-05 16:47:39 | WARNING | trading_bot | WebSocket stale detectado (trade_updates). Forzando reconexion controlada.
2026-07-05 16:47:39 | WARNING | trading_bot | WebSocket stale detectado (market-stocks). Forzando reconexion controlada.
2026-07-05 16:47:39 | WARNING | trading_bot | WebSocket stale detectado (news). Forzando reconexion controlada.
2026-07-05 16:48:29 | WARNING | trading_bot | WebSocket stale detectado (trade_updates). Forzando reconexion controlada.
2026-07-05 16:48:29 | WARNING | trading_bot | WebSocket stale detectado (market-stocks). Forzando reconexion controlada.
2026-07-05 16:48:29 | WARNING | trading_bot | WebSocket stale detectado (news). Forzando reconexion controlada.
2026-07-05 16:49:19 | WARNING | trading_bot | WebSocket stale detectado (trade_updates). Forzando reconexion controlada.
2026-07-05 16:49:19 | WARNING | trading_bot | WebSocket stale detectado (market-stocks). Forzando reconexion controlada.
2026-07-05 16:49:19 | WARNING | trading_bot | WebSocket stale detectado (news). Forzando reconexion controlada.
2026-07-05 16:50:09 | WARNING | trading_bot | WebSocket stale detectado (trade_updates). Forzando reconexion controlada.
2026-07-05 16:50:09 | WARNING | trading_bot | WebSocket stale detectado (market-stocks). Forzando reconexion controlada.
2026-07-05 16:50:09 | WARNING | trading_bot | WebSocket stale detectado (news). Forzando reconexion controlada.
2026-07-05 16:50:49 | WARNING | trading_bot | WebSocket stale detectado (market-crypto). Forzando reconexion controlada.
2026-07-05 16:50:59 | WARNING | trading_bot | WebSocket stale detectado (market-stocks). Forzando reconexion controlada.
2026-07-05 16:50:59 | WARNING | trading_bot | WebSocket stale detectado (news). Forzando reconexion controlada.
2026-07-05 16:50:59 | WARNING | trading_bot | WebSocket stale detectado (trade_updates). Forzando reconexion controlada.
2026-07-05 16:51:03 | WARNING | trading_bot | Alpaca devolvio barras vacias para AAPL (1m)
2026-07-05 16:51:03 | WARNING | trading_bot | Alpaca devolvio barras vacias para AAPL (5m)
2026-07-05 16:51:03 | WARNING | trading_bot | Alpaca devolvio barras vacias para AAPL (15m)
2026-07-05 16:51:53 | WARNING | trading_bot | WebSocket stale detectado (market-stocks). Forzando reconexion controlada.
2026-07-05 16:51:53 | WARNING | trading_bot | WebSocket stale detectado (news). Forzando reconexion controlada.
2026-07-05 16:51:53 | WARNING | trading_bot | WebSocket stale detectado (trade_updates). Forzando reconexion controlada.
2026-07-05 16:52:43 | WARNING | trading_bot | WebSocket stale detectado (market-stocks). Forzando reconexion controlada.
2026-07-05 16:52:43 | WARNING | trading_bot | WebSocket stale detectado (trade_updates). Forzando reconexion controlada.
2026-07-05 16:52:43 | WARNING | trading_bot | WebSocket stale detectado (news). Forzando reconexion controlada.
2026-07-05 16:53:33 | WARNING | trading_bot | WebSocket stale detectado (market-stocks). Forzando reconexion controlada.
2026-07-05 16:53:33 | WARNING | trading_bot | WebSocket stale detectado (trade_updates). Forzando reconexion controlada.
2026-07-05 16:53:33 | WARNING | trading_bot | WebSocket stale detectado (news). Forzando reconexion controlada.
2026-07-05 16:54:23 | WARNING | trading_bot | WebSocket stale detectado (market-stocks). Forzando reconexion controlada.
2026-07-05 16:54:23 | WARNING | trading_bot | WebSocket stale detectado (trade_updates). Forzando reconexion controlada.
2026-07-05 16:54:23 | WARNING | trading_bot | WebSocket stale detectado (news). Forzando reconexion controlada.
2026-07-05 16:55:11 | WARNING | trading_bot | CRYPTO SOLUSD: Opening position with max_hold_time=30 minutes. Stop loss enabled.
2026-07-05 16:55:12 | WARNING | trading_bot | Entrada parcial SOLUSD status=canceled filled_qty=499.34150000 requested_qty=986.92330000
2026-07-05 16:55:12 | WARNING | trading_bot | No se pudo crear salida inmediata para SOLUSD: 403 Client Error: Forbidden for url: https://paper-api.alpaca.markets/v2/orders
2026-07-05 16:55:13 | WARNING | trading_bot | WebSocket stale detectado (market-stocks). Forzando reconexion controlada.
2026-07-05 16:55:13 | WARNING | trading_bot | WebSocket stale detectado (trade_updates). Forzando reconexion controlada.
2026-07-05 16:55:13 | WARNING | trading_bot | WebSocket stale detectado (news). Forzando reconexion controlada.
2026-07-05 16:56:03 | WARNING | trading_bot | WebSocket stale detectado (market-stocks). Forzando reconexion controlada.
2026-07-05 16:56:03 | WARNING | trading_bot | WebSocket stale detectado (trade_updates). Forzando reconexion controlada.
2026-07-05 16:56:03 | WARNING | trading_bot | WebSocket stale detectado (news). Forzando reconexion controlada.
2026-07-05 16:56:53 | WARNING | trading_bot | WebSocket stale detectado (market-stocks). Forzando reconexion controlada.
2026-07-05 16:56:53 | WARNING | trading_bot | WebSocket stale detectado (trade_updates). Forzando reconexion controlada.
2026-07-05 16:56:53 | WARNING | trading_bot | WebSocket stale detectado (news). Forzando reconexion controlada.
2026-07-05 16:57:43 | WARNING | trading_bot | WebSocket stale detectado (market-stocks). Forzando reconexion controlada.
2026-07-05 16:57:43 | WARNING | trading_bot | WebSocket stale detectado (news). Forzando reconexion controlada.
2026-07-05 16:57:43 | WARNING | trading_bot | WebSocket stale detectado (trade_updates). Forzando reconexion controlada.
2026-07-05 16:58:33 | WARNING | trading_bot | WebSocket stale detectado (market-stocks). Forzando reconexion controlada.
2026-07-05 16:58:33 | WARNING | trading_bot | WebSocket stale detectado (news). Forzando reconexion controlada.
2026-07-05 16:58:33 | WARNING | trading_bot | WebSocket stale detectado (trade_updates). Forzando reconexion controlada.
2026-07-05 16:59:24 | WARNING | trading_bot | WebSocket stale detectado (market-stocks). Forzando reconexion controlada.
2026-07-05 16:59:24 | WARNING | trading_bot | WebSocket stale detectado (news). Forzando reconexion controlada.
2026-07-05 16:59:24 | WARNING | trading_bot | WebSocket stale detectado (trade_updates). Forzando reconexion controlada.
2026-07-05 16:59:52 | WARNING | trading_bot | Alpaca devolvio barras vacias para AAPL (1m)
2026-07-05 16:59:52 | WARNING | trading_bot | Alpaca devolvio barras vacias para AAPL (5m)
2026-07-05 16:59:52 | WARNING | trading_bot | Alpaca devolvio barras vacias para AAPL (15m)
2026-07-05 17:00:19 | WARNING | trading_bot | OpenAI analyzer fallback neutral: HTTPSConnectionPool(host='api.openai.com', port=443): Read timed out. (read timeout=25)
2026-07-05 17:00:24 | WARNING | trading_bot | Alpaca devolvio barras vacias para AAPL (1m)
2026-07-05 17:00:24 | WARNING | trading_bot | Alpaca devolvio barras vacias para AAPL (15m)
2026-07-05 17:00:41 | WARNING | trading_bot | WebSocket stale detectado (market-stocks). Forzando reconexion controlada.
2026-07-05 17:00:41 | WARNING | trading_bot | WebSocket stale detectado (news). Forzando reconexion controlada.
2026-07-05 17:00:41 | WARNING | trading_bot | WebSocket stale detectado (trade_updates). Forzando reconexion controlada.
2026-07-05 17:01:31 | WARNING | trading_bot | WebSocket stale detectado (market-stocks). Forzando reconexion controlada.
2026-07-05 17:01:32 | WARNING | trading_bot | WebSocket stale detectado (trade_updates). Forzando reconexion controlada.
2026-07-05 17:01:32 | WARNING | trading_bot | WebSocket stale detectado (news). Forzando reconexion controlada.
2026-07-05 17:02:22 | WARNING | trading_bot | WebSocket stale detectado (market-stocks). Forzando reconexion controlada.
2026-07-05 17:02:22 | WARNING | trading_bot | WebSocket stale detectado (trade_updates). Forzando reconexion controlada.
2026-07-05 17:02:22 | WARNING | trading_bot | WebSocket stale detectado (news). Forzando reconexion controlada.
2026-07-05 17:03:12 | WARNING | trading_bot | WebSocket stale detectado (market-stocks). Forzando reconexion controlada.
2026-07-05 17:03:12 | WARNING | trading_bot | WebSocket stale detectado (trade_updates). Forzando reconexion controlada.
2026-07-05 17:03:12 | WARNING | trading_bot | WebSocket stale detectado (news). Forzando reconexion controlada.
2026-07-05 17:04:02 | WARNING | trading_bot | WebSocket stale detectado (market-stocks). Forzando reconexion controlada.
2026-07-05 17:04:02 | WARNING | trading_bot | WebSocket stale detectado (trade_updates). Forzando reconexion controlada.
2026-07-05 17:04:02 | WARNING | trading_bot | WebSocket stale detectado (news). Forzando reconexion controlada.
2026-07-05 17:04:52 | WARNING | trading_bot | WebSocket stale detectado (market-stocks). Forzando reconexion controlada.
2026-07-05 17:04:52 | WARNING | trading_bot | WebSocket stale detectado (trade_updates). Forzando reconexion controlada.
2026-07-05 17:04:52 | WARNING | trading_bot | WebSocket stale detectado (news). Forzando reconexion controlada.
2026-07-05 17:05:20 | WARNING | trading_bot | CRYPTO SOLUSD: Opening position with max_hold_time=30 minutes. Stop loss enabled.
2026-07-05 17:05:20 | WARNING | trading_bot | Entrada parcial SOLUSD status=canceled filled_qty=519.70220000 requested_qty=986.31490000
2026-07-05 17:05:21 | WARNING | trading_bot | No se pudo crear salida inmediata para SOLUSD: 403 Client Error: Forbidden for url: https://paper-api.alpaca.markets/v2/orders
2026-07-05 17:05:42 | WARNING | trading_bot | WebSocket stale detectado (market-stocks). Forzando reconexion controlada.
2026-07-05 17:05:42 | WARNING | trading_bot | WebSocket stale detectado (news). Forzando reconexion controlada.
2026-07-05 17:05:42 | WARNING | trading_bot | WebSocket stale detectado (trade_updates). Forzando reconexion controlada.
2026-07-05 17:06:32 | WARNING | trading_bot | WebSocket stale detectado (market-stocks). Forzando reconexion controlada.
2026-07-05 17:06:32 | WARNING | trading_bot | WebSocket stale detectado (news). Forzando reconexion controlada.
2026-07-05 17:06:32 | WARNING | trading_bot | WebSocket stale detectado (trade_updates). Forzando reconexion controlada.
2026-07-05 17:07:22 | WARNING | trading_bot | WebSocket stale detectado (market-stocks). Forzando reconexion controlada.
2026-07-05 17:07:22 | WARNING | trading_bot | WebSocket stale detectado (news). Forzando reconexion controlada.
2026-07-05 17:07:22 | WARNING | trading_bot | WebSocket stale detectado (trade_updates). Forzando reconexion controlada.
2026-07-05 17:07:42 | WARNING | trading_bot | Alpaca devolvio barras vacias para AAPL (1m)
2026-07-05 17:07:42 | WARNING | trading_bot | Alpaca devolvio barras vacias para AAPL (5m)
2026-07-05 17:07:42 | WARNING | trading_bot | Alpaca devolvio barras vacias para AAPL (15m)
2026-07-05 17:07:56 | WARNING | trading_bot | Alpaca devolvio barras vacias para AAPL (15m)
2026-07-05 17:08:09 | WARNING | trading_bot | OpenAI analyzer fallback neutral: HTTPSConnectionPool(host='api.openai.com', port=443): Read timed out. (read timeout=25)
2026-07-05 17:08:29 | WARNING | trading_bot | Alpaca devolvio barras vacias para AAPL (1m)
2026-07-05 17:08:29 | WARNING | trading_bot | Alpaca devolvio barras vacias para AAPL (15m)
2026-07-05 17:08:31 | WARNING | trading_bot | WebSocket stale detectado (market-stocks). Forzando reconexion controlada.
2026-07-05 17:08:31 | WARNING | trading_bot | WebSocket stale detectado (news). Forzando reconexion controlada.
2026-07-05 17:08:31 | WARNING | trading_bot | WebSocket stale detectado (trade_updates). Forzando reconexion controlada.
2026-07-05 17:08:40 | ERROR | trading_bot | Error en accion de UI
Traceback (most recent call last):
  File "/home/fbautista/Documents/Alpaca/trading_bot/ui/bot_window.py", line 1895, in _run_action
    fn()
  File "/home/fbautista/Documents/Alpaca/trading_bot/ui/bot_window.py", line 1603, in _save_ai_diagnostics_settings
    settings.ai_max_spread_allowed = numeric_values["AI_MAX_SPREAD_ALLOWED"]
    ^^^^^^^^^^^^^^^^^^^^^^^^^^^^^^
  File "<string>", line 4, in __setattr__
dataclasses.FrozenInstanceError: cannot assign to field 'ai_max_spread_allowed'
2026-07-05 17:08:43 | ERROR | trading_bot | Error en accion de UI
Traceback (most recent call last):
  File "/home/fbautista/Documents/Alpaca/trading_bot/ui/bot_window.py", line 1895, in _run_action
    fn()
  File "/home/fbautista/Documents/Alpaca/trading_bot/ui/bot_window.py", line 1649, in _save_and_apply_ai_diagnostics
    self._save_ai_diagnostics_settings()
  File "/home/fbautista/Documents/Alpaca/trading_bot/ui/bot_window.py", line 1603, in _save_ai_diagnostics_settings
    settings.ai_max_spread_allowed = numeric_values["AI_MAX_SPREAD_ALLOWED"]
    ^^^^^^^^^^^^^^^^^^^^^^^^^^^^^^
  File "<string>", line 4, in __setattr__
dataclasses.FrozenInstanceError: cannot assign to field 'ai_max_spread_allowed'
2026-07-05 17:09:22 | WARNING | trading_bot | WebSocket stale detectado (market-stocks). Forzando reconexion controlada.
2026-07-05 17:09:22 | WARNING | trading_bot | WebSocket stale detectado (news). Forzando reconexion controlada.
2026-07-05 17:09:22 | WARNING | trading_bot | WebSocket stale detectado (trade_updates). Forzando reconexion controlada.
2026-07-05 17:10:12 | WARNING | trading_bot | WebSocket stale detectado (market-stocks). Forzando reconexion controlada.
2026-07-05 17:10:12 | WARNING | trading_bot | WebSocket stale detectado (news). Forzando reconexion controlada.
2026-07-05 17:10:12 | WARNING | trading_bot | WebSocket stale detectado (trade_updates). Forzando reconexion controlada.
2026-07-05 17:11:02 | WARNING | trading_bot | WebSocket stale detectado (market-stocks). Forzando reconexion controlada.
2026-07-05 17:11:02 | WARNING | trading_bot | WebSocket stale detectado (news). Forzando reconexion controlada.
2026-07-05 17:11:02 | WARNING | trading_bot | WebSocket stale detectado (trade_updates). Forzando reconexion controlada.
2026-07-05 17:11:40 | WARNING | trading_bot | Alpaca devolvio barras vacias para AAPL (1m)
2026-07-05 17:11:40 | WARNING | trading_bot | Alpaca devolvio barras vacias para AAPL (5m)
2026-07-05 17:11:40 | WARNING | trading_bot | Alpaca devolvio barras vacias para AAPL (15m)
2026-07-05 17:12:05 | WARNING | trading_bot | CRYPTO SOLUSD: Opening position with max_hold_time=30 minutes. Stop loss enabled.
2026-07-05 17:12:06 | WARNING | trading_bot | Entrada parcial SOLUSD status=canceled filled_qty=501.35230000 requested_qty=990.46680000
2026-07-05 17:12:06 | WARNING | trading_bot | No se pudo crear salida inmediata para SOLUSD: 403 Client Error: Forbidden for url: https://paper-api.alpaca.markets/v2/orders
2026-07-05 17:12:30 | WARNING | trading_bot | WebSocket stale detectado (market-stocks). Forzando reconexion controlada.
2026-07-05 17:12:30 | WARNING | trading_bot | WebSocket stale detectado (news). Forzando reconexion controlada.
2026-07-05 17:12:30 | WARNING | trading_bot | WebSocket stale detectado (trade_updates). Forzando reconexion controlada.
2026-07-05 17:13:21 | WARNING | trading_bot | Alpaca devolvio barras vacias para AAPL (1m)
2026-07-05 17:13:21 | WARNING | trading_bot | Alpaca devolvio barras vacias para AAPL (5m)
2026-07-05 17:13:21 | WARNING | trading_bot | Alpaca devolvio barras vacias para AAPL (15m)
2026-07-05 17:13:42 | WARNING | trading_bot | Alpaca devolvio barras vacias para AAPL (15m)
2026-07-05 17:13:55 | WARNING | trading_bot | Alpaca devolvio barras vacias para AAPL (1m)
2026-07-05 17:14:10 | WARNING | trading_bot | WebSocket stale detectado (market-stocks). Forzando reconexion controlada.
2026-07-05 17:14:10 | WARNING | trading_bot | WebSocket stale detectado (news). Forzando reconexion controlada.
2026-07-05 17:14:10 | WARNING | trading_bot | WebSocket stale detectado (trade_updates). Forzando reconexion controlada.
2026-07-05 17:14:15 | ERROR | trading_bot | Error en accion de UI
Traceback (most recent call last):
  File "/home/fbautista/Documents/Alpaca/trading_bot/ui/bot_window.py", line 1895, in _run_action
    fn()
  File "/home/fbautista/Documents/Alpaca/trading_bot/ui/bot_window.py", line 1603, in _save_ai_diagnostics_settings
    settings.ai_max_spread_allowed = numeric_values["AI_MAX_SPREAD_ALLOWED"]
    ^^^^^^^^^^^^^^^^^^^^^^^^^^^^^^
  File "<string>", line 4, in __setattr__
dataclasses.FrozenInstanceError: cannot assign to field 'ai_max_spread_allowed'
2026-07-05 17:15:00 | WARNING | trading_bot | WebSocket stale detectado (market-stocks). Forzando reconexion controlada.
2026-07-05 17:15:00 | WARNING | trading_bot | WebSocket stale detectado (news). Forzando reconexion controlada.
2026-07-05 17:15:00 | WARNING | trading_bot | WebSocket stale detectado (trade_updates). Forzando reconexion controlada.
2026-07-05 17:15:50 | WARNING | trading_bot | WebSocket stale detectado (market-stocks). Forzando reconexion controlada.
2026-07-05 17:15:51 | WARNING | trading_bot | WebSocket stale detectado (news). Forzando reconexion controlada.
2026-07-05 17:15:51 | WARNING | trading_bot | WebSocket stale detectado (trade_updates). Forzando reconexion controlada.
2026-07-05 17:16:26 | ERROR | trading_bot | Error en accion de UI
Traceback (most recent call last):
  File "/home/fbautista/Documents/Alpaca/trading_bot/ui/bot_window.py", line 1895, in _run_action
    fn()
  File "/home/fbautista/Documents/Alpaca/trading_bot/ui/bot_window.py", line 1649, in _save_and_apply_ai_diagnostics
    self._save_ai_diagnostics_settings()
  File "/home/fbautista/Documents/Alpaca/trading_bot/ui/bot_window.py", line 1603, in _save_ai_diagnostics_settings
    settings.ai_max_spread_allowed = numeric_values["AI_MAX_SPREAD_ALLOWED"]
    ^^^^^^^^^^^^^^^^^^^^^^^^^^^^^^
  File "<string>", line 4, in __setattr__
dataclasses.FrozenInstanceError: cannot assign to field 'ai_max_spread_allowed'
2026-07-05 17:16:41 | WARNING | trading_bot | WebSocket stale detectado (market-stocks). Forzando reconexion controlada.
2026-07-05 17:16:41 | WARNING | trading_bot | WebSocket stale detectado (news). Forzando reconexion controlada.
2026-07-05 17:16:41 | WARNING | trading_bot | WebSocket stale detectado (trade_updates). Forzando reconexion controlada.
2026-07-05 17:17:31 | WARNING | trading_bot | WebSocket stale detectado (market-stocks). Forzando reconexion controlada.
2026-07-05 17:17:31 | WARNING | trading_bot | WebSocket stale detectado (news). Forzando reconexion controlada.
2026-07-05 17:17:31 | WARNING | trading_bot | WebSocket stale detectado (trade_updates). Forzando reconexion controlada.
2026-07-05 17:18:21 | WARNING | trading_bot | WebSocket stale detectado (market-stocks). Forzando reconexion controlada.
2026-07-05 17:18:21 | WARNING | trading_bot | WebSocket stale detectado (news). Forzando reconexion controlada.
2026-07-05 17:18:21 | WARNING | trading_bot | WebSocket stale detectado (trade_updates). Forzando reconexion controlada.
2026-07-05 17:18:28 | WARNING | trading_bot | Alpaca devolvio barras vacias para AAPL (1m)
2026-07-05 17:18:28 | WARNING | trading_bot | Alpaca devolvio barras vacias para AAPL (5m)
2026-07-05 17:18:28 | WARNING | trading_bot | Alpaca devolvio barras vacias para AAPL (15m)
2026-07-05 17:19:17 | WARNING | trading_bot | WebSocket stale detectado (market-stocks). Forzando reconexion controlada.
2026-07-05 17:19:17 | WARNING | trading_bot | WebSocket stale detectado (news). Forzando reconexion controlada.
2026-07-05 17:19:17 | WARNING | trading_bot | WebSocket stale detectado (trade_updates). Forzando reconexion controlada.
2026-07-05 17:20:07 | WARNING | trading_bot | WebSocket stale detectado (market-stocks). Forzando reconexion controlada.
2026-07-05 17:20:07 | WARNING | trading_bot | WebSocket stale detectado (news). Forzando reconexion controlada.
2026-07-05 17:20:07 | WARNING | trading_bot | WebSocket stale detectado (trade_updates). Forzando reconexion controlada.
2026-07-05 17:20:29 | WARNING | trading_bot | Alpaca devolvio barras vacias para AAPL (1m)
2026-07-05 17:20:29 | WARNING | trading_bot | Alpaca devolvio barras vacias para AAPL (15m)
2026-07-05 17:20:48 | ERROR | trading_bot | Error en accion de UI
Traceback (most recent call last):
  File "/home/fbautista/Documents/Alpaca/trading_bot/ui/bot_window.py", line 1895, in _run_action
    fn()
  File "/home/fbautista/Documents/Alpaca/trading_bot/ui/bot_window.py", line 1603, in _save_ai_diagnostics_settings
    settings.ai_max_spread_allowed = numeric_values["AI_MAX_SPREAD_ALLOWED"]
    ^^^^^^^^^^^^^^^^^^^^^^^^^^^^^^
  File "<string>", line 4, in __setattr__
dataclasses.FrozenInstanceError: cannot assign to field 'ai_max_spread_allowed'
2026-07-05 17:20:48 | ERROR | trading_bot | Error en accion de UI
Traceback (most recent call last):
  File "/home/fbautista/Documents/Alpaca/trading_bot/ui/bot_window.py", line 1895, in _run_action
    fn()
  File "/home/fbautista/Documents/Alpaca/trading_bot/ui/bot_window.py", line 1603, in _save_ai_diagnostics_settings
    settings.ai_max_spread_allowed = numeric_values["AI_MAX_SPREAD_ALLOWED"]
    ^^^^^^^^^^^^^^^^^^^^^^^^^^^^^^
  File "<string>", line 4, in __setattr__
dataclasses.FrozenInstanceError: cannot assign to field 'ai_max_spread_allowed'
2026-07-05 17:20:49 | ERROR | trading_bot | Error en accion de UI
Traceback (most recent call last):
  File "/home/fbautista/Documents/Alpaca/trading_bot/ui/bot_window.py", line 1895, in _run_action
    fn()
  File "/home/fbautista/Documents/Alpaca/trading_bot/ui/bot_window.py", line 1649, in _save_and_apply_ai_diagnostics
    self._save_ai_diagnostics_settings()
  File "/home/fbautista/Documents/Alpaca/trading_bot/ui/bot_window.py", line 1603, in _save_ai_diagnostics_settings
    settings.ai_max_spread_allowed = numeric_values["AI_MAX_SPREAD_ALLOWED"]
    ^^^^^^^^^^^^^^^^^^^^^^^^^^^^^^
  File "<string>", line 4, in __setattr__
dataclasses.FrozenInstanceError: cannot assign to field 'ai_max_spread_allowed'
2026-07-05 17:20:57 | WARNING | trading_bot | WebSocket stale detectado (market-stocks). Forzando reconexion controlada.
2026-07-05 17:20:57 | WARNING | trading_bot | WebSocket stale detectado (news). Forzando reconexion controlada.
2026-07-05 17:20:57 | WARNING | trading_bot | WebSocket stale detectado (trade_updates). Forzando reconexion controlada.
2026-07-05 17:21:18 | ERROR | trading_bot | Error en accion de UI
Traceback (most recent call last):
  File "/home/fbautista/Documents/Alpaca/trading_bot/ui/bot_window.py", line 1895, in _run_action
    fn()
  File "/home/fbautista/Documents/Alpaca/trading_bot/ui/bot_window.py", line 1649, in _save_and_apply_ai_diagnostics
    self._save_ai_diagnostics_settings()
  File "/home/fbautista/Documents/Alpaca/trading_bot/ui/bot_window.py", line 1603, in _save_ai_diagnostics_settings
    settings.ai_max_spread_allowed = numeric_values["AI_MAX_SPREAD_ALLOWED"]
    ^^^^^^^^^^^^^^^^^^^^^^^^^^^^^^
  File "<string>", line 4, in __setattr__
dataclasses.FrozenInstanceError: cannot assign to field 'ai_max_spread_allowed'
2026-07-05 17:21:47 | ERROR | trading_bot | Error en accion de UI
Traceback (most recent call last):
  File "/home/fbautista/Documents/Alpaca/trading_bot/ui/bot_window.py", line 1895, in _run_action
    fn()
  File "/home/fbautista/Documents/Alpaca/trading_bot/ui/bot_window.py", line 1649, in _save_and_apply_ai_diagnostics
    self._save_ai_diagnostics_settings()
  File "/home/fbautista/Documents/Alpaca/trading_bot/ui/bot_window.py", line 1603, in _save_ai_diagnostics_settings
    settings.ai_max_spread_allowed = numeric_values["AI_MAX_SPREAD_ALLOWED"]
    ^^^^^^^^^^^^^^^^^^^^^^^^^^^^^^
  File "<string>", line 4, in __setattr__
dataclasses.FrozenInstanceError: cannot assign to field 'ai_max_spread_allowed'
2026-07-05 17:21:47 | WARNING | trading_bot | WebSocket stale detectado (market-stocks). Forzando reconexion controlada.
2026-07-05 17:21:47 | WARNING | trading_bot | WebSocket stale detectado (news). Forzando reconexion controlada.
2026-07-05 17:21:48 | WARNING | trading_bot | WebSocket stale detectado (trade_updates). Forzando reconexion controlada.
2026-07-05 17:22:02 | ERROR | trading_bot | Error en accion de UI
Traceback (most recent call last):
  File "/home/fbautista/Documents/Alpaca/trading_bot/ui/bot_window.py", line 1895, in _run_action
    fn()
  File "/home/fbautista/Documents/Alpaca/trading_bot/ui/bot_window.py", line 1649, in _save_and_apply_ai_diagnostics
    self._save_ai_diagnostics_settings()
  File "/home/fbautista/Documents/Alpaca/trading_bot/ui/bot_window.py", line 1603, in _save_ai_diagnostics_settings
    settings.ai_max_spread_allowed = numeric_values["AI_MAX_SPREAD_ALLOWED"]
    ^^^^^^^^^^^^^^^^^^^^^^^^^^^^^^
  File "<string>", line 4, in __setattr__
dataclasses.FrozenInstanceError: cannot assign to field 'ai_max_spread_allowed'
2026-07-05 17:22:03 | ERROR | trading_bot | Error en accion de UI
Traceback (most recent call last):
  File "/home/fbautista/Documents/Alpaca/trading_bot/ui/bot_window.py", line 1895, in _run_action
    fn()
  File "/home/fbautista/Documents/Alpaca/trading_bot/ui/bot_window.py", line 1603, in _save_ai_diagnostics_settings
    settings.ai_max_spread_allowed = numeric_values["AI_MAX_SPREAD_ALLOWED"]
    ^^^^^^^^^^^^^^^^^^^^^^^^^^^^^^
  File "<string>", line 4, in __setattr__
dataclasses.FrozenInstanceError: cannot assign to field 'ai_max_spread_allowed'
2026-07-05 17:22:05 | ERROR | trading_bot | Error en accion de UI
Traceback (most recent call last):
  File "/home/fbautista/Documents/Alpaca/trading_bot/ui/bot_window.py", line 1895, in _run_action
    fn()
  File "/home/fbautista/Documents/Alpaca/trading_bot/ui/bot_window.py", line 1649, in _save_and_apply_ai_diagnostics
    self._save_ai_diagnostics_settings()
  File "/home/fbautista/Documents/Alpaca/trading_bot/ui/bot_window.py", line 1603, in _save_ai_diagnostics_settings
    settings.ai_max_spread_allowed = numeric_values["AI_MAX_SPREAD_ALLOWED"]
    ^^^^^^^^^^^^^^^^^^^^^^^^^^^^^^
  File "<string>", line 4, in __setattr__
dataclasses.FrozenInstanceError: cannot assign to field 'ai_max_spread_allowed'
2026-07-05 17:22:38 | WARNING | trading_bot | WebSocket stale detectado (market-stocks). Forzando reconexion controlada.
2026-07-05 17:22:38 | WARNING | trading_bot | WebSocket stale detectado (news). Forzando reconexion controlada.
2026-07-05 17:22:38 | WARNING | trading_bot | WebSocket stale detectado (trade_updates). Forzando reconexion controlada.
2026-07-05 17:23:28 | WARNING | trading_bot | WebSocket stale detectado (trade_updates). Forzando reconexion controlada.
2026-07-05 17:23:28 | WARNING | trading_bot | WebSocket stale detectado (market-stocks). Forzando reconexion controlada.
2026-07-05 17:23:28 | WARNING | trading_bot | WebSocket stale detectado (news). Forzando reconexion controlada.
2026-07-05 17:24:18 | WARNING | trading_bot | WebSocket stale detectado (trade_updates). Forzando reconexion controlada.
2026-07-05 17:24:18 | WARNING | trading_bot | WebSocket stale detectado (market-stocks). Forzando reconexion controlada.
2026-07-05 17:24:18 | WARNING | trading_bot | WebSocket stale detectado (news). Forzando reconexion controlada.
2026-07-05 17:25:08 | WARNING | trading_bot | WebSocket stale detectado (trade_updates). Forzando reconexion controlada.
2026-07-05 17:25:08 | WARNING | trading_bot | WebSocket stale detectado (market-stocks). Forzando reconexion controlada.
2026-07-05 17:25:08 | WARNING | trading_bot | WebSocket stale detectado (news). Forzando reconexion controlada.
2026-07-05 17:25:58 | WARNING | trading_bot | WebSocket stale detectado (trade_updates). Forzando reconexion controlada.
2026-07-05 17:25:58 | WARNING | trading_bot | WebSocket stale detectado (market-stocks). Forzando reconexion controlada.
2026-07-05 17:25:58 | WARNING | trading_bot | WebSocket stale detectado (news). Forzando reconexion controlada.
2026-07-05 17:26:27 | WARNING | trading_bot | Alpaca devolvio barras vacias para AAPL (1m)
2026-07-05 17:26:27 | WARNING | trading_bot | Alpaca devolvio barras vacias para AAPL (5m)
2026-07-05 17:26:27 | WARNING | trading_bot | Alpaca devolvio barras vacias para AAPL (15m)
2026-07-05 17:27:16 | WARNING | trading_bot | WebSocket stale detectado (market-stocks). Forzando reconexion controlada.
2026-07-05 17:27:16 | WARNING | trading_bot | WebSocket stale detectado (news). Forzando reconexion controlada.
2026-07-05 17:27:16 | WARNING | trading_bot | WebSocket stale detectado (trade_updates). Forzando reconexion controlada.
2026-07-05 17:28:06 | WARNING | trading_bot | WebSocket stale detectado (market-stocks). Forzando reconexion controlada.
2026-07-05 17:28:06 | WARNING | trading_bot | WebSocket stale detectado (news). Forzando reconexion controlada.
2026-07-05 17:28:07 | WARNING | trading_bot | WebSocket stale detectado (trade_updates). Forzando reconexion controlada.
2026-07-05 17:28:30 | WARNING | trading_bot | Alpaca devolvio barras vacias para AAPL (1m)
2026-07-05 17:28:30 | WARNING | trading_bot | Alpaca devolvio barras vacias para AAPL (5m)
2026-07-05 17:28:30 | WARNING | trading_bot | Alpaca devolvio barras vacias para AAPL (15m)
2026-07-05 17:29:20 | WARNING | trading_bot | WebSocket stale detectado (market-stocks). Forzando reconexion controlada.
2026-07-05 17:29:20 | WARNING | trading_bot | WebSocket stale detectado (news). Forzando reconexion controlada.
2026-07-05 17:29:20 | WARNING | trading_bot | WebSocket stale detectado (trade_updates). Forzando reconexion controlada.
2026-07-05 17:29:27 | WARNING | trading_bot | Alpaca devolvio barras vacias para AAPL (1m)
2026-07-05 17:29:27 | WARNING | trading_bot | Alpaca devolvio barras vacias para AAPL (15m)
2026-07-05 17:30:00 | ERROR | trading_bot | Error en accion de UI
Traceback (most recent call last):
  File "/home/fbautista/Documents/Alpaca/trading_bot/ui/bot_window.py", line 1895, in _run_action
    fn()
  File "/home/fbautista/Documents/Alpaca/trading_bot/ui/bot_window.py", line 1603, in _save_ai_diagnostics_settings
    settings.ai_max_spread_allowed = numeric_values["AI_MAX_SPREAD_ALLOWED"]
    ^^^^^^^^^^^^^^^^^^^^^^^^^^^^^^
  File "<string>", line 4, in __setattr__
dataclasses.FrozenInstanceError: cannot assign to field 'ai_max_spread_allowed'
2026-07-05 17:30:10 | WARNING | trading_bot | WebSocket stale detectado (market-stocks). Forzando reconexion controlada.
2026-07-05 17:30:10 | WARNING | trading_bot | WebSocket stale detectado (news). Forzando reconexion controlada.
2026-07-05 17:30:10 | WARNING | trading_bot | WebSocket stale detectado (trade_updates). Forzando reconexion controlada.
2026-07-05 17:30:11 | ERROR | trading_bot | Error en accion de UI
Traceback (most recent call last):
  File "/home/fbautista/Documents/Alpaca/trading_bot/ui/bot_window.py", line 1895, in _run_action
    fn()
  File "/home/fbautista/Documents/Alpaca/trading_bot/ui/bot_window.py", line 1649, in _save_and_apply_ai_diagnostics
    self._save_ai_diagnostics_settings()
  File "/home/fbautista/Documents/Alpaca/trading_bot/ui/bot_window.py", line 1603, in _save_ai_diagnostics_settings
    settings.ai_max_spread_allowed = numeric_values["AI_MAX_SPREAD_ALLOWED"]
    ^^^^^^^^^^^^^^^^^^^^^^^^^^^^^^
  File "<string>", line 4, in __setattr__
dataclasses.FrozenInstanceError: cannot assign to field 'ai_max_spread_allowed'
2026-07-05 17:30:11 | ERROR | trading_bot | Error en accion de UI
Traceback (most recent call last):
  File "/home/fbautista/Documents/Alpaca/trading_bot/ui/bot_window.py", line 1895, in _run_action
    fn()
  File "/home/fbautista/Documents/Alpaca/trading_bot/ui/bot_window.py", line 1649, in _save_and_apply_ai_diagnostics
    self._save_ai_diagnostics_settings()
  File "/home/fbautista/Documents/Alpaca/trading_bot/ui/bot_window.py", line 1603, in _save_ai_diagnostics_settings
    settings.ai_max_spread_allowed = numeric_values["AI_MAX_SPREAD_ALLOWED"]
    ^^^^^^^^^^^^^^^^^^^^^^^^^^^^^^
  File "<string>", line 4, in __setattr__
dataclasses.FrozenInstanceError: cannot assign to field 'ai_max_spread_allowed'
2026-07-05 17:30:35 | ERROR | trading_bot | Error en accion de UI
Traceback (most recent call last):
  File "/home/fbautista/Documents/Alpaca/trading_bot/ui/bot_window.py", line 1895, in _run_action
    fn()
  File "/home/fbautista/Documents/Alpaca/trading_bot/ui/bot_window.py", line 1649, in _save_and_apply_ai_diagnostics
    self._save_ai_diagnostics_settings()
  File "/home/fbautista/Documents/Alpaca/trading_bot/ui/bot_window.py", line 1603, in _save_ai_diagnostics_settings
    settings.ai_max_spread_allowed = numeric_values["AI_MAX_SPREAD_ALLOWED"]
    ^^^^^^^^^^^^^^^^^^^^^^^^^^^^^^
  File "<string>", line 4, in __setattr__
dataclasses.FrozenInstanceError: cannot assign to field 'ai_max_spread_allowed'
2026-07-05 17:30:36 | ERROR | trading_bot | Error en accion de UI
Traceback (most recent call last):
  File "/home/fbautista/Documents/Alpaca/trading_bot/ui/bot_window.py", line 1895, in _run_action
    fn()
  File "/home/fbautista/Documents/Alpaca/trading_bot/ui/bot_window.py", line 1603, in _save_ai_diagnostics_settings
    settings.ai_max_spread_allowed = numeric_values["AI_MAX_SPREAD_ALLOWED"]
    ^^^^^^^^^^^^^^^^^^^^^^^^^^^^^^
  File "<string>", line 4, in __setattr__
dataclasses.FrozenInstanceError: cannot assign to field 'ai_max_spread_allowed'
2026-07-05 17:30:37 | ERROR | trading_bot | Error en accion de UI
Traceback (most recent call last):
  File "/home/fbautista/Documents/Alpaca/trading_bot/ui/bot_window.py", line 1895, in _run_action
    fn()
  File "/home/fbautista/Documents/Alpaca/trading_bot/ui/bot_window.py", line 1649, in _save_and_apply_ai_diagnostics
    self._save_ai_diagnostics_settings()
  File "/home/fbautista/Documents/Alpaca/trading_bot/ui/bot_window.py", line 1603, in _save_ai_diagnostics_settings
    settings.ai_max_spread_allowed = numeric_values["AI_MAX_SPREAD_ALLOWED"]
    ^^^^^^^^^^^^^^^^^^^^^^^^^^^^^^
  File "<string>", line 4, in __setattr__
dataclasses.FrozenInstanceError: cannot assign to field 'ai_max_spread_allowed'
2026-07-05 17:31:00 | WARNING | trading_bot | WebSocket stale detectado (market-stocks). Forzando reconexion controlada.
2026-07-05 17:31:00 | WARNING | trading_bot | WebSocket stale detectado (news). Forzando reconexion controlada.
2026-07-05 17:31:00 | WARNING | trading_bot | WebSocket stale detectado (trade_updates). Forzando reconexion controlada.
2026-07-05 17:31:50 | WARNING | trading_bot | WebSocket stale detectado (market-stocks). Forzando reconexion controlada.
2026-07-05 17:31:50 | WARNING | trading_bot | WebSocket stale detectado (news). Forzando reconexion controlada.
2026-07-05 17:31:50 | WARNING | trading_bot | WebSocket stale detectado (trade_updates). Forzando reconexion controlada.
2026-07-05 17:32:40 | WARNING | trading_bot | WebSocket stale detectado (market-stocks). Forzando reconexion controlada.
2026-07-05 17:32:40 | WARNING | trading_bot | WebSocket stale detectado (news). Forzando reconexion controlada.
2026-07-05 17:32:40 | WARNING | trading_bot | WebSocket stale detectado (trade_updates). Forzando reconexion controlada.
2026-07-05 17:33:48 | WARNING | trading_bot | Alpaca devolvio barras vacias para AAPL (1m)
2026-07-05 17:33:48 | WARNING | trading_bot | Alpaca devolvio barras vacias para AAPL (5m)
2026-07-05 17:33:48 | WARNING | trading_bot | Alpaca devolvio barras vacias para AAPL (15m)
2026-07-05 17:34:38 | WARNING | trading_bot | WebSocket stale detectado (market-stocks). Forzando reconexion controlada.
2026-07-05 17:34:38 | WARNING | trading_bot | WebSocket stale detectado (news). Forzando reconexion controlada.
2026-07-05 17:34:38 | WARNING | trading_bot | WebSocket stale detectado (trade_updates). Forzando reconexion controlada.
2026-07-05 17:34:39 | WARNING | trading_bot | Alpaca devolvio barras vacias para AAPL (1m)
2026-07-05 17:34:39 | WARNING | trading_bot | Alpaca devolvio barras vacias para AAPL (15m)
2026-07-05 17:35:21 | ERROR | trading_bot | Error en accion de UI
Traceback (most recent call last):
  File "/home/fbautista/Documents/Alpaca/trading_bot/ui/bot_window.py", line 1895, in _run_action
    fn()
  File "/home/fbautista/Documents/Alpaca/trading_bot/ui/bot_window.py", line 1603, in _save_ai_diagnostics_settings
    settings.ai_max_spread_allowed = numeric_values["AI_MAX_SPREAD_ALLOWED"]
    ^^^^^^^^^^^^^^^^^^^^^^^^^^^^^^
  File "<string>", line 4, in __setattr__
dataclasses.FrozenInstanceError: cannot assign to field 'ai_max_spread_allowed'
2026-07-05 17:35:22 | ERROR | trading_bot | Error en accion de UI
Traceback (most recent call last):
  File "/home/fbautista/Documents/Alpaca/trading_bot/ui/bot_window.py", line 1895, in _run_action
    fn()
  File "/home/fbautista/Documents/Alpaca/trading_bot/ui/bot_window.py", line 1649, in _save_and_apply_ai_diagnostics
    self._save_ai_diagnostics_settings()
  File "/home/fbautista/Documents/Alpaca/trading_bot/ui/bot_window.py", line 1603, in _save_ai_diagnostics_settings
    settings.ai_max_spread_allowed = numeric_values["AI_MAX_SPREAD_ALLOWED"]
    ^^^^^^^^^^^^^^^^^^^^^^^^^^^^^^
  File "<string>", line 4, in __setattr__
dataclasses.FrozenInstanceError: cannot assign to field 'ai_max_spread_allowed'
2026-07-05 17:35:28 | WARNING | trading_bot | WebSocket stale detectado (news). Forzando reconexion controlada.
2026-07-05 17:35:28 | WARNING | trading_bot | WebSocket stale detectado (market-stocks). Forzando reconexion controlada.
2026-07-05 17:35:48 | WARNING | trading_bot | WebSocket stale detectado (trade_updates). Forzando reconexion controlada.
2026-07-05 17:36:02 | ERROR | trading_bot | Error en accion de UI
Traceback (most recent call last):
  File "/home/fbautista/Documents/Alpaca/trading_bot/ui/bot_window.py", line 1895, in _run_action
    fn()
  File "/home/fbautista/Documents/Alpaca/trading_bot/ui/bot_window.py", line 1603, in _save_ai_diagnostics_settings
    settings.ai_max_spread_allowed = numeric_values["AI_MAX_SPREAD_ALLOWED"]
    ^^^^^^^^^^^^^^^^^^^^^^^^^^^^^^
  File "<string>", line 4, in __setattr__
dataclasses.FrozenInstanceError: cannot assign to field 'ai_max_spread_allowed'
2026-07-05 17:36:04 | ERROR | trading_bot | Error en accion de UI
Traceback (most recent call last):
  File "/home/fbautista/Documents/Alpaca/trading_bot/ui/bot_window.py", line 1895, in _run_action
    fn()
  File "/home/fbautista/Documents/Alpaca/trading_bot/ui/bot_window.py", line 1649, in _save_and_apply_ai_diagnostics
    self._save_ai_diagnostics_settings()
  File "/home/fbautista/Documents/Alpaca/trading_bot/ui/bot_window.py", line 1603, in _save_ai_diagnostics_settings
    settings.ai_max_spread_allowed = numeric_values["AI_MAX_SPREAD_ALLOWED"]
    ^^^^^^^^^^^^^^^^^^^^^^^^^^^^^^
  File "<string>", line 4, in __setattr__
dataclasses.FrozenInstanceError: cannot assign to field 'ai_max_spread_allowed'
2026-07-05 17:36:18 | WARNING | trading_bot | WebSocket stale detectado (news). Forzando reconexion controlada.
2026-07-05 17:36:18 | WARNING | trading_bot | WebSocket stale detectado (market-stocks). Forzando reconexion controlada.
2026-07-05 17:36:27 | ERROR | trading_bot | Error en accion de UI
Traceback (most recent call last):
  File "/home/fbautista/Documents/Alpaca/trading_bot/ui/bot_window.py", line 1895, in _run_action
    fn()
  File "/home/fbautista/Documents/Alpaca/trading_bot/ui/bot_window.py", line 1649, in _save_and_apply_ai_diagnostics
    self._save_ai_diagnostics_settings()
  File "/home/fbautista/Documents/Alpaca/trading_bot/ui/bot_window.py", line 1603, in _save_ai_diagnostics_settings
    settings.ai_max_spread_allowed = numeric_values["AI_MAX_SPREAD_ALLOWED"]
    ^^^^^^^^^^^^^^^^^^^^^^^^^^^^^^
  File "<string>", line 4, in __setattr__
dataclasses.FrozenInstanceError: cannot assign to field 'ai_max_spread_allowed'
2026-07-05 17:36:30 | ERROR | trading_bot | Error en accion de UI
Traceback (most recent call last):
  File "/home/fbautista/Documents/Alpaca/trading_bot/ui/bot_window.py", line 1895, in _run_action
    fn()
  File "/home/fbautista/Documents/Alpaca/trading_bot/ui/bot_window.py", line 1603, in _save_ai_diagnostics_settings
    settings.ai_max_spread_allowed = numeric_values["AI_MAX_SPREAD_ALLOWED"]
    ^^^^^^^^^^^^^^^^^^^^^^^^^^^^^^
  File "<string>", line 4, in __setattr__
dataclasses.FrozenInstanceError: cannot assign to field 'ai_max_spread_allowed'
2026-07-05 17:37:08 | WARNING | trading_bot | WebSocket stale detectado (market-stocks). Forzando reconexion controlada.
2026-07-05 17:37:08 | WARNING | trading_bot | WebSocket stale detectado (news). Forzando reconexion controlada.
2026-07-05 17:37:13 | WARNING | trading_bot | WebSocket stale detectado (trade_updates). Forzando reconexion controlada.
2026-07-05 17:37:58 | WARNING | trading_bot | WebSocket stale detectado (market-stocks). Forzando reconexion controlada.
2026-07-05 17:37:58 | WARNING | trading_bot | WebSocket stale detectado (news). Forzando reconexion controlada.
2026-07-05 17:38:03 | WARNING | trading_bot | WebSocket stale detectado (trade_updates). Forzando reconexion controlada.
2026-07-05 17:38:48 | WARNING | trading_bot | WebSocket stale detectado (market-stocks). Forzando reconexion controlada.
2026-07-05 17:38:48 | WARNING | trading_bot | WebSocket stale detectado (news). Forzando reconexion controlada.
2026-07-05 17:38:53 | WARNING | trading_bot | WebSocket stale detectado (trade_updates). Forzando reconexion controlada.
2026-07-05 17:39:38 | WARNING | trading_bot | WebSocket stale detectado (market-stocks). Forzando reconexion controlada.
2026-07-05 17:39:38 | WARNING | trading_bot | WebSocket stale detectado (news). Forzando reconexion controlada.
2026-07-05 17:39:43 | WARNING | trading_bot | WebSocket stale detectado (trade_updates). Forzando reconexion controlada.
2026-07-05 17:40:28 | WARNING | trading_bot | WebSocket stale detectado (market-stocks). Forzando reconexion controlada.
2026-07-05 17:40:28 | WARNING | trading_bot | WebSocket stale detectado (news). Forzando reconexion controlada.
2026-07-05 17:40:33 | WARNING | trading_bot | WebSocket stale detectado (trade_updates). Forzando reconexion controlada.
2026-07-05 17:41:18 | WARNING | trading_bot | WebSocket stale detectado (market-stocks). Forzando reconexion controlada.
2026-07-05 17:41:18 | WARNING | trading_bot | WebSocket stale detectado (news). Forzando reconexion controlada.
2026-07-05 17:41:23 | WARNING | trading_bot | WebSocket stale detectado (trade_updates). Forzando reconexion controlada.
2026-07-05 17:42:08 | WARNING | trading_bot | WebSocket stale detectado (news). Forzando reconexion controlada.
2026-07-05 17:42:08 | WARNING | trading_bot | WebSocket stale detectado (market-stocks). Forzando reconexion controlada.
2026-07-05 17:42:13 | WARNING | trading_bot | WebSocket stale detectado (trade_updates). Forzando reconexion controlada.
2026-07-05 17:42:58 | WARNING | trading_bot | WebSocket stale detectado (news). Forzando reconexion controlada.
2026-07-05 17:42:58 | WARNING | trading_bot | WebSocket stale detectado (market-stocks). Forzando reconexion controlada.
2026-07-05 17:43:03 | WARNING | trading_bot | WebSocket stale detectado (trade_updates). Forzando reconexion controlada.
2026-07-05 17:43:48 | WARNING | trading_bot | WebSocket stale detectado (news). Forzando reconexion controlada.
2026-07-05 17:43:48 | WARNING | trading_bot | WebSocket stale detectado (market-stocks). Forzando reconexion controlada.
2026-07-05 17:43:53 | WARNING | trading_bot | WebSocket stale detectado (trade_updates). Forzando reconexion controlada.
2026-07-05 17:44:38 | WARNING | trading_bot | WebSocket stale detectado (market-stocks). Forzando reconexion controlada.
2026-07-05 17:44:38 | WARNING | trading_bot | WebSocket stale detectado (news). Forzando reconexion controlada.
2026-07-05 17:44:43 | WARNING | trading_bot | WebSocket stale detectado (trade_updates). Forzando reconexion controlada.
2026-07-05 17:45:28 | WARNING | trading_bot | WebSocket stale detectado (news). Forzando reconexion controlada.
2026-07-05 17:45:28 | WARNING | trading_bot | WebSocket stale detectado (market-stocks). Forzando reconexion controlada.
2026-07-05 17:45:33 | WARNING | trading_bot | WebSocket stale detectado (trade_updates). Forzando reconexion controlada.
2026-07-05 17:46:18 | WARNING | trading_bot | WebSocket stale detectado (news). Forzando reconexion controlada.
2026-07-05 17:46:18 | WARNING | trading_bot | WebSocket stale detectado (market-stocks). Forzando reconexion controlada.
2026-07-05 17:46:23 | WARNING | trading_bot | WebSocket stale detectado (trade_updates). Forzando reconexion controlada.
2026-07-05 17:47:09 | WARNING | trading_bot | WebSocket stale detectado (news). Forzando reconexion controlada.
2026-07-05 17:47:09 | WARNING | trading_bot | WebSocket stale detectado (market-stocks). Forzando reconexion controlada.
2026-07-05 17:47:14 | WARNING | trading_bot | WebSocket stale detectado (trade_updates). Forzando reconexion controlada.
2026-07-05 17:47:59 | WARNING | trading_bot | WebSocket stale detectado (news). Forzando reconexion controlada.
2026-07-05 17:47:59 | WARNING | trading_bot | WebSocket stale detectado (market-stocks). Forzando reconexion controlada.
2026-07-05 17:48:04 | WARNING | trading_bot | WebSocket stale detectado (trade_updates). Forzando reconexion controlada.
2026-07-05 17:48:19 | WARNING | trading_bot | Alpaca devolvio barras vacias para AAPL (1m)
2026-07-05 17:48:19 | WARNING | trading_bot | Alpaca devolvio barras vacias para AAPL (5m)
2026-07-05 17:48:19 | WARNING | trading_bot | Alpaca devolvio barras vacias para AAPL (15m)
2026-07-05 17:48:47 | WARNING | trading_bot | Alpaca devolvio barras vacias para AAPL (15m)
2026-07-05 17:48:58 | WARNING | trading_bot | Alpaca devolvio barras vacias para AAPL (1m)
2026-07-05 17:49:06 | ERROR | trading_bot | Error en accion de UI
Traceback (most recent call last):
  File "/home/fbautista/Documents/Alpaca/trading_bot/ui/bot_window.py", line 1895, in _run_action
    fn()
  File "/home/fbautista/Documents/Alpaca/trading_bot/ui/bot_window.py", line 1603, in _save_ai_diagnostics_settings
    settings.ai_max_spread_allowed = numeric_values["AI_MAX_SPREAD_ALLOWED"]
    ^^^^^^^^^^^^^^^^^^^^^^^^^^^^^^
  File "<string>", line 4, in __setattr__
dataclasses.FrozenInstanceError: cannot assign to field 'ai_max_spread_allowed'
2026-07-05 17:49:06 | ERROR | trading_bot | Error en accion de UI
Traceback (most recent call last):
  File "/home/fbautista/Documents/Alpaca/trading_bot/ui/bot_window.py", line 1895, in _run_action
    fn()
  File "/home/fbautista/Documents/Alpaca/trading_bot/ui/bot_window.py", line 1649, in _save_and_apply_ai_diagnostics
    self._save_ai_diagnostics_settings()
  File "/home/fbautista/Documents/Alpaca/trading_bot/ui/bot_window.py", line 1603, in _save_ai_diagnostics_settings
    settings.ai_max_spread_allowed = numeric_values["AI_MAX_SPREAD_ALLOWED"]
    ^^^^^^^^^^^^^^^^^^^^^^^^^^^^^^
  File "<string>", line 4, in __setattr__
dataclasses.FrozenInstanceError: cannot assign to field 'ai_max_spread_allowed'
2026-07-05 17:49:09 | WARNING | trading_bot | WebSocket stale detectado (market-stocks). Forzando reconexion controlada.
2026-07-05 17:49:09 | WARNING | trading_bot | WebSocket stale detectado (news). Forzando reconexion controlada.
2026-07-05 17:49:09 | WARNING | trading_bot | WebSocket stale detectado (trade_updates). Forzando reconexion controlada.
2026-07-05 17:49:59 | WARNING | trading_bot | WebSocket stale detectado (news). Forzando reconexion controlada.
2026-07-05 17:49:59 | WARNING | trading_bot | WebSocket stale detectado (trade_updates). Forzando reconexion controlada.
2026-07-05 17:49:59 | WARNING | trading_bot | WebSocket stale detectado (market-stocks). Forzando reconexion controlada.
2026-07-05 17:50:45 | ERROR | trading_bot | Error en accion de UI
Traceback (most recent call last):
  File "/home/fbautista/Documents/Alpaca/trading_bot/ui/bot_window.py", line 1895, in _run_action
    fn()
  File "/home/fbautista/Documents/Alpaca/trading_bot/ui/bot_window.py", line 1603, in _save_ai_diagnostics_settings
    settings.ai_max_spread_allowed = numeric_values["AI_MAX_SPREAD_ALLOWED"]
    ^^^^^^^^^^^^^^^^^^^^^^^^^^^^^^
  File "<string>", line 4, in __setattr__
dataclasses.FrozenInstanceError: cannot assign to field 'ai_max_spread_allowed'
2026-07-05 17:50:46 | ERROR | trading_bot | Error en accion de UI
Traceback (most recent call last):
  File "/home/fbautista/Documents/Alpaca/trading_bot/ui/bot_window.py", line 1895, in _run_action
    fn()
  File "/home/fbautista/Documents/Alpaca/trading_bot/ui/bot_window.py", line 1649, in _save_and_apply_ai_diagnostics
    self._save_ai_diagnostics_settings()
  File "/home/fbautista/Documents/Alpaca/trading_bot/ui/bot_window.py", line 1603, in _save_ai_diagnostics_settings
    settings.ai_max_spread_allowed = numeric_values["AI_MAX_SPREAD_ALLOWED"]
    ^^^^^^^^^^^^^^^^^^^^^^^^^^^^^^
  File "<string>", line 4, in __setattr__
dataclasses.FrozenInstanceError: cannot assign to field 'ai_max_spread_allowed'
2026-07-05 17:50:49 | WARNING | trading_bot | WebSocket stale detectado (news). Forzando reconexion controlada.
2026-07-05 17:50:49 | WARNING | trading_bot | WebSocket stale detectado (trade_updates). Forzando reconexion controlada.
2026-07-05 17:50:49 | WARNING | trading_bot | WebSocket stale detectado (market-stocks). Forzando reconexion controlada.
2026-07-05 17:51:34 | WARNING | trading_bot | Alpaca devolvio barras vacias para AAPL (1m)
2026-07-05 17:51:34 | WARNING | trading_bot | Alpaca devolvio barras vacias para AAPL (5m)
2026-07-05 17:51:34 | WARNING | trading_bot | Alpaca devolvio barras vacias para AAPL (15m)
2026-07-05 17:52:18 | WARNING | trading_bot | Alpaca devolvio barras vacias para AAPL (1m)
2026-07-05 17:52:18 | WARNING | trading_bot | Alpaca devolvio barras vacias para AAPL (15m)
2026-07-05 17:52:24 | WARNING | trading_bot | WebSocket stale detectado (market-stocks). Forzando reconexion controlada.
2026-07-05 17:52:24 | WARNING | trading_bot | WebSocket stale detectado (news). Forzando reconexion controlada.
2026-07-05 17:52:24 | WARNING | trading_bot | WebSocket stale detectado (trade_updates). Forzando reconexion controlada.
2026-07-05 17:52:44 | ERROR | trading_bot | Error en accion de UI
Traceback (most recent call last):
  File "/home/fbautista/Documents/Alpaca/trading_bot/ui/bot_window.py", line 1895, in _run_action
    fn()
  File "/home/fbautista/Documents/Alpaca/trading_bot/ui/bot_window.py", line 1603, in _save_ai_diagnostics_settings
    settings.ai_max_spread_allowed = numeric_values["AI_MAX_SPREAD_ALLOWED"]
    ^^^^^^^^^^^^^^^^^^^^^^^^^^^^^^
  File "<string>", line 4, in __setattr__
dataclasses.FrozenInstanceError: cannot assign to field 'ai_max_spread_allowed'
2026-07-05 17:52:46 | ERROR | trading_bot | Error en accion de UI
Traceback (most recent call last):
  File "/home/fbautista/Documents/Alpaca/trading_bot/ui/bot_window.py", line 1895, in _run_action
    fn()
  File "/home/fbautista/Documents/Alpaca/trading_bot/ui/bot_window.py", line 1649, in _save_and_apply_ai_diagnostics
    self._save_ai_diagnostics_settings()
  File "/home/fbautista/Documents/Alpaca/trading_bot/ui/bot_window.py", line 1603, in _save_ai_diagnostics_settings
    settings.ai_max_spread_allowed = numeric_values["AI_MAX_SPREAD_ALLOWED"]
    ^^^^^^^^^^^^^^^^^^^^^^^^^^^^^^
  File "<string>", line 4, in __setattr__
dataclasses.FrozenInstanceError: cannot assign to field 'ai_max_spread_allowed'
2026-07-05 17:53:03 | ERROR | trading_bot | Error en accion de UI
Traceback (most recent call last):
  File "/home/fbautista/Documents/Alpaca/trading_bot/ui/bot_window.py", line 1895, in _run_action
    fn()
  File "/home/fbautista/Documents/Alpaca/trading_bot/ui/bot_window.py", line 1603, in _save_ai_diagnostics_settings
    settings.ai_max_spread_allowed = numeric_values["AI_MAX_SPREAD_ALLOWED"]
    ^^^^^^^^^^^^^^^^^^^^^^^^^^^^^^
  File "<string>", line 4, in __setattr__
dataclasses.FrozenInstanceError: cannot assign to field 'ai_max_spread_allowed'
2026-07-05 17:53:04 | ERROR | trading_bot | Error en accion de UI
Traceback (most recent call last):
  File "/home/fbautista/Documents/Alpaca/trading_bot/ui/bot_window.py", line 1895, in _run_action
    fn()
  File "/home/fbautista/Documents/Alpaca/trading_bot/ui/bot_window.py", line 1649, in _save_and_apply_ai_diagnostics
    self._save_ai_diagnostics_settings()
  File "/home/fbautista/Documents/Alpaca/trading_bot/ui/bot_window.py", line 1603, in _save_ai_diagnostics_settings
    settings.ai_max_spread_allowed = numeric_values["AI_MAX_SPREAD_ALLOWED"]
    ^^^^^^^^^^^^^^^^^^^^^^^^^^^^^^
  File "<string>", line 4, in __setattr__
dataclasses.FrozenInstanceError: cannot assign to field 'ai_max_spread_allowed'
2026-07-05 17:53:14 | WARNING | trading_bot | WebSocket stale detectado (market-stocks). Forzando reconexion controlada.
2026-07-05 17:53:14 | WARNING | trading_bot | WebSocket stale detectado (trade_updates). Forzando reconexion controlada.
2026-07-05 17:53:14 | WARNING | trading_bot | WebSocket stale detectado (news). Forzando reconexion controlada.
2026-07-05 17:53:16 | ERROR | trading_bot | Error en accion de UI
Traceback (most recent call last):
  File "/home/fbautista/Documents/Alpaca/trading_bot/ui/bot_window.py", line 1895, in _run_action
    fn()
  File "/home/fbautista/Documents/Alpaca/trading_bot/ui/bot_window.py", line 1649, in _save_and_apply_ai_diagnostics
    self._save_ai_diagnostics_settings()
  File "/home/fbautista/Documents/Alpaca/trading_bot/ui/bot_window.py", line 1603, in _save_ai_diagnostics_settings
    settings.ai_max_spread_allowed = numeric_values["AI_MAX_SPREAD_ALLOWED"]
    ^^^^^^^^^^^^^^^^^^^^^^^^^^^^^^
  File "<string>", line 4, in __setattr__
dataclasses.FrozenInstanceError: cannot assign to field 'ai_max_spread_allowed'
2026-07-05 17:53:16 | ERROR | trading_bot | Error en accion de UI
Traceback (most recent call last):
  File "/home/fbautista/Documents/Alpaca/trading_bot/ui/bot_window.py", line 1895, in _run_action
    fn()
  File "/home/fbautista/Documents/Alpaca/trading_bot/ui/bot_window.py", line 1649, in _save_and_apply_ai_diagnostics
    self._save_ai_diagnostics_settings()
  File "/home/fbautista/Documents/Alpaca/trading_bot/ui/bot_window.py", line 1603, in _save_ai_diagnostics_settings
    settings.ai_max_spread_allowed = numeric_values["AI_MAX_SPREAD_ALLOWED"]
    ^^^^^^^^^^^^^^^^^^^^^^^^^^^^^^
  File "<string>", line 4, in __setattr__
dataclasses.FrozenInstanceError: cannot assign to field 'ai_max_spread_allowed'
2026-07-05 17:53:27 | ERROR | trading_bot | Error en accion de UI
Traceback (most recent call last):
  File "/home/fbautista/Documents/Alpaca/trading_bot/ui/bot_window.py", line 1895, in _run_action
    fn()
  File "/home/fbautista/Documents/Alpaca/trading_bot/ui/bot_window.py", line 1603, in _save_ai_diagnostics_settings
    settings.ai_max_spread_allowed = numeric_values["AI_MAX_SPREAD_ALLOWED"]
    ^^^^^^^^^^^^^^^^^^^^^^^^^^^^^^
  File "<string>", line 4, in __setattr__
dataclasses.FrozenInstanceError: cannot assign to field 'ai_max_spread_allowed'
2026-07-05 17:53:28 | ERROR | trading_bot | Error en accion de UI
Traceback (most recent call last):
  File "/home/fbautista/Documents/Alpaca/trading_bot/ui/bot_window.py", line 1895, in _run_action
    fn()
  File "/home/fbautista/Documents/Alpaca/trading_bot/ui/bot_window.py", line 1649, in _save_and_apply_ai_diagnostics
    self._save_ai_diagnostics_settings()
  File "/home/fbautista/Documents/Alpaca/trading_bot/ui/bot_window.py", line 1603, in _save_ai_diagnostics_settings
    settings.ai_max_spread_allowed = numeric_values["AI_MAX_SPREAD_ALLOWED"]
    ^^^^^^^^^^^^^^^^^^^^^^^^^^^^^^
  File "<string>", line 4, in __setattr__
dataclasses.FrozenInstanceError: cannot assign to field 'ai_max_spread_allowed'
2026-07-05 17:54:04 | WARNING | trading_bot | WebSocket stale detectado (news). Forzando reconexion controlada.
2026-07-05 17:54:04 | WARNING | trading_bot | WebSocket stale detectado (market-stocks). Forzando reconexion controlada.
2026-07-05 17:54:04 | WARNING | trading_bot | WebSocket stale detectado (trade_updates). Forzando reconexion controlada.
2026-07-05 17:54:54 | WARNING | trading_bot | WebSocket stale detectado (news). Forzando reconexion controlada.
2026-07-05 17:54:54 | WARNING | trading_bot | WebSocket stale detectado (market-stocks). Forzando reconexion controlada.
2026-07-05 17:55:30 | WARNING | trading_bot | Alpaca devolvio barras vacias para AAPL (1m)
2026-07-05 17:55:30 | WARNING | trading_bot | Alpaca devolvio barras vacias para AAPL (5m)
2026-07-05 17:55:30 | WARNING | trading_bot | Alpaca devolvio barras vacias para AAPL (15m)
2026-07-05 17:56:20 | WARNING | trading_bot | WebSocket stale detectado (market-stocks). Forzando reconexion controlada.
2026-07-05 17:56:20 | WARNING | trading_bot | WebSocket stale detectado (market-crypto). Forzando reconexion controlada.
2026-07-05 17:56:20 | WARNING | trading_bot | WebSocket stale detectado (news). Forzando reconexion controlada.
2026-07-05 17:56:20 | WARNING | trading_bot | WebSocket stale detectado (trade_updates). Forzando reconexion controlada.
2026-07-05 17:57:10 | WARNING | trading_bot | WebSocket stale detectado (market-stocks). Forzando reconexion controlada.
2026-07-05 17:57:10 | WARNING | trading_bot | WebSocket stale detectado (news). Forzando reconexion controlada.
2026-07-05 17:57:40 | WARNING | trading_bot | WebSocket stale detectado (trade_updates). Forzando reconexion controlada.
2026-07-05 17:58:00 | WARNING | trading_bot | WebSocket stale detectado (market-stocks). Forzando reconexion controlada.
2026-07-05 17:58:00 | WARNING | trading_bot | WebSocket stale detectado (news). Forzando reconexion controlada.
2026-07-05 17:58:30 | WARNING | trading_bot | WebSocket stale detectado (trade_updates). Forzando reconexion controlada.
2026-07-05 17:58:50 | WARNING | trading_bot | WebSocket stale detectado (market-stocks). Forzando reconexion controlada.
2026-07-05 17:58:50 | WARNING | trading_bot | WebSocket stale detectado (news). Forzando reconexion controlada.
2026-07-05 17:59:20 | WARNING | trading_bot | WebSocket stale detectado (trade_updates). Forzando reconexion controlada.
2026-07-05 17:59:40 | WARNING | trading_bot | WebSocket stale detectado (market-stocks). Forzando reconexion controlada.
2026-07-05 17:59:40 | WARNING | trading_bot | WebSocket stale detectado (news). Forzando reconexion controlada.
2026-07-05 18:00:11 | WARNING | trading_bot | Alpaca devolvio barras vacias para AAPL (1m)
2026-07-05 18:00:11 | WARNING | trading_bot | Alpaca devolvio barras vacias para AAPL (5m)
2026-07-05 18:00:11 | WARNING | trading_bot | Alpaca devolvio barras vacias para AAPL (15m)
2026-07-05 18:00:23 | WARNING | trading_bot | Alpaca devolvio barras vacias para AAPL (15m)
2026-07-05 18:01:01 | WARNING | trading_bot | WebSocket stale detectado (market-stocks). Forzando reconexion controlada.
2026-07-05 18:01:01 | WARNING | trading_bot | WebSocket stale detectado (news). Forzando reconexion controlada.
2026-07-05 18:01:01 | WARNING | trading_bot | WebSocket stale detectado (trade_updates). Forzando reconexion controlada.
2026-07-05 18:01:04 | ERROR | trading_bot | Error en accion de UI
Traceback (most recent call last):
  File "/home/fbautista/Documents/Alpaca/trading_bot/ui/bot_window.py", line 1887, in _run_action
    fn()
  File "/home/fbautista/Documents/Alpaca/trading_bot/ui/bot_window.py", line 1595, in _save_ai_diagnostics_settings
    settings.ai_max_spread_allowed = numeric_values["AI_MAX_SPREAD_ALLOWED"]
    ^^^^^^^^^^^^^^^^^^^^^^^^^^^^^^
  File "<string>", line 4, in __setattr__
dataclasses.FrozenInstanceError: cannot assign to field 'ai_max_spread_allowed'
2026-07-05 18:01:07 | ERROR | trading_bot | Error en accion de UI
Traceback (most recent call last):
  File "/home/fbautista/Documents/Alpaca/trading_bot/ui/bot_window.py", line 1887, in _run_action
    fn()
  File "/home/fbautista/Documents/Alpaca/trading_bot/ui/bot_window.py", line 1641, in _save_and_apply_ai_diagnostics
    self._save_ai_diagnostics_settings()
  File "/home/fbautista/Documents/Alpaca/trading_bot/ui/bot_window.py", line 1595, in _save_ai_diagnostics_settings
    settings.ai_max_spread_allowed = numeric_values["AI_MAX_SPREAD_ALLOWED"]
    ^^^^^^^^^^^^^^^^^^^^^^^^^^^^^^
  File "<string>", line 4, in __setattr__
dataclasses.FrozenInstanceError: cannot assign to field 'ai_max_spread_allowed'
2026-07-05 18:01:23 | ERROR | trading_bot | Error en accion de UI
Traceback (most recent call last):
  File "/home/fbautista/Documents/Alpaca/trading_bot/ui/bot_window.py", line 1887, in _run_action
    fn()
  File "/home/fbautista/Documents/Alpaca/trading_bot/ui/bot_window.py", line 1595, in _save_ai_diagnostics_settings
    settings.ai_max_spread_allowed = numeric_values["AI_MAX_SPREAD_ALLOWED"]
    ^^^^^^^^^^^^^^^^^^^^^^^^^^^^^^
  File "<string>", line 4, in __setattr__
dataclasses.FrozenInstanceError: cannot assign to field 'ai_max_spread_allowed'
2026-07-05 18:01:25 | ERROR | trading_bot | Error en accion de UI
Traceback (most recent call last):
  File "/home/fbautista/Documents/Alpaca/trading_bot/ui/bot_window.py", line 1887, in _run_action
    fn()
  File "/home/fbautista/Documents/Alpaca/trading_bot/ui/bot_window.py", line 1641, in _save_and_apply_ai_diagnostics
    self._save_ai_diagnostics_settings()
  File "/home/fbautista/Documents/Alpaca/trading_bot/ui/bot_window.py", line 1595, in _save_ai_diagnostics_settings
    settings.ai_max_spread_allowed = numeric_values["AI_MAX_SPREAD_ALLOWED"]
    ^^^^^^^^^^^^^^^^^^^^^^^^^^^^^^
  File "<string>", line 4, in __setattr__
dataclasses.FrozenInstanceError: cannot assign to field 'ai_max_spread_allowed'
2026-07-05 18:01:25 | ERROR | trading_bot | Error en accion de UI
Traceback (most recent call last):
  File "/home/fbautista/Documents/Alpaca/trading_bot/ui/bot_window.py", line 1887, in _run_action
    fn()
  File "/home/fbautista/Documents/Alpaca/trading_bot/ui/bot_window.py", line 1641, in _save_and_apply_ai_diagnostics
    self._save_ai_diagnostics_settings()
  File "/home/fbautista/Documents/Alpaca/trading_bot/ui/bot_window.py", line 1595, in _save_ai_diagnostics_settings
    settings.ai_max_spread_allowed = numeric_values["AI_MAX_SPREAD_ALLOWED"]
    ^^^^^^^^^^^^^^^^^^^^^^^^^^^^^^
  File "<string>", line 4, in __setattr__
dataclasses.FrozenInstanceError: cannot assign to field 'ai_max_spread_allowed'
2026-07-05 18:01:51 | WARNING | trading_bot | WebSocket stale detectado (market-stocks). Forzando reconexion controlada.
2026-07-05 18:01:51 | WARNING | trading_bot | WebSocket stale detectado (news). Forzando reconexion controlada.
2026-07-05 18:01:51 | WARNING | trading_bot | WebSocket stale detectado (trade_updates). Forzando reconexion controlada.
2026-07-05 18:02:41 | WARNING | trading_bot | WebSocket stale detectado (market-stocks). Forzando reconexion controlada.
2026-07-05 18:02:41 | WARNING | trading_bot | WebSocket stale detectado (news). Forzando reconexion controlada.
2026-07-05 18:02:41 | WARNING | trading_bot | WebSocket stale detectado (trade_updates). Forzando reconexion controlada.
2026-07-05 18:03:31 | WARNING | trading_bot | WebSocket stale detectado (market-stocks). Forzando reconexion controlada.
2026-07-05 18:03:31 | WARNING | trading_bot | WebSocket stale detectado (news). Forzando reconexion controlada.
2026-07-05 18:03:31 | WARNING | trading_bot | WebSocket stale detectado (trade_updates). Forzando reconexion controlada.
2026-07-05 18:04:21 | WARNING | trading_bot | WebSocket stale detectado (market-stocks). Forzando reconexion controlada.
2026-07-05 18:04:21 | WARNING | trading_bot | WebSocket stale detectado (news). Forzando reconexion controlada.
2026-07-05 18:04:21 | WARNING | trading_bot | WebSocket stale detectado (trade_updates). Forzando reconexion controlada.
2026-07-05 18:05:11 | WARNING | trading_bot | WebSocket stale detectado (market-stocks). Forzando reconexion controlada.
2026-07-05 18:05:11 | WARNING | trading_bot | WebSocket stale detectado (news). Forzando reconexion controlada.
2026-07-05 18:05:11 | WARNING | trading_bot | WebSocket stale detectado (trade_updates). Forzando reconexion controlada.
2026-07-05 18:06:01 | WARNING | trading_bot | WebSocket stale detectado (news). Forzando reconexion controlada.
2026-07-05 18:06:01 | WARNING | trading_bot | WebSocket stale detectado (trade_updates). Forzando reconexion controlada.
2026-07-05 18:06:01 | WARNING | trading_bot | WebSocket stale detectado (market-stocks). Forzando reconexion controlada.
2026-07-05 18:06:51 | WARNING | trading_bot | WebSocket stale detectado (trade_updates). Forzando reconexion controlada.
2026-07-05 18:06:51 | WARNING | trading_bot | WebSocket stale detectado (market-stocks). Forzando reconexion controlada.
2026-07-05 18:06:56 | WARNING | trading_bot | WebSocket stale detectado (news). Forzando reconexion controlada.
2026-07-05 18:07:41 | WARNING | trading_bot | WebSocket stale detectado (trade_updates). Forzando reconexion controlada.
2026-07-05 18:07:41 | WARNING | trading_bot | WebSocket stale detectado (market-stocks). Forzando reconexion controlada.
2026-07-05 18:07:46 | WARNING | trading_bot | WebSocket stale detectado (news). Forzando reconexion controlada.
2026-07-05 18:08:31 | WARNING | trading_bot | WebSocket stale detectado (trade_updates). Forzando reconexion controlada.
2026-07-05 18:08:31 | WARNING | trading_bot | WebSocket stale detectado (market-stocks). Forzando reconexion controlada.
2026-07-05 18:08:36 | WARNING | trading_bot | WebSocket stale detectado (news). Forzando reconexion controlada.
2026-07-05 18:09:21 | WARNING | trading_bot | WebSocket stale detectado (trade_updates). Forzando reconexion controlada.
2026-07-05 18:09:21 | WARNING | trading_bot | WebSocket stale detectado (market-stocks). Forzando reconexion controlada.
2026-07-05 18:09:26 | WARNING | trading_bot | Alpaca devolvio barras vacias para AAPL (1m)
2026-07-05 18:09:26 | WARNING | trading_bot | Alpaca devolvio barras vacias para AAPL (5m)
2026-07-05 18:09:26 | WARNING | trading_bot | Alpaca devolvio barras vacias para AAPL (15m)
2026-07-05 18:09:54 | WARNING | trading_bot | Alpaca devolvio barras vacias para AAPL (15m)
2026-07-05 18:10:05 | WARNING | trading_bot | Alpaca devolvio barras vacias para AAPL (1m)
2026-07-05 18:10:16 | WARNING | trading_bot | WebSocket stale detectado (market-stocks). Forzando reconexion controlada.
2026-07-05 18:10:16 | WARNING | trading_bot | WebSocket stale detectado (news). Forzando reconexion controlada.
2026-07-05 18:10:16 | WARNING | trading_bot | WebSocket stale detectado (trade_updates). Forzando reconexion controlada.
2026-07-05 18:10:38 | ERROR | trading_bot | Error en accion de UI
Traceback (most recent call last):
  File "/home/fbautista/Documents/Alpaca/trading_bot/ui/bot_window.py", line 1887, in _run_action
    fn()
  File "/home/fbautista/Documents/Alpaca/trading_bot/ui/bot_window.py", line 1595, in _save_ai_diagnostics_settings
    settings.ai_max_spread_allowed = numeric_values["AI_MAX_SPREAD_ALLOWED"]
    ^^^^^^^^^^^^^^^^^^^^^^^^^^^^^^
  File "<string>", line 4, in __setattr__
dataclasses.FrozenInstanceError: cannot assign to field 'ai_max_spread_allowed'
2026-07-05 18:10:41 | ERROR | trading_bot | Error en accion de UI
Traceback (most recent call last):
  File "/home/fbautista/Documents/Alpaca/trading_bot/ui/bot_window.py", line 1887, in _run_action
    fn()
  File "/home/fbautista/Documents/Alpaca/trading_bot/ui/bot_window.py", line 1595, in _save_ai_diagnostics_settings
    settings.ai_max_spread_allowed = numeric_values["AI_MAX_SPREAD_ALLOWED"]
    ^^^^^^^^^^^^^^^^^^^^^^^^^^^^^^
  File "<string>", line 4, in __setattr__
dataclasses.FrozenInstanceError: cannot assign to field 'ai_max_spread_allowed'
2026-07-05 18:10:42 | ERROR | trading_bot | Error en accion de UI
Traceback (most recent call last):
  File "/home/fbautista/Documents/Alpaca/trading_bot/ui/bot_window.py", line 1887, in _run_action
    fn()
  File "/home/fbautista/Documents/Alpaca/trading_bot/ui/bot_window.py", line 1641, in _save_and_apply_ai_diagnostics
    self._save_ai_diagnostics_settings()
  File "/home/fbautista/Documents/Alpaca/trading_bot/ui/bot_window.py", line 1595, in _save_ai_diagnostics_settings
    settings.ai_max_spread_allowed = numeric_values["AI_MAX_SPREAD_ALLOWED"]
    ^^^^^^^^^^^^^^^^^^^^^^^^^^^^^^
  File "<string>", line 4, in __setattr__
dataclasses.FrozenInstanceError: cannot assign to field 'ai_max_spread_allowed'
2026-07-05 18:10:53 | ERROR | trading_bot | Error en accion de UI
Traceback (most recent call last):
  File "/home/fbautista/Documents/Alpaca/trading_bot/ui/bot_window.py", line 1887, in _run_action
    fn()
  File "/home/fbautista/Documents/Alpaca/trading_bot/ui/bot_window.py", line 1595, in _save_ai_diagnostics_settings
    settings.ai_max_spread_allowed = numeric_values["AI_MAX_SPREAD_ALLOWED"]
    ^^^^^^^^^^^^^^^^^^^^^^^^^^^^^^
  File "<string>", line 4, in __setattr__
dataclasses.FrozenInstanceError: cannot assign to field 'ai_max_spread_allowed'
2026-07-05 18:10:53 | ERROR | trading_bot | Error en accion de UI
Traceback (most recent call last):
  File "/home/fbautista/Documents/Alpaca/trading_bot/ui/bot_window.py", line 1887, in _run_action
    fn()
  File "/home/fbautista/Documents/Alpaca/trading_bot/ui/bot_window.py", line 1595, in _save_ai_diagnostics_settings
    settings.ai_max_spread_allowed = numeric_values["AI_MAX_SPREAD_ALLOWED"]
    ^^^^^^^^^^^^^^^^^^^^^^^^^^^^^^
  File "<string>", line 4, in __setattr__
dataclasses.FrozenInstanceError: cannot assign to field 'ai_max_spread_allowed'
2026-07-05 18:10:56 | ERROR | trading_bot | Error en accion de UI
Traceback (most recent call last):
  File "/home/fbautista/Documents/Alpaca/trading_bot/ui/bot_window.py", line 1887, in _run_action
    fn()
  File "/home/fbautista/Documents/Alpaca/trading_bot/ui/bot_window.py", line 1641, in _save_and_apply_ai_diagnostics
    self._save_ai_diagnostics_settings()
  File "/home/fbautista/Documents/Alpaca/trading_bot/ui/bot_window.py", line 1595, in _save_ai_diagnostics_settings
    settings.ai_max_spread_allowed = numeric_values["AI_MAX_SPREAD_ALLOWED"]
    ^^^^^^^^^^^^^^^^^^^^^^^^^^^^^^
  File "<string>", line 4, in __setattr__
dataclasses.FrozenInstanceError: cannot assign to field 'ai_max_spread_allowed'
2026-07-05 18:11:06 | WARNING | trading_bot | WebSocket stale detectado (news). Forzando reconexion controlada.
2026-07-05 18:11:06 | WARNING | trading_bot | WebSocket stale detectado (market-stocks). Forzando reconexion controlada.
2026-07-05 18:11:06 | WARNING | trading_bot | WebSocket stale detectado (trade_updates). Forzando reconexion controlada.
2026-07-05 18:11:17 | ERROR | trading_bot | Error en accion de UI
Traceback (most recent call last):
  File "/home/fbautista/Documents/Alpaca/trading_bot/ui/bot_window.py", line 1887, in _run_action
    fn()
  File "/home/fbautista/Documents/Alpaca/trading_bot/ui/bot_window.py", line 1641, in _save_and_apply_ai_diagnostics
    self._save_ai_diagnostics_settings()
  File "/home/fbautista/Documents/Alpaca/trading_bot/ui/bot_window.py", line 1595, in _save_ai_diagnostics_settings
    settings.ai_max_spread_allowed = numeric_values["AI_MAX_SPREAD_ALLOWED"]
    ^^^^^^^^^^^^^^^^^^^^^^^^^^^^^^
  File "<string>", line 4, in __setattr__
dataclasses.FrozenInstanceError: cannot assign to field 'ai_max_spread_allowed'
2026-07-05 18:11:17 | ERROR | trading_bot | Error en accion de UI
Traceback (most recent call last):
  File "/home/fbautista/Documents/Alpaca/trading_bot/ui/bot_window.py", line 1887, in _run_action
    fn()
  File "/home/fbautista/Documents/Alpaca/trading_bot/ui/bot_window.py", line 1595, in _save_ai_diagnostics_settings
    settings.ai_max_spread_allowed = numeric_values["AI_MAX_SPREAD_ALLOWED"]
    ^^^^^^^^^^^^^^^^^^^^^^^^^^^^^^
  File "<string>", line 4, in __setattr__
dataclasses.FrozenInstanceError: cannot assign to field 'ai_max_spread_allowed'
2026-07-05 18:11:56 | WARNING | trading_bot | WebSocket stale detectado (news). Forzando reconexion controlada.
2026-07-05 18:11:56 | WARNING | trading_bot | WebSocket stale detectado (market-stocks). Forzando reconexion controlada.
2026-07-05 18:11:56 | WARNING | trading_bot | WebSocket stale detectado (trade_updates). Forzando reconexion controlada.
2026-07-05 18:12:46 | WARNING | trading_bot | WebSocket stale detectado (news). Forzando reconexion controlada.
2026-07-05 18:12:46 | WARNING | trading_bot | WebSocket stale detectado (market-stocks). Forzando reconexion controlada.
2026-07-05 18:12:46 | WARNING | trading_bot | WebSocket stale detectado (trade_updates). Forzando reconexion controlada.
2026-07-05 18:13:36 | WARNING | trading_bot | WebSocket stale detectado (news). Forzando reconexion controlada.
2026-07-05 18:13:36 | WARNING | trading_bot | WebSocket stale detectado (market-stocks). Forzando reconexion controlada.
2026-07-05 18:13:36 | WARNING | trading_bot | WebSocket stale detectado (trade_updates). Forzando reconexion controlada.
2026-07-05 18:14:26 | WARNING | trading_bot | WebSocket stale detectado (news). Forzando reconexion controlada.
2026-07-05 18:14:26 | WARNING | trading_bot | WebSocket stale detectado (market-stocks). Forzando reconexion controlada.
2026-07-05 18:14:26 | WARNING | trading_bot | WebSocket stale detectado (trade_updates). Forzando reconexion controlada.
2026-07-05 18:15:16 | WARNING | trading_bot | WebSocket stale detectado (news). Forzando reconexion controlada.
2026-07-05 18:15:16 | WARNING | trading_bot | WebSocket stale detectado (market-stocks). Forzando reconexion controlada.
2026-07-05 18:15:16 | WARNING | trading_bot | WebSocket stale detectado (trade_updates). Forzando reconexion controlada.
2026-07-05 18:16:06 | WARNING | trading_bot | WebSocket stale detectado (news). Forzando reconexion controlada.
2026-07-05 18:16:06 | WARNING | trading_bot | WebSocket stale detectado (market-stocks). Forzando reconexion controlada.
2026-07-05 18:16:06 | WARNING | trading_bot | WebSocket stale detectado (trade_updates). Forzando reconexion controlada.
2026-07-05 18:16:56 | WARNING | trading_bot | WebSocket stale detectado (market-stocks). Forzando reconexion controlada.
2026-07-05 18:16:56 | WARNING | trading_bot | WebSocket stale detectado (trade_updates). Forzando reconexion controlada.
2026-07-05 18:17:26 | WARNING | trading_bot | WebSocket stale detectado (news). Forzando reconexion controlada.
2026-07-05 18:17:46 | WARNING | trading_bot | WebSocket stale detectado (market-stocks). Forzando reconexion controlada.
2026-07-05 18:17:46 | WARNING | trading_bot | WebSocket stale detectado (trade_updates). Forzando reconexion controlada.
2026-07-05 18:18:16 | WARNING | trading_bot | WebSocket stale detectado (news). Forzando reconexion controlada.
2026-07-05 18:18:36 | WARNING | trading_bot | WebSocket stale detectado (market-stocks). Forzando reconexion controlada.
2026-07-05 18:18:36 | WARNING | trading_bot | WebSocket stale detectado (trade_updates). Forzando reconexion controlada.
2026-07-05 18:18:48 | WARNING | trading_bot | Alpaca devolvio barras vacias para AAPL (1m)
2026-07-05 18:18:48 | WARNING | trading_bot | Alpaca devolvio barras vacias para AAPL (5m)
2026-07-05 18:18:48 | WARNING | trading_bot | Alpaca devolvio barras vacias para AAPL (15m)
2026-07-05 18:19:03 | WARNING | trading_bot | Alpaca devolvio barras vacias para AAPL (15m)
2026-07-05 18:19:36 | WARNING | trading_bot | Alpaca devolvio barras vacias para AAPL (1m)
2026-07-05 18:19:36 | WARNING | trading_bot | Alpaca devolvio barras vacias para AAPL (15m)
2026-07-05 18:19:38 | WARNING | trading_bot | WebSocket stale detectado (market-stocks). Forzando reconexion controlada.
2026-07-05 18:19:38 | WARNING | trading_bot | WebSocket stale detectado (news). Forzando reconexion controlada.
2026-07-05 18:19:38 | WARNING | trading_bot | WebSocket stale detectado (trade_updates). Forzando reconexion controlada.
2026-07-05 18:19:44 | ERROR | trading_bot | Error en accion de UI
Traceback (most recent call last):
  File "/home/fbautista/Documents/Alpaca/trading_bot/ui/bot_window.py", line 1887, in _run_action
    fn()
  File "/home/fbautista/Documents/Alpaca/trading_bot/ui/bot_window.py", line 1595, in _save_ai_diagnostics_settings
    settings.ai_max_spread_allowed = numeric_values["AI_MAX_SPREAD_ALLOWED"]
    ^^^^^^^^^^^^^^^^^^^^^^^^^^^^^^
  File "<string>", line 4, in __setattr__
dataclasses.FrozenInstanceError: cannot assign to field 'ai_max_spread_allowed'
2026-07-05 18:19:44 | ERROR | trading_bot | Error en accion de UI
Traceback (most recent call last):
  File "/home/fbautista/Documents/Alpaca/trading_bot/ui/bot_window.py", line 1887, in _run_action
    fn()
  File "/home/fbautista/Documents/Alpaca/trading_bot/ui/bot_window.py", line 1595, in _save_ai_diagnostics_settings
    settings.ai_max_spread_allowed = numeric_values["AI_MAX_SPREAD_ALLOWED"]
    ^^^^^^^^^^^^^^^^^^^^^^^^^^^^^^
  File "<string>", line 4, in __setattr__
dataclasses.FrozenInstanceError: cannot assign to field 'ai_max_spread_allowed'
2026-07-05 18:19:47 | ERROR | trading_bot | Error en accion de UI
Traceback (most recent call last):
  File "/home/fbautista/Documents/Alpaca/trading_bot/ui/bot_window.py", line 1887, in _run_action
    fn()
  File "/home/fbautista/Documents/Alpaca/trading_bot/ui/bot_window.py", line 1641, in _save_and_apply_ai_diagnostics
    self._save_ai_diagnostics_settings()
  File "/home/fbautista/Documents/Alpaca/trading_bot/ui/bot_window.py", line 1595, in _save_ai_diagnostics_settings
    settings.ai_max_spread_allowed = numeric_values["AI_MAX_SPREAD_ALLOWED"]
    ^^^^^^^^^^^^^^^^^^^^^^^^^^^^^^
  File "<string>", line 4, in __setattr__
dataclasses.FrozenInstanceError: cannot assign to field 'ai_max_spread_allowed'
2026-07-05 18:19:59 | ERROR | trading_bot | Error en accion de UI
Traceback (most recent call last):
  File "/home/fbautista/Documents/Alpaca/trading_bot/ui/bot_window.py", line 1887, in _run_action
    fn()
  File "/home/fbautista/Documents/Alpaca/trading_bot/ui/bot_window.py", line 1595, in _save_ai_diagnostics_settings
    settings.ai_max_spread_allowed = numeric_values["AI_MAX_SPREAD_ALLOWED"]
    ^^^^^^^^^^^^^^^^^^^^^^^^^^^^^^
  File "<string>", line 4, in __setattr__
dataclasses.FrozenInstanceError: cannot assign to field 'ai_max_spread_allowed'
2026-07-05 18:20:00 | ERROR | trading_bot | Error en accion de UI
Traceback (most recent call last):
  File "/home/fbautista/Documents/Alpaca/trading_bot/ui/bot_window.py", line 1887, in _run_action
    fn()
  File "/home/fbautista/Documents/Alpaca/trading_bot/ui/bot_window.py", line 1641, in _save_and_apply_ai_diagnostics
    self._save_ai_diagnostics_settings()
  File "/home/fbautista/Documents/Alpaca/trading_bot/ui/bot_window.py", line 1595, in _save_ai_diagnostics_settings
    settings.ai_max_spread_allowed = numeric_values["AI_MAX_SPREAD_ALLOWED"]
    ^^^^^^^^^^^^^^^^^^^^^^^^^^^^^^
  File "<string>", line 4, in __setattr__
dataclasses.FrozenInstanceError: cannot assign to field 'ai_max_spread_allowed'
2026-07-05 18:20:28 | WARNING | trading_bot | WebSocket stale detectado (market-stocks). Forzando reconexion controlada.
2026-07-05 18:20:28 | WARNING | trading_bot | WebSocket stale detectado (news). Forzando reconexion controlada.
2026-07-05 18:20:28 | WARNING | trading_bot | WebSocket stale detectado (trade_updates). Forzando reconexion controlada.
2026-07-05 18:21:18 | WARNING | trading_bot | WebSocket stale detectado (market-stocks). Forzando reconexion controlada.
2026-07-05 18:21:18 | WARNING | trading_bot | WebSocket stale detectado (news). Forzando reconexion controlada.
2026-07-05 18:21:18 | WARNING | trading_bot | WebSocket stale detectado (trade_updates). Forzando reconexion controlada.
2026-07-05 18:22:08 | WARNING | trading_bot | WebSocket stale detectado (trade_updates). Forzando reconexion controlada.
2026-07-05 18:22:08 | WARNING | trading_bot | WebSocket stale detectado (market-stocks). Forzando reconexion controlada.
2026-07-05 18:22:08 | WARNING | trading_bot | WebSocket stale detectado (news). Forzando reconexion controlada.
2026-07-05 18:22:58 | WARNING | trading_bot | WebSocket stale detectado (trade_updates). Forzando reconexion controlada.
2026-07-05 18:22:58 | WARNING | trading_bot | WebSocket stale detectado (market-stocks). Forzando reconexion controlada.
2026-07-05 18:22:58 | WARNING | trading_bot | WebSocket stale detectado (news). Forzando reconexion controlada.
2026-07-05 18:23:48 | WARNING | trading_bot | WebSocket stale detectado (trade_updates). Forzando reconexion controlada.
2026-07-05 18:23:48 | WARNING | trading_bot | WebSocket stale detectado (market-stocks). Forzando reconexion controlada.
2026-07-05 18:23:48 | WARNING | trading_bot | WebSocket stale detectado (news). Forzando reconexion controlada.
2026-07-05 18:24:38 | WARNING | trading_bot | WebSocket stale detectado (trade_updates). Forzando reconexion controlada.
2026-07-05 18:24:38 | WARNING | trading_bot | WebSocket stale detectado (market-stocks). Forzando reconexion controlada.
2026-07-05 18:24:38 | WARNING | trading_bot | WebSocket stale detectado (news). Forzando reconexion controlada.
2026-07-05 18:25:28 | WARNING | trading_bot | WebSocket stale detectado (market-stocks). Forzando reconexion controlada.
2026-07-05 18:25:28 | WARNING | trading_bot | WebSocket stale detectado (news). Forzando reconexion controlada.
2026-07-05 18:25:28 | WARNING | trading_bot | WebSocket stale detectado (trade_updates). Forzando reconexion controlada.
2026-07-05 18:25:35 | WARNING | trading_bot | Alpaca devolvio barras vacias para AAPL (1m)
2026-07-05 18:25:35 | WARNING | trading_bot | Alpaca devolvio barras vacias para AAPL (5m)
2026-07-05 18:25:35 | WARNING | trading_bot | Alpaca devolvio barras vacias para AAPL (15m)
2026-07-05 18:26:16 | WARNING | trading_bot | Alpaca devolvio barras vacias para AAPL (1m)
2026-07-05 18:26:16 | WARNING | trading_bot | Alpaca devolvio barras vacias para AAPL (15m)
2026-07-05 18:26:25 | WARNING | trading_bot | WebSocket stale detectado (market-stocks). Forzando reconexion controlada.
2026-07-05 18:26:25 | WARNING | trading_bot | WebSocket stale detectado (news). Forzando reconexion controlada.
2026-07-05 18:26:25 | WARNING | trading_bot | WebSocket stale detectado (trade_updates). Forzando reconexion controlada.
2026-07-05 18:26:34 | ERROR | trading_bot | Error en accion de UI
Traceback (most recent call last):
  File "/home/fbautista/Documents/Alpaca/trading_bot/ui/bot_window.py", line 1887, in _run_action
    fn()
  File "/home/fbautista/Documents/Alpaca/trading_bot/ui/bot_window.py", line 1595, in _save_ai_diagnostics_settings
    settings.ai_max_spread_allowed = numeric_values["AI_MAX_SPREAD_ALLOWED"]
    ^^^^^^^^^^^^^^^^^^^^^^^^^^^^^^
  File "<string>", line 4, in __setattr__
dataclasses.FrozenInstanceError: cannot assign to field 'ai_max_spread_allowed'
2026-07-05 18:26:35 | ERROR | trading_bot | Error en accion de UI
Traceback (most recent call last):
  File "/home/fbautista/Documents/Alpaca/trading_bot/ui/bot_window.py", line 1887, in _run_action
    fn()
  File "/home/fbautista/Documents/Alpaca/trading_bot/ui/bot_window.py", line 1641, in _save_and_apply_ai_diagnostics
    self._save_ai_diagnostics_settings()
  File "/home/fbautista/Documents/Alpaca/trading_bot/ui/bot_window.py", line 1595, in _save_ai_diagnostics_settings
    settings.ai_max_spread_allowed = numeric_values["AI_MAX_SPREAD_ALLOWED"]
    ^^^^^^^^^^^^^^^^^^^^^^^^^^^^^^
  File "<string>", line 4, in __setattr__
dataclasses.FrozenInstanceError: cannot assign to field 'ai_max_spread_allowed'
2026-07-05 18:26:35 | ERROR | trading_bot | Error en accion de UI
Traceback (most recent call last):
  File "/home/fbautista/Documents/Alpaca/trading_bot/ui/bot_window.py", line 1887, in _run_action
    fn()
  File "/home/fbautista/Documents/Alpaca/trading_bot/ui/bot_window.py", line 1641, in _save_and_apply_ai_diagnostics
    self._save_ai_diagnostics_settings()
  File "/home/fbautista/Documents/Alpaca/trading_bot/ui/bot_window.py", line 1595, in _save_ai_diagnostics_settings
    settings.ai_max_spread_allowed = numeric_values["AI_MAX_SPREAD_ALLOWED"]
    ^^^^^^^^^^^^^^^^^^^^^^^^^^^^^^
  File "<string>", line 4, in __setattr__
dataclasses.FrozenInstanceError: cannot assign to field 'ai_max_spread_allowed'
2026-07-05 18:27:15 | WARNING | trading_bot | WebSocket stale detectado (market-stocks). Forzando reconexion controlada.
2026-07-05 18:27:15 | WARNING | trading_bot | WebSocket stale detectado (news). Forzando reconexion controlada.
2026-07-05 18:27:15 | WARNING | trading_bot | WebSocket stale detectado (trade_updates). Forzando reconexion controlada.
2026-07-05 18:28:05 | WARNING | trading_bot | WebSocket stale detectado (market-stocks). Forzando reconexion controlada.
2026-07-05 18:28:05 | WARNING | trading_bot | WebSocket stale detectado (trade_updates). Forzando reconexion controlada.
2026-07-05 18:28:05 | WARNING | trading_bot | WebSocket stale detectado (news). Forzando reconexion controlada.
2026-07-05 18:28:26 | WARNING | trading_bot | Alpaca devolvio barras vacias para AAPL (1m)
2026-07-05 18:28:26 | WARNING | trading_bot | Alpaca devolvio barras vacias para AAPL (5m)
2026-07-05 18:28:26 | WARNING | trading_bot | Alpaca devolvio barras vacias para AAPL (15m)
2026-07-05 18:29:15 | WARNING | trading_bot | WebSocket stale detectado (market-stocks). Forzando reconexion controlada.
2026-07-05 18:29:15 | WARNING | trading_bot | WebSocket stale detectado (news). Forzando reconexion controlada.
2026-07-05 18:29:15 | WARNING | trading_bot | WebSocket stale detectado (trade_updates). Forzando reconexion controlada.
2026-07-05 18:29:22 | WARNING | trading_bot | Alpaca devolvio barras vacias para AAPL (1m)
2026-07-05 18:29:22 | WARNING | trading_bot | Alpaca devolvio barras vacias para AAPL (15m)
2026-07-05 18:30:05 | WARNING | trading_bot | WebSocket stale detectado (market-stocks). Forzando reconexion controlada.
2026-07-05 18:30:05 | WARNING | trading_bot | WebSocket stale detectado (trade_updates). Forzando reconexion controlada.
2026-07-05 18:30:05 | WARNING | trading_bot | WebSocket stale detectado (news). Forzando reconexion controlada.
2026-07-05 18:30:19 | WARNING | trading_bot | Alpaca devolvio barras vacias para AAPL (1m)
2026-07-05 18:30:19 | WARNING | trading_bot | Alpaca devolvio barras vacias para AAPL (15m)
2026-07-05 18:30:29 | ERROR | trading_bot | Error en accion de UI
Traceback (most recent call last):
  File "/home/fbautista/Documents/Alpaca/trading_bot/ui/bot_window.py", line 1887, in _run_action
    fn()
  File "/home/fbautista/Documents/Alpaca/trading_bot/ui/bot_window.py", line 1595, in _save_ai_diagnostics_settings
    settings.ai_max_spread_allowed = numeric_values["AI_MAX_SPREAD_ALLOWED"]
    ^^^^^^^^^^^^^^^^^^^^^^^^^^^^^^
  File "<string>", line 4, in __setattr__
dataclasses.FrozenInstanceError: cannot assign to field 'ai_max_spread_allowed'
2026-07-05 18:30:30 | ERROR | trading_bot | Error en accion de UI
Traceback (most recent call last):
  File "/home/fbautista/Documents/Alpaca/trading_bot/ui/bot_window.py", line 1887, in _run_action
    fn()
  File "/home/fbautista/Documents/Alpaca/trading_bot/ui/bot_window.py", line 1641, in _save_and_apply_ai_diagnostics
    self._save_ai_diagnostics_settings()
  File "/home/fbautista/Documents/Alpaca/trading_bot/ui/bot_window.py", line 1595, in _save_ai_diagnostics_settings
    settings.ai_max_spread_allowed = numeric_values["AI_MAX_SPREAD_ALLOWED"]
    ^^^^^^^^^^^^^^^^^^^^^^^^^^^^^^
  File "<string>", line 4, in __setattr__
dataclasses.FrozenInstanceError: cannot assign to field 'ai_max_spread_allowed'
2026-07-05 18:30:55 | WARNING | trading_bot | WebSocket stale detectado (market-stocks). Forzando reconexion controlada.
2026-07-05 18:30:55 | WARNING | trading_bot | WebSocket stale detectado (trade_updates). Forzando reconexion controlada.
2026-07-05 18:30:55 | WARNING | trading_bot | WebSocket stale detectado (news). Forzando reconexion controlada.
2026-07-05 18:31:45 | WARNING | trading_bot | WebSocket stale detectado (market-stocks). Forzando reconexion controlada.
2026-07-05 18:31:45 | WARNING | trading_bot | WebSocket stale detectado (trade_updates). Forzando reconexion controlada.
2026-07-05 18:31:46 | WARNING | trading_bot | WebSocket stale detectado (news). Forzando reconexion controlada.
2026-07-05 18:32:36 | WARNING | trading_bot | WebSocket stale detectado (market-stocks). Forzando reconexion controlada.
2026-07-05 18:32:36 | WARNING | trading_bot | WebSocket stale detectado (trade_updates). Forzando reconexion controlada.
2026-07-05 18:32:36 | WARNING | trading_bot | WebSocket stale detectado (news). Forzando reconexion controlada.
2026-07-05 18:33:26 | WARNING | trading_bot | WebSocket stale detectado (market-stocks). Forzando reconexion controlada.
2026-07-05 18:33:26 | WARNING | trading_bot | WebSocket stale detectado (trade_updates). Forzando reconexion controlada.
2026-07-05 18:33:26 | WARNING | trading_bot | WebSocket stale detectado (news). Forzando reconexion controlada.
2026-07-05 18:34:16 | WARNING | trading_bot | WebSocket stale detectado (trade_updates). Forzando reconexion controlada.
2026-07-05 18:34:16 | WARNING | trading_bot | WebSocket stale detectado (news). Forzando reconexion controlada.
2026-07-05 18:34:16 | WARNING | trading_bot | WebSocket stale detectado (market-stocks). Forzando reconexion controlada.
2026-07-05 18:35:06 | WARNING | trading_bot | WebSocket stale detectado (trade_updates). Forzando reconexion controlada.
2026-07-05 18:35:06 | WARNING | trading_bot | WebSocket stale detectado (news). Forzando reconexion controlada.
2026-07-05 18:35:06 | WARNING | trading_bot | WebSocket stale detectado (market-stocks). Forzando reconexion controlada.
2026-07-05 18:35:25 | WARNING | trading_bot | Alpaca devolvio barras vacias para AAPL (1m)
2026-07-05 18:35:25 | WARNING | trading_bot | Alpaca devolvio barras vacias para AAPL (5m)
2026-07-05 18:35:25 | WARNING | trading_bot | Alpaca devolvio barras vacias para AAPL (15m)
2026-07-05 18:36:15 | WARNING | trading_bot | WebSocket stale detectado (market-stocks). Forzando reconexion controlada.
2026-07-05 18:36:15 | WARNING | trading_bot | WebSocket stale detectado (news). Forzando reconexion controlada.
2026-07-05 18:36:15 | WARNING | trading_bot | WebSocket stale detectado (trade_updates). Forzando reconexion controlada.
2026-07-05 18:36:21 | WARNING | trading_bot | Alpaca devolvio barras vacias para AAPL (1m)
2026-07-05 18:36:21 | WARNING | trading_bot | Alpaca devolvio barras vacias para AAPL (15m)
2026-07-05 18:36:40 | ERROR | trading_bot | Error en accion de UI
Traceback (most recent call last):
  File "/home/fbautista/Documents/Alpaca/trading_bot/ui/bot_window.py", line 1975, in _run_action
    fn()
  File "/home/fbautista/Documents/Alpaca/trading_bot/ui/bot_window.py", line 1681, in _save_ai_diagnostics_settings
    settings.ai_max_spread_allowed = numeric_values["AI_MAX_SPREAD_ALLOWED"]
    ^^^^^^^^^^^^^^^^^^^^^^^^^^^^^^
  File "<string>", line 4, in __setattr__
dataclasses.FrozenInstanceError: cannot assign to field 'ai_max_spread_allowed'
2026-07-05 18:36:41 | ERROR | trading_bot | Error en accion de UI
Traceback (most recent call last):
  File "/home/fbautista/Documents/Alpaca/trading_bot/ui/bot_window.py", line 1975, in _run_action
    fn()
  File "/home/fbautista/Documents/Alpaca/trading_bot/ui/bot_window.py", line 1729, in _save_and_apply_ai_diagnostics
    self._save_ai_diagnostics_settings()
  File "/home/fbautista/Documents/Alpaca/trading_bot/ui/bot_window.py", line 1681, in _save_ai_diagnostics_settings
    settings.ai_max_spread_allowed = numeric_values["AI_MAX_SPREAD_ALLOWED"]
    ^^^^^^^^^^^^^^^^^^^^^^^^^^^^^^
  File "<string>", line 4, in __setattr__
dataclasses.FrozenInstanceError: cannot assign to field 'ai_max_spread_allowed'
2026-07-05 18:37:05 | WARNING | trading_bot | WebSocket stale detectado (market-stocks). Forzando reconexion controlada.
2026-07-05 18:37:05 | WARNING | trading_bot | WebSocket stale detectado (news). Forzando reconexion controlada.
2026-07-05 18:37:05 | WARNING | trading_bot | WebSocket stale detectado (trade_updates). Forzando reconexion controlada.
2026-07-05 18:37:17 | ERROR | trading_bot | Error en accion de UI
Traceback (most recent call last):
  File "/home/fbautista/Documents/Alpaca/trading_bot/ui/bot_window.py", line 1975, in _run_action
    fn()
  File "/home/fbautista/Documents/Alpaca/trading_bot/ui/bot_window.py", line 1729, in _save_and_apply_ai_diagnostics
    self._save_ai_diagnostics_settings()
  File "/home/fbautista/Documents/Alpaca/trading_bot/ui/bot_window.py", line 1681, in _save_ai_diagnostics_settings
    settings.ai_max_spread_allowed = numeric_values["AI_MAX_SPREAD_ALLOWED"]
    ^^^^^^^^^^^^^^^^^^^^^^^^^^^^^^
  File "<string>", line 4, in __setattr__
dataclasses.FrozenInstanceError: cannot assign to field 'ai_max_spread_allowed'
2026-07-05 18:37:20 | ERROR | trading_bot | Error en accion de UI
Traceback (most recent call last):
  File "/home/fbautista/Documents/Alpaca/trading_bot/ui/bot_window.py", line 1975, in _run_action
    fn()
  File "/home/fbautista/Documents/Alpaca/trading_bot/ui/bot_window.py", line 1681, in _save_ai_diagnostics_settings
    settings.ai_max_spread_allowed = numeric_values["AI_MAX_SPREAD_ALLOWED"]
    ^^^^^^^^^^^^^^^^^^^^^^^^^^^^^^
  File "<string>", line 4, in __setattr__
dataclasses.FrozenInstanceError: cannot assign to field 'ai_max_spread_allowed'
2026-07-05 18:37:21 | ERROR | trading_bot | Error en accion de UI
Traceback (most recent call last):
  File "/home/fbautista/Documents/Alpaca/trading_bot/ui/bot_window.py", line 1975, in _run_action
    fn()
  File "/home/fbautista/Documents/Alpaca/trading_bot/ui/bot_window.py", line 1729, in _save_and_apply_ai_diagnostics
    self._save_ai_diagnostics_settings()
  File "/home/fbautista/Documents/Alpaca/trading_bot/ui/bot_window.py", line 1681, in _save_ai_diagnostics_settings
    settings.ai_max_spread_allowed = numeric_values["AI_MAX_SPREAD_ALLOWED"]
    ^^^^^^^^^^^^^^^^^^^^^^^^^^^^^^
  File "<string>", line 4, in __setattr__
dataclasses.FrozenInstanceError: cannot assign to field 'ai_max_spread_allowed'
2026-07-05 18:37:55 | WARNING | trading_bot | WebSocket stale detectado (market-stocks). Forzando reconexion controlada.
2026-07-05 18:37:55 | WARNING | trading_bot | WebSocket stale detectado (trade_updates). Forzando reconexion controlada.
2026-07-05 18:37:55 | WARNING | trading_bot | WebSocket stale detectado (news). Forzando reconexion controlada.
2026-07-05 18:38:32 | ERROR | trading_bot | Error en accion de UI
Traceback (most recent call last):
  File "/home/fbautista/Documents/Alpaca/trading_bot/ui/bot_window.py", line 1975, in _run_action
    fn()
  File "/home/fbautista/Documents/Alpaca/trading_bot/ui/bot_window.py", line 1681, in _save_ai_diagnostics_settings
    settings.ai_max_spread_allowed = numeric_values["AI_MAX_SPREAD_ALLOWED"]
    ^^^^^^^^^^^^^^^^^^^^^^^^^^^^^^
  File "<string>", line 4, in __setattr__
dataclasses.FrozenInstanceError: cannot assign to field 'ai_max_spread_allowed'
2026-07-05 18:38:32 | ERROR | trading_bot | Error en accion de UI
Traceback (most recent call last):
  File "/home/fbautista/Documents/Alpaca/trading_bot/ui/bot_window.py", line 1975, in _run_action
    fn()
  File "/home/fbautista/Documents/Alpaca/trading_bot/ui/bot_window.py", line 1729, in _save_and_apply_ai_diagnostics
    self._save_ai_diagnostics_settings()
  File "/home/fbautista/Documents/Alpaca/trading_bot/ui/bot_window.py", line 1681, in _save_ai_diagnostics_settings
    settings.ai_max_spread_allowed = numeric_values["AI_MAX_SPREAD_ALLOWED"]
    ^^^^^^^^^^^^^^^^^^^^^^^^^^^^^^
  File "<string>", line 4, in __setattr__
dataclasses.FrozenInstanceError: cannot assign to field 'ai_max_spread_allowed'
2026-07-05 18:38:45 | WARNING | trading_bot | WebSocket stale detectado (market-stocks). Forzando reconexion controlada.
2026-07-05 18:38:45 | WARNING | trading_bot | WebSocket stale detectado (trade_updates). Forzando reconexion controlada.
2026-07-05 18:38:45 | WARNING | trading_bot | WebSocket stale detectado (news). Forzando reconexion controlada.
2026-07-05 18:39:35 | WARNING | trading_bot | WebSocket stale detectado (market-stocks). Forzando reconexion controlada.
2026-07-05 18:39:35 | WARNING | trading_bot | WebSocket stale detectado (trade_updates). Forzando reconexion controlada.
2026-07-05 18:39:35 | WARNING | trading_bot | WebSocket stale detectado (news). Forzando reconexion controlada.
2026-07-05 18:40:25 | WARNING | trading_bot | WebSocket stale detectado (market-stocks). Forzando reconexion controlada.
2026-07-05 18:40:25 | WARNING | trading_bot | WebSocket stale detectado (trade_updates). Forzando reconexion controlada.
2026-07-05 18:40:25 | WARNING | trading_bot | WebSocket stale detectado (news). Forzando reconexion controlada.
2026-07-05 18:41:15 | WARNING | trading_bot | WebSocket stale detectado (market-stocks). Forzando reconexion controlada.
2026-07-05 18:41:15 | WARNING | trading_bot | WebSocket stale detectado (trade_updates). Forzando reconexion controlada.
2026-07-05 18:41:15 | WARNING | trading_bot | WebSocket stale detectado (news). Forzando reconexion controlada.
2026-07-05 18:42:05 | WARNING | trading_bot | WebSocket stale detectado (market-stocks). Forzando reconexion controlada.
2026-07-05 18:42:05 | WARNING | trading_bot | WebSocket stale detectado (trade_updates). Forzando reconexion controlada.
2026-07-05 18:42:05 | WARNING | trading_bot | WebSocket stale detectado (news). Forzando reconexion controlada.
2026-07-05 18:42:07 | WARNING | trading_bot | Alpaca devolvio barras vacias para AAPL (1m)
2026-07-05 18:42:07 | WARNING | trading_bot | Alpaca devolvio barras vacias para AAPL (5m)
2026-07-05 18:42:07 | WARNING | trading_bot | Alpaca devolvio barras vacias para AAPL (15m)
2026-07-05 18:42:57 | WARNING | trading_bot | WebSocket stale detectado (market-stocks). Forzando reconexion controlada.
2026-07-05 18:42:57 | WARNING | trading_bot | WebSocket stale detectado (news). Forzando reconexion controlada.
2026-07-05 18:42:57 | WARNING | trading_bot | WebSocket stale detectado (trade_updates). Forzando reconexion controlada.
2026-07-05 18:43:47 | WARNING | trading_bot | WebSocket stale detectado (market-stocks). Forzando reconexion controlada.
2026-07-05 18:43:47 | WARNING | trading_bot | WebSocket stale detectado (news). Forzando reconexion controlada.
2026-07-05 18:43:47 | WARNING | trading_bot | WebSocket stale detectado (trade_updates). Forzando reconexion controlada.
2026-07-05 18:44:37 | WARNING | trading_bot | WebSocket stale detectado (market-stocks). Forzando reconexion controlada.
2026-07-05 18:44:37 | WARNING | trading_bot | WebSocket stale detectado (trade_updates). Forzando reconexion controlada.
2026-07-05 18:44:37 | WARNING | trading_bot | WebSocket stale detectado (news). Forzando reconexion controlada.
2026-07-05 18:45:27 | WARNING | trading_bot | WebSocket stale detectado (market-stocks). Forzando reconexion controlada.
2026-07-05 18:45:27 | WARNING | trading_bot | WebSocket stale detectado (news). Forzando reconexion controlada.
2026-07-05 18:46:17 | WARNING | trading_bot | WebSocket stale detectado (trade_updates). Forzando reconexion controlada.
2026-07-05 18:46:17 | WARNING | trading_bot | WebSocket stale detectado (market-stocks). Forzando reconexion controlada.
2026-07-05 18:46:17 | WARNING | trading_bot | WebSocket stale detectado (news). Forzando reconexion controlada.
2026-07-05 18:47:07 | WARNING | trading_bot | WebSocket stale detectado (trade_updates). Forzando reconexion controlada.
2026-07-05 18:47:07 | WARNING | trading_bot | WebSocket stale detectado (market-stocks). Forzando reconexion controlada.
2026-07-05 18:47:07 | WARNING | trading_bot | WebSocket stale detectado (news). Forzando reconexion controlada.
2026-07-05 18:47:52 | WARNING | trading_bot | EMERGENCY MODE ACTIVADO: Pausa manual del usuario
2026-07-05 18:47:52 | WARNING | trading_bot | Alpaca devolvio barras vacias para AAPL (1m)
2026-07-05 18:47:52 | WARNING | trading_bot | Alpaca devolvio barras vacias para AAPL (5m)
2026-07-05 18:47:52 | WARNING | trading_bot | Alpaca devolvio barras vacias para AAPL (15m)
2026-07-05 18:48:42 | WARNING | trading_bot | WebSocket stale detectado (market-stocks). Forzando reconexion controlada.
2026-07-05 18:48:42 | WARNING | trading_bot | WebSocket stale detectado (market-crypto). Forzando reconexion controlada.
2026-07-05 18:48:42 | WARNING | trading_bot | WebSocket stale detectado (news). Forzando reconexion controlada.
2026-07-05 18:48:42 | WARNING | trading_bot | WebSocket stale detectado (trade_updates). Forzando reconexion controlada.
2026-07-05 18:49:14 | WARNING | trading_bot | No se pudo reconciliar salida limit faltante para SOLUSD: 403 Client Error: Forbidden for url: https://paper-api.alpaca.markets/v2/orders
2026-07-05 18:49:14 | WARNING | trading_bot | No se pudo reconciliar salida limit faltante para SOLUSD: 403 Client Error: Forbidden for url: https://paper-api.alpaca.markets/v2/orders
2026-07-05 18:49:32 | WARNING | trading_bot | WebSocket stale detectado (market-crypto). Forzando reconexion controlada.
2026-07-05 18:49:32 | WARNING | trading_bot | WebSocket stale detectado (news). Forzando reconexion controlada.
2026-07-05 18:49:32 | WARNING | trading_bot | WebSocket stale detectado (market-stocks). Forzando reconexion controlada.
2026-07-05 18:50:02 | WARNING | trading_bot | WebSocket stale detectado (trade_updates). Forzando reconexion controlada.
2026-07-05 18:50:22 | WARNING | trading_bot | WebSocket stale detectado (market-crypto). Forzando reconexion controlada.
2026-07-05 18:50:22 | WARNING | trading_bot | WebSocket stale detectado (news). Forzando reconexion controlada.
2026-07-05 18:50:22 | WARNING | trading_bot | WebSocket stale detectado (market-stocks). Forzando reconexion controlada.
2026-07-05 18:50:52 | WARNING | trading_bot | WebSocket stale detectado (trade_updates). Forzando reconexion controlada.
2026-07-05 18:51:12 | WARNING | trading_bot | WebSocket stale detectado (news). Forzando reconexion controlada.
2026-07-05 18:51:12 | WARNING | trading_bot | WebSocket stale detectado (market-stocks). Forzando reconexion controlada.
2026-07-05 18:51:42 | WARNING | trading_bot | WebSocket stale detectado (trade_updates). Forzando reconexion controlada.
2026-07-05 18:52:02 | WARNING | trading_bot | WebSocket stale detectado (news). Forzando reconexion controlada.
2026-07-05 18:52:03 | WARNING | trading_bot | WebSocket stale detectado (market-stocks). Forzando reconexion controlada.
2026-07-05 18:52:53 | WARNING | trading_bot | WebSocket stale detectado (news). Forzando reconexion controlada.
2026-07-05 18:52:58 | WARNING | trading_bot | WebSocket stale detectado (market-stocks). Forzando reconexion controlada.
2026-07-05 18:53:03 | WARNING | trading_bot | Alpaca devolvio barras vacias para AAPL (1m)
2026-07-05 18:53:03 | WARNING | trading_bot | Alpaca devolvio barras vacias para AAPL (5m)
2026-07-05 18:53:03 | WARNING | trading_bot | Alpaca devolvio barras vacias para AAPL (15m)
2026-07-05 18:53:53 | WARNING | trading_bot | WebSocket stale detectado (market-stocks). Forzando reconexion controlada.
2026-07-05 18:53:53 | WARNING | trading_bot | WebSocket stale detectado (news). Forzando reconexion controlada.
2026-07-05 18:53:53 | WARNING | trading_bot | WebSocket stale detectado (trade_updates). Forzando reconexion controlada.
2026-07-05 18:54:43 | WARNING | trading_bot | WebSocket stale detectado (news). Forzando reconexion controlada.
2026-07-05 18:54:43 | WARNING | trading_bot | WebSocket stale detectado (trade_updates). Forzando reconexion controlada.
2026-07-05 18:54:43 | WARNING | trading_bot | WebSocket stale detectado (market-stocks). Forzando reconexion controlada.
2026-07-05 18:55:33 | WARNING | trading_bot | WebSocket stale detectado (news). Forzando reconexion controlada.
2026-07-05 18:55:33 | WARNING | trading_bot | WebSocket stale detectado (trade_updates). Forzando reconexion controlada.
2026-07-05 18:55:33 | WARNING | trading_bot | WebSocket stale detectado (market-stocks). Forzando reconexion controlada.
2026-07-05 18:56:23 | WARNING | trading_bot | WebSocket stale detectado (news). Forzando reconexion controlada.
2026-07-05 18:56:23 | WARNING | trading_bot | WebSocket stale detectado (trade_updates). Forzando reconexion controlada.
2026-07-05 18:56:23 | WARNING | trading_bot | WebSocket stale detectado (market-stocks). Forzando reconexion controlada.
2026-07-05 18:57:13 | WARNING | trading_bot | WebSocket stale detectado (news). Forzando reconexion controlada.
2026-07-05 18:57:13 | WARNING | trading_bot | WebSocket stale detectado (trade_updates). Forzando reconexion controlada.
2026-07-05 18:57:13 | WARNING | trading_bot | WebSocket stale detectado (market-stocks). Forzando reconexion controlada.
2026-07-05 18:58:03 | WARNING | trading_bot | WebSocket stale detectado (news). Forzando reconexion controlada.
2026-07-05 18:58:03 | WARNING | trading_bot | WebSocket stale detectado (trade_updates). Forzando reconexion controlada.
2026-07-05 18:58:03 | WARNING | trading_bot | WebSocket stale detectado (market-stocks). Forzando reconexion controlada.
2026-07-05 18:58:53 | WARNING | trading_bot | WebSocket stale detectado (news). Forzando reconexion controlada.
2026-07-05 18:58:53 | WARNING | trading_bot | WebSocket stale detectado (trade_updates). Forzando reconexion controlada.
2026-07-05 18:58:53 | WARNING | trading_bot | WebSocket stale detectado (market-stocks). Forzando reconexion controlada.
2026-07-05 18:59:43 | WARNING | trading_bot | WebSocket stale detectado (news). Forzando reconexion controlada.
2026-07-05 18:59:43 | WARNING | trading_bot | WebSocket stale detectado (trade_updates). Forzando reconexion controlada.
2026-07-05 18:59:43 | WARNING | trading_bot | WebSocket stale detectado (market-stocks). Forzando reconexion controlada.
2026-07-05 19:00:34 | WARNING | trading_bot | WebSocket stale detectado (news). Forzando reconexion controlada.
2026-07-05 19:00:34 | WARNING | trading_bot | WebSocket stale detectado (trade_updates). Forzando reconexion controlada.
2026-07-05 19:00:34 | WARNING | trading_bot | WebSocket stale detectado (market-stocks). Forzando reconexion controlada.
2026-07-05 19:01:00 | WARNING | trading_bot | Alpaca devolvio barras vacias para AAPL (1m)
2026-07-05 19:01:00 | WARNING | trading_bot | Alpaca devolvio barras vacias para AAPL (5m)
2026-07-05 19:01:00 | WARNING | trading_bot | Alpaca devolvio barras vacias para AAPL (15m)
2026-07-05 19:01:50 | WARNING | trading_bot | WebSocket stale detectado (market-stocks). Forzando reconexion controlada.
2026-07-05 19:01:50 | WARNING | trading_bot | WebSocket stale detectado (news). Forzando reconexion controlada.
2026-07-05 19:01:50 | WARNING | trading_bot | WebSocket stale detectado (trade_updates). Forzando reconexion controlada.
2026-07-05 19:02:40 | WARNING | trading_bot | WebSocket stale detectado (news). Forzando reconexion controlada.
2026-07-05 19:02:40 | WARNING | trading_bot | WebSocket stale detectado (trade_updates). Forzando reconexion controlada.
2026-07-05 19:02:40 | WARNING | trading_bot | WebSocket stale detectado (market-stocks). Forzando reconexion controlada.
2026-07-05 19:03:30 | WARNING | trading_bot | WebSocket stale detectado (trade_updates). Forzando reconexion controlada.
2026-07-05 19:03:30 | WARNING | trading_bot | WebSocket stale detectado (news). Forzando reconexion controlada.
2026-07-05 19:03:30 | WARNING | trading_bot | WebSocket stale detectado (market-stocks). Forzando reconexion controlada.
2026-07-05 19:04:20 | WARNING | trading_bot | WebSocket stale detectado (trade_updates). Forzando reconexion controlada.
2026-07-05 19:04:20 | WARNING | trading_bot | WebSocket stale detectado (news). Forzando reconexion controlada.
2026-07-05 19:04:20 | WARNING | trading_bot | WebSocket stale detectado (market-stocks). Forzando reconexion controlada.
2026-07-05 19:04:59 | WARNING | trading_bot | Alpaca devolvio barras vacias para AAPL (1m)
2026-07-05 19:04:59 | WARNING | trading_bot | Alpaca devolvio barras vacias para AAPL (5m)
2026-07-05 19:04:59 | WARNING | trading_bot | Alpaca devolvio barras vacias para AAPL (15m)
2026-07-05 19:05:48 | WARNING | trading_bot | WebSocket stale detectado (market-stocks). Forzando reconexion controlada.
2026-07-05 19:05:48 | WARNING | trading_bot | WebSocket stale detectado (news). Forzando reconexion controlada.
2026-07-05 19:05:48 | WARNING | trading_bot | WebSocket stale detectado (trade_updates). Forzando reconexion controlada.
2026-07-05 19:06:38 | WARNING | trading_bot | WebSocket stale detectado (market-stocks). Forzando reconexion controlada.
2026-07-05 19:06:38 | WARNING | trading_bot | WebSocket stale detectado (news). Forzando reconexion controlada.
2026-07-05 19:06:38 | WARNING | trading_bot | WebSocket stale detectado (trade_updates). Forzando reconexion controlada.
2026-07-05 19:07:28 | WARNING | trading_bot | WebSocket stale detectado (market-stocks). Forzando reconexion controlada.
2026-07-05 19:07:28 | WARNING | trading_bot | WebSocket stale detectado (news). Forzando reconexion controlada.
2026-07-05 19:07:28 | WARNING | trading_bot | WebSocket stale detectado (trade_updates). Forzando reconexion controlada.
2026-07-05 19:08:18 | WARNING | trading_bot | WebSocket stale detectado (trade_updates). Forzando reconexion controlada.
2026-07-05 19:08:18 | WARNING | trading_bot | WebSocket stale detectado (market-stocks). Forzando reconexion controlada.
2026-07-05 19:08:18 | WARNING | trading_bot | WebSocket stale detectado (news). Forzando reconexion controlada.
2026-07-05 19:09:09 | WARNING | trading_bot | WebSocket stale detectado (trade_updates). Forzando reconexion controlada.
2026-07-05 19:09:09 | WARNING | trading_bot | WebSocket stale detectado (market-stocks). Forzando reconexion controlada.
2026-07-05 19:09:09 | WARNING | trading_bot | WebSocket stale detectado (news). Forzando reconexion controlada.
2026-07-05 19:09:58 | WARNING | trading_bot | Alpaca devolvio barras vacias para AAPL (1m)
2026-07-05 19:09:59 | WARNING | trading_bot | Alpaca devolvio barras vacias para AAPL (5m)
2026-07-05 19:09:59 | WARNING | trading_bot | Alpaca devolvio barras vacias para AAPL (15m)
2026-07-05 19:10:48 | WARNING | trading_bot | WebSocket stale detectado (market-stocks). Forzando reconexion controlada.
2026-07-05 19:10:48 | WARNING | trading_bot | WebSocket stale detectado (news). Forzando reconexion controlada.
2026-07-05 19:10:48 | WARNING | trading_bot | WebSocket stale detectado (trade_updates). Forzando reconexion controlada.
2026-07-05 19:11:45 | WARNING | trading_bot | Alpaca devolvio barras vacias para AAPL (1m)
2026-07-05 19:11:45 | WARNING | trading_bot | Alpaca devolvio barras vacias para AAPL (5m)
2026-07-05 19:11:45 | WARNING | trading_bot | Alpaca devolvio barras vacias para AAPL (15m)
2026-07-05 19:12:34 | WARNING | trading_bot | WebSocket stale detectado (market-stocks). Forzando reconexion controlada.
2026-07-05 19:12:34 | WARNING | trading_bot | WebSocket stale detectado (news). Forzando reconexion controlada.
2026-07-05 19:12:34 | WARNING | trading_bot | WebSocket stale detectado (trade_updates). Forzando reconexion controlada.
2026-07-05 19:13:24 | WARNING | trading_bot | WebSocket stale detectado (market-stocks). Forzando reconexion controlada.
2026-07-05 19:13:24 | WARNING | trading_bot | WebSocket stale detectado (news). Forzando reconexion controlada.
2026-07-05 19:13:24 | WARNING | trading_bot | WebSocket stale detectado (trade_updates). Forzando reconexion controlada.
2026-07-05 19:13:54 | WARNING | trading_bot | Alpaca devolvio barras vacias para AAPL (1m)
2026-07-05 19:13:54 | WARNING | trading_bot | Alpaca devolvio barras vacias para AAPL (5m)
2026-07-05 19:13:54 | WARNING | trading_bot | Alpaca devolvio barras vacias para AAPL (15m)
2026-07-05 19:14:44 | WARNING | trading_bot | WebSocket stale detectado (market-stocks). Forzando reconexion controlada.
2026-07-05 19:14:44 | WARNING | trading_bot | WebSocket stale detectado (news). Forzando reconexion controlada.
2026-07-05 19:14:44 | WARNING | trading_bot | WebSocket stale detectado (trade_updates). Forzando reconexion controlada.
2026-07-05 19:15:34 | WARNING | trading_bot | WebSocket stale detectado (news). Forzando reconexion controlada.
2026-07-05 19:15:34 | WARNING | trading_bot | WebSocket stale detectado (market-stocks). Forzando reconexion controlada.
2026-07-05 19:15:34 | WARNING | trading_bot | WebSocket stale detectado (trade_updates). Forzando reconexion controlada.
2026-07-05 19:16:24 | WARNING | trading_bot | WebSocket stale detectado (news). Forzando reconexion controlada.
2026-07-05 19:16:24 | WARNING | trading_bot | WebSocket stale detectado (market-stocks). Forzando reconexion controlada.
2026-07-05 19:16:24 | WARNING | trading_bot | WebSocket stale detectado (trade_updates). Forzando reconexion controlada.
2026-07-05 19:17:14 | WARNING | trading_bot | WebSocket stale detectado (news). Forzando reconexion controlada.
2026-07-05 19:17:14 | WARNING | trading_bot | WebSocket stale detectado (market-stocks). Forzando reconexion controlada.
2026-07-05 19:17:14 | WARNING | trading_bot | WebSocket stale detectado (trade_updates). Forzando reconexion controlada.
2026-07-05 19:18:04 | WARNING | trading_bot | WebSocket stale detectado (market-stocks). Forzando reconexion controlada.
2026-07-05 19:18:04 | WARNING | trading_bot | WebSocket stale detectado (news). Forzando reconexion controlada.
2026-07-05 19:18:04 | WARNING | trading_bot | WebSocket stale detectado (trade_updates). Forzando reconexion controlada.
2026-07-05 19:18:54 | WARNING | trading_bot | WebSocket stale detectado (market-stocks). Forzando reconexion controlada.
2026-07-05 19:18:54 | WARNING | trading_bot | WebSocket stale detectado (news). Forzando reconexion controlada.
2026-07-05 19:18:54 | WARNING | trading_bot | WebSocket stale detectado (trade_updates). Forzando reconexion controlada.
2026-07-05 19:19:44 | WARNING | trading_bot | WebSocket stale detectado (market-stocks). Forzando reconexion controlada.
2026-07-05 19:19:44 | WARNING | trading_bot | WebSocket stale detectado (news). Forzando reconexion controlada.
2026-07-05 19:19:44 | WARNING | trading_bot | WebSocket stale detectado (trade_updates). Forzando reconexion controlada.
2026-07-05 19:20:34 | WARNING | trading_bot | WebSocket stale detectado (market-stocks). Forzando reconexion controlada.
2026-07-05 19:20:34 | WARNING | trading_bot | WebSocket stale detectado (news). Forzando reconexion controlada.
2026-07-05 19:20:34 | WARNING | trading_bot | WebSocket stale detectado (trade_updates). Forzando reconexion controlada.
2026-07-05 19:21:24 | WARNING | trading_bot | WebSocket stale detectado (market-stocks). Forzando reconexion controlada.
2026-07-05 19:21:24 | WARNING | trading_bot | WebSocket stale detectado (news). Forzando reconexion controlada.
2026-07-05 19:21:24 | WARNING | trading_bot | WebSocket stale detectado (trade_updates). Forzando reconexion controlada.
2026-07-05 19:22:14 | WARNING | trading_bot | WebSocket stale detectado (market-stocks). Forzando reconexion controlada.
2026-07-05 19:22:14 | WARNING | trading_bot | WebSocket stale detectado (news). Forzando reconexion controlada.
2026-07-05 19:22:14 | WARNING | trading_bot | WebSocket stale detectado (trade_updates). Forzando reconexion controlada.
2026-07-05 19:23:04 | WARNING | trading_bot | WebSocket stale detectado (news). Forzando reconexion controlada.
2026-07-05 19:23:04 | WARNING | trading_bot | WebSocket stale detectado (trade_updates). Forzando reconexion controlada.
2026-07-05 19:23:04 | WARNING | trading_bot | WebSocket stale detectado (market-stocks). Forzando reconexion controlada.
2026-07-05 19:23:54 | WARNING | trading_bot | WebSocket stale detectado (news). Forzando reconexion controlada.
2026-07-05 19:23:54 | WARNING | trading_bot | WebSocket stale detectado (trade_updates). Forzando reconexion controlada.
2026-07-05 19:23:54 | WARNING | trading_bot | WebSocket stale detectado (market-stocks). Forzando reconexion controlada.
2026-07-05 19:24:44 | WARNING | trading_bot | WebSocket stale detectado (news). Forzando reconexion controlada.
2026-07-05 19:24:45 | WARNING | trading_bot | WebSocket stale detectado (trade_updates). Forzando reconexion controlada.
2026-07-05 19:24:45 | WARNING | trading_bot | WebSocket stale detectado (market-stocks). Forzando reconexion controlada.
2026-07-05 19:25:35 | WARNING | trading_bot | WebSocket stale detectado (news). Forzando reconexion controlada.
2026-07-05 19:25:35 | WARNING | trading_bot | WebSocket stale detectado (market-stocks). Forzando reconexion controlada.
2026-07-05 19:25:35 | WARNING | trading_bot | WebSocket stale detectado (trade_updates). Forzando reconexion controlada.
2026-07-05 19:26:25 | WARNING | trading_bot | WebSocket stale detectado (news). Forzando reconexion controlada.
2026-07-05 19:26:25 | WARNING | trading_bot | WebSocket stale detectado (market-stocks). Forzando reconexion controlada.
2026-07-05 19:26:25 | WARNING | trading_bot | WebSocket stale detectado (trade_updates). Forzando reconexion controlada.
2026-07-05 19:27:15 | WARNING | trading_bot | WebSocket stale detectado (news). Forzando reconexion controlada.
2026-07-05 19:27:15 | WARNING | trading_bot | WebSocket stale detectado (market-stocks). Forzando reconexion controlada.
2026-07-05 19:27:15 | WARNING | trading_bot | WebSocket stale detectado (trade_updates). Forzando reconexion controlada.
2026-07-05 19:28:05 | WARNING | trading_bot | WebSocket stale detectado (news). Forzando reconexion controlada.
2026-07-05 19:28:05 | WARNING | trading_bot | WebSocket stale detectado (market-stocks). Forzando reconexion controlada.
2026-07-05 19:28:05 | WARNING | trading_bot | WebSocket stale detectado (trade_updates). Forzando reconexion controlada.
2026-07-05 19:28:55 | WARNING | trading_bot | WebSocket stale detectado (news). Forzando reconexion controlada.
2026-07-05 19:28:55 | WARNING | trading_bot | WebSocket stale detectado (trade_updates). Forzando reconexion controlada.
2026-07-05 19:28:55 | WARNING | trading_bot | WebSocket stale detectado (market-stocks). Forzando reconexion controlada.
2026-07-05 19:29:45 | WARNING | trading_bot | WebSocket stale detectado (news). Forzando reconexion controlada.
2026-07-05 19:29:45 | WARNING | trading_bot | WebSocket stale detectado (trade_updates). Forzando reconexion controlada.
2026-07-05 19:29:45 | WARNING | trading_bot | WebSocket stale detectado (market-stocks). Forzando reconexion controlada.
2026-07-05 19:30:35 | WARNING | trading_bot | WebSocket stale detectado (news). Forzando reconexion controlada.
2026-07-05 19:30:35 | WARNING | trading_bot | WebSocket stale detectado (trade_updates). Forzando reconexion controlada.
2026-07-05 19:30:35 | WARNING | trading_bot | WebSocket stale detectado (market-stocks). Forzando reconexion controlada.
2026-07-05 19:31:25 | WARNING | trading_bot | WebSocket stale detectado (trade_updates). Forzando reconexion controlada.
2026-07-05 19:31:25 | WARNING | trading_bot | WebSocket stale detectado (news). Forzando reconexion controlada.
2026-07-05 19:31:25 | WARNING | trading_bot | WebSocket stale detectado (market-stocks). Forzando reconexion controlada.
2026-07-05 19:32:15 | WARNING | trading_bot | WebSocket stale detectado (trade_updates). Forzando reconexion controlada.
2026-07-05 19:32:15 | WARNING | trading_bot | WebSocket stale detectado (news). Forzando reconexion controlada.
2026-07-05 19:32:15 | WARNING | trading_bot | WebSocket stale detectado (market-stocks). Forzando reconexion controlada.
2026-07-05 19:33:04 | WARNING | trading_bot | Alpaca devolvio barras vacias para AAPL (1m)
2026-07-05 19:33:04 | WARNING | trading_bot | Alpaca devolvio barras vacias para AAPL (5m)
2026-07-05 19:33:05 | WARNING | trading_bot | Alpaca devolvio barras vacias para AAPL (15m)
2026-07-05 19:33:54 | WARNING | trading_bot | WebSocket stale detectado (market-stocks). Forzando reconexion controlada.
2026-07-05 19:33:54 | WARNING | trading_bot | WebSocket stale detectado (news). Forzando reconexion controlada.
2026-07-05 19:33:54 | WARNING | trading_bot | WebSocket stale detectado (trade_updates). Forzando reconexion controlada.
2026-07-05 19:34:44 | WARNING | trading_bot | WebSocket stale detectado (market-stocks). Forzando reconexion controlada.
2026-07-05 19:34:44 | WARNING | trading_bot | WebSocket stale detectado (news). Forzando reconexion controlada.
2026-07-05 19:34:44 | WARNING | trading_bot | WebSocket stale detectado (trade_updates). Forzando reconexion controlada.
2026-07-05 19:35:34 | WARNING | trading_bot | WebSocket stale detectado (market-stocks). Forzando reconexion controlada.
2026-07-05 19:35:34 | WARNING | trading_bot | WebSocket stale detectado (trade_updates). Forzando reconexion controlada.
2026-07-05 19:35:34 | WARNING | trading_bot | WebSocket stale detectado (news). Forzando reconexion controlada.
2026-07-05 19:36:24 | WARNING | trading_bot | WebSocket stale detectado (market-stocks). Forzando reconexion controlada.
2026-07-05 19:36:24 | WARNING | trading_bot | WebSocket stale detectado (trade_updates). Forzando reconexion controlada.
2026-07-05 19:36:24 | WARNING | trading_bot | WebSocket stale detectado (news). Forzando reconexion controlada.
2026-07-05 19:37:14 | WARNING | trading_bot | WebSocket stale detectado (market-stocks). Forzando reconexion controlada.
2026-07-05 19:37:14 | WARNING | trading_bot | WebSocket stale detectado (trade_updates). Forzando reconexion controlada.
2026-07-05 19:37:14 | WARNING | trading_bot | WebSocket stale detectado (news). Forzando reconexion controlada.
2026-07-05 19:38:04 | WARNING | trading_bot | WebSocket stale detectado (trade_updates). Forzando reconexion controlada.
2026-07-05 19:38:04 | WARNING | trading_bot | WebSocket stale detectado (market-stocks). Forzando reconexion controlada.
2026-07-05 19:38:04 | WARNING | trading_bot | WebSocket stale detectado (news). Forzando reconexion controlada.
2026-07-05 19:38:39 | WARNING | trading_bot | Alpaca devolvio barras vacias para AAPL (1m)
2026-07-05 19:38:39 | WARNING | trading_bot | Alpaca devolvio barras vacias para AAPL (5m)
2026-07-05 19:38:39 | WARNING | trading_bot | Alpaca devolvio barras vacias para AAPL (15m)
2026-07-05 19:39:29 | WARNING | trading_bot | WebSocket stale detectado (market-stocks). Forzando reconexion controlada.
2026-07-05 19:39:29 | WARNING | trading_bot | WebSocket stale detectado (news). Forzando reconexion controlada.
2026-07-05 19:39:29 | WARNING | trading_bot | WebSocket stale detectado (trade_updates). Forzando reconexion controlada.
2026-07-05 19:40:19 | WARNING | trading_bot | WebSocket stale detectado (market-stocks). Forzando reconexion controlada.
2026-07-05 19:40:19 | WARNING | trading_bot | WebSocket stale detectado (news). Forzando reconexion controlada.
2026-07-05 19:40:19 | WARNING | trading_bot | WebSocket stale detectado (trade_updates). Forzando reconexion controlada.
2026-07-05 19:41:09 | WARNING | trading_bot | WebSocket stale detectado (market-stocks). Forzando reconexion controlada.
2026-07-05 19:41:09 | WARNING | trading_bot | WebSocket stale detectado (news). Forzando reconexion controlada.
2026-07-05 19:41:09 | WARNING | trading_bot | WebSocket stale detectado (trade_updates). Forzando reconexion controlada.
2026-07-05 19:41:59 | WARNING | trading_bot | WebSocket stale detectado (market-stocks). Forzando reconexion controlada.
2026-07-05 19:41:59 | WARNING | trading_bot | WebSocket stale detectado (news). Forzando reconexion controlada.
2026-07-05 19:41:59 | WARNING | trading_bot | WebSocket stale detectado (trade_updates). Forzando reconexion controlada.
2026-07-05 19:42:49 | WARNING | trading_bot | WebSocket stale detectado (trade_updates). Forzando reconexion controlada.
2026-07-05 19:42:49 | WARNING | trading_bot | WebSocket stale detectado (market-stocks). Forzando reconexion controlada.
2026-07-05 19:42:49 | WARNING | trading_bot | WebSocket stale detectado (news). Forzando reconexion controlada.
2026-07-05 19:43:35 | WARNING | trading_bot | Alpaca devolvio barras vacias para AAPL (1m)
2026-07-05 19:43:35 | WARNING | trading_bot | Alpaca devolvio barras vacias para AAPL (5m)
2026-07-05 19:43:35 | WARNING | trading_bot | Alpaca devolvio barras vacias para AAPL (15m)
2026-07-05 19:44:25 | WARNING | trading_bot | WebSocket stale detectado (market-stocks). Forzando reconexion controlada.
2026-07-05 19:44:25 | WARNING | trading_bot | WebSocket stale detectado (news). Forzando reconexion controlada.
2026-07-05 19:44:25 | WARNING | trading_bot | WebSocket stale detectado (trade_updates). Forzando reconexion controlada.
2026-07-05 19:45:15 | WARNING | trading_bot | WebSocket stale detectado (market-stocks). Forzando reconexion controlada.
2026-07-05 19:45:15 | WARNING | trading_bot | WebSocket stale detectado (news). Forzando reconexion controlada.
2026-07-05 19:45:15 | WARNING | trading_bot | WebSocket stale detectado (trade_updates). Forzando reconexion controlada.
2026-07-05 19:46:05 | WARNING | trading_bot | WebSocket stale detectado (market-stocks). Forzando reconexion controlada.
2026-07-05 19:46:05 | WARNING | trading_bot | WebSocket stale detectado (news). Forzando reconexion controlada.
2026-07-05 19:46:05 | WARNING | trading_bot | WebSocket stale detectado (trade_updates). Forzando reconexion controlada.
2026-07-05 19:46:55 | WARNING | trading_bot | WebSocket stale detectado (market-stocks). Forzando reconexion controlada.
2026-07-05 19:46:55 | WARNING | trading_bot | WebSocket stale detectado (news). Forzando reconexion controlada.
2026-07-05 19:46:55 | WARNING | trading_bot | WebSocket stale detectado (trade_updates). Forzando reconexion controlada.
2026-07-05 19:47:45 | WARNING | trading_bot | WebSocket stale detectado (market-stocks). Forzando reconexion controlada.
2026-07-05 19:47:45 | WARNING | trading_bot | WebSocket stale detectado (news). Forzando reconexion controlada.
2026-07-05 19:47:45 | WARNING | trading_bot | WebSocket stale detectado (trade_updates). Forzando reconexion controlada.
2026-07-05 19:48:35 | WARNING | trading_bot | WebSocket stale detectado (market-stocks). Forzando reconexion controlada.
2026-07-05 19:48:35 | WARNING | trading_bot | WebSocket stale detectado (trade_updates). Forzando reconexion controlada.
2026-07-05 19:48:35 | WARNING | trading_bot | WebSocket stale detectado (news). Forzando reconexion controlada.
2026-07-05 19:49:25 | WARNING | trading_bot | WebSocket stale detectado (market-stocks). Forzando reconexion controlada.
2026-07-05 19:49:25 | WARNING | trading_bot | WebSocket stale detectado (trade_updates). Forzando reconexion controlada.
2026-07-05 19:49:25 | WARNING | trading_bot | WebSocket stale detectado (news). Forzando reconexion controlada.
2026-07-05 19:50:00 | WARNING | trading_bot | Alpaca devolvio barras vacias para AAPL (1m)
2026-07-05 19:50:00 | WARNING | trading_bot | Alpaca devolvio barras vacias para AAPL (5m)
2026-07-05 19:50:00 | WARNING | trading_bot | Alpaca devolvio barras vacias para AAPL (15m)
2026-07-05 19:50:49 | WARNING | trading_bot | WebSocket stale detectado (market-stocks). Forzando reconexion controlada.
2026-07-05 19:50:49 | WARNING | trading_bot | WebSocket stale detectado (news). Forzando reconexion controlada.
2026-07-05 19:50:49 | WARNING | trading_bot | WebSocket stale detectado (trade_updates). Forzando reconexion controlada.
2026-07-05 19:51:14 | WARNING | trading_bot | Alpaca devolvio barras vacias para AAPL (1m)
2026-07-05 19:51:14 | WARNING | trading_bot | Alpaca devolvio barras vacias para AAPL (5m)
2026-07-05 19:51:14 | WARNING | trading_bot | Alpaca devolvio barras vacias para AAPL (15m)
2026-07-05 19:52:03 | WARNING | trading_bot | WebSocket stale detectado (market-stocks). Forzando reconexion controlada.
2026-07-05 19:52:03 | WARNING | trading_bot | WebSocket stale detectado (news). Forzando reconexion controlada.
2026-07-05 19:52:03 | WARNING | trading_bot | WebSocket stale detectado (trade_updates). Forzando reconexion controlada.
2026-07-05 19:52:17 | WARNING | trading_bot | Alpaca devolvio barras vacias para AAPL (1m)
2026-07-05 19:52:17 | WARNING | trading_bot | Alpaca devolvio barras vacias para AAPL (5m)
2026-07-05 19:52:17 | WARNING | trading_bot | Alpaca devolvio barras vacias para AAPL (15m)
2026-07-05 19:53:07 | WARNING | trading_bot | WebSocket stale detectado (market-stocks). Forzando reconexion controlada.
2026-07-05 19:53:07 | WARNING | trading_bot | WebSocket stale detectado (news). Forzando reconexion controlada.
2026-07-05 19:53:07 | WARNING | trading_bot | WebSocket stale detectado (trade_updates). Forzando reconexion controlada.
2026-07-05 19:53:57 | WARNING | trading_bot | WebSocket stale detectado (news). Forzando reconexion controlada.
2026-07-05 19:53:57 | WARNING | trading_bot | WebSocket stale detectado (trade_updates). Forzando reconexion controlada.
2026-07-05 19:53:57 | WARNING | trading_bot | WebSocket stale detectado (market-stocks). Forzando reconexion controlada.
2026-07-05 19:54:31 | WARNING | trading_bot | Alpaca devolvio barras vacias para AAPL (1m)
2026-07-05 19:54:31 | WARNING | trading_bot | Alpaca devolvio barras vacias para AAPL (5m)
2026-07-05 19:54:31 | WARNING | trading_bot | Alpaca devolvio barras vacias para AAPL (15m)
2026-07-05 19:55:21 | WARNING | trading_bot | WebSocket stale detectado (market-stocks). Forzando reconexion controlada.
2026-07-05 19:55:21 | WARNING | trading_bot | WebSocket stale detectado (news). Forzando reconexion controlada.
2026-07-05 19:55:21 | WARNING | trading_bot | WebSocket stale detectado (trade_updates). Forzando reconexion controlada.
2026-07-05 19:56:01 | WARNING | trading_bot | EMERGENCY MODE ACTIVADO: Health monitor detecto estado ERROR
2026-07-05 19:56:06 | WARNING | trading_bot | Alpaca devolvio barras vacias para AAPL (1m)
2026-07-05 19:56:06 | WARNING | trading_bot | Alpaca devolvio barras vacias para AAPL (5m)
2026-07-05 19:56:06 | WARNING | trading_bot | Alpaca devolvio barras vacias para AAPL (15m)
2026-07-05 19:56:56 | WARNING | trading_bot | WebSocket stale detectado (market-stocks). Forzando reconexion controlada.
2026-07-05 19:56:56 | WARNING | trading_bot | WebSocket stale detectado (news). Forzando reconexion controlada.
2026-07-05 19:56:56 | WARNING | trading_bot | WebSocket stale detectado (trade_updates). Forzando reconexion controlada.
2026-07-05 19:57:46 | WARNING | trading_bot | WebSocket stale detectado (market-stocks). Forzando reconexion controlada.
2026-07-05 19:57:46 | WARNING | trading_bot | WebSocket stale detectado (news). Forzando reconexion controlada.
2026-07-05 19:57:46 | WARNING | trading_bot | WebSocket stale detectado (trade_updates). Forzando reconexion controlada.
2026-07-05 19:58:36 | WARNING | trading_bot | WebSocket stale detectado (market-stocks). Forzando reconexion controlada.
2026-07-05 19:58:36 | WARNING | trading_bot | WebSocket stale detectado (news). Forzando reconexion controlada.
2026-07-05 19:58:36 | WARNING | trading_bot | WebSocket stale detectado (trade_updates). Forzando reconexion controlada.
2026-07-05 19:59:26 | WARNING | trading_bot | WebSocket stale detectado (market-stocks). Forzando reconexion controlada.
2026-07-05 19:59:26 | WARNING | trading_bot | WebSocket stale detectado (news). Forzando reconexion controlada.
2026-07-05 19:59:26 | WARNING | trading_bot | WebSocket stale detectado (trade_updates). Forzando reconexion controlada.
2026-07-05 19:59:36 | WARNING | trading_bot | Alpaca devolvio barras vacias para AAPL (1m)
2026-07-05 19:59:36 | WARNING | trading_bot | Alpaca devolvio barras vacias para AAPL (5m)
2026-07-05 19:59:36 | WARNING | trading_bot | Alpaca devolvio barras vacias para AAPL (15m)
2026-07-05 20:00:26 | WARNING | trading_bot | WebSocket stale detectado (market-stocks). Forzando reconexion controlada.
2026-07-05 20:00:26 | WARNING | trading_bot | WebSocket stale detectado (news). Forzando reconexion controlada.
2026-07-05 20:00:26 | WARNING | trading_bot | WebSocket stale detectado (trade_updates). Forzando reconexion controlada.
2026-07-05 20:01:16 | WARNING | trading_bot | WebSocket stale detectado (trade_updates). Forzando reconexion controlada.
2026-07-05 20:01:16 | WARNING | trading_bot | WebSocket stale detectado (news). Forzando reconexion controlada.
2026-07-05 20:01:16 | WARNING | trading_bot | WebSocket stale detectado (market-stocks). Forzando reconexion controlada.
2026-07-05 20:02:06 | WARNING | trading_bot | WebSocket stale detectado (trade_updates). Forzando reconexion controlada.
2026-07-05 20:02:06 | WARNING | trading_bot | WebSocket stale detectado (news). Forzando reconexion controlada.
2026-07-05 20:02:06 | WARNING | trading_bot | WebSocket stale detectado (market-stocks). Forzando reconexion controlada.
2026-07-05 20:02:56 | WARNING | trading_bot | WebSocket stale detectado (market-stocks). Forzando reconexion controlada.
2026-07-05 20:02:56 | WARNING | trading_bot | WebSocket stale detectado (trade_updates). Forzando reconexion controlada.
2026-07-05 20:02:56 | WARNING | trading_bot | WebSocket stale detectado (news). Forzando reconexion controlada.
2026-07-05 20:03:00 | WARNING | trading_bot | Alpaca devolvio barras vacias para AAPL (1m)
2026-07-05 20:03:00 | WARNING | trading_bot | Alpaca devolvio barras vacias para AAPL (5m)
2026-07-05 20:03:00 | WARNING | trading_bot | Alpaca devolvio barras vacias para AAPL (15m)
2026-07-05 20:03:50 | WARNING | trading_bot | WebSocket stale detectado (market-stocks). Forzando reconexion controlada.
2026-07-05 20:03:50 | WARNING | trading_bot | WebSocket stale detectado (news). Forzando reconexion controlada.
2026-07-05 20:03:50 | WARNING | trading_bot | WebSocket stale detectado (trade_updates). Forzando reconexion controlada.
2026-07-05 20:04:40 | WARNING | trading_bot | WebSocket stale detectado (market-stocks). Forzando reconexion controlada.
2026-07-05 20:04:40 | WARNING | trading_bot | WebSocket stale detectado (news). Forzando reconexion controlada.
2026-07-05 20:04:40 | WARNING | trading_bot | WebSocket stale detectado (trade_updates). Forzando reconexion controlada.
2026-07-05 20:05:30 | WARNING | trading_bot | WebSocket stale detectado (market-stocks). Forzando reconexion controlada.
2026-07-05 20:05:30 | WARNING | trading_bot | WebSocket stale detectado (trade_updates). Forzando reconexion controlada.
2026-07-05 20:05:30 | WARNING | trading_bot | WebSocket stale detectado (news). Forzando reconexion controlada.
2026-07-05 20:06:20 | WARNING | trading_bot | WebSocket stale detectado (market-stocks). Forzando reconexion controlada.
2026-07-05 20:06:20 | WARNING | trading_bot | WebSocket stale detectado (trade_updates). Forzando reconexion controlada.
2026-07-05 20:06:20 | WARNING | trading_bot | WebSocket stale detectado (news). Forzando reconexion controlada.
2026-07-05 20:06:58 | WARNING | trading_bot | Forzando cierre de la aplicacion por solicitud del usuario.
2026-07-05 20:07:11 | WARNING | trading_bot | Alpaca devolvio barras vacias para AAPL (1m)
2026-07-05 20:07:11 | WARNING | trading_bot | Alpaca devolvio barras vacias para AAPL (5m)
2026-07-05 20:07:11 | WARNING | trading_bot | Alpaca devolvio barras vacias para AAPL (15m)
2026-07-05 20:07:12 | WARNING | trading_bot | Alpaca devolvio barras vacias para AAPL (1m)
2026-07-05 20:07:12 | WARNING | trading_bot | Alpaca devolvio barras vacias para AAPL (5m)
2026-07-05 20:07:12 | WARNING | trading_bot | Alpaca devolvio barras vacias para AAPL (15m)
2026-07-05 20:07:21 | WARNING | trading_bot | Alpaca stream market-stocks error for Paper 2: Connection to remote host was lost.
2026-07-05 20:07:22 | WARNING | trading_bot | Alpaca stream market-crypto error for Paper 2: Connection to remote host was lost.
2026-07-05 20:07:22 | WARNING | trading_bot | Alpaca stream news error for Paper 2: Connection to remote host was lost.
2026-07-05 20:07:23 | WARNING | trading_bot | Helper de emergencia inactivo. Relanzando...
2026-07-05 20:07:27 | WARNING | trading_bot | Helper de emergencia inactivo. Relanzando...
2026-07-05 20:07:32 | WARNING | trading_bot | Alpaca stream market-stocks error for Paper 2: Connection to remote host was lost.
2026-07-05 20:07:33 | WARNING | trading_bot | Alpaca stream market-crypto error for Paper 2: Connection to remote host was lost.
2026-07-05 20:07:33 | WARNING | trading_bot | Alpaca stream news error for Paper 2: Connection to remote host was lost.
2026-07-05 20:07:43 | WARNING | trading_bot | Helper de emergencia inactivo. Relanzando...
2026-07-05 20:07:43 | WARNING | trading_bot | Alpaca stream market-stocks error for Paper 2: Connection to remote host was lost.
2026-07-05 20:07:44 | WARNING | trading_bot | Alpaca stream market-crypto error for Paper 2: Connection to remote host was lost.
2026-07-05 20:07:44 | WARNING | trading_bot | Alpaca stream news error for Paper 2: Connection to remote host was lost.
2026-07-05 20:07:47 | WARNING | trading_bot | Helper de emergencia inactivo. Relanzando...
2026-07-05 20:07:51 | WARNING | trading_bot | Helper de emergencia inactivo. Relanzando...
2026-07-05 20:07:54 | WARNING | trading_bot | Alpaca stream market-stocks error for Paper 2: Connection to remote host was lost.
2026-07-05 20:07:55 | WARNING | trading_bot | Alpaca stream market-crypto error for Paper 2: Connection to remote host was lost.
2026-07-05 20:07:55 | WARNING | trading_bot | Alpaca stream news error for Paper 2: Connection to remote host was lost.
2026-07-05 20:07:55 | WARNING | trading_bot | Helper de emergencia inactivo. Relanzando...
2026-07-05 20:07:59 | WARNING | trading_bot | Helper de emergencia inactivo. Relanzando...
2026-07-05 20:08:01 | WARNING | trading_bot | WebSocket stale detectado (market-stocks). Forzando reconexion controlada.
2026-07-05 20:08:01 | WARNING | trading_bot | WebSocket stale detectado (news). Forzando reconexion controlada.
2026-07-05 20:08:01 | WARNING | trading_bot | WebSocket stale detectado (trade_updates). Forzando reconexion controlada.
2026-07-05 20:08:01 | WARNING | trading_bot | WebSocket stale detectado (trade_updates). Forzando reconexion controlada.
2026-07-05 20:08:05 | WARNING | trading_bot | Alpaca stream market-stocks error for Paper 2: Connection to remote host was lost.
2026-07-05 20:08:06 | WARNING | trading_bot | Alpaca stream market-crypto error for Paper 2: Connection to remote host was lost.
2026-07-05 20:08:06 | WARNING | trading_bot | Alpaca stream news error for Paper 2: Connection to remote host was lost.
2026-07-05 20:08:07 | WARNING | trading_bot | Helper de emergencia inactivo. Relanzando...
2026-07-05 20:08:37 | WARNING | trading_bot | Alpaca devolvio barras vacias para AAPL (1m)
2026-07-05 20:08:37 | WARNING | trading_bot | Alpaca devolvio barras vacias para AAPL (5m)
2026-07-05 20:08:37 | WARNING | trading_bot | Alpaca devolvio barras vacias para AAPL (15m)
2026-07-05 20:09:27 | WARNING | trading_bot | WebSocket stale detectado (market-stocks). Forzando reconexion controlada.
2026-07-05 20:09:27 | WARNING | trading_bot | WebSocket stale detectado (news). Forzando reconexion controlada.
2026-07-05 20:09:27 | WARNING | trading_bot | WebSocket stale detectado (trade_updates). Forzando reconexion controlada.
2026-07-05 20:10:17 | WARNING | trading_bot | WebSocket stale detectado (market-stocks). Forzando reconexion controlada.
2026-07-05 20:10:17 | WARNING | trading_bot | WebSocket stale detectado (news). Forzando reconexion controlada.
2026-07-05 20:10:17 | WARNING | trading_bot | WebSocket stale detectado (trade_updates). Forzando reconexion controlada.
2026-07-05 20:11:07 | WARNING | trading_bot | WebSocket stale detectado (market-stocks). Forzando reconexion controlada.
2026-07-05 20:11:07 | WARNING | trading_bot | WebSocket stale detectado (news). Forzando reconexion controlada.
2026-07-05 20:11:07 | WARNING | trading_bot | WebSocket stale detectado (trade_updates). Forzando reconexion controlada.
2026-07-05 20:11:57 | WARNING | trading_bot | WebSocket stale detectado (market-stocks). Forzando reconexion controlada.
2026-07-05 20:11:57 | WARNING | trading_bot | WebSocket stale detectado (trade_updates). Forzando reconexion controlada.
2026-07-05 20:11:57 | WARNING | trading_bot | WebSocket stale detectado (news). Forzando reconexion controlada.
2026-07-05 20:13:09 | WARNING | trading_bot | Alpaca devolvio barras vacias para AAPL (1m)
2026-07-05 20:13:09 | WARNING | trading_bot | Alpaca devolvio barras vacias para AAPL (5m)
2026-07-05 20:13:09 | WARNING | trading_bot | Alpaca devolvio barras vacias para AAPL (15m)
2026-07-05 20:13:59 | WARNING | trading_bot | WebSocket stale detectado (market-stocks). Forzando reconexion controlada.
2026-07-05 20:13:59 | WARNING | trading_bot | WebSocket stale detectado (news). Forzando reconexion controlada.
2026-07-05 20:13:59 | WARNING | trading_bot | WebSocket stale detectado (trade_updates). Forzando reconexion controlada.
2026-07-05 20:14:49 | WARNING | trading_bot | WebSocket stale detectado (market-stocks). Forzando reconexion controlada.
2026-07-05 20:14:49 | WARNING | trading_bot | WebSocket stale detectado (news). Forzando reconexion controlada.
2026-07-05 20:14:49 | WARNING | trading_bot | WebSocket stale detectado (trade_updates). Forzando reconexion controlada.
2026-07-05 20:15:39 | WARNING | trading_bot | WebSocket stale detectado (market-stocks). Forzando reconexion controlada.
2026-07-05 20:15:39 | WARNING | trading_bot | WebSocket stale detectado (news). Forzando reconexion controlada.
2026-07-05 20:15:39 | WARNING | trading_bot | WebSocket stale detectado (trade_updates). Forzando reconexion controlada.
2026-07-05 20:16:29 | WARNING | trading_bot | WebSocket stale detectado (market-stocks). Forzando reconexion controlada.
2026-07-05 20:16:29 | WARNING | trading_bot | WebSocket stale detectado (news). Forzando reconexion controlada.
2026-07-05 20:16:29 | WARNING | trading_bot | WebSocket stale detectado (trade_updates). Forzando reconexion controlada.
2026-07-05 20:17:19 | WARNING | trading_bot | WebSocket stale detectado (market-stocks). Forzando reconexion controlada.
2026-07-05 20:17:19 | WARNING | trading_bot | WebSocket stale detectado (news). Forzando reconexion controlada.
2026-07-05 20:17:19 | WARNING | trading_bot | WebSocket stale detectado (trade_updates). Forzando reconexion controlada.
2026-07-05 20:18:09 | WARNING | trading_bot | WebSocket stale detectado (trade_updates). Forzando reconexion controlada.
2026-07-05 20:18:09 | WARNING | trading_bot | WebSocket stale detectado (market-stocks). Forzando reconexion controlada.
2026-07-05 20:18:09 | WARNING | trading_bot | WebSocket stale detectado (news). Forzando reconexion controlada.
2026-07-05 20:18:59 | WARNING | trading_bot | WebSocket stale detectado (trade_updates). Forzando reconexion controlada.
2026-07-05 20:18:59 | WARNING | trading_bot | WebSocket stale detectado (news). Forzando reconexion controlada.
2026-07-05 20:18:59 | WARNING | trading_bot | WebSocket stale detectado (market-stocks). Forzando reconexion controlada.
2026-07-05 20:19:50 | WARNING | trading_bot | Alpaca devolvio barras vacias para AAPL (1m)
2026-07-05 20:19:50 | WARNING | trading_bot | Alpaca devolvio barras vacias para AAPL (5m)
2026-07-05 20:19:50 | WARNING | trading_bot | Alpaca devolvio barras vacias para AAPL (15m)
2026-07-05 20:20:40 | WARNING | trading_bot | WebSocket stale detectado (market-stocks). Forzando reconexion controlada.
2026-07-05 20:20:40 | WARNING | trading_bot | WebSocket stale detectado (news). Forzando reconexion controlada.
2026-07-05 20:20:40 | WARNING | trading_bot | WebSocket stale detectado (trade_updates). Forzando reconexion controlada.
2026-07-05 20:21:30 | WARNING | trading_bot | WebSocket stale detectado (market-stocks). Forzando reconexion controlada.
2026-07-05 20:21:30 | WARNING | trading_bot | WebSocket stale detectado (news). Forzando reconexion controlada.
2026-07-05 20:21:30 | WARNING | trading_bot | WebSocket stale detectado (trade_updates). Forzando reconexion controlada.
2026-07-05 20:22:20 | WARNING | trading_bot | WebSocket stale detectado (news). Forzando reconexion controlada.
2026-07-05 20:22:20 | WARNING | trading_bot | WebSocket stale detectado (trade_updates). Forzando reconexion controlada.
2026-07-05 20:22:20 | WARNING | trading_bot | WebSocket stale detectado (market-stocks). Forzando reconexion controlada.
2026-07-05 20:23:10 | WARNING | trading_bot | WebSocket stale detectado (news). Forzando reconexion controlada.
2026-07-05 20:23:10 | WARNING | trading_bot | WebSocket stale detectado (trade_updates). Forzando reconexion controlada.
2026-07-05 20:23:10 | WARNING | trading_bot | WebSocket stale detectado (market-stocks). Forzando reconexion controlada.
2026-07-05 20:24:00 | WARNING | trading_bot | WebSocket stale detectado (news). Forzando reconexion controlada.
2026-07-05 20:24:00 | WARNING | trading_bot | WebSocket stale detectado (trade_updates). Forzando reconexion controlada.
2026-07-05 20:24:00 | WARNING | trading_bot | WebSocket stale detectado (market-stocks). Forzando reconexion controlada.
2026-07-05 20:24:50 | WARNING | trading_bot | WebSocket stale detectado (news). Forzando reconexion controlada.
2026-07-05 20:24:50 | WARNING | trading_bot | WebSocket stale detectado (trade_updates). Forzando reconexion controlada.
2026-07-05 20:24:50 | WARNING | trading_bot | WebSocket stale detectado (market-stocks). Forzando reconexion controlada.
2026-07-05 20:25:40 | WARNING | trading_bot | WebSocket stale detectado (news). Forzando reconexion controlada.
2026-07-05 20:25:40 | WARNING | trading_bot | WebSocket stale detectado (trade_updates). Forzando reconexion controlada.
2026-07-05 20:25:40 | WARNING | trading_bot | WebSocket stale detectado (market-stocks). Forzando reconexion controlada.
2026-07-05 20:26:30 | WARNING | trading_bot | WebSocket stale detectado (news). Forzando reconexion controlada.
2026-07-05 20:26:30 | WARNING | trading_bot | WebSocket stale detectado (trade_updates). Forzando reconexion controlada.
2026-07-05 20:26:30 | WARNING | trading_bot | WebSocket stale detectado (market-stocks). Forzando reconexion controlada.
2026-07-05 20:27:20 | WARNING | trading_bot | WebSocket stale detectado (news). Forzando reconexion controlada.
2026-07-05 20:27:20 | WARNING | trading_bot | WebSocket stale detectado (trade_updates). Forzando reconexion controlada.
2026-07-05 20:27:20 | WARNING | trading_bot | WebSocket stale detectado (market-stocks). Forzando reconexion controlada.
2026-07-05 20:28:14 | WARNING | trading_bot | Alpaca devolvio barras vacias para AAPL (1m)
2026-07-05 20:28:14 | WARNING | trading_bot | Alpaca devolvio barras vacias para AAPL (5m)
2026-07-05 20:28:14 | WARNING | trading_bot | Alpaca devolvio barras vacias para AAPL (15m)
2026-07-05 20:29:04 | WARNING | trading_bot | WebSocket stale detectado (market-stocks). Forzando reconexion controlada.
2026-07-05 20:29:04 | WARNING | trading_bot | WebSocket stale detectado (news). Forzando reconexion controlada.
2026-07-05 20:29:04 | WARNING | trading_bot | WebSocket stale detectado (trade_updates). Forzando reconexion controlada.
2026-07-05 20:29:54 | WARNING | trading_bot | WebSocket stale detectado (market-stocks). Forzando reconexion controlada.
2026-07-05 20:29:54 | WARNING | trading_bot | WebSocket stale detectado (news). Forzando reconexion controlada.
2026-07-05 20:29:54 | WARNING | trading_bot | WebSocket stale detectado (trade_updates). Forzando reconexion controlada.
2026-07-05 20:30:44 | WARNING | trading_bot | WebSocket stale detectado (market-stocks). Forzando reconexion controlada.
2026-07-05 20:30:44 | WARNING | trading_bot | WebSocket stale detectado (news). Forzando reconexion controlada.
2026-07-05 20:30:44 | WARNING | trading_bot | WebSocket stale detectado (trade_updates). Forzando reconexion controlada.
2026-07-05 20:31:34 | WARNING | trading_bot | WebSocket stale detectado (market-stocks). Forzando reconexion controlada.
2026-07-05 20:31:34 | WARNING | trading_bot | WebSocket stale detectado (news). Forzando reconexion controlada.
2026-07-05 20:31:34 | WARNING | trading_bot | WebSocket stale detectado (trade_updates). Forzando reconexion controlada.
2026-07-05 20:32:24 | WARNING | trading_bot | WebSocket stale detectado (market-stocks). Forzando reconexion controlada.
2026-07-05 20:32:24 | WARNING | trading_bot | WebSocket stale detectado (news). Forzando reconexion controlada.
2026-07-05 20:32:24 | WARNING | trading_bot | WebSocket stale detectado (trade_updates). Forzando reconexion controlada.
2026-07-05 20:33:14 | WARNING | trading_bot | WebSocket stale detectado (news). Forzando reconexion controlada.
2026-07-05 20:33:14 | WARNING | trading_bot | WebSocket stale detectado (market-stocks). Forzando reconexion controlada.
2026-07-05 20:33:14 | WARNING | trading_bot | WebSocket stale detectado (trade_updates). Forzando reconexion controlada.
2026-07-05 20:33:51 | WARNING | trading_bot | Alpaca devolvio barras vacias para AAPL (1m)
2026-07-05 20:33:51 | WARNING | trading_bot | Alpaca devolvio barras vacias para AAPL (5m)
2026-07-05 20:33:51 | WARNING | trading_bot | Alpaca devolvio barras vacias para AAPL (15m)
2026-07-05 20:34:41 | WARNING | trading_bot | WebSocket stale detectado (market-stocks). Forzando reconexion controlada.
2026-07-05 20:34:41 | WARNING | trading_bot | WebSocket stale detectado (news). Forzando reconexion controlada.
2026-07-05 20:34:41 | WARNING | trading_bot | WebSocket stale detectado (trade_updates). Forzando reconexion controlada.
2026-07-05 20:35:31 | WARNING | trading_bot | WebSocket stale detectado (news). Forzando reconexion controlada.
2026-07-05 20:35:31 | WARNING | trading_bot | WebSocket stale detectado (trade_updates). Forzando reconexion controlada.
2026-07-05 20:35:31 | WARNING | trading_bot | WebSocket stale detectado (market-stocks). Forzando reconexion controlada.
2026-07-05 20:36:21 | WARNING | trading_bot | WebSocket stale detectado (news). Forzando reconexion controlada.
2026-07-05 20:36:21 | WARNING | trading_bot | WebSocket stale detectado (trade_updates). Forzando reconexion controlada.
2026-07-05 20:36:21 | WARNING | trading_bot | WebSocket stale detectado (market-stocks). Forzando reconexion controlada.
2026-07-05 20:37:11 | WARNING | trading_bot | WebSocket stale detectado (trade_updates). Forzando reconexion controlada.
2026-07-05 20:37:11 | WARNING | trading_bot | WebSocket stale detectado (news). Forzando reconexion controlada.
2026-07-05 20:37:11 | WARNING | trading_bot | WebSocket stale detectado (market-stocks). Forzando reconexion controlada.
2026-07-05 20:38:01 | WARNING | trading_bot | WebSocket stale detectado (trade_updates). Forzando reconexion controlada.
2026-07-05 20:38:01 | WARNING | trading_bot | WebSocket stale detectado (market-stocks). Forzando reconexion controlada.
2026-07-05 20:38:01 | WARNING | trading_bot | WebSocket stale detectado (news). Forzando reconexion controlada.
2026-07-05 20:38:51 | WARNING | trading_bot | WebSocket stale detectado (trade_updates). Forzando reconexion controlada.
2026-07-05 20:38:51 | WARNING | trading_bot | WebSocket stale detectado (market-stocks). Forzando reconexion controlada.
2026-07-05 20:38:51 | WARNING | trading_bot | WebSocket stale detectado (news). Forzando reconexion controlada.
2026-07-05 20:38:55 | WARNING | trading_bot | CRYPTO SOL/USD: Opening position with max_hold_time=30 minutes. Stop loss enabled.
2026-07-05 20:38:55 | WARNING | trading_bot | No se pudo crear salida inmediata para SOL/USD: 403 Client Error: Forbidden for url: https://paper-api.alpaca.markets/v2/orders
2026-07-05 20:39:16 | WARNING | trading_bot | CRYPTO SOL/USD: Opening position with max_hold_time=30 minutes. Stop loss enabled.
2026-07-05 20:39:17 | WARNING | trading_bot | No se pudo crear salida inmediata para SOL/USD: 403 Client Error: Forbidden for url: https://paper-api.alpaca.markets/v2/orders
2026-07-05 20:39:41 | WARNING | trading_bot | WebSocket stale detectado (trade_updates). Forzando reconexion controlada.
2026-07-05 20:39:41 | WARNING | trading_bot | WebSocket stale detectado (market-stocks). Forzando reconexion controlada.
2026-07-05 20:39:41 | WARNING | trading_bot | WebSocket stale detectado (news). Forzando reconexion controlada.
2026-07-05 20:40:32 | WARNING | trading_bot | WebSocket stale detectado (trade_updates). Forzando reconexion controlada.
2026-07-05 20:40:32 | WARNING | trading_bot | WebSocket stale detectado (market-stocks). Forzando reconexion controlada.
2026-07-05 20:40:32 | WARNING | trading_bot | WebSocket stale detectado (news). Forzando reconexion controlada.
2026-07-05 20:41:22 | WARNING | trading_bot | WebSocket stale detectado (trade_updates). Forzando reconexion controlada.
2026-07-05 20:41:22 | WARNING | trading_bot | WebSocket stale detectado (market-stocks). Forzando reconexion controlada.
2026-07-05 20:41:22 | WARNING | trading_bot | WebSocket stale detectado (news). Forzando reconexion controlada.
2026-07-05 20:42:12 | WARNING | trading_bot | WebSocket stale detectado (trade_updates). Forzando reconexion controlada.
2026-07-05 20:42:12 | WARNING | trading_bot | WebSocket stale detectado (market-stocks). Forzando reconexion controlada.
2026-07-05 20:42:12 | WARNING | trading_bot | WebSocket stale detectado (news). Forzando reconexion controlada.
2026-07-05 20:42:40 | WARNING | trading_bot | CRYPTO SOL/USD: Opening position with max_hold_time=30 minutes. Stop loss enabled.
2026-07-05 20:42:40 | WARNING | trading_bot | No se pudo crear salida inmediata para SOL/USD: 403 Client Error: Forbidden for url: https://paper-api.alpaca.markets/v2/orders
2026-07-05 20:43:02 | WARNING | trading_bot | CRYPTO SOL/USD: Opening position with max_hold_time=30 minutes. Stop loss enabled.
2026-07-05 20:43:02 | WARNING | trading_bot | WebSocket stale detectado (trade_updates). Forzando reconexion controlada.
2026-07-05 20:43:02 | WARNING | trading_bot | WebSocket stale detectado (market-stocks). Forzando reconexion controlada.
2026-07-05 20:43:02 | WARNING | trading_bot | WebSocket stale detectado (news). Forzando reconexion controlada.
2026-07-05 20:43:02 | WARNING | trading_bot | No se pudo crear salida inmediata para SOL/USD: 403 Client Error: Forbidden for url: https://paper-api.alpaca.markets/v2/orders
2026-07-05 20:43:52 | WARNING | trading_bot | WebSocket stale detectado (trade_updates). Forzando reconexion controlada.
2026-07-05 20:43:52 | WARNING | trading_bot | WebSocket stale detectado (market-stocks). Forzando reconexion controlada.
2026-07-05 20:43:52 | WARNING | trading_bot | WebSocket stale detectado (news). Forzando reconexion controlada.
2026-07-05 20:44:42 | WARNING | trading_bot | WebSocket stale detectado (trade_updates). Forzando reconexion controlada.
2026-07-05 20:44:42 | WARNING | trading_bot | WebSocket stale detectado (market-stocks). Forzando reconexion controlada.
2026-07-05 20:44:42 | WARNING | trading_bot | WebSocket stale detectado (news). Forzando reconexion controlada.
2026-07-05 20:45:32 | WARNING | trading_bot | WebSocket stale detectado (trade_updates). Forzando reconexion controlada.
2026-07-05 20:45:32 | WARNING | trading_bot | WebSocket stale detectado (market-stocks). Forzando reconexion controlada.
2026-07-05 20:45:32 | WARNING | trading_bot | WebSocket stale detectado (news). Forzando reconexion controlada.
2026-07-05 20:45:50 | WARNING | trading_bot | Alpaca devolvio barras vacias para AAPL (1m)
2026-07-05 20:45:50 | WARNING | trading_bot | Alpaca devolvio barras vacias para AAPL (5m)
2026-07-05 20:45:51 | WARNING | trading_bot | Alpaca devolvio barras vacias para AAPL (15m)
2026-07-05 20:46:40 | WARNING | trading_bot | WebSocket stale detectado (market-stocks). Forzando reconexion controlada.
2026-07-05 20:46:40 | WARNING | trading_bot | WebSocket stale detectado (news). Forzando reconexion controlada.
2026-07-05 20:46:40 | WARNING | trading_bot | WebSocket stale detectado (trade_updates). Forzando reconexion controlada.
2026-07-05 20:47:30 | WARNING | trading_bot | WebSocket stale detectado (market-stocks). Forzando reconexion controlada.
2026-07-05 20:47:30 | WARNING | trading_bot | WebSocket stale detectado (news). Forzando reconexion controlada.
2026-07-05 20:47:30 | WARNING | trading_bot | WebSocket stale detectado (trade_updates). Forzando reconexion controlada.
2026-07-05 20:48:20 | WARNING | trading_bot | WebSocket stale detectado (market-stocks). Forzando reconexion controlada.
2026-07-05 20:48:20 | WARNING | trading_bot | WebSocket stale detectado (news). Forzando reconexion controlada.
2026-07-05 20:48:20 | WARNING | trading_bot | WebSocket stale detectado (trade_updates). Forzando reconexion controlada.
2026-07-05 20:49:10 | WARNING | trading_bot | WebSocket stale detectado (market-stocks). Forzando reconexion controlada.
2026-07-05 20:49:10 | WARNING | trading_bot | WebSocket stale detectado (news). Forzando reconexion controlada.
2026-07-05 20:49:10 | WARNING | trading_bot | WebSocket stale detectado (trade_updates). Forzando reconexion controlada.
2026-07-05 20:50:14 | WARNING | trading_bot | Alpaca devolvio barras vacias para AAPL (1m)
2026-07-05 20:50:15 | WARNING | trading_bot | Alpaca devolvio barras vacias para AAPL (5m)
2026-07-05 20:50:15 | WARNING | trading_bot | Alpaca devolvio barras vacias para AAPL (15m)
2026-07-05 20:51:04 | WARNING | trading_bot | WebSocket stale detectado (market-stocks). Forzando reconexion controlada.
2026-07-05 20:51:04 | WARNING | trading_bot | WebSocket stale detectado (news). Forzando reconexion controlada.
2026-07-05 20:51:04 | WARNING | trading_bot | WebSocket stale detectado (trade_updates). Forzando reconexion controlada.
2026-07-05 20:51:54 | WARNING | trading_bot | WebSocket stale detectado (news). Forzando reconexion controlada.
2026-07-05 20:51:54 | WARNING | trading_bot | WebSocket stale detectado (trade_updates). Forzando reconexion controlada.
2026-07-05 20:51:54 | WARNING | trading_bot | WebSocket stale detectado (market-stocks). Forzando reconexion controlada.
2026-07-05 20:52:24 | WARNING | trading_bot | Alpaca devolvio barras vacias para AAPL (1m)
2026-07-05 20:52:24 | WARNING | trading_bot | Alpaca devolvio barras vacias para AAPL (5m)
2026-07-05 20:52:24 | WARNING | trading_bot | Alpaca devolvio barras vacias para AAPL (15m)
2026-07-05 20:53:14 | WARNING | trading_bot | WebSocket stale detectado (market-stocks). Forzando reconexion controlada.
2026-07-05 20:53:14 | WARNING | trading_bot | WebSocket stale detectado (news). Forzando reconexion controlada.
2026-07-05 20:53:14 | WARNING | trading_bot | WebSocket stale detectado (trade_updates). Forzando reconexion controlada.
2026-07-05 20:54:04 | WARNING | trading_bot | WebSocket stale detectado (market-stocks). Forzando reconexion controlada.
2026-07-05 20:54:04 | WARNING | trading_bot | WebSocket stale detectado (news). Forzando reconexion controlada.
2026-07-05 20:54:04 | WARNING | trading_bot | WebSocket stale detectado (trade_updates). Forzando reconexion controlada.
2026-07-05 20:54:54 | WARNING | trading_bot | WebSocket stale detectado (market-stocks). Forzando reconexion controlada.
2026-07-05 20:54:54 | WARNING | trading_bot | WebSocket stale detectado (news). Forzando reconexion controlada.
2026-07-05 20:54:54 | WARNING | trading_bot | WebSocket stale detectado (trade_updates). Forzando reconexion controlada.
2026-07-05 20:55:44 | WARNING | trading_bot | WebSocket stale detectado (market-stocks). Forzando reconexion controlada.
2026-07-05 20:55:44 | WARNING | trading_bot | WebSocket stale detectado (trade_updates). Forzando reconexion controlada.
2026-07-05 20:55:44 | WARNING | trading_bot | WebSocket stale detectado (news). Forzando reconexion controlada.
2026-07-05 20:56:34 | WARNING | trading_bot | WebSocket stale detectado (market-stocks). Forzando reconexion controlada.
2026-07-05 20:56:34 | WARNING | trading_bot | WebSocket stale detectado (trade_updates). Forzando reconexion controlada.
2026-07-05 20:56:34 | WARNING | trading_bot | WebSocket stale detectado (news). Forzando reconexion controlada.
2026-07-05 20:57:24 | WARNING | trading_bot | WebSocket stale detectado (market-stocks). Forzando reconexion controlada.
2026-07-05 20:57:24 | WARNING | trading_bot | WebSocket stale detectado (trade_updates). Forzando reconexion controlada.
2026-07-05 20:57:24 | WARNING | trading_bot | WebSocket stale detectado (news). Forzando reconexion controlada.
2026-07-05 20:58:14 | WARNING | trading_bot | WebSocket stale detectado (market-stocks). Forzando reconexion controlada.
2026-07-05 20:58:14 | WARNING | trading_bot | WebSocket stale detectado (trade_updates). Forzando reconexion controlada.
2026-07-05 20:58:14 | WARNING | trading_bot | WebSocket stale detectado (news). Forzando reconexion controlada.
2026-07-05 20:59:04 | WARNING | trading_bot | WebSocket stale detectado (market-stocks). Forzando reconexion controlada.
2026-07-05 20:59:04 | WARNING | trading_bot | WebSocket stale detectado (trade_updates). Forzando reconexion controlada.
2026-07-05 20:59:05 | WARNING | trading_bot | WebSocket stale detectado (news). Forzando reconexion controlada.
2026-07-05 20:59:55 | WARNING | trading_bot | WebSocket stale detectado (market-stocks). Forzando reconexion controlada.
2026-07-05 20:59:55 | WARNING | trading_bot | WebSocket stale detectado (trade_updates). Forzando reconexion controlada.
2026-07-05 20:59:55 | WARNING | trading_bot | WebSocket stale detectado (news). Forzando reconexion controlada.
2026-07-05 21:00:45 | WARNING | trading_bot | WebSocket stale detectado (market-stocks). Forzando reconexion controlada.
2026-07-05 21:00:45 | WARNING | trading_bot | WebSocket stale detectado (trade_updates). Forzando reconexion controlada.
2026-07-05 21:00:45 | WARNING | trading_bot | WebSocket stale detectado (news). Forzando reconexion controlada.
2026-07-05 21:01:35 | WARNING | trading_bot | WebSocket stale detectado (market-stocks). Forzando reconexion controlada.
2026-07-05 21:01:35 | WARNING | trading_bot | WebSocket stale detectado (news). Forzando reconexion controlada.
2026-07-05 21:01:35 | WARNING | trading_bot | WebSocket stale detectado (trade_updates). Forzando reconexion controlada.
2026-07-05 21:02:25 | WARNING | trading_bot | WebSocket stale detectado (market-stocks). Forzando reconexion controlada.
2026-07-05 21:02:25 | WARNING | trading_bot | WebSocket stale detectado (news). Forzando reconexion controlada.
2026-07-05 21:02:25 | WARNING | trading_bot | WebSocket stale detectado (trade_updates). Forzando reconexion controlada.
2026-07-05 21:02:29 | WARNING | trading_bot | Alpaca devolvio barras vacias para AAPL (1m)
2026-07-05 21:02:29 | WARNING | trading_bot | Alpaca devolvio barras vacias para AAPL (5m)
2026-07-05 21:02:29 | WARNING | trading_bot | Alpaca devolvio barras vacias para AAPL (15m)
2026-07-05 21:04:14 | WARNING | trading_bot | Alpaca devolvio barras vacias para AAPL (1m)
2026-07-05 21:04:14 | WARNING | trading_bot | Alpaca devolvio barras vacias para AAPL (5m)
2026-07-05 21:04:14 | WARNING | trading_bot | Alpaca devolvio barras vacias para AAPL (15m)
2026-07-05 21:04:15 | WARNING | trading_bot | Alpaca devolvio barras vacias para AAPL (1m)
2026-07-05 21:04:15 | WARNING | trading_bot | Alpaca devolvio barras vacias para AAPL (5m)
2026-07-05 21:04:15 | WARNING | trading_bot | Alpaca devolvio barras vacias para AAPL (15m)
2026-07-05 21:04:28 | WARNING | trading_bot | Alpaca devolvio barras vacias para AAPL (1m)
2026-07-05 21:04:28 | WARNING | trading_bot | Alpaca devolvio barras vacias para AAPL (5m)
2026-07-05 21:04:28 | WARNING | trading_bot | Alpaca devolvio barras vacias para AAPL (15m)
2026-07-05 21:04:38 | WARNING | trading_bot | Alpaca devolvio barras vacias para AAPL (1m)
2026-07-05 21:04:38 | WARNING | trading_bot | Alpaca devolvio barras vacias para AAPL (5m)
2026-07-05 21:04:38 | WARNING | trading_bot | Alpaca devolvio barras vacias para AAPL (15m)
2026-07-05 21:08:50 | WARNING | trading_bot | Alpaca devolvio barras vacias para AAPL (1m)
2026-07-05 21:08:50 | WARNING | trading_bot | Alpaca devolvio barras vacias para AAPL (5m)
2026-07-05 21:08:50 | WARNING | trading_bot | Alpaca devolvio barras vacias para AAPL (15m)
2026-07-05 21:09:09 | WARNING | trading_bot | Alpaca devolvio barras vacias para AAPL (1m)
2026-07-05 21:09:09 | WARNING | trading_bot | Alpaca devolvio barras vacias para AAPL (5m)
2026-07-05 21:09:09 | WARNING | trading_bot | Alpaca devolvio barras vacias para AAPL (15m)
2026-07-05 21:10:58 | WARNING | trading_bot | Alpaca devolvio barras vacias para AAPL (1m)
2026-07-05 21:10:58 | WARNING | trading_bot | Alpaca devolvio barras vacias para AAPL (5m)
2026-07-05 21:10:58 | WARNING | trading_bot | Alpaca devolvio barras vacias para AAPL (15m)
2026-07-05 21:11:48 | WARNING | trading_bot | WebSocket stale detectado (market-stocks). Forzando reconexion controlada.
2026-07-05 21:11:48 | WARNING | trading_bot | WebSocket stale detectado (news). Forzando reconexion controlada.
2026-07-05 21:11:48 | WARNING | trading_bot | WebSocket stale detectado (trade_updates). Forzando reconexion controlada.
2026-07-05 21:12:38 | WARNING | trading_bot | WebSocket stale detectado (market-stocks). Forzando reconexion controlada.
2026-07-05 21:12:38 | WARNING | trading_bot | WebSocket stale detectado (news). Forzando reconexion controlada.
2026-07-05 21:12:38 | WARNING | trading_bot | WebSocket stale detectado (trade_updates). Forzando reconexion controlada.
2026-07-05 21:13:23 | WARNING | trading_bot | Alpaca devolvio barras vacias para AAPL (1m)
2026-07-05 21:13:23 | WARNING | trading_bot | Alpaca devolvio barras vacias para AAPL (5m)
2026-07-05 21:13:23 | WARNING | trading_bot | Alpaca devolvio barras vacias para AAPL (15m)
2026-07-05 21:13:28 | WARNING | trading_bot | WebSocket stale detectado (news). Forzando reconexion controlada.
2026-07-05 21:13:28 | WARNING | trading_bot | WebSocket stale detectado (trade_updates). Forzando reconexion controlada.
2026-07-05 21:13:28 | WARNING | trading_bot | WebSocket stale detectado (market-stocks). Forzando reconexion controlada.
2026-07-05 21:13:32 | WARNING | trading_bot | Alpaca stream market-stocks error for Paper 2: Connection to remote host was lost.
2026-07-05 21:13:32 | WARNING | trading_bot | Alpaca stream news error for Paper 2: Connection to remote host was lost.
2026-07-05 21:13:32 | WARNING | trading_bot | Alpaca stream market-crypto error for Paper 2: Connection to remote host was lost.
2026-07-05 21:14:18 | WARNING | trading_bot | WebSocket stale detectado (news). Forzando reconexion controlada.
2026-07-05 21:14:18 | WARNING | trading_bot | WebSocket stale detectado (trade_updates). Forzando reconexion controlada.
2026-07-05 21:14:18 | WARNING | trading_bot | WebSocket stale detectado (market-stocks). Forzando reconexion controlada.
2026-07-05 21:15:08 | WARNING | trading_bot | WebSocket stale detectado (trade_updates). Forzando reconexion controlada.
2026-07-05 21:15:08 | WARNING | trading_bot | WebSocket stale detectado (news). Forzando reconexion controlada.
2026-07-05 21:15:08 | WARNING | trading_bot | WebSocket stale detectado (market-stocks). Forzando reconexion controlada.
2026-07-05 21:15:58 | WARNING | trading_bot | WebSocket stale detectado (trade_updates). Forzando reconexion controlada.
2026-07-05 21:15:58 | WARNING | trading_bot | WebSocket stale detectado (news). Forzando reconexion controlada.
2026-07-05 21:15:58 | WARNING | trading_bot | WebSocket stale detectado (market-stocks). Forzando reconexion controlada.
2026-07-05 21:16:04 | WARNING | trading_bot | Alpaca devolvio barras vacias para AAPL (1m)
2026-07-05 21:16:04 | WARNING | trading_bot | Alpaca devolvio barras vacias para AAPL (5m)
2026-07-05 21:16:04 | WARNING | trading_bot | Alpaca devolvio barras vacias para AAPL (15m)
2026-07-05 21:16:14 | WARNING | trading_bot | Alpaca stream market-crypto error for Paper 2: Connection to remote host was lost.
2026-07-05 21:16:14 | WARNING | trading_bot | Alpaca stream news error for Paper 2: Connection to remote host was lost.
2026-07-05 21:16:14 | WARNING | trading_bot | Alpaca stream market-stocks error for Paper 2: Connection to remote host was lost.
2026-07-05 21:16:48 | WARNING | trading_bot | WebSocket stale detectado (trade_updates). Forzando reconexion controlada.
2026-07-05 21:16:48 | WARNING | trading_bot | WebSocket stale detectado (news). Forzando reconexion controlada.
2026-07-05 21:16:48 | WARNING | trading_bot | WebSocket stale detectado (market-stocks). Forzando reconexion controlada.
2026-07-05 21:17:38 | WARNING | trading_bot | WebSocket stale detectado (trade_updates). Forzando reconexion controlada.
2026-07-05 21:17:38 | WARNING | trading_bot | WebSocket stale detectado (news). Forzando reconexion controlada.
2026-07-05 21:17:38 | WARNING | trading_bot | WebSocket stale detectado (market-stocks). Forzando reconexion controlada.
2026-07-05 21:18:28 | WARNING | trading_bot | WebSocket stale detectado (trade_updates). Forzando reconexion controlada.
2026-07-05 21:18:28 | WARNING | trading_bot | WebSocket stale detectado (news). Forzando reconexion controlada.
2026-07-05 21:18:28 | WARNING | trading_bot | WebSocket stale detectado (market-stocks). Forzando reconexion controlada.
2026-07-05 21:19:19 | WARNING | trading_bot | WebSocket stale detectado (trade_updates). Forzando reconexion controlada.
2026-07-05 21:19:19 | WARNING | trading_bot | WebSocket stale detectado (news). Forzando reconexion controlada.
2026-07-05 21:19:19 | WARNING | trading_bot | WebSocket stale detectado (market-stocks). Forzando reconexion controlada.
2026-07-05 21:20:09 | WARNING | trading_bot | WebSocket stale detectado (trade_updates). Forzando reconexion controlada.
2026-07-05 21:20:09 | WARNING | trading_bot | WebSocket stale detectado (news). Forzando reconexion controlada.
2026-07-05 21:20:09 | WARNING | trading_bot | WebSocket stale detectado (market-stocks). Forzando reconexion controlada.
2026-07-05 21:20:59 | WARNING | trading_bot | WebSocket stale detectado (trade_updates). Forzando reconexion controlada.
2026-07-05 21:20:59 | WARNING | trading_bot | WebSocket stale detectado (news). Forzando reconexion controlada.
2026-07-05 21:20:59 | WARNING | trading_bot | WebSocket stale detectado (market-stocks). Forzando reconexion controlada.
2026-07-05 21:21:49 | WARNING | trading_bot | WebSocket stale detectado (trade_updates). Forzando reconexion controlada.
2026-07-05 21:21:49 | WARNING | trading_bot | WebSocket stale detectado (news). Forzando reconexion controlada.
2026-07-05 21:21:49 | WARNING | trading_bot | WebSocket stale detectado (market-stocks). Forzando reconexion controlada.
2026-07-05 21:22:39 | WARNING | trading_bot | WebSocket stale detectado (news). Forzando reconexion controlada.
2026-07-05 21:22:39 | WARNING | trading_bot | WebSocket stale detectado (trade_updates). Forzando reconexion controlada.
2026-07-05 21:22:39 | WARNING | trading_bot | WebSocket stale detectado (market-stocks). Forzando reconexion controlada.
2026-07-05 21:23:29 | WARNING | trading_bot | WebSocket stale detectado (news). Forzando reconexion controlada.
2026-07-05 21:23:29 | WARNING | trading_bot | WebSocket stale detectado (trade_updates). Forzando reconexion controlada.
2026-07-05 21:23:29 | WARNING | trading_bot | WebSocket stale detectado (market-stocks). Forzando reconexion controlada.
2026-07-05 21:24:19 | WARNING | trading_bot | WebSocket stale detectado (news). Forzando reconexion controlada.
2026-07-05 21:24:19 | WARNING | trading_bot | WebSocket stale detectado (market-stocks). Forzando reconexion controlada.
2026-07-05 21:24:19 | WARNING | trading_bot | WebSocket stale detectado (trade_updates). Forzando reconexion controlada.
2026-07-05 21:25:09 | WARNING | trading_bot | WebSocket stale detectado (news). Forzando reconexion controlada.
2026-07-05 21:25:09 | WARNING | trading_bot | WebSocket stale detectado (market-stocks). Forzando reconexion controlada.
2026-07-05 21:25:09 | WARNING | trading_bot | WebSocket stale detectado (trade_updates). Forzando reconexion controlada.
2026-07-05 21:25:59 | WARNING | trading_bot | WebSocket stale detectado (news). Forzando reconexion controlada.
2026-07-05 21:25:59 | WARNING | trading_bot | WebSocket stale detectado (trade_updates). Forzando reconexion controlada.
2026-07-05 21:25:59 | WARNING | trading_bot | WebSocket stale detectado (market-stocks). Forzando reconexion controlada.
2026-07-05 21:26:49 | WARNING | trading_bot | WebSocket stale detectado (trade_updates). Forzando reconexion controlada.
2026-07-05 21:26:49 | WARNING | trading_bot | WebSocket stale detectado (news). Forzando reconexion controlada.
2026-07-05 21:26:49 | WARNING | trading_bot | WebSocket stale detectado (market-stocks). Forzando reconexion controlada.
2026-07-05 21:27:39 | WARNING | trading_bot | WebSocket stale detectado (trade_updates). Forzando reconexion controlada.
2026-07-05 21:27:39 | WARNING | trading_bot | WebSocket stale detectado (news). Forzando reconexion controlada.
2026-07-05 21:27:39 | WARNING | trading_bot | WebSocket stale detectado (market-stocks). Forzando reconexion controlada.
2026-07-05 21:28:29 | WARNING | trading_bot | WebSocket stale detectado (trade_updates). Forzando reconexion controlada.
2026-07-05 21:28:29 | WARNING | trading_bot | WebSocket stale detectado (news). Forzando reconexion controlada.
2026-07-05 21:28:29 | WARNING | trading_bot | WebSocket stale detectado (market-stocks). Forzando reconexion controlada.
2026-07-05 21:29:19 | WARNING | trading_bot | WebSocket stale detectado (trade_updates). Forzando reconexion controlada.
2026-07-05 21:29:19 | WARNING | trading_bot | WebSocket stale detectado (news). Forzando reconexion controlada.
2026-07-05 21:29:19 | WARNING | trading_bot | WebSocket stale detectado (market-stocks). Forzando reconexion controlada.
2026-07-05 21:30:09 | WARNING | trading_bot | WebSocket stale detectado (trade_updates). Forzando reconexion controlada.
2026-07-05 21:30:09 | WARNING | trading_bot | WebSocket stale detectado (news). Forzando reconexion controlada.
2026-07-05 21:30:09 | WARNING | trading_bot | WebSocket stale detectado (market-stocks). Forzando reconexion controlada.
2026-07-05 21:30:59 | WARNING | trading_bot | WebSocket stale detectado (trade_updates). Forzando reconexion controlada.
2026-07-05 21:30:59 | WARNING | trading_bot | WebSocket stale detectado (news). Forzando reconexion controlada.
2026-07-05 21:30:59 | WARNING | trading_bot | WebSocket stale detectado (market-stocks). Forzando reconexion controlada.
2026-07-05 21:31:49 | WARNING | trading_bot | WebSocket stale detectado (trade_updates). Forzando reconexion controlada.
2026-07-05 21:31:49 | WARNING | trading_bot | WebSocket stale detectado (news). Forzando reconexion controlada.
2026-07-05 21:31:49 | WARNING | trading_bot | WebSocket stale detectado (market-stocks). Forzando reconexion controlada.
2026-07-05 21:32:39 | WARNING | trading_bot | WebSocket stale detectado (trade_updates). Forzando reconexion controlada.
2026-07-05 21:32:39 | WARNING | trading_bot | WebSocket stale detectado (news). Forzando reconexion controlada.
2026-07-05 21:32:39 | WARNING | trading_bot | WebSocket stale detectado (market-stocks). Forzando reconexion controlada.
2026-07-05 21:33:30 | WARNING | trading_bot | WebSocket stale detectado (trade_updates). Forzando reconexion controlada.
2026-07-05 21:33:30 | WARNING | trading_bot | WebSocket stale detectado (news). Forzando reconexion controlada.
2026-07-05 21:33:30 | WARNING | trading_bot | WebSocket stale detectado (market-stocks). Forzando reconexion controlada.
2026-07-05 21:34:20 | WARNING | trading_bot | WebSocket stale detectado (trade_updates). Forzando reconexion controlada.
2026-07-05 21:34:20 | WARNING | trading_bot | WebSocket stale detectado (news). Forzando reconexion controlada.
2026-07-05 21:34:20 | WARNING | trading_bot | WebSocket stale detectado (market-stocks). Forzando reconexion controlada.
2026-07-05 21:35:10 | WARNING | trading_bot | WebSocket stale detectado (news). Forzando reconexion controlada.
2026-07-05 21:35:10 | WARNING | trading_bot | WebSocket stale detectado (market-stocks). Forzando reconexion controlada.
2026-07-05 21:35:10 | WARNING | trading_bot | WebSocket stale detectado (trade_updates). Forzando reconexion controlada.
2026-07-05 21:36:00 | WARNING | trading_bot | WebSocket stale detectado (news). Forzando reconexion controlada.
2026-07-05 21:36:00 | WARNING | trading_bot | WebSocket stale detectado (market-stocks). Forzando reconexion controlada.
2026-07-05 21:36:00 | WARNING | trading_bot | WebSocket stale detectado (trade_updates). Forzando reconexion controlada.
2026-07-05 21:36:50 | WARNING | trading_bot | WebSocket stale detectado (news). Forzando reconexion controlada.
2026-07-05 21:36:50 | WARNING | trading_bot | WebSocket stale detectado (market-stocks). Forzando reconexion controlada.
2026-07-05 21:36:50 | WARNING | trading_bot | WebSocket stale detectado (trade_updates). Forzando reconexion controlada.
2026-07-05 21:37:40 | WARNING | trading_bot | WebSocket stale detectado (news). Forzando reconexion controlada.
2026-07-05 21:37:40 | WARNING | trading_bot | WebSocket stale detectado (market-stocks). Forzando reconexion controlada.
2026-07-05 21:37:40 | WARNING | trading_bot | WebSocket stale detectado (trade_updates). Forzando reconexion controlada.
2026-07-05 21:38:30 | WARNING | trading_bot | WebSocket stale detectado (news). Forzando reconexion controlada.
2026-07-05 21:38:30 | WARNING | trading_bot | WebSocket stale detectado (market-stocks). Forzando reconexion controlada.
2026-07-05 21:38:30 | WARNING | trading_bot | WebSocket stale detectado (trade_updates). Forzando reconexion controlada.
2026-07-05 21:39:20 | WARNING | trading_bot | WebSocket stale detectado (news). Forzando reconexion controlada.
2026-07-05 21:39:20 | WARNING | trading_bot | WebSocket stale detectado (market-stocks). Forzando reconexion controlada.
2026-07-05 21:39:20 | WARNING | trading_bot | WebSocket stale detectado (trade_updates). Forzando reconexion controlada.
2026-07-05 21:40:10 | WARNING | trading_bot | WebSocket stale detectado (news). Forzando reconexion controlada.
2026-07-05 21:40:10 | WARNING | trading_bot | WebSocket stale detectado (market-stocks). Forzando reconexion controlada.
2026-07-05 21:40:10 | WARNING | trading_bot | WebSocket stale detectado (trade_updates). Forzando reconexion controlada.
2026-07-05 21:41:00 | WARNING | trading_bot | WebSocket stale detectado (news). Forzando reconexion controlada.
2026-07-05 21:41:00 | WARNING | trading_bot | WebSocket stale detectado (market-stocks). Forzando reconexion controlada.
2026-07-05 21:41:00 | WARNING | trading_bot | WebSocket stale detectado (trade_updates). Forzando reconexion controlada.
2026-07-05 21:41:50 | WARNING | trading_bot | WebSocket stale detectado (news). Forzando reconexion controlada.
2026-07-05 21:41:50 | WARNING | trading_bot | WebSocket stale detectado (market-stocks). Forzando reconexion controlada.
2026-07-05 21:41:50 | WARNING | trading_bot | WebSocket stale detectado (trade_updates). Forzando reconexion controlada.
2026-07-05 21:42:40 | WARNING | trading_bot | WebSocket stale detectado (news). Forzando reconexion controlada.
2026-07-05 21:42:40 | WARNING | trading_bot | WebSocket stale detectado (market-stocks). Forzando reconexion controlada.
2026-07-05 21:42:40 | WARNING | trading_bot | WebSocket stale detectado (trade_updates). Forzando reconexion controlada.
2026-07-05 21:43:14 | WARNING | trading_bot | Alpaca devolvio barras vacias para AAPL (1m)
2026-07-05 21:43:14 | WARNING | trading_bot | Alpaca devolvio barras vacias para AAPL (5m)
2026-07-05 21:43:14 | WARNING | trading_bot | Alpaca devolvio barras vacias para AAPL (15m)
2026-07-05 21:44:04 | WARNING | trading_bot | WebSocket stale detectado (market-stocks). Forzando reconexion controlada.
2026-07-05 21:44:04 | WARNING | trading_bot | WebSocket stale detectado (news). Forzando reconexion controlada.
2026-07-05 21:44:04 | WARNING | trading_bot | WebSocket stale detectado (trade_updates). Forzando reconexion controlada.
2026-07-05 21:44:06 | WARNING | trading_bot | Alpaca devolvio barras vacias para AAPL (1m)
2026-07-05 21:44:06 | WARNING | trading_bot | Alpaca devolvio barras vacias para AAPL (5m)
2026-07-05 21:44:06 | WARNING | trading_bot | Alpaca devolvio barras vacias para AAPL (15m)
2026-07-05 21:44:56 | WARNING | trading_bot | WebSocket stale detectado (market-stocks). Forzando reconexion controlada.
2026-07-05 21:44:56 | WARNING | trading_bot | WebSocket stale detectado (news). Forzando reconexion controlada.
2026-07-05 21:44:56 | WARNING | trading_bot | WebSocket stale detectado (trade_updates). Forzando reconexion controlada.
2026-07-05 21:45:46 | WARNING | trading_bot | WebSocket stale detectado (market-stocks). Forzando reconexion controlada.
2026-07-05 21:45:46 | WARNING | trading_bot | WebSocket stale detectado (trade_updates). Forzando reconexion controlada.
2026-07-05 21:45:46 | WARNING | trading_bot | WebSocket stale detectado (news). Forzando reconexion controlada.
2026-07-05 21:46:36 | WARNING | trading_bot | WebSocket stale detectado (trade_updates). Forzando reconexion controlada.
2026-07-05 21:46:36 | WARNING | trading_bot | WebSocket stale detectado (news). Forzando reconexion controlada.
2026-07-05 21:46:36 | WARNING | trading_bot | WebSocket stale detectado (market-stocks). Forzando reconexion controlada.
2026-07-05 21:47:26 | WARNING | trading_bot | WebSocket stale detectado (trade_updates). Forzando reconexion controlada.
2026-07-05 21:47:26 | WARNING | trading_bot | WebSocket stale detectado (news). Forzando reconexion controlada.
2026-07-05 21:47:26 | WARNING | trading_bot | WebSocket stale detectado (market-stocks). Forzando reconexion controlada.
2026-07-05 21:48:16 | WARNING | trading_bot | WebSocket stale detectado (news). Forzando reconexion controlada.
2026-07-05 21:48:16 | WARNING | trading_bot | WebSocket stale detectado (trade_updates). Forzando reconexion controlada.
2026-07-05 21:48:16 | WARNING | trading_bot | WebSocket stale detectado (market-stocks). Forzando reconexion controlada.
2026-07-05 21:48:25 | WARNING | trading_bot | Alpaca devolvio barras vacias para AAPL (1m)
2026-07-05 21:48:25 | WARNING | trading_bot | Alpaca devolvio barras vacias para AAPL (5m)
2026-07-05 21:48:25 | WARNING | trading_bot | Alpaca devolvio barras vacias para AAPL (15m)
2026-07-05 21:49:14 | WARNING | trading_bot | WebSocket stale detectado (market-stocks). Forzando reconexion controlada.
2026-07-05 21:49:14 | WARNING | trading_bot | WebSocket stale detectado (news). Forzando reconexion controlada.
2026-07-05 21:49:14 | WARNING | trading_bot | WebSocket stale detectado (trade_updates). Forzando reconexion controlada.
2026-07-05 21:50:04 | WARNING | trading_bot | WebSocket stale detectado (market-stocks). Forzando reconexion controlada.
2026-07-05 21:50:04 | WARNING | trading_bot | WebSocket stale detectado (news). Forzando reconexion controlada.
2026-07-05 21:50:04 | WARNING | trading_bot | WebSocket stale detectado (trade_updates). Forzando reconexion controlada.
2026-07-05 21:50:54 | WARNING | trading_bot | WebSocket stale detectado (market-stocks). Forzando reconexion controlada.
2026-07-05 21:50:54 | WARNING | trading_bot | WebSocket stale detectado (news). Forzando reconexion controlada.
2026-07-05 21:50:55 | WARNING | trading_bot | WebSocket stale detectado (trade_updates). Forzando reconexion controlada.
2026-07-05 21:51:45 | WARNING | trading_bot | WebSocket stale detectado (market-stocks). Forzando reconexion controlada.
2026-07-05 21:51:45 | WARNING | trading_bot | WebSocket stale detectado (news). Forzando reconexion controlada.
2026-07-05 21:51:45 | WARNING | trading_bot | WebSocket stale detectado (trade_updates). Forzando reconexion controlada.
2026-07-05 21:52:35 | WARNING | trading_bot | WebSocket stale detectado (news). Forzando reconexion controlada.
2026-07-05 21:52:35 | WARNING | trading_bot | WebSocket stale detectado (trade_updates). Forzando reconexion controlada.
2026-07-05 21:52:35 | WARNING | trading_bot | WebSocket stale detectado (market-stocks). Forzando reconexion controlada.
2026-07-05 21:53:25 | WARNING | trading_bot | WebSocket stale detectado (trade_updates). Forzando reconexion controlada.
2026-07-05 21:53:25 | WARNING | trading_bot | WebSocket stale detectado (market-stocks). Forzando reconexion controlada.
2026-07-05 21:53:30 | WARNING | trading_bot | WebSocket stale detectado (news). Forzando reconexion controlada.
2026-07-05 21:54:15 | WARNING | trading_bot | WebSocket stale detectado (trade_updates). Forzando reconexion controlada.
2026-07-05 21:54:15 | WARNING | trading_bot | WebSocket stale detectado (market-stocks). Forzando reconexion controlada.
2026-07-05 21:54:20 | WARNING | trading_bot | WebSocket stale detectado (news). Forzando reconexion controlada.
2026-07-05 21:55:05 | WARNING | trading_bot | WebSocket stale detectado (trade_updates). Forzando reconexion controlada.
2026-07-05 21:55:05 | WARNING | trading_bot | WebSocket stale detectado (market-stocks). Forzando reconexion controlada.
2026-07-05 21:55:10 | WARNING | trading_bot | WebSocket stale detectado (news). Forzando reconexion controlada.
2026-07-05 21:55:55 | WARNING | trading_bot | WebSocket stale detectado (trade_updates). Forzando reconexion controlada.
2026-07-05 21:55:55 | WARNING | trading_bot | WebSocket stale detectado (market-stocks). Forzando reconexion controlada.
2026-07-05 21:56:00 | WARNING | trading_bot | WebSocket stale detectado (news). Forzando reconexion controlada.
2026-07-05 21:56:45 | WARNING | trading_bot | WebSocket stale detectado (trade_updates). Forzando reconexion controlada.
2026-07-05 21:56:45 | WARNING | trading_bot | WebSocket stale detectado (market-stocks). Forzando reconexion controlada.
2026-07-05 21:56:50 | WARNING | trading_bot | WebSocket stale detectado (news). Forzando reconexion controlada.
2026-07-05 21:57:35 | WARNING | trading_bot | WebSocket stale detectado (trade_updates). Forzando reconexion controlada.
2026-07-05 21:57:35 | WARNING | trading_bot | WebSocket stale detectado (market-stocks). Forzando reconexion controlada.
2026-07-05 21:57:40 | WARNING | trading_bot | WebSocket stale detectado (news). Forzando reconexion controlada.
2026-07-05 21:58:25 | WARNING | trading_bot | WebSocket stale detectado (trade_updates). Forzando reconexion controlada.
2026-07-05 21:58:25 | WARNING | trading_bot | WebSocket stale detectado (market-stocks). Forzando reconexion controlada.
2026-07-05 21:58:30 | WARNING | trading_bot | WebSocket stale detectado (news). Forzando reconexion controlada.
2026-07-05 21:59:15 | WARNING | trading_bot | WebSocket stale detectado (trade_updates). Forzando reconexion controlada.
2026-07-05 21:59:15 | WARNING | trading_bot | WebSocket stale detectado (market-stocks). Forzando reconexion controlada.
2026-07-05 21:59:20 | WARNING | trading_bot | WebSocket stale detectado (news). Forzando reconexion controlada.
2026-07-05 22:00:05 | WARNING | trading_bot | WebSocket stale detectado (market-stocks). Forzando reconexion controlada.
2026-07-05 22:00:05 | WARNING | trading_bot | WebSocket stale detectado (trade_updates). Forzando reconexion controlada.
2026-07-05 22:00:10 | WARNING | trading_bot | WebSocket stale detectado (news). Forzando reconexion controlada.
2026-07-05 22:00:55 | WARNING | trading_bot | WebSocket stale detectado (market-stocks). Forzando reconexion controlada.
2026-07-05 22:00:55 | WARNING | trading_bot | WebSocket stale detectado (trade_updates). Forzando reconexion controlada.
2026-07-05 22:01:00 | WARNING | trading_bot | WebSocket stale detectado (news). Forzando reconexion controlada.
2026-07-05 22:01:45 | WARNING | trading_bot | WebSocket stale detectado (market-stocks). Forzando reconexion controlada.
2026-07-05 22:01:45 | WARNING | trading_bot | WebSocket stale detectado (trade_updates). Forzando reconexion controlada.
2026-07-05 22:01:50 | WARNING | trading_bot | WebSocket stale detectado (news). Forzando reconexion controlada.
2026-07-05 22:02:35 | WARNING | trading_bot | WebSocket stale detectado (market-stocks). Forzando reconexion controlada.
2026-07-05 22:02:35 | WARNING | trading_bot | WebSocket stale detectado (trade_updates). Forzando reconexion controlada.
2026-07-05 22:02:40 | WARNING | trading_bot | WebSocket stale detectado (news). Forzando reconexion controlada.
2026-07-05 22:03:25 | WARNING | trading_bot | WebSocket stale detectado (market-stocks). Forzando reconexion controlada.
2026-07-05 22:03:26 | WARNING | trading_bot | WebSocket stale detectado (trade_updates). Forzando reconexion controlada.
2026-07-05 22:03:31 | WARNING | trading_bot | WebSocket stale detectado (news). Forzando reconexion controlada.
2026-07-05 22:04:16 | WARNING | trading_bot | WebSocket stale detectado (market-stocks). Forzando reconexion controlada.
2026-07-05 22:04:16 | WARNING | trading_bot | WebSocket stale detectado (trade_updates). Forzando reconexion controlada.
2026-07-05 22:04:21 | WARNING | trading_bot | WebSocket stale detectado (news). Forzando reconexion controlada.
2026-07-05 22:05:06 | WARNING | trading_bot | WebSocket stale detectado (market-stocks). Forzando reconexion controlada.
2026-07-05 22:05:06 | WARNING | trading_bot | WebSocket stale detectado (trade_updates). Forzando reconexion controlada.
2026-07-05 22:05:11 | WARNING | trading_bot | WebSocket stale detectado (news). Forzando reconexion controlada.
2026-07-05 22:05:18 | WARNING | trading_bot | Alpaca devolvio barras vacias para AAPL (1m)
2026-07-05 22:05:18 | WARNING | trading_bot | Alpaca devolvio barras vacias para AAPL (5m)
2026-07-05 22:05:18 | WARNING | trading_bot | Alpaca devolvio barras vacias para AAPL (15m)
2026-07-05 22:06:07 | WARNING | trading_bot | WebSocket stale detectado (market-stocks). Forzando reconexion controlada.
2026-07-05 22:06:07 | WARNING | trading_bot | WebSocket stale detectado (news). Forzando reconexion controlada.
2026-07-05 22:06:08 | WARNING | trading_bot | WebSocket stale detectado (trade_updates). Forzando reconexion controlada.
2026-07-05 22:06:58 | WARNING | trading_bot | WebSocket stale detectado (market-stocks). Forzando reconexion controlada.
2026-07-05 22:06:58 | WARNING | trading_bot | WebSocket stale detectado (trade_updates). Forzando reconexion controlada.
2026-07-05 22:06:58 | WARNING | trading_bot | WebSocket stale detectado (news). Forzando reconexion controlada.
2026-07-05 22:07:48 | WARNING | trading_bot | WebSocket stale detectado (market-stocks). Forzando reconexion controlada.
2026-07-05 22:07:48 | WARNING | trading_bot | WebSocket stale detectado (trade_updates). Forzando reconexion controlada.
2026-07-05 22:07:48 | WARNING | trading_bot | WebSocket stale detectado (news). Forzando reconexion controlada.
2026-07-05 22:08:38 | WARNING | trading_bot | WebSocket stale detectado (market-stocks). Forzando reconexion controlada.
2026-07-05 22:08:38 | WARNING | trading_bot | WebSocket stale detectado (trade_updates). Forzando reconexion controlada.
2026-07-05 22:08:38 | WARNING | trading_bot | WebSocket stale detectado (news). Forzando reconexion controlada.
2026-07-05 22:09:28 | WARNING | trading_bot | WebSocket stale detectado (market-stocks). Forzando reconexion controlada.
2026-07-05 22:09:28 | WARNING | trading_bot | WebSocket stale detectado (trade_updates). Forzando reconexion controlada.
2026-07-05 22:10:13 | WARNING | trading_bot | WebSocket stale detectado (news). Forzando reconexion controlada.
2026-07-05 22:10:18 | WARNING | trading_bot | WebSocket stale detectado (news). Forzando reconexion controlada.
2026-07-05 22:10:18 | WARNING | trading_bot | WebSocket stale detectado (market-stocks). Forzando reconexion controlada.
2026-07-05 22:10:18 | WARNING | trading_bot | WebSocket stale detectado (trade_updates). Forzando reconexion controlada.
2026-07-05 22:10:31 | WARNING | trading_bot | Alpaca devolvio barras vacias para AAPL (1m)
2026-07-05 22:10:31 | WARNING | trading_bot | Alpaca devolvio barras vacias para AAPL (5m)
2026-07-05 22:10:31 | WARNING | trading_bot | Alpaca devolvio barras vacias para AAPL (15m)
2026-07-05 22:11:21 | WARNING | trading_bot | WebSocket stale detectado (market-stocks). Forzando reconexion controlada.
2026-07-05 22:11:21 | WARNING | trading_bot | WebSocket stale detectado (news). Forzando reconexion controlada.
2026-07-05 22:11:21 | WARNING | trading_bot | WebSocket stale detectado (trade_updates). Forzando reconexion controlada.
2026-07-05 22:12:11 | WARNING | trading_bot | WebSocket stale detectado (market-stocks). Forzando reconexion controlada.
2026-07-05 22:12:11 | WARNING | trading_bot | WebSocket stale detectado (news). Forzando reconexion controlada.
2026-07-05 22:12:11 | WARNING | trading_bot | WebSocket stale detectado (trade_updates). Forzando reconexion controlada.
2026-07-05 22:13:01 | WARNING | trading_bot | WebSocket stale detectado (market-stocks). Forzando reconexion controlada.
2026-07-05 22:13:01 | WARNING | trading_bot | WebSocket stale detectado (news). Forzando reconexion controlada.
2026-07-05 22:13:01 | WARNING | trading_bot | WebSocket stale detectado (trade_updates). Forzando reconexion controlada.
2026-07-05 22:13:51 | WARNING | trading_bot | WebSocket stale detectado (news). Forzando reconexion controlada.
2026-07-05 22:13:51 | WARNING | trading_bot | WebSocket stale detectado (trade_updates). Forzando reconexion controlada.
2026-07-05 22:13:51 | WARNING | trading_bot | WebSocket stale detectado (market-stocks). Forzando reconexion controlada.
2026-07-05 22:14:41 | WARNING | trading_bot | WebSocket stale detectado (news). Forzando reconexion controlada.
2026-07-05 22:14:41 | WARNING | trading_bot | WebSocket stale detectado (trade_updates). Forzando reconexion controlada.
2026-07-05 22:14:41 | WARNING | trading_bot | WebSocket stale detectado (market-stocks). Forzando reconexion controlada.
2026-07-05 22:15:31 | WARNING | trading_bot | WebSocket stale detectado (news). Forzando reconexion controlada.
2026-07-05 22:15:31 | WARNING | trading_bot | WebSocket stale detectado (trade_updates). Forzando reconexion controlada.
2026-07-05 22:15:31 | WARNING | trading_bot | WebSocket stale detectado (market-stocks). Forzando reconexion controlada.
2026-07-05 22:16:21 | WARNING | trading_bot | WebSocket stale detectado (news). Forzando reconexion controlada.
2026-07-05 22:16:21 | WARNING | trading_bot | WebSocket stale detectado (trade_updates). Forzando reconexion controlada.
2026-07-05 22:16:21 | WARNING | trading_bot | WebSocket stale detectado (market-stocks). Forzando reconexion controlada.
2026-07-05 22:16:47 | WARNING | trading_bot | Alpaca devolvio barras vacias para AAPL (1m)
2026-07-05 22:16:47 | WARNING | trading_bot | Alpaca devolvio barras vacias para AAPL (5m)
2026-07-05 22:16:47 | WARNING | trading_bot | Alpaca devolvio barras vacias para AAPL (15m)
2026-07-05 22:17:37 | WARNING | trading_bot | WebSocket stale detectado (market-stocks). Forzando reconexion controlada.
2026-07-05 22:17:37 | WARNING | trading_bot | WebSocket stale detectado (news). Forzando reconexion controlada.
2026-07-05 22:17:37 | WARNING | trading_bot | WebSocket stale detectado (trade_updates). Forzando reconexion controlada.
2026-07-05 22:18:27 | WARNING | trading_bot | WebSocket stale detectado (news). Forzando reconexion controlada.
2026-07-05 22:18:27 | WARNING | trading_bot | WebSocket stale detectado (trade_updates). Forzando reconexion controlada.
2026-07-05 22:18:27 | WARNING | trading_bot | WebSocket stale detectado (market-stocks). Forzando reconexion controlada.
2026-07-05 22:19:17 | WARNING | trading_bot | WebSocket stale detectado (trade_updates). Forzando reconexion controlada.
2026-07-05 22:19:17 | WARNING | trading_bot | WebSocket stale detectado (market-stocks). Forzando reconexion controlada.
2026-07-05 22:19:17 | WARNING | trading_bot | WebSocket stale detectado (news). Forzando reconexion controlada.
2026-07-05 22:20:07 | WARNING | trading_bot | WebSocket stale detectado (trade_updates). Forzando reconexion controlada.
2026-07-05 22:20:07 | WARNING | trading_bot | WebSocket stale detectado (market-stocks). Forzando reconexion controlada.
2026-07-05 22:20:07 | WARNING | trading_bot | WebSocket stale detectado (news). Forzando reconexion controlada.
2026-07-05 22:20:57 | WARNING | trading_bot | WebSocket stale detectado (trade_updates). Forzando reconexion controlada.
2026-07-05 22:20:57 | WARNING | trading_bot | WebSocket stale detectado (market-stocks). Forzando reconexion controlada.
2026-07-05 22:20:57 | WARNING | trading_bot | WebSocket stale detectado (news). Forzando reconexion controlada.
2026-07-05 22:21:47 | WARNING | trading_bot | WebSocket stale detectado (trade_updates). Forzando reconexion controlada.
2026-07-05 22:21:47 | WARNING | trading_bot | WebSocket stale detectado (market-stocks). Forzando reconexion controlada.
2026-07-05 22:21:47 | WARNING | trading_bot | WebSocket stale detectado (news). Forzando reconexion controlada.
2026-07-05 22:22:37 | WARNING | trading_bot | WebSocket stale detectado (trade_updates). Forzando reconexion controlada.
2026-07-05 22:22:37 | WARNING | trading_bot | WebSocket stale detectado (market-stocks). Forzando reconexion controlada.
2026-07-05 22:22:37 | WARNING | trading_bot | WebSocket stale detectado (news). Forzando reconexion controlada.
2026-07-05 22:23:27 | WARNING | trading_bot | WebSocket stale detectado (trade_updates). Forzando reconexion controlada.
2026-07-05 22:23:27 | WARNING | trading_bot | WebSocket stale detectado (market-stocks). Forzando reconexion controlada.
2026-07-05 22:23:27 | WARNING | trading_bot | WebSocket stale detectado (news). Forzando reconexion controlada.
2026-07-05 22:23:41 | WARNING | volume-smoke | Using fallback REST bars for SOL/USDC
2026-07-05 22:24:17 | WARNING | trading_bot | WebSocket stale detectado (trade_updates). Forzando reconexion controlada.
2026-07-05 22:24:17 | WARNING | trading_bot | WebSocket stale detectado (market-stocks). Forzando reconexion controlada.
2026-07-05 22:24:17 | WARNING | trading_bot | WebSocket stale detectado (news). Forzando reconexion controlada.
2026-07-05 22:24:20 | WARNING | trading_bot | Alpaca devolvio barras vacias para AAPL (1m)
2026-07-05 22:24:20 | WARNING | trading_bot | Alpaca devolvio barras vacias para AAPL (5m)
2026-07-05 22:24:20 | WARNING | trading_bot | Alpaca devolvio barras vacias para AAPL (15m)
2026-07-05 22:24:21 | WARNING | trading_bot | Using fallback REST bars for AVAX/USD
2026-07-05 22:24:21 | WARNING | trading_bot | Using fallback REST bars for BTC/USD
2026-07-05 22:24:22 | WARNING | trading_bot | Using fallback REST bars for DOGE/USD
2026-07-05 22:24:22 | WARNING | trading_bot | Using fallback REST bars for ETH/USD
2026-07-05 22:24:23 | WARNING | trading_bot | Using fallback REST bars for LINK/USD
2026-07-05 22:24:23 | WARNING | trading_bot | Using fallback REST bars for SOL/USD
2026-07-05 22:24:24 | WARNING | trading_bot | Using fallback REST bars for XRP/USD
2026-07-05 22:24:36 | WARNING | trading_bot | Using fallback REST bars for SOL/USDC
2026-07-05 22:25:09 | WARNING | trading_bot | WebSocket stale detectado (market-stocks). Forzando reconexion controlada.
2026-07-05 22:25:09 | WARNING | trading_bot | WebSocket stale detectado (news). Forzando reconexion controlada.
2026-07-05 22:25:09 | WARNING | trading_bot | WebSocket stale detectado (trade_updates). Forzando reconexion controlada.
2026-07-05 22:25:59 | WARNING | trading_bot | WebSocket stale detectado (news). Forzando reconexion controlada.
2026-07-05 22:25:59 | WARNING | trading_bot | WebSocket stale detectado (trade_updates). Forzando reconexion controlada.
2026-07-05 22:26:09 | WARNING | trading_bot | WebSocket stale detectado (market-stocks). Forzando reconexion controlada.
2026-07-05 22:26:50 | WARNING | trading_bot | WebSocket stale detectado (news). Forzando reconexion controlada.
2026-07-05 22:26:50 | WARNING | trading_bot | WebSocket stale detectado (trade_updates). Forzando reconexion controlada.
2026-07-05 22:27:00 | WARNING | trading_bot | WebSocket stale detectado (market-stocks). Forzando reconexion controlada.
2026-07-05 22:27:40 | WARNING | trading_bot | WebSocket stale detectado (news). Forzando reconexion controlada.
2026-07-05 22:27:40 | WARNING | trading_bot | WebSocket stale detectado (trade_updates). Forzando reconexion controlada.
2026-07-05 22:27:50 | WARNING | trading_bot | WebSocket stale detectado (market-stocks). Forzando reconexion controlada.
2026-07-05 22:28:30 | WARNING | trading_bot | WebSocket stale detectado (news). Forzando reconexion controlada.
2026-07-05 22:28:30 | WARNING | trading_bot | WebSocket stale detectado (trade_updates). Forzando reconexion controlada.
2026-07-05 22:28:40 | WARNING | trading_bot | WebSocket stale detectado (market-stocks). Forzando reconexion controlada.
2026-07-05 22:29:20 | WARNING | trading_bot | WebSocket stale detectado (news). Forzando reconexion controlada.
2026-07-05 22:29:20 | WARNING | trading_bot | WebSocket stale detectado (trade_updates). Forzando reconexion controlada.
2026-07-05 22:29:30 | WARNING | trading_bot | WebSocket stale detectado (market-stocks). Forzando reconexion controlada.
2026-07-05 22:30:10 | WARNING | trading_bot | WebSocket stale detectado (news). Forzando reconexion controlada.
2026-07-05 22:30:10 | WARNING | trading_bot | WebSocket stale detectado (trade_updates). Forzando reconexion controlada.
2026-07-05 22:30:20 | WARNING | trading_bot | WebSocket stale detectado (market-stocks). Forzando reconexion controlada.
2026-07-05 22:31:01 | WARNING | trading_bot | Alpaca devolvio barras vacias para AAPL (1m)
2026-07-05 22:31:01 | WARNING | trading_bot | Alpaca devolvio barras vacias para AAPL (5m)
2026-07-05 22:31:01 | WARNING | trading_bot | Alpaca devolvio barras vacias para AAPL (15m)
2026-07-05 22:31:02 | WARNING | trading_bot | Using fallback REST bars for AVAX/USD
2026-07-05 22:31:03 | WARNING | trading_bot | Using fallback REST bars for BTC/USD
2026-07-05 22:31:03 | WARNING | trading_bot | Using fallback REST bars for DOGE/USD
2026-07-05 22:31:04 | WARNING | trading_bot | Using fallback REST bars for ETH/USD
2026-07-05 22:31:05 | WARNING | trading_bot | Using fallback REST bars for LINK/USD
2026-07-05 22:31:05 | WARNING | trading_bot | Using fallback REST bars for SOL/USD
2026-07-05 22:31:06 | WARNING | trading_bot | Using fallback REST bars for XRP/USD
2026-07-05 22:31:30 | WARNING | trading_bot | Using fallback REST bars for SOL/USDC
2026-07-05 22:31:50 | WARNING | trading_bot | WebSocket stale detectado (market-stocks). Forzando reconexion controlada.
2026-07-05 22:31:50 | WARNING | trading_bot | WebSocket stale detectado (news). Forzando reconexion controlada.
2026-07-05 22:31:50 | WARNING | trading_bot | WebSocket stale detectado (trade_updates). Forzando reconexion controlada.
2026-07-05 22:32:01 | WARNING | trading_bot | Using fallback REST bars for SOL/USDC
2026-07-05 22:32:41 | WARNING | trading_bot | WebSocket stale detectado (news). Forzando reconexion controlada.
2026-07-05 22:32:41 | WARNING | trading_bot | WebSocket stale detectado (trade_updates). Forzando reconexion controlada.
2026-07-05 22:32:46 | WARNING | trading_bot | WebSocket stale detectado (market-stocks). Forzando reconexion controlada.
2026-07-05 22:33:31 | WARNING | trading_bot | WebSocket stale detectado (news). Forzando reconexion controlada.
2026-07-05 22:33:31 | WARNING | trading_bot | WebSocket stale detectado (trade_updates). Forzando reconexion controlada.
2026-07-05 22:33:36 | WARNING | trading_bot | WebSocket stale detectado (market-stocks). Forzando reconexion controlada.
2026-07-05 22:34:21 | WARNING | trading_bot | WebSocket stale detectado (news). Forzando reconexion controlada.
2026-07-05 22:34:21 | WARNING | trading_bot | WebSocket stale detectado (trade_updates). Forzando reconexion controlada.
2026-07-05 22:34:26 | WARNING | trading_bot | WebSocket stale detectado (market-stocks). Forzando reconexion controlada.
2026-07-05 22:35:11 | WARNING | trading_bot | WebSocket stale detectado (news). Forzando reconexion controlada.
2026-07-05 22:35:11 | WARNING | trading_bot | WebSocket stale detectado (trade_updates). Forzando reconexion controlada.
2026-07-05 22:35:16 | WARNING | trading_bot | WebSocket stale detectado (market-stocks). Forzando reconexion controlada.
2026-07-05 22:36:01 | WARNING | trading_bot | WebSocket stale detectado (news). Forzando reconexion controlada.
2026-07-05 22:36:01 | WARNING | trading_bot | WebSocket stale detectado (trade_updates). Forzando reconexion controlada.
2026-07-05 22:36:06 | WARNING | trading_bot | WebSocket stale detectado (market-stocks). Forzando reconexion controlada.
2026-07-05 22:36:51 | WARNING | trading_bot | WebSocket stale detectado (news). Forzando reconexion controlada.
2026-07-05 22:36:51 | WARNING | trading_bot | WebSocket stale detectado (trade_updates). Forzando reconexion controlada.
2026-07-05 22:36:56 | WARNING | trading_bot | WebSocket stale detectado (market-stocks). Forzando reconexion controlada.
2026-07-05 22:37:41 | WARNING | trading_bot | WebSocket stale detectado (news). Forzando reconexion controlada.
2026-07-05 22:37:41 | WARNING | trading_bot | WebSocket stale detectado (trade_updates). Forzando reconexion controlada.
2026-07-05 22:37:46 | WARNING | trading_bot | WebSocket stale detectado (market-stocks). Forzando reconexion controlada.
2026-07-05 22:38:31 | WARNING | trading_bot | WebSocket stale detectado (news). Forzando reconexion controlada.
2026-07-05 22:38:31 | WARNING | trading_bot | WebSocket stale detectado (trade_updates). Forzando reconexion controlada.
2026-07-05 22:38:36 | WARNING | trading_bot | WebSocket stale detectado (market-stocks). Forzando reconexion controlada.
2026-07-05 22:39:21 | WARNING | trading_bot | WebSocket stale detectado (news). Forzando reconexion controlada.
2026-07-05 22:39:21 | WARNING | trading_bot | WebSocket stale detectado (trade_updates). Forzando reconexion controlada.
2026-07-05 22:39:26 | WARNING | trading_bot | WebSocket stale detectado (market-stocks). Forzando reconexion controlada.
2026-07-05 22:39:59 | WARNING | trading_bot | Alpaca devolvio barras vacias para AAPL (1m)
2026-07-05 22:39:59 | WARNING | trading_bot | Alpaca devolvio barras vacias para AAPL (5m)
2026-07-05 22:39:59 | WARNING | trading_bot | Alpaca devolvio barras vacias para AAPL (15m)
2026-07-05 22:40:00 | WARNING | trading_bot | WebSocket reconnect triggered by CryptoVolumeManager
2026-07-05 22:40:00 | WARNING | trading_bot | Using fallback REST bars for AVAX/USD
2026-07-05 22:40:00 | WARNING | trading_bot | DatabaseWriterWorker error in insert_crypto_volume_record: 28 values for 27 columns
2026-07-05 22:40:00 | WARNING | trading_bot | CryptoVolumeManager diagnostics failed for AVAX/USD: 28 values for 27 columns
2026-07-05 22:40:01 | WARNING | trading_bot | Using fallback REST bars for BTC/USD
2026-07-05 22:40:01 | WARNING | trading_bot | DatabaseWriterWorker error in insert_crypto_volume_record: 28 values for 27 columns
2026-07-05 22:40:01 | WARNING | trading_bot | CryptoVolumeManager diagnostics failed for BTC/USD: 28 values for 27 columns
2026-07-05 22:40:01 | WARNING | trading_bot | Using fallback REST bars for DOGE/USD
2026-07-05 22:40:01 | WARNING | trading_bot | DatabaseWriterWorker error in insert_crypto_volume_record: 28 values for 27 columns
2026-07-05 22:40:01 | WARNING | trading_bot | CryptoVolumeManager diagnostics failed for DOGE/USD: 28 values for 27 columns
2026-07-05 22:40:02 | WARNING | trading_bot | Using fallback REST bars for ETH/USD
2026-07-05 22:40:02 | WARNING | trading_bot | DatabaseWriterWorker error in insert_crypto_volume_record: 28 values for 27 columns
2026-07-05 22:40:02 | WARNING | trading_bot | CryptoVolumeManager diagnostics failed for ETH/USD: 28 values for 27 columns
2026-07-05 22:40:02 | WARNING | trading_bot | Using fallback REST bars for LINK/USD
2026-07-05 22:40:02 | WARNING | trading_bot | DatabaseWriterWorker error in insert_crypto_volume_record: 28 values for 27 columns
2026-07-05 22:40:02 | WARNING | trading_bot | CryptoVolumeManager diagnostics failed for LINK/USD: 28 values for 27 columns
2026-07-05 22:40:03 | WARNING | trading_bot | Using fallback REST bars for SOL/USD
2026-07-05 22:40:03 | WARNING | trading_bot | DatabaseWriterWorker error in insert_crypto_volume_record: 28 values for 27 columns
2026-07-05 22:40:03 | WARNING | trading_bot | CryptoVolumeManager diagnostics failed for SOL/USD: 28 values for 27 columns
2026-07-05 22:40:03 | WARNING | trading_bot | Using fallback REST bars for XRP/USD
2026-07-05 22:40:03 | WARNING | trading_bot | DatabaseWriterWorker error in insert_crypto_volume_record: 28 values for 27 columns
2026-07-05 22:40:03 | WARNING | trading_bot | CryptoVolumeManager diagnostics failed for XRP/USD: 28 values for 27 columns
2026-07-05 22:40:21 | WARNING | trading_bot | WebSocket reconnect triggered by CryptoVolumeManager
2026-07-05 22:40:21 | WARNING | trading_bot | Using fallback REST bars for SOL/USDC
2026-07-05 22:40:21 | WARNING | trading_bot | DatabaseWriterWorker error in insert_crypto_volume_record: 28 values for 27 columns
2026-07-05 22:40:21 | WARNING | trading_bot | CryptoVolumeManager diagnostics failed for SOL/USDC: 28 values for 27 columns
2026-07-05 22:41:09 | WARNING | trading_bot | WebSocket stale detectado (market-stocks). Forzando reconexion controlada.
2026-07-05 22:41:09 | WARNING | trading_bot | WebSocket stale detectado (news). Forzando reconexion controlada.
2026-07-05 22:41:09 | WARNING | trading_bot | WebSocket stale detectado (trade_updates). Forzando reconexion controlada.
2026-07-05 22:41:59 | WARNING | trading_bot | WebSocket stale detectado (market-stocks). Forzando reconexion controlada.
2026-07-05 22:41:59 | WARNING | trading_bot | WebSocket stale detectado (news). Forzando reconexion controlada.
2026-07-05 22:41:59 | WARNING | trading_bot | WebSocket stale detectado (trade_updates). Forzando reconexion controlada.
2026-07-05 22:42:49 | WARNING | trading_bot | WebSocket stale detectado (news). Forzando reconexion controlada.
2026-07-05 22:42:49 | WARNING | trading_bot | WebSocket stale detectado (trade_updates). Forzando reconexion controlada.
2026-07-05 22:42:49 | WARNING | trading_bot | WebSocket stale detectado (market-stocks). Forzando reconexion controlada.
2026-07-05 22:43:22 | WARNING | trading_bot | Alpaca devolvio barras vacias para AAPL (1m)
2026-07-05 22:43:22 | WARNING | trading_bot | Alpaca devolvio barras vacias para AAPL (5m)
2026-07-05 22:43:22 | WARNING | trading_bot | Alpaca devolvio barras vacias para AAPL (15m)
2026-07-05 22:43:23 | WARNING | trading_bot | WebSocket reconnect triggered by CryptoVolumeManager
2026-07-05 22:43:23 | WARNING | trading_bot | Using fallback REST bars for AVAX/USD
2026-07-05 22:43:24 | WARNING | trading_bot | Alpaca devolvio barras vacias para AAPL (1m)
2026-07-05 22:43:24 | WARNING | trading_bot | Alpaca devolvio barras vacias para AAPL (5m)
2026-07-05 22:43:24 | WARNING | trading_bot | Alpaca devolvio barras vacias para AAPL (15m)
2026-07-05 22:43:24 | WARNING | trading_bot | Using fallback REST bars for BTC/USD
2026-07-05 22:43:25 | WARNING | trading_bot | Using fallback REST bars for DOGE/USD
2026-07-05 22:43:25 | WARNING | trading_bot | WebSocket reconnect triggered by CryptoVolumeManager
2026-07-05 22:43:25 | WARNING | trading_bot | Using fallback REST bars for AVAX/USD
2026-07-05 22:43:25 | WARNING | trading_bot | Using fallback REST bars for BTC/USD
2026-07-05 22:43:25 | WARNING | trading_bot | Using fallback REST bars for ETH/USD
2026-07-05 22:43:26 | WARNING | trading_bot | Using fallback REST bars for DOGE/USD
2026-07-05 22:43:26 | WARNING | trading_bot | Using fallback REST bars for LINK/USD
2026-07-05 22:43:26 | WARNING | trading_bot | Using fallback REST bars for ETH/USD
2026-07-05 22:43:27 | WARNING | trading_bot | Using fallback REST bars for SOL/USD
2026-07-05 22:43:27 | WARNING | trading_bot | Using fallback REST bars for LINK/USD
2026-07-05 22:43:27 | WARNING | trading_bot | Using fallback REST bars for XRP/USD
2026-07-05 22:43:27 | WARNING | trading_bot | Using fallback REST bars for SOL/USD
2026-07-05 22:43:28 | WARNING | trading_bot | Using fallback REST bars for XRP/USD
2026-07-05 22:43:34 | WARNING | trading_bot | Alpaca stream market-crypto error for Paper 2: Connection to remote host was lost.
2026-07-05 22:43:34 | WARNING | trading_bot | Alpaca stream news error for Paper 2: Connection to remote host was lost.
2026-07-05 22:43:41 | WARNING | trading_bot | Helper de emergencia inactivo. Relanzando...
2026-07-05 22:43:41 | WARNING | trading_bot | Alpaca devolvio barras vacias para AAPL (1m)
2026-07-05 22:43:41 | WARNING | trading_bot | Alpaca devolvio barras vacias para AAPL (5m)
2026-07-05 22:43:41 | WARNING | trading_bot | Alpaca devolvio barras vacias para AAPL (15m)
2026-07-05 22:43:42 | WARNING | trading_bot | WebSocket reconnect triggered by CryptoVolumeManager
2026-07-05 22:43:42 | WARNING | trading_bot | Using fallback REST bars for AVAX/USD
2026-07-05 22:43:42 | WARNING | trading_bot | Rate limit (429). Reintentando en 1.0 s
2026-07-05 22:43:42 | WARNING | trading_bot | Rate limit (429). Reintentando en 1.0 s
2026-07-05 22:43:42 | WARNING | trading_bot | Alpaca News rate limited for ETH/USD. Cooling down for 15m.
2026-07-05 22:43:43 | WARNING | trading_bot | Alpaca News rate limited for LINK/USD. Cooling down for 15m.
2026-07-05 22:43:43 | WARNING | trading_bot | Alpaca News rate limited for XRP/USD. Cooling down for 15m.
2026-07-05 22:43:44 | WARNING | trading_bot | Rate limit (429). Reintentando en 1.0 s
2026-07-05 22:43:44 | WARNING | trading_bot | Rate limit (429). Reintentando en 1.0 s
2026-07-05 22:43:45 | WARNING | trading_bot | Helper de emergencia inactivo. Relanzando...
2026-07-05 22:43:47 | WARNING | trading_bot | Using fallback REST bars for BTC/USD
2026-07-05 22:43:47 | WARNING | trading_bot | Rate limit (429). Reintentando en 1.0 s
2026-07-05 22:43:47 | WARNING | trading_bot | Rate limit (429). Reintentando en 1.0 s
2026-07-05 22:43:49 | WARNING | trading_bot | Helper de emergencia inactivo. Relanzando...
2026-07-05 22:43:49 | WARNING | trading_bot | Rate limit (429). Reintentando en 1.0 s
2026-07-05 22:43:51 | WARNING | trading_bot | Using fallback REST bars for DOGE/USD
2026-07-05 22:43:52 | WARNING | trading_bot | Rate limit (429). Reintentando en 1.0 s
2026-07-05 22:43:53 | WARNING | trading_bot | Alpaca stream market-stocks error for Paper 2: Connection to remote host was lost.
2026-07-05 22:43:53 | WARNING | trading_bot | Alpaca stream market-crypto error for Paper 2: Connection to remote host was lost.
2026-07-05 22:43:53 | WARNING | trading_bot | Alpaca stream news error for Paper 2: Connection to remote host was lost.
2026-07-05 22:43:54 | WARNING | trading_bot | WebSocket reconnect triggered by CryptoVolumeManager
2026-07-05 22:43:54 | WARNING | trading_bot | Using fallback REST bars for ETH/USD
2026-07-05 22:43:54 | WARNING | trading_bot | Alpaca stream market-stocks auth send failed: Connection is already closed.
2026-07-05 22:43:54 | WARNING | trading_bot | Alpaca stream market-stocks error for Paper 2: 'NoneType' object has no attribute 'sock'
2026-07-05 22:43:54 | WARNING | trading_bot | Rate limit (429). Reintentando en 1.0 s
2026-07-05 22:43:56 | WARNING | trading_bot | Using fallback REST bars for LINK/USD
2026-07-05 22:43:57 | WARNING | trading_bot | Rate limit (429). Reintentando en 1.0 s
2026-07-05 22:43:59 | WARNING | trading_bot | Using fallback REST bars for SOL/USD
2026-07-05 22:43:59 | WARNING | trading_bot | Rate limit (429). Reintentando en 1.0 s
2026-07-05 22:44:01 | WARNING | trading_bot | Using fallback REST bars for XRP/USD
2026-07-05 22:44:01 | WARNING | trading_bot | Rate limit (429). Reintentando en 1.0 s
2026-07-05 22:44:04 | WARNING | trading_bot | Alpaca stream market-crypto error for Paper 2: Connection to remote host was lost.
2026-07-05 22:44:04 | WARNING | trading_bot | Alpaca stream news error for Paper 2: Connection to remote host was lost.
2026-07-05 22:44:06 | WARNING | trading_bot | Alpaca stream market-stocks error for Paper 2: Connection to remote host was lost.
2026-07-05 22:44:07 | WARNING | trading_bot | Helper de emergencia inactivo. Relanzando...
2026-07-05 22:44:11 | WARNING | trading_bot | WebSocket reconnect triggered by CryptoVolumeManager
2026-07-05 22:44:13 | WARNING | trading_bot | WebSocket stale detectado (market-stocks). Forzando reconexion controlada.
2026-07-05 22:44:13 | WARNING | trading_bot | WebSocket stale detectado (trade_updates). Forzando reconexion controlada.
2026-07-05 22:44:15 | WARNING | trading_bot | Alpaca stream market-crypto error for Paper 2: Connection to remote host was lost.
2026-07-05 22:44:15 | WARNING | trading_bot | Alpaca stream news error for Paper 2: Connection to remote host was lost.
2026-07-05 22:44:17 | WARNING | trading_bot | Alpaca stream market-stocks error for Paper 2: Connection to remote host was lost.
2026-07-05 22:44:23 | WARNING | trading_bot | Using fallback REST bars for SOL/USDC
2026-07-05 22:44:26 | WARNING | trading_bot | Alpaca stream news error for Paper 2: Connection to remote host was lost.
2026-07-05 22:44:28 | WARNING | trading_bot | Alpaca stream market-stocks error for Paper 2: Connection to remote host was lost.
2026-07-05 22:44:29 | WARNING | trading_bot | Alpaca stream market-crypto error for Paper 2: Connection to remote host was lost.
2026-07-05 22:44:37 | WARNING | trading_bot | Alpaca stream news error for Paper 2: Connection to remote host was lost.
2026-07-05 22:44:41 | WARNING | trading_bot | Alpaca stream market-crypto error for Paper 2: Connection to remote host was lost.
2026-07-05 22:44:41 | WARNING | trading_bot | WebSocket stale detectado (trade_updates). Forzando reconexion controlada.
2026-07-05 22:44:41 | WARNING | trading_bot | Alpaca stream market-stocks error for Paper 2: Connection to remote host was lost.
2026-07-05 22:44:48 | WARNING | trading_bot | Alpaca stream news error for Paper 2: Connection to remote host was lost.
2026-07-05 22:44:52 | WARNING | trading_bot | Alpaca stream market-crypto error for Paper 2: Connection to remote host was lost.
2026-07-05 22:44:52 | WARNING | trading_bot | Alpaca stream market-stocks error for Paper 2: Connection to remote host was lost.
2026-07-05 22:44:58 | WARNING | trading_bot | WebSocket stale detectado (news). Forzando reconexion controlada.
2026-07-05 22:44:59 | WARNING | trading_bot | Alpaca stream news error for Paper 2: Connection to remote host was lost.
2026-07-05 22:45:03 | WARNING | trading_bot | Alpaca stream market-crypto error for Paper 2: Connection to remote host was lost.
2026-07-05 22:45:03 | WARNING | trading_bot | Alpaca stream market-stocks error for Paper 2: Connection to remote host was lost.
2026-07-05 22:45:03 | WARNING | trading_bot | WebSocket stale detectado (market-stocks). Forzando reconexion controlada.
2026-07-05 22:45:03 | WARNING | trading_bot | WebSocket stale detectado (trade_updates). Forzando reconexion controlada.
2026-07-05 22:45:13 | WARNING | trading_bot | Alpaca stream news error for Paper 2: Connection to remote host was lost.
2026-07-05 22:45:14 | WARNING | trading_bot | Alpaca stream market-crypto error for Paper 2: Connection to remote host was lost.
2026-07-05 22:45:14 | WARNING | trading_bot | Alpaca stream market-stocks error for Paper 2: Connection to remote host was lost.
2026-07-05 22:45:24 | WARNING | trading_bot | Alpaca stream news error for Paper 2: Connection to remote host was lost.
2026-07-05 22:45:25 | WARNING | trading_bot | Alpaca stream market-stocks error for Paper 2: Connection to remote host was lost.
2026-07-05 22:45:25 | WARNING | trading_bot | Alpaca stream market-crypto error for Paper 2: Connection to remote host was lost.
2026-07-05 22:45:31 | WARNING | trading_bot | WebSocket stale detectado (trade_updates). Forzando reconexion controlada.
2026-07-05 22:45:35 | WARNING | trading_bot | Alpaca stream news error for Paper 2: Connection to remote host was lost.
2026-07-05 22:45:36 | WARNING | trading_bot | Alpaca stream market-crypto error for Paper 2: Connection to remote host was lost.
2026-07-05 22:45:36 | WARNING | trading_bot | Alpaca stream market-stocks error for Paper 2: Connection to remote host was lost.
2026-07-05 22:45:46 | WARNING | trading_bot | WebSocket stale detectado (news). Forzando reconexion controlada.
2026-07-05 22:45:46 | WARNING | trading_bot | Alpaca stream news error for Paper 2: Connection to remote host was lost.
2026-07-05 22:45:47 | WARNING | trading_bot | Alpaca stream market-crypto error for Paper 2: Connection to remote host was lost.
2026-07-05 22:45:47 | WARNING | trading_bot | Alpaca stream market-stocks error for Paper 2: Connection to remote host was lost.
2026-07-05 22:45:51 | WARNING | trading_bot | WebSocket stale detectado (market-stocks). Forzando reconexion controlada.
2026-07-05 22:45:53 | WARNING | trading_bot | WebSocket stale detectado (trade_updates). Forzando reconexion controlada.
2026-07-05 22:45:58 | WARNING | trading_bot | Alpaca stream market-stocks error for Paper 2: Connection to remote host was lost.
2026-07-05 22:45:58 | WARNING | trading_bot | Alpaca stream market-crypto error for Paper 2: Connection to remote host was lost.
2026-07-05 22:46:02 | WARNING | trading_bot | Alpaca stream news error for Paper 2: Connection to remote host was lost.
2026-07-05 22:46:09 | WARNING | trading_bot | Alpaca stream market-crypto error for Paper 2: Connection to remote host was lost.
2026-07-05 22:46:09 | WARNING | trading_bot | Alpaca stream market-stocks error for Paper 2: Connection to remote host was lost.
2026-07-05 22:46:13 | WARNING | trading_bot | Alpaca stream news error for Paper 2: Connection to remote host was lost.
2026-07-05 22:46:20 | WARNING | trading_bot | Alpaca stream market-stocks error for Paper 2: Connection to remote host was lost.
2026-07-05 22:46:20 | WARNING | trading_bot | Alpaca stream market-crypto error for Paper 2: Connection to remote host was lost.
2026-07-05 22:46:21 | WARNING | trading_bot | WebSocket stale detectado (trade_updates). Forzando reconexion controlada.
2026-07-05 22:46:24 | WARNING | trading_bot | Alpaca stream news error for Paper 2: Connection to remote host was lost.
2026-07-05 22:46:31 | WARNING | trading_bot | Alpaca stream market-stocks error for Paper 2: Connection to remote host was lost.
2026-07-05 22:46:31 | WARNING | trading_bot | Alpaca stream market-crypto error for Paper 2: Connection to remote host was lost.
2026-07-05 22:46:33 | WARNING | trading_bot | WebSocket stale detectado (news). Forzando reconexion controlada.
2026-07-05 22:46:35 | WARNING | trading_bot | Alpaca stream news error for Paper 2: Connection to remote host was lost.
2026-07-05 22:46:41 | WARNING | trading_bot | WebSocket stale detectado (market-stocks). Forzando reconexion controlada.
2026-07-05 22:46:42 | WARNING | trading_bot | Alpaca stream market-stocks error for Paper 2: Connection to remote host was lost.
2026-07-05 22:46:42 | WARNING | trading_bot | Alpaca stream market-crypto error for Paper 2: Connection to remote host was lost.
2026-07-05 22:46:43 | WARNING | trading_bot | WebSocket stale detectado (trade_updates). Forzando reconexion controlada.
2026-07-05 22:46:46 | WARNING | trading_bot | Alpaca stream news error for Paper 2: Connection to remote host was lost.
2026-07-05 22:46:53 | WARNING | trading_bot | Alpaca stream market-stocks error for Paper 2: Connection to remote host was lost.
2026-07-05 22:46:53 | WARNING | trading_bot | Alpaca stream market-crypto error for Paper 2: Connection to remote host was lost.
2026-07-05 22:46:57 | WARNING | trading_bot | Alpaca stream news error for Paper 2: Connection to remote host was lost.
2026-07-05 22:47:04 | WARNING | trading_bot | Alpaca stream market-stocks error for Paper 2: Connection to remote host was lost.
2026-07-05 22:47:05 | WARNING | trading_bot | Alpaca stream market-crypto error for Paper 2: Connection to remote host was lost.
2026-07-05 22:47:08 | WARNING | trading_bot | Alpaca stream news error for Paper 2: Connection to remote host was lost.
2026-07-05 22:47:11 | WARNING | trading_bot | WebSocket stale detectado (trade_updates). Forzando reconexion controlada.
2026-07-05 22:47:15 | WARNING | trading_bot | Alpaca stream market-stocks error for Paper 2: Connection to remote host was lost.
2026-07-05 22:47:16 | WARNING | trading_bot | Alpaca stream market-crypto error for Paper 2: Connection to remote host was lost.
2026-07-05 22:47:19 | WARNING | trading_bot | Alpaca stream news error for Paper 2: Connection to remote host was lost.
2026-07-05 22:47:23 | WARNING | trading_bot | WebSocket stale detectado (news). Forzando reconexion controlada.
2026-07-05 22:47:26 | WARNING | trading_bot | Alpaca stream market-stocks error for Paper 2: Connection to remote host was lost.
2026-07-05 22:47:27 | WARNING | trading_bot | Alpaca stream market-crypto error for Paper 2: Connection to remote host was lost.
2026-07-05 22:47:30 | WARNING | trading_bot | Alpaca stream news error for Paper 2: Connection to remote host was lost.
2026-07-05 22:47:31 | WARNING | trading_bot | WebSocket stale detectado (market-stocks). Forzando reconexion controlada.
2026-07-05 22:47:33 | WARNING | trading_bot | WebSocket stale detectado (trade_updates). Forzando reconexion controlada.
2026-07-05 22:47:37 | WARNING | trading_bot | Alpaca stream market-stocks error for Paper 2: Connection to remote host was lost.
2026-07-05 22:47:38 | WARNING | trading_bot | Alpaca stream market-crypto error for Paper 2: Connection to remote host was lost.
2026-07-05 22:47:41 | WARNING | trading_bot | Alpaca stream news error for Paper 2: Connection to remote host was lost.
2026-07-05 22:47:48 | WARNING | trading_bot | Alpaca stream market-stocks error for Paper 2: Connection to remote host was lost.
2026-07-05 22:47:49 | WARNING | trading_bot | Alpaca stream market-crypto error for Paper 2: Connection to remote host was lost.
2026-07-05 22:47:53 | WARNING | trading_bot | Alpaca stream news error for Paper 2: Connection to remote host was lost.
2026-07-05 22:47:59 | WARNING | trading_bot | Alpaca stream market-stocks error for Paper 2: Connection to remote host was lost.
2026-07-05 22:48:00 | WARNING | trading_bot | Alpaca stream market-crypto error for Paper 2: Connection to remote host was lost.
2026-07-05 22:48:01 | WARNING | trading_bot | WebSocket stale detectado (trade_updates). Forzando reconexion controlada.
2026-07-05 22:48:04 | WARNING | trading_bot | Alpaca stream news error for Paper 2: Connection to remote host was lost.
2026-07-05 22:48:10 | WARNING | trading_bot | Alpaca stream market-stocks error for Paper 2: Connection to remote host was lost.
2026-07-05 22:48:11 | WARNING | trading_bot | Alpaca stream market-crypto error for Paper 2: Connection to remote host was lost.
2026-07-05 22:48:13 | WARNING | trading_bot | WebSocket stale detectado (news). Forzando reconexion controlada.
2026-07-05 22:48:15 | WARNING | trading_bot | Alpaca stream news error for Paper 2: Connection to remote host was lost.
2026-07-05 22:48:21 | WARNING | trading_bot | Alpaca stream market-stocks error for Paper 2: Connection to remote host was lost.
2026-07-05 22:48:21 | WARNING | trading_bot | WebSocket stale detectado (market-stocks). Forzando reconexion controlada.
2026-07-05 22:48:22 | WARNING | trading_bot | Alpaca stream market-crypto error for Paper 2: Connection to remote host was lost.
2026-07-05 22:48:23 | WARNING | trading_bot | WebSocket stale detectado (trade_updates). Forzando reconexion controlada.
2026-07-05 22:48:26 | WARNING | trading_bot | Alpaca stream news error for Paper 2: Connection to remote host was lost.
2026-07-05 22:48:32 | WARNING | trading_bot | Alpaca stream market-stocks error for Paper 2: Connection to remote host was lost.
2026-07-05 22:48:33 | WARNING | trading_bot | Alpaca stream market-crypto error for Paper 2: Connection to remote host was lost.
2026-07-05 22:48:37 | WARNING | trading_bot | Alpaca stream news error for Paper 2: Connection to remote host was lost.
2026-07-05 22:48:43 | WARNING | trading_bot | Alpaca stream market-stocks error for Paper 2: Connection to remote host was lost.
2026-07-05 22:48:44 | WARNING | trading_bot | Alpaca stream market-crypto error for Paper 2: Connection to remote host was lost.
2026-07-05 22:48:48 | WARNING | trading_bot | Alpaca stream news error for Paper 2: Connection to remote host was lost.
2026-07-05 22:48:51 | WARNING | trading_bot | WebSocket stale detectado (trade_updates). Forzando reconexion controlada.
2026-07-05 22:48:54 | WARNING | trading_bot | Alpaca stream market-stocks error for Paper 2: Connection to remote host was lost.
2026-07-05 22:48:55 | WARNING | trading_bot | Alpaca stream market-crypto error for Paper 2: Connection to remote host was lost.
2026-07-05 22:48:59 | WARNING | trading_bot | Alpaca stream news error for Paper 2: Connection to remote host was lost.
2026-07-05 22:49:03 | WARNING | trading_bot | WebSocket stale detectado (news). Forzando reconexion controlada.
2026-07-05 22:49:05 | WARNING | trading_bot | Alpaca stream market-stocks error for Paper 2: Connection to remote host was lost.
2026-07-05 22:49:06 | WARNING | trading_bot | Alpaca stream market-crypto error for Paper 2: Connection to remote host was lost.
2026-07-05 22:49:08 | WARNING | trading_bot | WebSocket stale detectado (market-stocks). Forzando reconexion controlada.
2026-07-05 22:49:10 | WARNING | trading_bot | Alpaca stream news error for Paper 2: Connection to remote host was lost.
2026-07-05 22:49:13 | WARNING | trading_bot | WebSocket stale detectado (trade_updates). Forzando reconexion controlada.
2026-07-05 22:49:16 | WARNING | trading_bot | Alpaca stream market-stocks error for Paper 2: Connection to remote host was lost.
2026-07-05 22:49:17 | WARNING | trading_bot | Alpaca stream market-crypto error for Paper 2: Connection to remote host was lost.
2026-07-05 22:49:21 | WARNING | trading_bot | Alpaca stream news error for Paper 2: Connection to remote host was lost.
2026-07-05 22:49:27 | WARNING | trading_bot | Alpaca stream market-stocks error for Paper 2: Connection to remote host was lost.
2026-07-05 22:49:29 | WARNING | trading_bot | Alpaca stream market-crypto error for Paper 2: Connection to remote host was lost.
2026-07-05 22:49:32 | WARNING | trading_bot | Alpaca stream news error for Paper 2: Connection to remote host was lost.
2026-07-05 22:49:38 | WARNING | trading_bot | Alpaca stream market-stocks error for Paper 2: Connection to remote host was lost.
2026-07-05 22:49:40 | WARNING | trading_bot | Alpaca stream market-crypto error for Paper 2: Connection to remote host was lost.
2026-07-05 22:49:41 | WARNING | trading_bot | WebSocket stale detectado (trade_updates). Forzando reconexion controlada.
2026-07-05 22:49:43 | WARNING | trading_bot | Alpaca stream news error for Paper 2: Connection to remote host was lost.
2026-07-05 22:49:49 | WARNING | trading_bot | Alpaca stream market-stocks error for Paper 2: Connection to remote host was lost.
2026-07-05 22:49:51 | WARNING | trading_bot | Alpaca stream market-crypto error for Paper 2: Connection to remote host was lost.
2026-07-05 22:49:53 | WARNING | trading_bot | WebSocket stale detectado (news). Forzando reconexion controlada.
2026-07-05 22:49:54 | WARNING | trading_bot | Alpaca stream news error for Paper 2: Connection to remote host was lost.
2026-07-05 22:49:58 | WARNING | trading_bot | WebSocket stale detectado (market-stocks). Forzando reconexion controlada.
2026-07-05 22:50:00 | WARNING | trading_bot | Alpaca stream market-stocks error for Paper 2: Connection to remote host was lost.
2026-07-05 22:50:02 | WARNING | trading_bot | Alpaca stream market-crypto error for Paper 2: Connection to remote host was lost.
2026-07-05 22:50:03 | WARNING | trading_bot | WebSocket stale detectado (trade_updates). Forzando reconexion controlada.
2026-07-05 22:51:16 | WARNING | trading_bot | Alpaca devolvio barras vacias para AAPL (1m)
2026-07-05 22:51:16 | WARNING | trading_bot | Alpaca devolvio barras vacias para AAPL (5m)
2026-07-05 22:51:16 | WARNING | trading_bot | Alpaca devolvio barras vacias para AAPL (15m)
2026-07-05 22:51:18 | WARNING | trading_bot | WebSocket reconnect triggered by CryptoVolumeManager
2026-07-05 22:51:18 | WARNING | trading_bot | Using fallback REST bars for AVAX/USD
2026-07-05 22:51:18 | WARNING | trading_bot | Using fallback REST bars for BTC/USD
2026-07-05 22:51:19 | WARNING | trading_bot | Using fallback REST bars for DOGE/USD
2026-07-05 22:51:19 | WARNING | trading_bot | Using fallback REST bars for ETH/USD
2026-07-05 22:51:20 | WARNING | trading_bot | Using fallback REST bars for LINK/USD
2026-07-05 22:51:20 | WARNING | trading_bot | Using fallback REST bars for SOL/USD
2026-07-05 22:51:21 | WARNING | trading_bot | Using fallback REST bars for XRP/USD
2026-07-05 22:51:41 | WARNING | trading_bot | No se pudo reconciliar salida limit faltante para SOLUSD: 403 Client Error: Forbidden for url: https://paper-api.alpaca.markets/v2/orders
2026-07-05 22:51:50 | WARNING | trading_bot | Alpaca stream news error for Paper 2: Connection to remote host was lost.
2026-07-05 22:52:02 | WARNING | trading_bot | Alpaca stream news error for Paper 2: Connection to remote host was lost.
2026-07-05 22:52:16 | WARNING | trading_bot | Alpaca stream news error for Paper 2: Connection to remote host was lost.
2026-07-05 22:52:17 | WARNING | trading_bot | WebSocket reconnect triggered by CryptoVolumeManager
2026-07-05 22:52:17 | WARNING | trading_bot | Using fallback REST bars for AVAX/USD
2026-07-05 22:52:18 | WARNING | trading_bot | Using fallback REST bars for BTC/USD
2026-07-05 22:52:18 | WARNING | trading_bot | Using fallback REST bars for DOGE/USD
2026-07-05 22:52:19 | WARNING | trading_bot | Using fallback REST bars for ETH/USD
2026-07-05 22:52:19 | WARNING | trading_bot | Using fallback REST bars for LINK/USD
2026-07-05 22:52:20 | WARNING | trading_bot | Using fallback REST bars for SOL/USD
2026-07-05 22:52:20 | WARNING | trading_bot | Using fallback REST bars for XRP/USD
2026-07-05 22:52:34 | WARNING | trading_bot | Alpaca stream news error for Paper 2: Connection to remote host was lost.
2026-07-05 22:53:00 | WARNING | trading_bot | Alpaca stream news error for Paper 2: Connection to remote host was lost.
2026-07-05 22:53:07 | WARNING | trading_bot | WebSocket stale detectado (market-stocks). Forzando reconexion controlada.
2026-07-05 22:53:07 | WARNING | trading_bot | WebSocket stale detectado (trade_updates). Forzando reconexion controlada.
2026-07-05 22:53:17 | WARNING | trading_bot | WebSocket stale detectado (market-crypto). Forzando reconexion controlada.
2026-07-05 22:53:40 | WARNING | trading_bot | Alpaca stream news error for Paper 2: Connection to remote host was lost.
2026-07-05 22:53:57 | WARNING | trading_bot | WebSocket stale detectado (market-stocks). Forzando reconexion controlada.
2026-07-05 22:53:57 | WARNING | trading_bot | WebSocket stale detectado (trade_updates). Forzando reconexion controlada.
2026-07-05 22:54:07 | WARNING | trading_bot | WebSocket stale detectado (market-crypto). Forzando reconexion controlada.
2026-07-05 22:54:20 | WARNING | trading_bot | Alpaca stream news error for Paper 2: Connection to remote host was lost.
2026-07-05 22:54:47 | WARNING | trading_bot | WebSocket stale detectado (market-stocks). Forzando reconexion controlada.
2026-07-05 22:54:47 | WARNING | trading_bot | WebSocket stale detectado (trade_updates). Forzando reconexion controlada.
2026-07-05 22:54:57 | WARNING | trading_bot | WebSocket stale detectado (market-crypto). Forzando reconexion controlada.
2026-07-05 22:55:00 | WARNING | trading_bot | Alpaca stream news error for Paper 2: Connection to remote host was lost.
2026-07-05 22:55:11 | WARNING | trading_bot | Alpaca devolvio barras vacias para AAPL (1m)
2026-07-05 22:55:11 | WARNING | trading_bot | Alpaca devolvio barras vacias para AAPL (5m)
2026-07-05 22:55:11 | WARNING | trading_bot | Alpaca devolvio barras vacias para AAPL (15m)
2026-07-05 22:55:12 | WARNING | trading_bot | WebSocket reconnect triggered by CryptoVolumeManager
2026-07-05 22:55:12 | WARNING | trading_bot | Using fallback REST bars for AVAX/USD
2026-07-05 22:55:13 | WARNING | trading_bot | Using fallback REST bars for BTC/USD
2026-07-05 22:55:13 | WARNING | trading_bot | Using fallback REST bars for DOGE/USD
2026-07-05 22:55:14 | WARNING | trading_bot | Using fallback REST bars for ETH/USD
2026-07-05 22:55:14 | WARNING | trading_bot | Using fallback REST bars for LINK/USD
2026-07-05 22:55:15 | WARNING | trading_bot | Using fallback REST bars for SOL/USD
2026-07-05 22:55:16 | WARNING | trading_bot | Using fallback REST bars for XRP/USD
2026-07-05 22:56:01 | WARNING | trading_bot | WebSocket stale detectado (market-stocks). Forzando reconexion controlada.
2026-07-05 22:56:01 | WARNING | trading_bot | WebSocket stale detectado (market-crypto). Forzando reconexion controlada.
2026-07-05 22:56:01 | WARNING | trading_bot | WebSocket stale detectado (news). Forzando reconexion controlada.
2026-07-05 22:56:01 | WARNING | trading_bot | WebSocket stale detectado (trade_updates). Forzando reconexion controlada.
2026-07-05 22:56:11 | WARNING | trading_bot | WebSocket reconnect triggered by CryptoVolumeManager
2026-07-05 22:56:11 | WARNING | trading_bot | Using fallback REST bars for SOL/USDC
2026-07-05 22:57:01 | WARNING | trading_bot | WebSocket stale detectado (market-stocks). Forzando reconexion controlada.
2026-07-05 22:57:01 | WARNING | trading_bot | WebSocket stale detectado (market-crypto). Forzando reconexion controlada.
2026-07-05 22:57:01 | WARNING | trading_bot | WebSocket stale detectado (news). Forzando reconexion controlada.
2026-07-05 22:57:36 | WARNING | trading_bot | WebSocket stale detectado (trade_updates). Forzando reconexion controlada.
2026-07-05 22:57:51 | WARNING | trading_bot | WebSocket stale detectado (market-stocks). Forzando reconexion controlada.
2026-07-05 22:57:51 | WARNING | trading_bot | WebSocket stale detectado (news). Forzando reconexion controlada.
2026-07-05 22:58:26 | WARNING | trading_bot | WebSocket stale detectado (trade_updates). Forzando reconexion controlada.
2026-07-05 22:58:41 | WARNING | trading_bot | WebSocket stale detectado (news). Forzando reconexion controlada.
2026-07-05 22:58:41 | WARNING | trading_bot | WebSocket stale detectado (market-stocks). Forzando reconexion controlada.
2026-07-05 22:59:16 | WARNING | trading_bot | WebSocket stale detectado (trade_updates). Forzando reconexion controlada.
2026-07-05 22:59:31 | WARNING | trading_bot | WebSocket stale detectado (market-stocks). Forzando reconexion controlada.
2026-07-05 22:59:31 | WARNING | trading_bot | WebSocket stale detectado (news). Forzando reconexion controlada.
2026-07-05 23:00:06 | WARNING | trading_bot | WebSocket stale detectado (trade_updates). Forzando reconexion controlada.
2026-07-05 23:00:21 | WARNING | trading_bot | WebSocket stale detectado (market-stocks). Forzando reconexion controlada.
2026-07-05 23:00:21 | WARNING | trading_bot | WebSocket stale detectado (news). Forzando reconexion controlada.
2026-07-05 23:00:56 | WARNING | trading_bot | WebSocket stale detectado (trade_updates). Forzando reconexion controlada.
2026-07-05 23:01:11 | WARNING | trading_bot | WebSocket stale detectado (market-stocks). Forzando reconexion controlada.
2026-07-05 23:01:11 | WARNING | trading_bot | WebSocket stale detectado (news). Forzando reconexion controlada.
2026-07-05 23:01:46 | WARNING | trading_bot | WebSocket stale detectado (trade_updates). Forzando reconexion controlada.
2026-07-05 23:02:01 | WARNING | trading_bot | WebSocket stale detectado (market-stocks). Forzando reconexion controlada.
2026-07-05 23:02:01 | WARNING | trading_bot | WebSocket stale detectado (news). Forzando reconexion controlada.
2026-07-05 23:02:36 | WARNING | trading_bot | WebSocket stale detectado (trade_updates). Forzando reconexion controlada.
2026-07-05 23:02:51 | WARNING | trading_bot | WebSocket stale detectado (news). Forzando reconexion controlada.
2026-07-05 23:02:51 | WARNING | trading_bot | WebSocket stale detectado (market-stocks). Forzando reconexion controlada.
2026-07-05 23:03:26 | WARNING | trading_bot | WebSocket stale detectado (trade_updates). Forzando reconexion controlada.
2026-07-05 23:03:41 | WARNING | trading_bot | WebSocket stale detectado (news). Forzando reconexion controlada.
2026-07-05 23:03:41 | WARNING | trading_bot | WebSocket stale detectado (market-stocks). Forzando reconexion controlada.
2026-07-05 23:04:16 | WARNING | trading_bot | WebSocket stale detectado (trade_updates). Forzando reconexion controlada.
2026-07-05 23:04:31 | WARNING | trading_bot | WebSocket stale detectado (news). Forzando reconexion controlada.
2026-07-05 23:04:31 | WARNING | trading_bot | WebSocket stale detectado (market-stocks). Forzando reconexion controlada.
2026-07-05 23:05:06 | WARNING | trading_bot | WebSocket stale detectado (trade_updates). Forzando reconexion controlada.
2026-07-05 23:05:21 | WARNING | trading_bot | WebSocket stale detectado (news). Forzando reconexion controlada.
2026-07-05 23:05:21 | WARNING | trading_bot | WebSocket stale detectado (market-stocks). Forzando reconexion controlada.
2026-07-05 23:05:56 | WARNING | trading_bot | WebSocket stale detectado (trade_updates). Forzando reconexion controlada.
2026-07-05 23:06:11 | WARNING | trading_bot | WebSocket stale detectado (news). Forzando reconexion controlada.
2026-07-05 23:06:11 | WARNING | trading_bot | WebSocket stale detectado (market-stocks). Forzando reconexion controlada.
2026-07-05 23:06:46 | WARNING | trading_bot | WebSocket stale detectado (trade_updates). Forzando reconexion controlada.
2026-07-05 23:07:05 | WARNING | trading_bot | Alpaca devolvio barras vacias para AAPL (1m)
2026-07-05 23:07:05 | WARNING | trading_bot | Alpaca devolvio barras vacias para AAPL (5m)
2026-07-05 23:07:05 | WARNING | trading_bot | Alpaca devolvio barras vacias para AAPL (15m)
2026-07-05 23:07:06 | WARNING | trading_bot | WebSocket reconnect triggered by CryptoVolumeManager
2026-07-05 23:07:06 | WARNING | trading_bot | Using fallback REST bars for AVAX/USD
2026-07-05 23:07:07 | WARNING | trading_bot | Using fallback REST bars for BTC/USD
2026-07-05 23:07:07 | WARNING | trading_bot | Using fallback REST bars for DOGE/USD
2026-07-05 23:07:08 | WARNING | trading_bot | Using fallback REST bars for ETH/USD
2026-07-05 23:07:09 | WARNING | trading_bot | Using fallback REST bars for LINK/USD
2026-07-05 23:07:09 | WARNING | trading_bot | Using fallback REST bars for SOL/USD
2026-07-05 23:07:10 | WARNING | trading_bot | Using fallback REST bars for XRP/USD
2026-07-05 23:07:24 | WARNING | trading_bot | WebSocket reconnect triggered by CryptoVolumeManager
2026-07-05 23:07:24 | WARNING | trading_bot | Using fallback REST bars for SOL/USDC
2026-07-05 23:08:14 | WARNING | trading_bot | WebSocket stale detectado (market-stocks). Forzando reconexion controlada.
2026-07-05 23:08:14 | WARNING | trading_bot | WebSocket stale detectado (trade_updates). Forzando reconexion controlada.
2026-07-05 23:08:14 | WARNING | trading_bot | WebSocket stale detectado (news). Forzando reconexion controlada.
2026-07-05 23:09:04 | WARNING | trading_bot | WebSocket stale detectado (market-stocks). Forzando reconexion controlada.
2026-07-05 23:09:04 | WARNING | trading_bot | WebSocket stale detectado (trade_updates). Forzando reconexion controlada.
2026-07-05 23:09:04 | WARNING | trading_bot | WebSocket stale detectado (news). Forzando reconexion controlada.
2026-07-05 23:09:54 | WARNING | trading_bot | WebSocket stale detectado (market-stocks). Forzando reconexion controlada.
2026-07-05 23:09:54 | WARNING | trading_bot | WebSocket stale detectado (news). Forzando reconexion controlada.
2026-07-05 23:09:55 | WARNING | trading_bot | WebSocket stale detectado (trade_updates). Forzando reconexion controlada.
2026-07-05 23:10:45 | WARNING | trading_bot | WebSocket stale detectado (market-stocks). Forzando reconexion controlada.
2026-07-05 23:10:45 | WARNING | trading_bot | WebSocket stale detectado (trade_updates). Forzando reconexion controlada.
2026-07-05 23:11:20 | WARNING | trading_bot | WebSocket stale detectado (news). Forzando reconexion controlada.
2026-07-05 23:11:25 | WARNING | trading_bot | WebSocket stale detectado (news). Forzando reconexion controlada.
2026-07-05 23:11:35 | WARNING | trading_bot | WebSocket stale detectado (market-stocks). Forzando reconexion controlada.
2026-07-05 23:11:35 | WARNING | trading_bot | WebSocket stale detectado (trade_updates). Forzando reconexion controlada.
2026-07-05 23:11:42 | WARNING | trading_bot | Alpaca devolvio barras vacias para AAPL (1m)
2026-07-05 23:11:42 | WARNING | trading_bot | Alpaca devolvio barras vacias para AAPL (5m)
2026-07-05 23:11:42 | WARNING | trading_bot | Alpaca devolvio barras vacias para AAPL (15m)
2026-07-05 23:11:44 | WARNING | trading_bot | WebSocket reconnect triggered by CryptoVolumeManager
2026-07-05 23:11:44 | WARNING | trading_bot | Using fallback REST bars for AVAX/USD
2026-07-05 23:11:44 | WARNING | trading_bot | Using fallback REST bars for BTC/USD
2026-07-05 23:11:45 | WARNING | trading_bot | Using fallback REST bars for DOGE/USD
2026-07-05 23:11:45 | WARNING | trading_bot | Using fallback REST bars for ETH/USD
2026-07-05 23:11:46 | WARNING | trading_bot | Using fallback REST bars for LINK/USD
2026-07-05 23:11:46 | WARNING | trading_bot | Using fallback REST bars for SOL/USD
2026-07-05 23:11:47 | WARNING | trading_bot | Using fallback REST bars for XRP/USD
2026-07-05 23:12:01 | WARNING | trading_bot | WebSocket reconnect triggered by CryptoVolumeManager
2026-07-05 23:12:01 | WARNING | trading_bot | Using fallback REST bars for SOL/USDC
2026-07-05 23:12:42 | WARNING | trading_bot | WebSocket reconnect triggered by CryptoVolumeManager
2026-07-05 23:12:42 | WARNING | trading_bot | Using fallback REST bars for SOL/USDC
2026-07-05 23:12:43 | WARNING | trading_bot | Using fallback REST bars for AVAX/USD
2026-07-05 23:12:43 | WARNING | trading_bot | Using fallback REST bars for BTC/USD
2026-07-05 23:12:44 | WARNING | trading_bot | Using fallback REST bars for DOGE/USD
2026-07-05 23:12:45 | WARNING | trading_bot | Using fallback REST bars for ETH/USD
2026-07-05 23:12:45 | WARNING | trading_bot | Using fallback REST bars for LINK/USD
2026-07-05 23:12:46 | WARNING | trading_bot | Using fallback REST bars for SOL/USD
2026-07-05 23:12:46 | WARNING | trading_bot | Using fallback REST bars for XRP/USD
2026-07-05 23:12:52 | WARNING | trading_bot | WebSocket stale detectado (trade_updates). Forzando reconexion controlada.
2026-07-05 23:13:32 | WARNING | trading_bot | WebSocket stale detectado (market-stocks). Forzando reconexion controlada.
2026-07-05 23:13:42 | WARNING | trading_bot | WebSocket stale detectado (trade_updates). Forzando reconexion controlada.
2026-07-05 23:13:46 | WARNING | trading_bot | WebSocket reconnect triggered by CryptoVolumeManager
2026-07-05 23:13:46 | WARNING | trading_bot | Using fallback REST bars for SOL/USDC
2026-07-05 23:13:47 | WARNING | trading_bot | Using fallback REST bars for SOL/USDC
2026-07-05 23:13:47 | WARNING | trading_bot | Using fallback REST bars for SOL/USDC
2026-07-05 23:13:47 | WARNING | trading_bot | Using fallback REST bars for SOL/USDC
2026-07-05 23:13:53 | WARNING | trading_bot | Using fallback REST bars for SOL/USDC
2026-07-05 23:13:56 | WARNING | trading_bot | Using fallback REST bars for SOL/USDC
2026-07-05 23:14:37 | WARNING | trading_bot | WebSocket stale detectado (news). Forzando reconexion controlada.
2026-07-05 23:14:37 | WARNING | trading_bot | WebSocket stale detectado (market-stocks). Forzando reconexion controlada.
2026-07-05 23:14:37 | WARNING | trading_bot | WebSocket stale detectado (trade_updates). Forzando reconexion controlada.
2026-07-05 23:15:27 | WARNING | trading_bot | WebSocket stale detectado (news). Forzando reconexion controlada.
2026-07-05 23:15:27 | WARNING | trading_bot | WebSocket stale detectado (market-stocks). Forzando reconexion controlada.
2026-07-05 23:15:27 | WARNING | trading_bot | WebSocket stale detectado (trade_updates). Forzando reconexion controlada.
2026-07-05 23:16:17 | WARNING | trading_bot | WebSocket stale detectado (market-stocks). Forzando reconexion controlada.
2026-07-05 23:16:17 | WARNING | trading_bot | WebSocket stale detectado (news). Forzando reconexion controlada.
2026-07-05 23:16:17 | WARNING | trading_bot | WebSocket stale detectado (trade_updates). Forzando reconexion controlada.
2026-07-05 23:17:07 | WARNING | trading_bot | WebSocket stale detectado (market-stocks). Forzando reconexion controlada.
2026-07-05 23:17:07 | WARNING | trading_bot | WebSocket stale detectado (news). Forzando reconexion controlada.
2026-07-05 23:17:07 | WARNING | trading_bot | WebSocket stale detectado (trade_updates). Forzando reconexion controlada.
2026-07-05 23:17:57 | WARNING | trading_bot | WebSocket stale detectado (market-stocks). Forzando reconexion controlada.
2026-07-05 23:17:57 | WARNING | trading_bot | WebSocket stale detectado (news). Forzando reconexion controlada.
2026-07-05 23:17:57 | WARNING | trading_bot | WebSocket stale detectado (trade_updates). Forzando reconexion controlada.
2026-07-05 23:18:47 | WARNING | trading_bot | WebSocket stale detectado (market-stocks). Forzando reconexion controlada.
2026-07-05 23:18:47 | WARNING | trading_bot | WebSocket stale detectado (news). Forzando reconexion controlada.
2026-07-05 23:18:47 | WARNING | trading_bot | WebSocket stale detectado (trade_updates). Forzando reconexion controlada.
2026-07-05 23:19:21 | WARNING | trading_bot | Alpaca devolvio barras vacias para AAPL (1m)
2026-07-05 23:19:21 | WARNING | trading_bot | Alpaca devolvio barras vacias para AAPL (5m)
2026-07-05 23:19:21 | WARNING | trading_bot | Alpaca devolvio barras vacias para AAPL (15m)
2026-07-05 23:19:22 | WARNING | trading_bot | WebSocket reconnect triggered by CryptoVolumeManager
2026-07-05 23:19:22 | WARNING | trading_bot | Using fallback REST bars for AVAX/USD
2026-07-05 23:19:23 | WARNING | trading_bot | Using fallback REST bars for BTC/USD
2026-07-05 23:19:23 | WARNING | trading_bot | Using fallback REST bars for DOGE/USD
2026-07-05 23:19:24 | WARNING | trading_bot | Using fallback REST bars for ETH/USD
2026-07-05 23:19:25 | WARNING | trading_bot | Using fallback REST bars for LINK/USD
2026-07-05 23:19:25 | WARNING | trading_bot | Using fallback REST bars for SOL/USD
2026-07-05 23:19:26 | WARNING | trading_bot | Using fallback REST bars for XRP/USD
2026-07-05 23:19:42 | WARNING | trading_bot | WebSocket reconnect triggered by CryptoVolumeManager
2026-07-05 23:19:42 | WARNING | trading_bot | Using fallback REST bars for SOL/USDC
2026-07-05 23:20:21 | WARNING | trading_bot | WebSocket reconnect triggered by CryptoVolumeManager
2026-07-05 23:20:21 | WARNING | trading_bot | Using fallback REST bars for AVAX/USD
2026-07-05 23:20:22 | WARNING | trading_bot | Using fallback REST bars for BTC/USD
2026-07-05 23:20:22 | WARNING | trading_bot | Using fallback REST bars for DOGE/USD
2026-07-05 23:20:23 | WARNING | trading_bot | Using fallback REST bars for ETH/USD
2026-07-05 23:20:23 | WARNING | trading_bot | Using fallback REST bars for LINK/USD
2026-07-05 23:20:24 | WARNING | trading_bot | Using fallback REST bars for SOL/USD
2026-07-05 23:20:24 | WARNING | trading_bot | Using fallback REST bars for XRP/USD
2026-07-05 23:21:11 | WARNING | trading_bot | WebSocket stale detectado (market-stocks). Forzando reconexion controlada.
2026-07-05 23:21:11 | WARNING | trading_bot | WebSocket stale detectado (news). Forzando reconexion controlada.
2026-07-05 23:21:11 | WARNING | trading_bot | WebSocket stale detectado (trade_updates). Forzando reconexion controlada.
2026-07-05 23:22:01 | WARNING | trading_bot | WebSocket stale detectado (market-stocks). Forzando reconexion controlada.
2026-07-05 23:22:01 | WARNING | trading_bot | WebSocket stale detectado (news). Forzando reconexion controlada.
2026-07-05 23:22:01 | WARNING | trading_bot | WebSocket stale detectado (trade_updates). Forzando reconexion controlada.
2026-07-05 23:22:51 | WARNING | trading_bot | WebSocket stale detectado (news). Forzando reconexion controlada.
2026-07-05 23:22:51 | WARNING | trading_bot | WebSocket stale detectado (trade_updates). Forzando reconexion controlada.
2026-07-05 23:22:51 | WARNING | trading_bot | WebSocket stale detectado (market-stocks). Forzando reconexion controlada.
2026-07-05 23:36:09 | WARNING | trading_bot | WebSocket reconnect triggered by CryptoVolumeManager
2026-07-05 23:36:09 | WARNING | trading_bot | Using fallback REST bars for AVAX/USD
2026-07-05 23:36:10 | WARNING | trading_bot | Using fallback REST bars for BTC/USD
2026-07-05 23:36:11 | WARNING | trading_bot | Using fallback REST bars for DOGE/USD
2026-07-05 23:36:11 | WARNING | trading_bot | Using fallback REST bars for ETH/USD
2026-07-05 23:36:12 | WARNING | trading_bot | Using fallback REST bars for LINK/USD
2026-07-05 23:36:13 | WARNING | trading_bot | Using fallback REST bars for SOL/USD
2026-07-05 23:36:13 | WARNING | trading_bot | Using fallback REST bars for XRP/USD
2026-07-05 23:36:14 | WARNING | trading_bot | VPN bootstrap script failed rc=1: Tu version de NordVPN no soporta login por username/password en CLI.
Ejecuta: nordvpn login  (flujo web), luego vuelve a correr este script.
2026-07-05 23:39:01 | WARNING | trading_bot | WebSocket reconnect triggered by CryptoVolumeManager
2026-07-05 23:39:01 | WARNING | trading_bot | Using fallback REST bars for AVAX/USD
2026-07-05 23:39:01 | WARNING | trading_bot | Using fallback REST bars for BTC/USD
2026-07-05 23:39:02 | WARNING | trading_bot | Using fallback REST bars for DOGE/USD
2026-07-05 23:39:03 | WARNING | trading_bot | Using fallback REST bars for ETH/USD
2026-07-05 23:39:03 | WARNING | trading_bot | Using fallback REST bars for LINK/USD
2026-07-05 23:39:04 | WARNING | trading_bot | Using fallback REST bars for SOL/USD
2026-07-05 23:39:04 | WARNING | trading_bot | Using fallback REST bars for XRP/USD
2026-07-05 23:39:05 | WARNING | trading_bot | VPN bootstrap script failed rc=1: Permission denied. Please grant necessary permissions before using the application by executing the following commands:

sudo groupadd nordvpn
sudo usermod -aG nordvpn $USER

After doing so, reboot your device afterwards for this to take an effect.
2026-07-05 23:39:11 | WARNING | trading_bot | VPN bootstrap script failed rc=1: Permission denied. Please grant necessary permissions before using the application by executing the following commands:

sudo groupadd nordvpn
sudo usermod -aG nordvpn $USER

After doing so, reboot your device afterwards for this to take an effect.
2026-07-05 23:42:14 | WARNING | trading_bot | WebSocket reconnect triggered by CryptoVolumeManager
2026-07-05 23:42:14 | WARNING | trading_bot | Using fallback REST bars for AVAX/USD
2026-07-05 23:42:15 | WARNING | trading_bot | Using fallback REST bars for BTC/USD
2026-07-05 23:42:15 | WARNING | trading_bot | Using fallback REST bars for DOGE/USD
2026-07-05 23:42:16 | WARNING | trading_bot | Using fallback REST bars for ETH/USD
2026-07-05 23:42:16 | WARNING | trading_bot | Using fallback REST bars for LINK/USD
2026-07-05 23:42:17 | WARNING | trading_bot | Using fallback REST bars for SOL/USD
2026-07-05 23:42:17 | WARNING | trading_bot | Using fallback REST bars for XRP/USD
2026-07-05 23:42:18 | WARNING | trading_bot | VPN bootstrap script failed rc=1: You're not logged in.
2026-07-05 23:42:19 | WARNING | trading_bot | VPN bootstrap script failed rc=1: You're not logged in.
2026-07-05 23:42:39 | WARNING | trading_bot | VPN bootstrap script failed rc=1: You're not logged in.
2026-07-05 23:42:59 | WARNING | trading_bot | VPN bootstrap script failed rc=1: You're not logged in.
2026-07-05 23:43:24 | WARNING | trading_bot | VPN bootstrap script failed rc=1: You're not logged in.
2026-07-05 23:43:49 | WARNING | trading_bot | VPN bootstrap script failed rc=1: You're not logged in.
2026-07-05 23:44:09 | WARNING | trading_bot | VPN bootstrap script failed rc=1: You're not logged in.
2026-07-05 23:44:29 | WARNING | trading_bot | VPN bootstrap script failed rc=1: You're not logged in.
2026-07-05 23:44:49 | WARNING | trading_bot | VPN bootstrap script failed rc=1: You're not logged in.
2026-07-05 23:45:09 | WARNING | trading_bot | VPN bootstrap script failed rc=1: You're not logged in.
2026-07-05 23:45:29 | WARNING | trading_bot | VPN bootstrap script failed rc=1: You're not logged in.
2026-07-05 23:45:49 | WARNING | trading_bot | VPN bootstrap script failed rc=1: You're not logged in.
2026-07-05 23:46:10 | WARNING | trading_bot | VPN bootstrap script failed rc=1: You're not logged in.
2026-07-05 23:46:30 | WARNING | trading_bot | VPN bootstrap script failed rc=1: You're not logged in.
2026-07-05 23:46:50 | WARNING | trading_bot | VPN bootstrap script failed rc=1: You're not logged in.
2026-07-05 23:47:10 | WARNING | trading_bot | VPN bootstrap script failed rc=1: You're not logged in.
2026-07-05 23:47:30 | WARNING | trading_bot | VPN bootstrap script failed rc=1: You're not logged in.
2026-07-05 23:47:50 | WARNING | trading_bot | VPN bootstrap script failed rc=1: You're not logged in.
2026-07-05 23:48:10 | WARNING | trading_bot | VPN bootstrap script failed rc=1: You're not logged in.
2026-07-05 23:48:31 | WARNING | trading_bot | VPN bootstrap script failed rc=1: You're not logged in.
2026-07-05 23:48:51 | WARNING | trading_bot | VPN bootstrap script failed rc=1: You're not logged in.
2026-07-05 23:49:11 | WARNING | trading_bot | VPN bootstrap script failed rc=1: You're not logged in.
2026-07-05 23:49:31 | WARNING | trading_bot | VPN bootstrap script failed rc=1: The specified server does not exist.
2026-07-05 23:49:51 | WARNING | trading_bot | VPN bootstrap script failed rc=3: Error: VPN conectada, pero pais actual es '' y se requiere 'Dominican Republic'.
2026-07-05 23:50:02 | WARNING | trading_bot | Alpaca devolvio barras vacias para AAPL (1m)
2026-07-05 23:50:02 | WARNING | trading_bot | Alpaca devolvio barras vacias para AAPL (5m)
2026-07-05 23:50:02 | WARNING | trading_bot | Alpaca devolvio barras vacias para AAPL (15m)
2026-07-05 23:50:19 | WARNING | trading_bot | Monitoreo fallido para cuenta Paper: ('Connection aborted.', RemoteDisconnected('Remote end closed connection without response'))
2026-07-05 23:50:19 | WARNING | trading_bot | Monitoreo fallido para cuenta Real: ('Connection aborted.', RemoteDisconnected('Remote end closed connection without response'))
2026-07-05 23:50:51 | WARNING | trading_bot | WebSocket stale detectado (market-stocks). Forzando reconexion controlada.
2026-07-05 23:50:51 | WARNING | trading_bot | WebSocket stale detectado (news). Forzando reconexion controlada.
2026-07-05 23:50:51 | WARNING | trading_bot | WebSocket stale detectado (trade_updates). Forzando reconexion controlada.
2026-07-05 23:51:38 | WARNING | trading_bot | Helper de emergencia inactivo. Relanzando...
2026-07-05 23:51:41 | WARNING | trading_bot | WebSocket stale detectado (market-stocks). Forzando reconexion controlada.
2026-07-05 23:51:41 | WARNING | trading_bot | WebSocket stale detectado (news). Forzando reconexion controlada.
2026-07-05 23:51:41 | WARNING | trading_bot | WebSocket stale detectado (trade_updates). Forzando reconexion controlada.
2026-07-05 23:51:42 | WARNING | trading_bot | Helper de emergencia inactivo. Relanzando...
2026-07-05 23:51:46 | WARNING | trading_bot | Helper de emergencia inactivo. Relanzando...
2026-07-05 23:51:50 | WARNING | trading_bot | Helper de emergencia inactivo. Relanzando...
2026-07-05 23:52:31 | WARNING | trading_bot | WebSocket stale detectado (market-stocks). Forzando reconexion controlada.
2026-07-05 23:52:32 | WARNING | trading_bot | WebSocket stale detectado (news). Forzando reconexion controlada.
2026-07-05 23:52:32 | WARNING | trading_bot | WebSocket stale detectado (trade_updates). Forzando reconexion controlada.
2026-07-05 23:53:22 | WARNING | trading_bot | WebSocket stale detectado (market-stocks). Forzando reconexion controlada.
2026-07-05 23:53:22 | WARNING | trading_bot | WebSocket stale detectado (news). Forzando reconexion controlada.
2026-07-05 23:53:22 | WARNING | trading_bot | WebSocket stale detectado (trade_updates). Forzando reconexion controlada.
2026-07-05 23:54:12 | WARNING | trading_bot | WebSocket stale detectado (market-stocks). Forzando reconexion controlada.
2026-07-05 23:54:12 | WARNING | trading_bot | WebSocket stale detectado (trade_updates). Forzando reconexion controlada.
2026-07-05 23:54:12 | WARNING | trading_bot | WebSocket stale detectado (news). Forzando reconexion controlada.
2026-07-05 23:55:02 | WARNING | trading_bot | WebSocket stale detectado (market-stocks). Forzando reconexion controlada.
2026-07-05 23:55:02 | WARNING | trading_bot | WebSocket stale detectado (trade_updates). Forzando reconexion controlada.
2026-07-05 23:55:02 | WARNING | trading_bot | WebSocket stale detectado (news). Forzando reconexion controlada.
2026-07-05 23:55:52 | WARNING | trading_bot | WebSocket stale detectado (market-stocks). Forzando reconexion controlada.
2026-07-05 23:55:52 | WARNING | trading_bot | WebSocket stale detectado (trade_updates). Forzando reconexion controlada.
2026-07-05 23:55:52 | WARNING | trading_bot | WebSocket stale detectado (news). Forzando reconexion controlada.
2026-07-05 23:56:42 | WARNING | trading_bot | WebSocket stale detectado (market-stocks). Forzando reconexion controlada.
2026-07-05 23:56:42 | WARNING | trading_bot | WebSocket stale detectado (trade_updates). Forzando reconexion controlada.
2026-07-05 23:56:43 | WARNING | trading_bot | WebSocket stale detectado (news). Forzando reconexion controlada.
2026-07-05 23:57:33 | WARNING | trading_bot | WebSocket stale detectado (market-stocks). Forzando reconexion controlada.
2026-07-05 23:57:33 | WARNING | trading_bot | WebSocket stale detectado (trade_updates). Forzando reconexion controlada.
2026-07-05 23:57:33 | WARNING | trading_bot | WebSocket stale detectado (news). Forzando reconexion controlada.
2026-07-05 23:58:12 | WARNING | trading_bot | Alpaca devolvio barras vacias para AAPL (1m)
2026-07-05 23:58:12 | WARNING | trading_bot | Alpaca devolvio barras vacias para AAPL (5m)
2026-07-05 23:58:12 | WARNING | trading_bot | Alpaca devolvio barras vacias para AAPL (15m)
2026-07-05 23:58:14 | WARNING | trading_bot | WebSocket reconnect triggered by CryptoVolumeManager
2026-07-05 23:58:14 | WARNING | trading_bot | Using fallback REST bars for AVAX/USD
2026-07-05 23:58:15 | WARNING | trading_bot | Using fallback REST bars for BTC/USD
2026-07-05 23:58:16 | WARNING | trading_bot | Using fallback REST bars for DOGE/USD
2026-07-05 23:58:17 | WARNING | trading_bot | Using fallback REST bars for ETH/USD
2026-07-05 23:58:18 | WARNING | trading_bot | Using fallback REST bars for LINK/USD
2026-07-05 23:58:19 | WARNING | trading_bot | Using fallback REST bars for SOL/USD
2026-07-05 23:58:20 | WARNING | trading_bot | Using fallback REST bars for XRP/USD
2026-07-05 23:58:23 | WARNING | trading_bot | Fallo de red/HTTP en market data (ConnectionError). Reintentando en 1.0 s
2026-07-05 23:58:28 | WARNING | trading_bot | No se pudo refrescar estado NYSE: HTTPSConnectionPool(host='www.nyse.com', port=443): Max retries exceeded with url: /markets/hours-calendars (Caused by NameResolutionError("HTTPSConnection(host='www.nyse.com', port=443): Failed to resolve 'www.nyse.com' ([Errno -2] Name or service not known)"))
2026-07-05 23:58:51 | WARNING | trading_bot | Monitoreo fallido para cuenta Paper: ('Connection aborted.', RemoteDisconnected('Remote end closed connection without response'))
2026-07-05 23:58:52 | WARNING | trading_bot | Helper de emergencia inactivo. Relanzando...
2026-07-05 23:59:13 | WARNING | trading_bot | WebSocket stale detectado (market-stocks). Forzando reconexion controlada.
2026-07-05 23:59:13 | WARNING | trading_bot | WebSocket stale detectado (news). Forzando reconexion controlada.
2026-07-05 23:59:13 | WARNING | trading_bot | WebSocket stale detectado (trade_updates). Forzando reconexion controlada.
2026-07-06 00:00:03 | WARNING | trading_bot | WebSocket stale detectado (market-stocks). Forzando reconexion controlada.
2026-07-06 00:00:03 | WARNING | trading_bot | WebSocket stale detectado (news). Forzando reconexion controlada.
2026-07-06 00:00:03 | WARNING | trading_bot | WebSocket stale detectado (trade_updates). Forzando reconexion controlada.
2026-07-06 00:00:53 | WARNING | trading_bot | WebSocket stale detectado (news). Forzando reconexion controlada.
2026-07-06 00:00:53 | WARNING | trading_bot | WebSocket stale detectado (trade_updates). Forzando reconexion controlada.
2026-07-06 00:00:53 | WARNING | trading_bot | WebSocket stale detectado (market-stocks). Forzando reconexion controlada.
2026-07-06 00:01:43 | WARNING | trading_bot | WebSocket stale detectado (news). Forzando reconexion controlada.
2026-07-06 00:01:43 | WARNING | trading_bot | WebSocket stale detectado (trade_updates). Forzando reconexion controlada.
2026-07-06 00:01:43 | WARNING | trading_bot | WebSocket stale detectado (market-stocks). Forzando reconexion controlada.
2026-07-06 00:02:33 | WARNING | trading_bot | WebSocket stale detectado (trade_updates). Forzando reconexion controlada.
2026-07-06 00:02:33 | WARNING | trading_bot | WebSocket stale detectado (market-stocks). Forzando reconexion controlada.
2026-07-06 00:02:34 | WARNING | trading_bot | WebSocket stale detectado (news). Forzando reconexion controlada.
2026-07-06 00:03:24 | WARNING | trading_bot | WebSocket stale detectado (trade_updates). Forzando reconexion controlada.
2026-07-06 00:03:24 | WARNING | trading_bot | WebSocket stale detectado (market-stocks). Forzando reconexion controlada.
2026-07-06 00:03:24 | WARNING | trading_bot | WebSocket stale detectado (news). Forzando reconexion controlada.
2026-07-06 00:04:14 | WARNING | trading_bot | WebSocket stale detectado (trade_updates). Forzando reconexion controlada.
2026-07-06 00:04:14 | WARNING | trading_bot | WebSocket stale detectado (news). Forzando reconexion controlada.
2026-07-06 00:04:14 | WARNING | trading_bot | WebSocket stale detectado (market-stocks). Forzando reconexion controlada.
2026-07-06 00:05:04 | WARNING | trading_bot | WebSocket stale detectado (trade_updates). Forzando reconexion controlada.
2026-07-06 00:05:04 | WARNING | trading_bot | WebSocket stale detectado (market-stocks). Forzando reconexion controlada.
2026-07-06 00:05:04 | WARNING | trading_bot | WebSocket stale detectado (news). Forzando reconexion controlada.
2026-07-06 00:05:54 | WARNING | trading_bot | WebSocket stale detectado (trade_updates). Forzando reconexion controlada.
2026-07-06 00:05:54 | WARNING | trading_bot | WebSocket stale detectado (news). Forzando reconexion controlada.
2026-07-06 00:05:54 | WARNING | trading_bot | WebSocket stale detectado (market-stocks). Forzando reconexion controlada.
2026-07-06 00:06:44 | WARNING | trading_bot | WebSocket stale detectado (trade_updates). Forzando reconexion controlada.
2026-07-06 00:06:45 | WARNING | trading_bot | WebSocket stale detectado (news). Forzando reconexion controlada.
2026-07-06 00:06:45 | WARNING | trading_bot | WebSocket stale detectado (market-stocks). Forzando reconexion controlada.
2026-07-06 00:07:35 | WARNING | trading_bot | WebSocket stale detectado (trade_updates). Forzando reconexion controlada.
2026-07-06 00:07:35 | WARNING | trading_bot | WebSocket stale detectado (news). Forzando reconexion controlada.
2026-07-06 00:07:35 | WARNING | trading_bot | WebSocket stale detectado (market-stocks). Forzando reconexion controlada.
2026-07-06 00:08:25 | WARNING | trading_bot | WebSocket stale detectado (trade_updates). Forzando reconexion controlada.
2026-07-06 00:08:25 | WARNING | trading_bot | WebSocket stale detectado (news). Forzando reconexion controlada.
2026-07-06 00:08:25 | WARNING | trading_bot | WebSocket stale detectado (market-stocks). Forzando reconexion controlada.
2026-07-06 00:09:15 | WARNING | trading_bot | WebSocket stale detectado (trade_updates). Forzando reconexion controlada.
2026-07-06 00:09:15 | WARNING | trading_bot | WebSocket stale detectado (news). Forzando reconexion controlada.
2026-07-06 00:09:15 | WARNING | trading_bot | WebSocket stale detectado (market-stocks). Forzando reconexion controlada.
2026-07-06 00:10:05 | WARNING | trading_bot | WebSocket stale detectado (market-stocks). Forzando reconexion controlada.
2026-07-06 00:10:05 | WARNING | trading_bot | WebSocket stale detectado (trade_updates). Forzando reconexion controlada.
2026-07-06 00:10:50 | WARNING | trading_bot | WebSocket stale detectado (news). Forzando reconexion controlada.
2026-07-06 00:10:56 | WARNING | trading_bot | WebSocket stale detectado (news). Forzando reconexion controlada.
2026-07-06 00:10:56 | WARNING | trading_bot | WebSocket stale detectado (market-stocks). Forzando reconexion controlada.
2026-07-06 00:10:56 | WARNING | trading_bot | WebSocket stale detectado (trade_updates). Forzando reconexion controlada.
2026-07-06 00:11:46 | WARNING | trading_bot | WebSocket stale detectado (market-stocks). Forzando reconexion controlada.
2026-07-06 00:11:46 | WARNING | trading_bot | WebSocket stale detectado (trade_updates). Forzando reconexion controlada.
2026-07-06 00:11:46 | WARNING | trading_bot | WebSocket stale detectado (news). Forzando reconexion controlada.
2026-07-06 00:12:36 | WARNING | trading_bot | WebSocket stale detectado (market-stocks). Forzando reconexion controlada.
2026-07-06 00:12:36 | WARNING | trading_bot | WebSocket stale detectado (trade_updates). Forzando reconexion controlada.
2026-07-06 00:13:21 | WARNING | trading_bot | WebSocket stale detectado (news). Forzando reconexion controlada.
2026-07-06 00:13:26 | WARNING | trading_bot | WebSocket stale detectado (market-stocks). Forzando reconexion controlada.
2026-07-06 00:13:26 | WARNING | trading_bot | WebSocket stale detectado (trade_updates). Forzando reconexion controlada.
2026-07-06 00:14:11 | WARNING | trading_bot | WebSocket stale detectado (news). Forzando reconexion controlada.
2026-07-06 00:14:16 | WARNING | trading_bot | WebSocket stale detectado (trade_updates). Forzando reconexion controlada.
2026-07-06 00:14:16 | WARNING | trading_bot | WebSocket stale detectado (market-stocks). Forzando reconexion controlada.
2026-07-06 00:15:02 | WARNING | trading_bot | WebSocket stale detectado (news). Forzando reconexion controlada.
2026-07-06 00:15:07 | WARNING | trading_bot | WebSocket stale detectado (trade_updates). Forzando reconexion controlada.
2026-07-06 00:15:07 | WARNING | trading_bot | WebSocket stale detectado (market-stocks). Forzando reconexion controlada.
2026-07-06 00:15:52 | WARNING | trading_bot | WebSocket stale detectado (news). Forzando reconexion controlada.
2026-07-06 00:15:57 | WARNING | trading_bot | WebSocket stale detectado (trade_updates). Forzando reconexion controlada.
2026-07-06 00:15:57 | WARNING | trading_bot | WebSocket stale detectado (market-stocks). Forzando reconexion controlada.
2026-07-06 00:16:42 | WARNING | trading_bot | WebSocket stale detectado (news). Forzando reconexion controlada.
2026-07-06 00:16:47 | WARNING | trading_bot | WebSocket stale detectado (trade_updates). Forzando reconexion controlada.
2026-07-06 00:16:47 | WARNING | trading_bot | WebSocket stale detectado (market-stocks). Forzando reconexion controlada.
2026-07-06 00:17:32 | WARNING | trading_bot | WebSocket stale detectado (news). Forzando reconexion controlada.
2026-07-06 00:17:37 | WARNING | trading_bot | WebSocket stale detectado (market-stocks). Forzando reconexion controlada.
2026-07-06 00:17:37 | WARNING | trading_bot | WebSocket stale detectado (trade_updates). Forzando reconexion controlada.
2026-07-06 00:18:22 | WARNING | trading_bot | WebSocket stale detectado (news). Forzando reconexion controlada.
2026-07-06 00:18:28 | WARNING | trading_bot | WebSocket stale detectado (market-stocks). Forzando reconexion controlada.
2026-07-06 00:18:28 | WARNING | trading_bot | WebSocket stale detectado (trade_updates). Forzando reconexion controlada.
2026-07-06 00:19:13 | WARNING | trading_bot | WebSocket stale detectado (news). Forzando reconexion controlada.
2026-07-06 00:19:18 | WARNING | trading_bot | WebSocket stale detectado (market-stocks). Forzando reconexion controlada.
2026-07-06 00:19:18 | WARNING | trading_bot | WebSocket stale detectado (trade_updates). Forzando reconexion controlada.
2026-07-06 00:33:42 | WARNING | trading_bot | Fallo de red/HTTP en market data (HTTPError). Reintentando en 1.0 s
2026-07-06 00:33:43 | WARNING | trading_bot | Fallo de red/HTTP en market data (HTTPError). Reintentando en 2.0 s
2026-07-06 00:33:44 | WARNING | trading_bot | WebSocket reconnect triggered by CryptoVolumeManager
2026-07-06 00:33:44 | WARNING | trading_bot | Using fallback REST bars for AVAX/USD
2026-07-06 00:33:45 | WARNING | trading_bot | DataCollectorWorker error AAPL: 400 Client Error: Bad Request for url: https://testnet.binancefuture.com/fapi/v1/klines?symbol=AAPL&interval=1m&limit=60
2026-07-06 00:33:49 | WARNING | trading_bot | Using fallback REST bars for BTC/USD
2026-07-06 00:33:53 | WARNING | trading_bot | Using fallback REST bars for DOGE/USD
2026-07-06 00:33:56 | WARNING | trading_bot | WebSocket reconnect triggered by CryptoVolumeManager
2026-07-06 00:33:56 | WARNING | trading_bot | Using fallback REST bars for ETH/USD
2026-07-06 00:33:59 | WARNING | trading_bot | Using fallback REST bars for LINK/USD
2026-07-06 00:34:03 | WARNING | trading_bot | Using fallback REST bars for SOL/USD
2026-07-06 00:34:06 | WARNING | trading_bot | WebSocket reconnect triggered by CryptoVolumeManager
2026-07-06 00:34:06 | WARNING | trading_bot | Fallo de red/HTTP en market data (HTTPError). Reintentando en 1.0 s
2026-07-06 00:34:06 | WARNING | trading_bot | Using fallback REST bars for XRP/USD
2026-07-06 00:34:09 | WARNING | trading_bot | Fallo de red/HTTP en market data (HTTPError). Reintentando en 1.0 s
2026-07-06 00:34:10 | WARNING | trading_bot | Fallo de red/HTTP en market data (HTTPError). Reintentando en 2.0 s
2026-07-06 00:34:11 | WARNING | trading_bot | WebSocket reconnect triggered by CryptoVolumeManager
2026-07-06 00:34:12 | WARNING | trading_bot | Using fallback REST bars for AVAX/USD
2026-07-06 00:34:12 | WARNING | trading_bot | DataCollectorWorker error AAPL: 400 Client Error: Bad Request for url: https://testnet.binancefuture.com/fapi/v1/klines?symbol=AAPL&interval=1m&limit=60
2026-07-06 00:34:15 | WARNING | trading_bot | Using fallback REST bars for BTC/USD
2026-07-06 00:34:18 | WARNING | trading_bot | Using fallback REST bars for DOGE/USD
2026-07-06 00:34:21 | WARNING | trading_bot | WebSocket reconnect triggered by CryptoVolumeManager
2026-07-06 00:34:21 | WARNING | trading_bot | Using fallback REST bars for ETH/USD
2026-07-06 00:34:24 | WARNING | trading_bot | Using fallback REST bars for LINK/USD
2026-07-06 00:34:27 | WARNING | trading_bot | Using fallback REST bars for SOL/USD
2026-07-06 00:34:31 | WARNING | trading_bot | Using fallback REST bars for XRP/USD
2026-07-06 00:34:32 | WARNING | trading_bot | Fallo de red/HTTP en market data (HTTPError). Reintentando en 1.0 s
2026-07-06 00:34:33 | WARNING | trading_bot | Pestana guardada ignorada para cuenta no configurada: Paper 2 (SOL/USD)
2026-07-06 00:34:43 | WARNING | trading_bot | Fallo de red/HTTP en market data (ReadTimeout). Reintentando en 2.0 s
2026-07-06 00:34:43 | WARNING | trading_bot | Sin conexion durante monitoreo general (ReadTimeout). Reintentando automaticamente...
2026-07-06 00:34:52 | WARNING | trading_bot | DataCollectorWorker error AAPL: 400 Client Error: Bad Request for url: https://testnet.binancefuture.com/fapi/v1/klines?symbol=AAPL&interval=1m&limit=60
2026-07-06 00:34:58 | WARNING | trading_bot | OpenAI analyzer fallback neutral: HTTPSConnectionPool(host='api.openai.com', port=443): Read timed out. (read timeout=25)
2026-07-06 00:35:08 | WARNING | trading_bot | Fallo de red/HTTP en market data (ConnectionError). Reintentando en 1.0 s
2026-07-06 00:35:10 | WARNING | trading_bot | Monitoreo fallido para cuenta Binance Demo: ('Connection aborted.', RemoteDisconnected('Remote end closed connection without response'))
2026-07-06 00:35:16 | WARNING | trading_bot | WebSocket reconnect triggered by CryptoVolumeManager
2026-07-06 00:35:18 | WARNING | trading_bot | Fallo de red/HTTP en market data (ConnectionError). Reintentando en 1.0 s
2026-07-06 00:35:19 | WARNING | trading_bot | Using fallback REST bars for AVAX/USD
2026-07-06 00:35:23 | WARNING | trading_bot | Using fallback REST bars for BTC/USD
2026-07-06 00:35:23 | WARNING | trading_bot | Using fallback REST bars for AVAX/USD
2026-07-06 00:35:23 | WARNING | trading_bot | Fallo de red/HTTP en market data (HTTPError). Reintentando en 1.0 s
2026-07-06 00:35:25 | WARNING | trading_bot | Fallo de red/HTTP en market data (HTTPError). Reintentando en 2.0 s
2026-07-06 00:35:25 | WARNING | trading_bot | Using fallback REST bars for BTC/USD
2026-07-06 00:35:26 | WARNING | trading_bot | Using fallback REST bars for DOGE/USD
2026-07-06 00:35:27 | WARNING | trading_bot | DataCollectorWorker error AAPL: 400 Client Error: Bad Request for url: https://testnet.binancefuture.com/fapi/v1/klines?symbol=AAPL&interval=1m&limit=60
2026-07-06 00:35:27 | WARNING | trading_bot | WebSocket reconnect triggered by CryptoVolumeManager
2026-07-06 00:35:27 | WARNING | trading_bot | Using fallback REST bars for DOGE/USD
2026-07-06 00:35:28 | WARNING | trading_bot | Using fallback REST bars for ETH/USD
2026-07-06 00:35:32 | WARNING | trading_bot | Fallo de red/HTTP en market data (HTTPError). Reintentando en 1.0 s
2026-07-06 00:35:33 | WARNING | trading_bot | Using fallback REST bars for ETH/USD
2026-07-06 00:35:34 | WARNING | trading_bot | Fallo de red/HTTP en market data (HTTPError). Reintentando en 2.0 s
2026-07-06 00:35:53 | WARNING | trading_bot | Fallo de red/HTTP en market data (HTTPError). Reintentando en 1.0 s
2026-07-06 00:35:57 | WARNING | trading_bot | Fallo de red/HTTP en market data (HTTPError). Reintentando en 2.0 s
2026-07-06 00:36:09 | WARNING | trading_bot | Fallo de red/HTTP en market data (HTTPError). Reintentando en 1.0 s
2026-07-06 00:36:10 | WARNING | trading_bot | No se pudo aplicar leverage 1x en SOL/USD: 400 Client Error: Bad Request for url: https://testnet.binancefuture.com/fapi/v1/leverage?symbol=SOLUSDT&leverage=1&timestamp=1783312534497&recvWindow=5000&signature=a57d2e90ade9ee1732604ec0f0005eb1cf7aeb9b4513d50cbbaa8f1a64aaae73
2026-07-06 00:36:11 | WARNING | trading_bot | Fallo de red/HTTP en market data (HTTPError). Reintentando en 2.0 s
2026-07-06 00:36:15 | WARNING | trading_bot | WebSocket reconnect triggered by CryptoVolumeManager
2026-07-06 00:36:17 | WARNING | trading_bot | Using fallback REST bars for LINK/USD
2026-07-06 00:36:17 | WARNING | trading_bot | Fallo de red/HTTP en market data (HTTPError). Reintentando en 1.0 s
2026-07-06 00:36:18 | WARNING | trading_bot | Fallo de red/HTTP en market data (HTTPError). Reintentando en 2.0 s
2026-07-06 00:36:19 | WARNING | trading_bot | Using fallback REST bars for LINK/USD
2026-07-06 00:36:20 | WARNING | trading_bot | Using fallback REST bars for AVAX/USD
2026-07-06 00:36:24 | WARNING | trading_bot | Fallo de red/HTTP en market data (HTTPError). Reintentando en 1.0 s
2026-07-06 00:36:25 | WARNING | trading_bot | Using fallback REST bars for BTC/USD
2026-07-06 00:36:26 | WARNING | trading_bot | Fallo de red/HTTP en market data (HTTPError). Reintentando en 2.0 s
2026-07-06 00:36:27 | WARNING | trading_bot | WebSocket reconnect triggered by CryptoVolumeManager
2026-07-06 00:36:27 | WARNING | trading_bot | Using fallback REST bars for SOL/USD
2026-07-06 00:36:27 | WARNING | trading_bot | Using fallback REST bars for SOL/USD
2026-07-06 00:36:29 | WARNING | trading_bot | Fallo de red/HTTP en market data (HTTPError). Reintentando en 1.0 s
2026-07-06 00:36:31 | WARNING | trading_bot | Fallo de red/HTTP en market data (HTTPError). Reintentando en 2.0 s
2026-07-06 00:36:53 | WARNING | trading_bot | Volume fetch failed for SOL/USDC: 400 Client Error: Bad Request for url: https://testnet.binancefuture.com/fapi/v1/klines?symbol=SOLUSDTT&interval=1m&limit=90
2026-07-06 00:36:53 | WARNING | trading_bot | Fallo de red/HTTP en market data (HTTPError). Reintentando en 1.0 s
2026-07-06 00:36:54 | WARNING | trading_bot | Using fallback REST bars for DOGE/USD
2026-07-06 00:36:54 | WARNING | trading_bot | WebSocket reconnect triggered by CryptoVolumeManager
2026-07-06 00:36:57 | WARNING | trading_bot | Using fallback REST bars for XRP/USD
2026-07-06 00:37:08 | WARNING | trading_bot | Fallo de red/HTTP en market data (HTTPError). Reintentando en 1.0 s
2026-07-06 00:37:08 | WARNING | trading_bot | WebSocket reconnect triggered by CryptoVolumeManager
2026-07-06 00:37:08 | WARNING | trading_bot | Using fallback REST bars for XRP/USD
2026-07-06 00:37:09 | WARNING | trading_bot | Fallo de red/HTTP en market data (HTTPError). Reintentando en 2.0 s
2026-07-06 00:37:10 | WARNING | trading_bot | Fallo de red/HTTP en market data (HTTPError). Reintentando en 2.0 s
2026-07-06 00:37:13 | WARNING | trading_bot | Volume fetch failed for SOL/USDC: 400 Client Error: Bad Request for url: https://testnet.binancefuture.com/fapi/v1/aggTrades?symbol=SOLUSDTT&startTime=1783312553464&endTime=1783312613464&limit=1000
2026-07-06 00:37:13 | WARNING | trading_bot | DataCollectorWorker error AAPL: 400 Client Error: Bad Request for url: https://testnet.binancefuture.com/fapi/v1/klines?symbol=AAPL&interval=1m&limit=60
2026-07-06 00:37:14 | WARNING | trading_bot | Fallo de red/HTTP en market data (HTTPError). Reintentando en 1.0 s
2026-07-06 00:37:16 | WARNING | trading_bot | Fallo de red/HTTP en market data (HTTPError). Reintentando en 2.0 s
2026-07-06 00:37:19 | WARNING | trading_bot | Volume fetch failed for SOL/USDC: 400 Client Error: Bad Request for url: https://testnet.binancefuture.com/fapi/v1/aggTrades?symbol=SOLUSDTT&startTime=1783312333760&endTime=1783312633760&limit=1000
2026-07-06 00:37:20 | WARNING | trading_bot | Fallo de red/HTTP en market data (HTTPError). Reintentando en 1.0 s
2026-07-06 00:37:20 | WARNING | trading_bot | WebSocket reconnect triggered by CryptoVolumeManager
2026-07-06 00:37:20 | WARNING | trading_bot | Using fallback REST bars for ETH/USD
2026-07-06 00:37:21 | WARNING | trading_bot | Fallo de red/HTTP en market data (HTTPError). Reintentando en 2.0 s
2026-07-06 00:37:23 | WARNING | trading_bot | Volume fetch failed for SOL/USDC: 400 Client Error: Bad Request for url: https://testnet.binancefuture.com/fapi/v1/aggTrades?symbol=SOLUSDTT&startTime=1783311739811&endTime=1783312639811&limit=1000
2026-07-06 00:37:23 | WARNING | trading_bot | Alpaca 24h volume returned 0.00, ignored
2026-07-06 00:37:24 | WARNING | trading_bot | Using fallback REST bars for LINK/USD
2026-07-06 00:37:28 | WARNING | trading_bot | Using fallback REST bars for SOL/USD
2026-07-06 00:37:30 | WARNING | trading_bot | WebSocket reconnect triggered by CryptoVolumeManager
2026-07-06 00:37:31 | WARNING | trading_bot | Using fallback REST bars for XRP/USD
2026-07-06 00:37:38 | WARNING | trading_bot | Fallo de red/HTTP en market data (HTTPError). Reintentando en 1.0 s
2026-07-06 00:37:39 | WARNING | trading_bot | Fallo de red/HTTP en market data (HTTPError). Reintentando en 2.0 s
2026-07-06 00:37:42 | WARNING | trading_bot | DataCollectorWorker error AAPL: 400 Client Error: Bad Request for url: https://testnet.binancefuture.com/fapi/v1/klines?symbol=AAPL&interval=1m&limit=60
2026-07-06 00:37:53 | WARNING | trading_bot | Fallo de red/HTTP en market data (HTTPError). Reintentando en 1.0 s
2026-07-06 00:37:54 | WARNING | trading_bot | Fallo de red/HTTP en market data (HTTPError). Reintentando en 2.0 s
2026-07-06 00:37:56 | WARNING | trading_bot | DataCollectorWorker error AAPL: 400 Client Error: Bad Request for url: https://testnet.binancefuture.com/fapi/v1/klines?symbol=AAPL&interval=1m&limit=60
2026-07-06 00:38:25 | WARNING | trading_bot | Fallo de red/HTTP en market data (HTTPError). Reintentando en 1.0 s
2026-07-06 00:38:26 | WARNING | trading_bot | Fallo de red/HTTP en market data (HTTPError). Reintentando en 2.0 s
2026-07-06 00:38:28 | WARNING | trading_bot | DataCollectorWorker error AAPL: 400 Client Error: Bad Request for url: https://testnet.binancefuture.com/fapi/v1/klines?symbol=AAPL&interval=1m&limit=60
2026-07-06 00:38:46 | WARNING | trading_bot | Fallo de red/HTTP en market data (HTTPError). Reintentando en 1.0 s
2026-07-06 00:38:47 | WARNING | trading_bot | Fallo de red/HTTP en market data (HTTPError). Reintentando en 2.0 s
2026-07-06 00:38:50 | WARNING | trading_bot | DataCollectorWorker error AAPL: 400 Client Error: Bad Request for url: https://testnet.binancefuture.com/fapi/v1/klines?symbol=AAPL&interval=1m&limit=60
2026-07-06 00:39:00 | WARNING | trading_bot | Fallo de red/HTTP en market data (HTTPError). Reintentando en 1.0 s
2026-07-06 00:39:02 | WARNING | trading_bot | Fallo de red/HTTP en market data (HTTPError). Reintentando en 2.0 s
2026-07-06 00:39:04 | WARNING | trading_bot | DataCollectorWorker error AAPL: 400 Client Error: Bad Request for url: https://testnet.binancefuture.com/fapi/v1/klines?symbol=AAPL&interval=1m&limit=60
2026-07-06 00:39:25 | WARNING | trading_bot | Fallo de red/HTTP en market data (HTTPError). Reintentando en 1.0 s
2026-07-06 00:39:26 | WARNING | trading_bot | Fallo de red/HTTP en market data (HTTPError). Reintentando en 2.0 s
2026-07-06 00:39:29 | WARNING | trading_bot | DataCollectorWorker error AAPL: 400 Client Error: Bad Request for url: https://testnet.binancefuture.com/fapi/v1/klines?symbol=AAPL&interval=1m&limit=60
2026-07-06 00:39:39 | WARNING | trading_bot | Fallo de red/HTTP en market data (HTTPError). Reintentando en 1.0 s
2026-07-06 00:39:41 | WARNING | trading_bot | Fallo de red/HTTP en market data (HTTPError). Reintentando en 2.0 s
2026-07-06 00:39:44 | WARNING | trading_bot | DataCollectorWorker error AAPL: 400 Client Error: Bad Request for url: https://testnet.binancefuture.com/fapi/v1/klines?symbol=AAPL&interval=1m&limit=60
2026-07-06 00:40:01 | WARNING | trading_bot | Fallo de red/HTTP en market data (HTTPError). Reintentando en 1.0 s
2026-07-06 00:40:02 | WARNING | trading_bot | Fallo de red/HTTP en market data (HTTPError). Reintentando en 2.0 s
2026-07-06 00:40:05 | WARNING | trading_bot | DataCollectorWorker error AAPL: 400 Client Error: Bad Request for url: https://testnet.binancefuture.com/fapi/v1/klines?symbol=AAPL&interval=1m&limit=60
2026-07-06 00:40:19 | WARNING | trading_bot | Fallo de red/HTTP en market data (HTTPError). Reintentando en 1.0 s
2026-07-06 00:40:20 | WARNING | trading_bot | Fallo de red/HTTP en market data (HTTPError). Reintentando en 2.0 s
2026-07-06 00:40:22 | WARNING | trading_bot | DataCollectorWorker error AAPL: 400 Client Error: Bad Request for url: https://testnet.binancefuture.com/fapi/v1/klines?symbol=AAPL&interval=1m&limit=60
2026-07-06 00:40:35 | WARNING | trading_bot | Fallo de red/HTTP en market data (HTTPError). Reintentando en 1.0 s
2026-07-06 00:40:37 | WARNING | trading_bot | Fallo de red/HTTP en market data (HTTPError). Reintentando en 2.0 s
2026-07-06 00:40:39 | WARNING | trading_bot | DataCollectorWorker error AAPL: 400 Client Error: Bad Request for url: https://testnet.binancefuture.com/fapi/v1/klines?symbol=AAPL&interval=1m&limit=60
2026-07-06 00:40:59 | WARNING | trading_bot | Fallo de red/HTTP en market data (HTTPError). Reintentando en 1.0 s
2026-07-06 00:41:00 | WARNING | trading_bot | Fallo de red/HTTP en market data (HTTPError). Reintentando en 2.0 s
2026-07-06 00:41:03 | WARNING | trading_bot | DataCollectorWorker error AAPL: 400 Client Error: Bad Request for url: https://testnet.binancefuture.com/fapi/v1/klines?symbol=AAPL&interval=1m&limit=60
2026-07-06 00:41:13 | WARNING | trading_bot | Fallo de red/HTTP en market data (HTTPError). Reintentando en 1.0 s
2026-07-06 00:41:14 | WARNING | trading_bot | Fallo de red/HTTP en market data (HTTPError). Reintentando en 2.0 s
2026-07-06 00:41:17 | WARNING | trading_bot | DataCollectorWorker error AAPL: 400 Client Error: Bad Request for url: https://testnet.binancefuture.com/fapi/v1/klines?symbol=AAPL&interval=1m&limit=60
2026-07-06 00:41:34 | WARNING | trading_bot | Fallo de red/HTTP en market data (HTTPError). Reintentando en 1.0 s
2026-07-06 00:41:36 | WARNING | trading_bot | Fallo de red/HTTP en market data (HTTPError). Reintentando en 2.0 s
2026-07-06 00:41:39 | WARNING | trading_bot | Fallo de red/HTTP en market data (HTTPError). Reintentando en 1.0 s
2026-07-06 00:41:40 | WARNING | trading_bot | Fallo de red/HTTP en market data (HTTPError). Reintentando en 2.0 s
2026-07-06 00:41:41 | WARNING | trading_bot | WebSocket reconnect triggered by CryptoVolumeManager
2026-07-06 00:41:41 | WARNING | trading_bot | Using fallback REST bars for AVAX/USD
2026-07-06 00:41:42 | WARNING | trading_bot | DataCollectorWorker error AAPL: 400 Client Error: Bad Request for url: https://testnet.binancefuture.com/fapi/v1/klines?symbol=AAPL&interval=1m&limit=60
2026-07-06 00:41:45 | WARNING | trading_bot | Using fallback REST bars for BTC/USD
2026-07-06 00:41:48 | WARNING | trading_bot | Using fallback REST bars for DOGE/USD
2026-07-06 00:41:51 | WARNING | trading_bot | Using fallback REST bars for ETH/USD
2026-07-06 00:41:55 | WARNING | trading_bot | WebSocket reconnect triggered by CryptoVolumeManager
2026-07-06 00:41:56 | WARNING | trading_bot | Using fallback REST bars for LINK/USD
2026-07-06 00:41:58 | WARNING | trading_bot | Using fallback REST bars for SOL/USD
2026-07-06 00:42:01 | WARNING | trading_bot | Using fallback REST bars for XRP/USD
2026-07-06 00:42:02 | WARNING | trading_bot | Fallo de red/HTTP en market data (HTTPError). Reintentando en 1.0 s
2026-07-06 00:42:03 | WARNING | trading_bot | Fallo de red/HTTP en market data (HTTPError). Reintentando en 2.0 s
2026-07-06 00:42:05 | WARNING | trading_bot | DataCollectorWorker error AAPL: 400 Client Error: Bad Request for url: https://testnet.binancefuture.com/fapi/v1/klines?symbol=AAPL&interval=1m&limit=60
2026-07-06 00:42:07 | WARNING | trading_bot | Fallo de red/HTTP en market data (HTTPError). Reintentando en 1.0 s
2026-07-06 00:42:09 | WARNING | trading_bot | Fallo de red/HTTP en market data (HTTPError). Reintentando en 2.0 s
2026-07-06 00:42:11 | WARNING | trading_bot | DataCollectorWorker error AAPL: 400 Client Error: Bad Request for url: https://testnet.binancefuture.com/fapi/v1/klines?symbol=AAPL&interval=1m&limit=60
2026-07-06 00:42:38 | WARNING | trading_bot | Fallo de red/HTTP en market data (HTTPError). Reintentando en 1.0 s
2026-07-06 00:42:43 | WARNING | trading_bot | WebSocket reconnect triggered by CryptoVolumeManager
2026-07-06 00:42:43 | WARNING | trading_bot | Using fallback REST bars for AVAX/USD
2026-07-06 00:42:44 | WARNING | trading_bot | Fallo de red/HTTP en market data (HTTPError). Reintentando en 2.0 s
2026-07-06 00:42:46 | WARNING | trading_bot | Using fallback REST bars for AVAX/USD
2026-07-06 00:42:46 | WARNING | trading_bot | Using fallback REST bars for AVAX/USD
2026-07-06 00:42:47 | WARNING | trading_bot | Using fallback REST bars for AVAX/USD
2026-07-06 00:42:47 | WARNING | trading_bot | DataCollectorWorker error AAPL: 400 Client Error: Bad Request for url: https://testnet.binancefuture.com/fapi/v1/klines?symbol=AAPL&interval=1m&limit=60
2026-07-06 00:42:48 | WARNING | trading_bot | Using fallback REST bars for 0G/USD
2026-07-06 00:42:49 | WARNING | trading_bot | Using fallback REST bars for AVAX/USD
2026-07-06 00:42:51 | WARNING | trading_bot | Using fallback REST bars for AVAX/USD
2026-07-06 00:43:01 | WARNING | trading_bot | WebSocket reconnect triggered by CryptoVolumeManager
2026-07-06 00:43:01 | WARNING | trading_bot | Using fallback REST bars for 0G/USD
2026-07-06 00:43:03 | WARNING | trading_bot | Using fallback REST bars for BTC/USD
2026-07-06 00:43:08 | WARNING | trading_bot | Using fallback REST bars for BTC/USD
2026-07-06 00:43:38 | WARNING | trading_bot | WebSocket reconnect triggered by CryptoVolumeManager
2026-07-06 00:43:39 | WARNING | trading_bot | Using fallback REST bars for BTC/USD
2026-07-06 00:43:40 | WARNING | trading_bot | Using fallback REST bars for AVAX/USD
2026-07-06 00:43:41 | WARNING | trading_bot | Sin conexion durante monitoreo general (HTTPError). Reintentando automaticamente...
2026-07-06 00:43:42 | WARNING | trading_bot | Using fallback REST bars for BTC/USD
2026-07-06 00:43:43 | WARNING | trading_bot | Using fallback REST bars for BTC/USD
2026-07-06 00:43:45 | WARNING | trading_bot | Using fallback REST bars for BTC/USD
2026-07-06 00:43:46 | WARNING | trading_bot | Using fallback REST bars for DOGE/USD
2026-07-06 00:43:49 | WARNING | trading_bot | Using fallback REST bars for 0G/USD
2026-07-06 00:43:50 | WARNING | trading_bot | Using fallback REST bars for 0G/USD
2026-07-06 00:43:56 | WARNING | trading_bot | WebSocket reconnect triggered by CryptoVolumeManager
2026-07-06 00:43:56 | WARNING | trading_bot | Using fallback REST bars for DOGE/USD
2026-07-06 00:43:58 | WARNING | trading_bot | Using fallback REST bars for DOGE/USD
2026-07-06 00:43:59 | WARNING | trading_bot | Using fallback REST bars for ETH/USD
2026-07-06 00:44:01 | WARNING | trading_bot | Using fallback REST bars for DOGE/USD
2026-07-06 00:44:05 | WARNING | trading_bot | Using fallback REST bars for DOGE/USD
2026-07-06 00:44:38 | WARNING | trading_bot | WebSocket reconnect triggered by CryptoVolumeManager
2026-07-06 00:44:40 | WARNING | trading_bot | Using fallback REST bars for ETH/USD
2026-07-06 00:44:41 | WARNING | trading_bot | Using fallback REST bars for LINK/USD
2026-07-06 00:44:44 | WARNING | trading_bot | Using fallback REST bars for ETH/USD
2026-07-06 00:44:50 | WARNING | trading_bot | WebSocket reconnect triggered by CryptoVolumeManager
2026-07-06 00:44:51 | WARNING | trading_bot | Using fallback REST bars for BTC/USD
2026-07-06 00:44:56 | WARNING | trading_bot | Using fallback REST bars for DOGE/USD
2026-07-06 00:44:57 | WARNING | trading_bot | Fallo de red/HTTP en market data (HTTPError). Reintentando en 1.0 s
2026-07-06 00:44:59 | WARNING | trading_bot | Using fallback REST bars for SOL/USD
2026-07-06 00:45:01 | WARNING | trading_bot | WebSocket reconnect triggered by CryptoVolumeManager
2026-07-06 00:45:01 | WARNING | trading_bot | Using fallback REST bars for ETH/USD
2026-07-06 00:45:01 | WARNING | trading_bot | Using fallback REST bars for AVAX/USD
2026-07-06 00:45:02 | WARNING | trading_bot | Using fallback REST bars for AVAX/USD
2026-07-06 00:45:02 | WARNING | trading_bot | Using fallback REST bars for SOL/USD
2026-07-06 00:45:03 | WARNING | trading_bot | Using fallback REST bars for AVAX/USD
2026-07-06 00:45:03 | WARNING | trading_bot | Using fallback REST bars for SOL/USD
2026-07-06 00:45:08 | WARNING | trading_bot | Using fallback REST bars for ETH/USD
2026-07-06 00:45:39 | WARNING | trading_bot | Sin conexion durante monitoreo general (HTTPError). Reintentando automaticamente...
2026-07-06 00:45:39 | WARNING | trading_bot | WebSocket reconnect triggered by CryptoVolumeManager
2026-07-06 00:45:43 | WARNING | trading_bot | Using fallback REST bars for LINK/USD
2026-07-06 00:45:44 | WARNING | trading_bot | Using fallback REST bars for AVAX/USD
2026-07-06 00:45:44 | WARNING | trading_bot | Fallo de red/HTTP en market data (HTTPError). Reintentando en 2.0 s
2026-07-06 00:45:47 | WARNING | trading_bot | DataCollectorWorker error AAPL: 400 Client Error: Bad Request for url: https://testnet.binancefuture.com/fapi/v1/klines?symbol=AAPL&interval=1m&limit=60
2026-07-06 00:45:47 | WARNING | trading_bot | Using fallback REST bars for ETH/USD
2026-07-06 00:45:49 | WARNING | trading_bot | Using fallback REST bars for LINK/USD
2026-07-06 00:45:55 | WARNING | trading_bot | WebSocket reconnect triggered by CryptoVolumeManager
2026-07-06 00:45:55 | WARNING | trading_bot | Using fallback REST bars for LINK/USD
2026-07-06 00:45:58 | WARNING | trading_bot | Using fallback REST bars for BTC/USD
2026-07-06 00:45:58 | WARNING | trading_bot | Using fallback REST bars for BTC/USD
2026-07-06 00:46:01 | WARNING | trading_bot | Using fallback REST bars for SOL/USD
2026-07-06 00:46:01 | WARNING | trading_bot | Using fallback REST bars for LINK/USD
2026-07-06 00:46:02 | WARNING | trading_bot | Using fallback REST bars for BTC/USD
2026-07-06 00:46:02 | WARNING | trading_bot | Using fallback REST bars for BTC/USD
2026-07-06 00:46:03 | WARNING | trading_bot | Using fallback REST bars for SOL/USD
2026-07-06 00:46:04 | WARNING | trading_bot | Using fallback REST bars for SOL/USD
2026-07-06 00:46:14 | WARNING | trading_bot | WebSocket reconnect triggered by CryptoVolumeManager
2026-07-06 00:46:14 | WARNING | trading_bot | Using fallback REST bars for LINK/USD
2026-07-06 00:46:41 | WARNING | trading_bot | WebSocket reconnect triggered by CryptoVolumeManager
2026-07-06 00:46:43 | WARNING | trading_bot | Using fallback REST bars for SOL/USD
2026-07-06 00:46:44 | WARNING | trading_bot | Using fallback REST bars for SOL/USD
2026-07-06 00:46:50 | WARNING | trading_bot | Using fallback REST bars for SOL/USD
2026-07-06 00:46:51 | WARNING | trading_bot | Using fallback REST bars for DOGE/USD
2026-07-06 00:46:51 | WARNING | trading_bot | Using fallback REST bars for XRP/USD
2026-07-06 00:46:59 | WARNING | trading_bot | Using fallback REST bars for DOGE/USD
2026-07-06 00:47:01 | WARNING | trading_bot | WebSocket reconnect triggered by CryptoVolumeManager
2026-07-06 00:47:01 | WARNING | trading_bot | Using fallback REST bars for DOGE/USD
2026-07-06 00:47:05 | WARNING | trading_bot | Using fallback REST bars for DOGE/USD
2026-07-06 00:47:08 | WARNING | trading_bot | Using fallback REST bars for DOGE/USD
2026-07-06 00:47:09 | WARNING | trading_bot | Using fallback REST bars for XRP/USD
2026-07-06 00:47:39 | WARNING | trading_bot | WebSocket reconnect triggered by CryptoVolumeManager
2026-07-06 00:47:43 | WARNING | trading_bot | Using fallback REST bars for XRP/USD
2026-07-06 00:47:43 | WARNING | trading_bot | Using fallback REST bars for XRP/USD
2026-07-06 00:47:44 | WARNING | trading_bot | Using fallback REST bars for XRP/USD
2026-07-06 00:47:44 | WARNING | trading_bot | Using fallback REST bars for XRP/USD
2026-07-06 00:47:50 | WARNING | trading_bot | WebSocket reconnect triggered by CryptoVolumeManager
2026-07-06 00:47:51 | WARNING | trading_bot | Using fallback REST bars for ETH/USD
2026-07-06 00:47:51 | WARNING | trading_bot | Using fallback REST bars for ETH/USD
2026-07-06 00:47:54 | WARNING | trading_bot | Using fallback REST bars for ETH/USD
2026-07-06 00:47:57 | WARNING | trading_bot | Using fallback REST bars for ETH/USD
2026-07-06 00:47:59 | WARNING | trading_bot | Using fallback REST bars for ETH/USD
2026-07-06 00:49:03 | WARNING | trading_bot | Fallo de red/HTTP en market data (HTTPError). Reintentando en 1.0 s
2026-07-06 00:49:04 | WARNING | trading_bot | Fallo de red/HTTP en market data (HTTPError). Reintentando en 2.0 s
2026-07-06 00:49:05 | WARNING | trading_bot | WebSocket reconnect triggered by CryptoVolumeManager
2026-07-06 00:49:06 | WARNING | trading_bot | Using fallback REST bars for AVAX/USD
2026-07-06 00:49:07 | WARNING | trading_bot | DataCollectorWorker error AAPL: 400 Client Error: Bad Request for url: https://testnet.binancefuture.com/fapi/v1/klines?symbol=AAPL&interval=1m&limit=60
2026-07-06 00:49:09 | WARNING | trading_bot | Using fallback REST bars for BTC/USD
2026-07-06 00:49:12 | WARNING | trading_bot | Using fallback REST bars for DOGE/USD
2026-07-06 00:49:15 | WARNING | trading_bot | Using fallback REST bars for ETH/USD
2026-07-06 00:49:17 | WARNING | trading_bot | WebSocket reconnect triggered by CryptoVolumeManager
2026-07-06 00:49:17 | WARNING | trading_bot | Using fallback REST bars for LINK/USD
2026-07-06 00:49:20 | WARNING | trading_bot | Using fallback REST bars for SOL/USD
2026-07-06 00:49:23 | WARNING | trading_bot | Using fallback REST bars for XRP/USD
2026-07-06 00:49:25 | WARNING | trading_bot | Fallo de red/HTTP en market data (HTTPError). Reintentando en 1.0 s
2026-07-06 00:49:26 | WARNING | trading_bot | Fallo de red/HTTP en market data (ConnectionError). Reintentando en 2.0 s
2026-07-06 00:49:29 | WARNING | trading_bot | DataCollectorWorker error AAPL: 400 Client Error: Bad Request for url: https://testnet.binancefuture.com/fapi/v1/klines?symbol=AAPL&interval=1m&limit=60
2026-07-06 00:49:30 | WARNING | trading_bot | Fallo de red/HTTP en market data (HTTPError). Reintentando en 1.0 s
2026-07-06 00:49:31 | WARNING | trading_bot | Fallo de red/HTTP en market data (HTTPError). Reintentando en 2.0 s
2026-07-06 00:49:33 | WARNING | trading_bot | DataCollectorWorker error AAPL: 400 Client Error: Bad Request for url: https://testnet.binancefuture.com/fapi/v1/klines?symbol=AAPL&interval=1m&limit=60
2026-07-06 00:49:35 | WARNING | trading_bot | Sin conexion durante monitoreo general (ReadTimeout). Reintentando automaticamente...
2026-07-06 00:49:39 | WARNING | trading_bot | WebSocket reconnect triggered by CryptoVolumeManager
2026-07-06 00:49:39 | WARNING | trading_bot | Using fallback REST bars for SOL/USD
2026-07-06 00:50:02 | WARNING | trading_bot | Fallo de red/HTTP en market data (HTTPError). Reintentando en 1.0 s
2026-07-06 00:50:03 | WARNING | trading_bot | Fallo de red/HTTP en market data (ConnectionError). Reintentando en 1.0 s
2026-07-06 00:50:04 | WARNING | trading_bot | Fallo de red/HTTP en market data (HTTPError). Reintentando en 2.0 s
2026-07-06 00:50:05 | WARNING | trading_bot | Monitoreo fallido para cuenta Binance Demo: ('Connection aborted.', RemoteDisconnected('Remote end closed connection without response'))
2026-07-06 00:50:06 | WARNING | trading_bot | DataCollectorWorker error AAPL: 400 Client Error: Bad Request for url: https://testnet.binancefuture.com/fapi/v1/klines?symbol=AAPL&interval=1m&limit=60
2026-07-06 00:50:08 | WARNING | trading_bot | WebSocket reconnect triggered by CryptoVolumeManager
2026-07-06 00:50:08 | WARNING | trading_bot | Using fallback REST bars for AVAX/USD
2026-07-06 00:50:12 | WARNING | trading_bot | Using fallback REST bars for BTC/USD
2026-07-06 00:50:15 | WARNING | trading_bot | Using fallback REST bars for DOGE/USD
2026-07-06 00:50:18 | WARNING | trading_bot | WebSocket reconnect triggered by CryptoVolumeManager
2026-07-06 00:50:18 | WARNING | trading_bot | Using fallback REST bars for ETH/USD
2026-07-06 00:50:22 | WARNING | trading_bot | Using fallback REST bars for LINK/USD
2026-07-06 00:50:26 | WARNING | trading_bot | Using fallback REST bars for SOL/USD
2026-07-06 00:50:29 | WARNING | trading_bot | Fallo de red/HTTP en market data (HTTPError). Reintentando en 1.0 s
2026-07-06 00:50:31 | WARNING | trading_bot | Fallo de red/HTTP en market data (HTTPError). Reintentando en 2.0 s
2026-07-06 00:50:31 | WARNING | trading_bot | WebSocket reconnect triggered by CryptoVolumeManager
2026-07-06 00:50:31 | WARNING | trading_bot | Using fallback REST bars for XRP/USD
2026-07-06 00:50:38 | WARNING | trading_bot | DataCollectorWorker error AAPL: 400 Client Error: Bad Request for url: https://testnet.binancefuture.com/fapi/v1/klines?symbol=AAPL&interval=1m&limit=60
2026-07-06 00:51:23 | WARNING | trading_bot | Fallo de red/HTTP en market data (HTTPError). Reintentando en 1.0 s
2026-07-06 00:51:24 | WARNING | trading_bot | Fallo de red/HTTP en market data (HTTPError). Reintentando en 2.0 s
2026-07-06 00:51:26 | WARNING | trading_bot | DataCollectorWorker error AAPL: 400 Client Error: Bad Request for url: https://testnet.binancefuture.com/fapi/v1/klines?symbol=AAPL&interval=1m&limit=60
2026-07-06 00:51:38 | WARNING | trading_bot | Fallo de red/HTTP en market data (HTTPError). Reintentando en 1.0 s
2026-07-06 00:51:39 | WARNING | trading_bot | Fallo de red/HTTP en market data (HTTPError). Reintentando en 2.0 s
2026-07-06 00:51:41 | WARNING | trading_bot | DataCollectorWorker error AAPL: 400 Client Error: Bad Request for url: https://testnet.binancefuture.com/fapi/v1/klines?symbol=AAPL&interval=1m&limit=60
2026-07-06 00:52:00 | WARNING | trading_bot | Fallo de red/HTTP en market data (HTTPError). Reintentando en 1.0 s
2026-07-06 00:52:02 | WARNING | trading_bot | Fallo de red/HTTP en market data (HTTPError). Reintentando en 2.0 s
2026-07-06 00:52:04 | WARNING | trading_bot | DataCollectorWorker error AAPL: 400 Client Error: Bad Request for url: https://testnet.binancefuture.com/fapi/v1/klines?symbol=AAPL&interval=1m&limit=60
2026-07-06 00:52:16 | WARNING | trading_bot | Fallo de red/HTTP en market data (HTTPError). Reintentando en 1.0 s
2026-07-06 00:52:18 | WARNING | trading_bot | Fallo de red/HTTP en market data (HTTPError). Reintentando en 2.0 s
2026-07-06 00:52:20 | WARNING | trading_bot | DataCollectorWorker error AAPL: 400 Client Error: Bad Request for url: https://testnet.binancefuture.com/fapi/v1/klines?symbol=AAPL&interval=1m&limit=60
2026-07-06 00:52:23 | WARNING | trading_bot | WebSocket reconnect triggered by CryptoVolumeManager
2026-07-06 00:52:23 | WARNING | trading_bot | Using fallback REST bars for AVAX/USD
2026-07-06 00:52:26 | WARNING | trading_bot | Using fallback REST bars for BTC/USD
2026-07-06 00:52:30 | WARNING | trading_bot | Using fallback REST bars for DOGE/USD
2026-07-06 00:52:34 | WARNING | trading_bot | WebSocket reconnect triggered by CryptoVolumeManager
2026-07-06 00:52:34 | WARNING | trading_bot | Using fallback REST bars for ETH/USD
2026-07-06 00:52:35 | WARNING | trading_bot | Fallo de red/HTTP en market data (HTTPError). Reintentando en 1.0 s
2026-07-06 00:52:36 | WARNING | trading_bot | Fallo de red/HTTP en market data (ConnectionError). Reintentando en 2.0 s
2026-07-06 00:52:38 | WARNING | trading_bot | Using fallback REST bars for LINK/USD
2026-07-06 00:52:42 | WARNING | trading_bot | DataCollectorWorker error AAPL: 400 Client Error: Bad Request for url: https://testnet.binancefuture.com/fapi/v1/klines?symbol=AAPL&interval=1m&limit=60
2026-07-06 00:52:45 | WARNING | trading_bot | WebSocket reconnect triggered by CryptoVolumeManager
2026-07-06 00:52:45 | WARNING | trading_bot | Using fallback REST bars for SOL/USD
2026-07-06 00:53:05 | WARNING | trading_bot | Using fallback REST bars for XRP/USD
2026-07-06 00:53:31 | WARNING | trading_bot | Fallo de red/HTTP en market data (HTTPError). Reintentando en 1.0 s
2026-07-06 00:53:32 | WARNING | trading_bot | Fallo de red/HTTP en market data (HTTPError). Reintentando en 2.0 s
2026-07-06 00:53:35 | WARNING | trading_bot | DataCollectorWorker error AAPL: 400 Client Error: Bad Request for url: https://testnet.binancefuture.com/fapi/v1/klines?symbol=AAPL&interval=1m&limit=60
2026-07-06 00:53:54 | WARNING | trading_bot | Fallo de red/HTTP en market data (HTTPError). Reintentando en 1.0 s
2026-07-06 00:53:55 | WARNING | trading_bot | Fallo de red/HTTP en market data (HTTPError). Reintentando en 2.0 s
2026-07-06 00:53:57 | WARNING | trading_bot | DataCollectorWorker error AAPL: 400 Client Error: Bad Request for url: https://testnet.binancefuture.com/fapi/v1/klines?symbol=AAPL&interval=1m&limit=60
2026-07-06 00:54:07 | WARNING | trading_bot | Fallo de red/HTTP en market data (HTTPError). Reintentando en 1.0 s
2026-07-06 00:54:08 | WARNING | trading_bot | Fallo de red/HTTP en market data (HTTPError). Reintentando en 2.0 s
2026-07-06 00:54:11 | WARNING | trading_bot | DataCollectorWorker error AAPL: 400 Client Error: Bad Request for url: https://testnet.binancefuture.com/fapi/v1/klines?symbol=AAPL&interval=1m&limit=60
2026-07-06 00:54:29 | WARNING | trading_bot | Fallo de red/HTTP en market data (HTTPError). Reintentando en 1.0 s
2026-07-06 00:54:30 | WARNING | trading_bot | Fallo de red/HTTP en market data (HTTPError). Reintentando en 2.0 s
2026-07-06 00:55:51 | WARNING | trading_bot | Fallo de red/HTTP en market data (HTTPError). Reintentando en 1.0 s
2026-07-06 00:55:52 | WARNING | trading_bot | Fallo de red/HTTP en market data (HTTPError). Reintentando en 2.0 s
2026-07-06 00:55:53 | WARNING | trading_bot | WebSocket reconnect triggered by CryptoVolumeManager
2026-07-06 00:55:53 | WARNING | trading_bot | Using fallback REST bars for AVAX/USD
2026-07-06 00:55:54 | WARNING | trading_bot | DataCollectorWorker error AAPL: 400 Client Error: Bad Request for url: https://testnet.binancefuture.com/fapi/v1/klines?symbol=AAPL&interval=1m&limit=60
2026-07-06 00:55:58 | WARNING | trading_bot | Using fallback REST bars for BTC/USD
2026-07-06 00:56:01 | WARNING | trading_bot | Using fallback REST bars for DOGE/USD
2026-07-06 00:56:04 | WARNING | trading_bot | WebSocket reconnect triggered by CryptoVolumeManager
2026-07-06 00:56:04 | WARNING | trading_bot | Using fallback REST bars for ETH/USD
2026-07-06 00:56:07 | WARNING | trading_bot | Using fallback REST bars for LINK/USD
2026-07-06 00:56:11 | WARNING | trading_bot | Using fallback REST bars for SOL/USD
2026-07-06 00:56:14 | WARNING | trading_bot | Fallo de red/HTTP en market data (HTTPError). Reintentando en 1.0 s
2026-07-06 00:56:14 | WARNING | trading_bot | WebSocket reconnect triggered by CryptoVolumeManager
2026-07-06 00:56:15 | WARNING | trading_bot | Using fallback REST bars for XRP/USD
2026-07-06 00:56:17 | WARNING | trading_bot | Fallo de red/HTTP en market data (HTTPError). Reintentando en 1.0 s
2026-07-06 00:56:19 | WARNING | trading_bot | Fallo de red/HTTP en market data (HTTPError). Reintentando en 2.0 s
2026-07-06 00:56:19 | WARNING | trading_bot | WebSocket reconnect triggered by CryptoVolumeManager
2026-07-06 00:56:19 | WARNING | trading_bot | Using fallback REST bars for AVAX/USD
2026-07-06 00:56:21 | WARNING | trading_bot | DataCollectorWorker error AAPL: 400 Client Error: Bad Request for url: https://testnet.binancefuture.com/fapi/v1/klines?symbol=AAPL&interval=1m&limit=60
2026-07-06 00:56:23 | WARNING | trading_bot | Using fallback REST bars for BTC/USD
2026-07-06 00:56:26 | WARNING | trading_bot | Using fallback REST bars for DOGE/USD
2026-07-06 00:56:28 | WARNING | trading_bot | Using fallback REST bars for ETH/USD
2026-07-06 00:56:31 | WARNING | trading_bot | WebSocket reconnect triggered by CryptoVolumeManager
2026-07-06 00:56:31 | WARNING | trading_bot | Using fallback REST bars for LINK/USD
2026-07-06 00:56:34 | WARNING | trading_bot | Using fallback REST bars for SOL/USD
2026-07-06 00:56:35 | WARNING | trading_bot | Fallo de red/HTTP en market data (HTTPError). Reintentando en 1.0 s
2026-07-06 00:56:36 | WARNING | trading_bot | Fallo de red/HTTP en market data (HTTPError). Reintentando en 2.0 s
2026-07-06 00:56:37 | WARNING | trading_bot | WebSocket reconnect triggered by CryptoVolumeManager
2026-07-06 00:56:38 | WARNING | trading_bot | Using fallback REST bars for AVAX/USD
2026-07-06 00:56:38 | WARNING | trading_bot | Using fallback REST bars for XRP/USD
2026-07-06 00:56:38 | WARNING | trading_bot | DataCollectorWorker error AAPL: 400 Client Error: Bad Request for url: https://testnet.binancefuture.com/fapi/v1/klines?symbol=AAPL&interval=1m&limit=60
2026-07-06 00:56:40 | WARNING | trading_bot | Fallo de red/HTTP en market data (HTTPError). Reintentando en 1.0 s
2026-07-06 00:56:42 | WARNING | trading_bot | Using fallback REST bars for BTC/USD
2026-07-06 00:56:42 | WARNING | trading_bot | Fallo de red/HTTP en market data (HTTPError). Reintentando en 2.0 s
2026-07-06 00:56:44 | WARNING | trading_bot | DataCollectorWorker error AAPL: 400 Client Error: Bad Request for url: https://testnet.binancefuture.com/fapi/v1/klines?symbol=AAPL&interval=1m&limit=60
2026-07-06 00:56:44 | WARNING | trading_bot | Using fallback REST bars for DOGE/USD
2026-07-06 00:56:44 | WARNING | trading_bot | Fallo de red/HTTP en market data (HTTPError). Reintentando en 1.0 s
2026-07-06 00:56:46 | WARNING | trading_bot | Fallo de red/HTTP en market data (HTTPError). Reintentando en 2.0 s
2026-07-06 00:56:47 | WARNING | trading_bot | Using fallback REST bars for ETH/USD
2026-07-06 00:56:50 | WARNING | trading_bot | WebSocket reconnect triggered by CryptoVolumeManager
2026-07-06 00:56:50 | WARNING | trading_bot | Using fallback REST bars for LINK/USD
2026-07-06 00:56:54 | WARNING | trading_bot | Using fallback REST bars for SOL/USD
2026-07-06 00:56:57 | WARNING | trading_bot | Using fallback REST bars for XRP/USD
2026-07-06 00:56:59 | WARNING | trading_bot | Fallo de red/HTTP en market data (HTTPError). Reintentando en 1.0 s
2026-07-06 00:56:59 | WARNING | trading_bot | Helper de emergencia inactivo. Relanzando...
2026-07-06 00:57:00 | WARNING | trading_bot | No se pudo refrescar estado NYSE: ('Connection aborted.', ConnectionResetError(104, 'Connection reset by peer'))
2026-07-06 00:57:01 | WARNING | trading_bot | No se pudo iniciar la automatizacion IA automaticamente: Automation start blocked by VPN policy [WRONG_COUNTRY]: VPN country must be Dominican Republic; current=unknown
2026-07-06 00:57:02 | WARNING | trading_bot | Fallo de red/HTTP en market data (HTTPError). Reintentando en 2.0 s
2026-07-06 00:57:04 | WARNING | trading_bot | DataCollectorWorker error AAPL: 400 Client Error: Bad Request for url: https://testnet.binancefuture.com/fapi/v1/klines?symbol=AAPL&interval=1m&limit=60
2026-07-06 00:57:09 | WARNING | trading_bot | Fallo de red/HTTP en market data (HTTPError). Reintentando en 1.0 s
2026-07-06 00:57:10 | WARNING | trading_bot | Fallo de red/HTTP en market data (HTTPError). Reintentando en 2.0 s
2026-07-06 00:57:12 | WARNING | trading_bot | DataCollectorWorker error AAPL: 400 Client Error: Bad Request for url: https://testnet.binancefuture.com/fapi/v1/klines?symbol=AAPL&interval=1m&limit=60
2026-07-06 00:57:17 | WARNING | trading_bot | DataCollectorWorker error AAPL: 400 Client Error: Bad Request for url: https://testnet.binancefuture.com/fapi/v1/klines?symbol=AAPL&interval=1m&limit=60
2026-07-06 00:57:21 | WARNING | trading_bot | WebSocket reconnect triggered by CryptoVolumeManager
2026-07-06 00:57:21 | WARNING | trading_bot | Using fallback REST bars for SOL/USD
2026-07-06 00:57:33 | WARNING | trading_bot | Fallo de red/HTTP en market data (HTTPError). Reintentando en 1.0 s
2026-07-06 00:57:35 | WARNING | trading_bot | Fallo de red/HTTP en market data (HTTPError). Reintentando en 2.0 s
2026-07-06 00:57:35 | WARNING | trading_bot | WebSocket reconnect triggered by CryptoVolumeManager
2026-07-06 00:57:35 | WARNING | trading_bot | Using fallback REST bars for AVAX/USD
2026-07-06 00:57:36 | WARNING | trading_bot | Fallo de red/HTTP en market data (HTTPError). Reintentando en 1.0 s
2026-07-06 00:57:37 | WARNING | trading_bot | DataCollectorWorker error AAPL: 400 Client Error: Bad Request for url: https://testnet.binancefuture.com/fapi/v1/klines?symbol=AAPL&interval=1m&limit=60
2026-07-06 00:57:38 | WARNING | trading_bot | Fallo de red/HTTP en market data (HTTPError). Reintentando en 2.0 s
2026-07-06 00:57:38 | WARNING | trading_bot | Using fallback REST bars for BTC/USD
2026-07-06 00:57:40 | WARNING | trading_bot | DataCollectorWorker error AAPL: 400 Client Error: Bad Request for url: https://testnet.binancefuture.com/fapi/v1/klines?symbol=AAPL&interval=1m&limit=60
2026-07-06 00:57:41 | WARNING | trading_bot | Using fallback REST bars for DOGE/USD
2026-07-06 00:57:44 | WARNING | trading_bot | Using fallback REST bars for ETH/USD
2026-07-06 00:57:47 | WARNING | trading_bot | WebSocket reconnect triggered by CryptoVolumeManager
2026-07-06 00:57:47 | WARNING | trading_bot | Fallo de red/HTTP en market data (HTTPError). Reintentando en 1.0 s
2026-07-06 00:57:47 | WARNING | trading_bot | Using fallback REST bars for LINK/USD
2026-07-06 00:57:48 | WARNING | trading_bot | Fallo de red/HTTP en market data (HTTPError). Reintentando en 2.0 s
2026-07-06 00:57:50 | WARNING | trading_bot | Using fallback REST bars for SOL/USD
2026-07-06 00:57:51 | WARNING | trading_bot | DataCollectorWorker error AAPL: 400 Client Error: Bad Request for url: https://testnet.binancefuture.com/fapi/v1/klines?symbol=AAPL&interval=1m&limit=60
2026-07-06 00:58:01 | WARNING | trading_bot | Fallo de red/HTTP en market data (HTTPError). Reintentando en 1.0 s
2026-07-06 00:58:02 | WARNING | trading_bot | Fallo de red/HTTP en market data (HTTPError). Reintentando en 2.0 s
2026-07-06 00:58:04 | WARNING | trading_bot | DataCollectorWorker error AAPL: 400 Client Error: Bad Request for url: https://testnet.binancefuture.com/fapi/v1/klines?symbol=AAPL&interval=1m&limit=60
2026-07-06 00:58:14 | WARNING | trading_bot | Fallo de red/HTTP en market data (HTTPError). Reintentando en 1.0 s
2026-07-06 00:58:16 | WARNING | trading_bot | Fallo de red/HTTP en market data (HTTPError). Reintentando en 2.0 s
2026-07-06 00:58:18 | WARNING | trading_bot | DataCollectorWorker error AAPL: 400 Client Error: Bad Request for url: https://testnet.binancefuture.com/fapi/v1/klines?symbol=AAPL&interval=1m&limit=60
2026-07-06 00:58:22 | WARNING | trading_bot | WebSocket reconnect triggered by CryptoVolumeManager
2026-07-06 00:58:22 | WARNING | trading_bot | Using fallback REST bars for XRP/USD
2026-07-06 00:58:31 | WARNING | trading_bot | WebSocket reconnect triggered by CryptoVolumeManager
2026-07-06 00:58:31 | WARNING | trading_bot | Using fallback REST bars for SOL/USD
2026-07-06 00:58:34 | WARNING | trading_bot | Fallo de red/HTTP en market data (HTTPError). Reintentando en 1.0 s
2026-07-06 00:58:36 | WARNING | trading_bot | Fallo de red/HTTP en market data (HTTPError). Reintentando en 2.0 s
2026-07-06 00:58:38 | WARNING | trading_bot | DataCollectorWorker error AAPL: 400 Client Error: Bad Request for url: https://testnet.binancefuture.com/fapi/v1/klines?symbol=AAPL&interval=1m&limit=60
2026-07-06 00:58:41 | WARNING | trading_bot | Fallo de red/HTTP en market data (HTTPError). Reintentando en 1.0 s
2026-07-06 00:58:43 | WARNING | trading_bot | Fallo de red/HTTP en market data (HTTPError). Reintentando en 2.0 s
2026-07-06 00:58:45 | WARNING | trading_bot | DataCollectorWorker error AAPL: 400 Client Error: Bad Request for url: https://testnet.binancefuture.com/fapi/v1/klines?symbol=AAPL&interval=1m&limit=60
2026-07-06 00:58:53 | WARNING | trading_bot | Fallo de red/HTTP en market data (HTTPError). Reintentando en 1.0 s
2026-07-06 00:58:55 | WARNING | trading_bot | Fallo de red/HTTP en market data (HTTPError). Reintentando en 2.0 s
2026-07-06 00:58:55 | WARNING | trading_bot | Fallo de red/HTTP en market data (HTTPError). Reintentando en 1.0 s
2026-07-06 00:58:57 | WARNING | trading_bot | Fallo de red/HTTP en market data (HTTPError). Reintentando en 2.0 s
2026-07-06 00:58:57 | WARNING | trading_bot | DataCollectorWorker error AAPL: 400 Client Error: Bad Request for url: https://testnet.binancefuture.com/fapi/v1/klines?symbol=AAPL&interval=1m&limit=60
2026-07-06 00:58:59 | WARNING | trading_bot | DataCollectorWorker error AAPL: 400 Client Error: Bad Request for url: https://testnet.binancefuture.com/fapi/v1/klines?symbol=AAPL&interval=1m&limit=60
2026-07-06 00:59:10 | WARNING | trading_bot | Fallo de red/HTTP en market data (HTTPError). Reintentando en 1.0 s
2026-07-06 00:59:11 | WARNING | trading_bot | Fallo de red/HTTP en market data (HTTPError). Reintentando en 2.0 s
2026-07-06 00:59:13 | WARNING | trading_bot | DataCollectorWorker error AAPL: 400 Client Error: Bad Request for url: https://testnet.binancefuture.com/fapi/v1/klines?symbol=AAPL&interval=1m&limit=60
2026-07-06 00:59:14 | WARNING | trading_bot | Fallo de red/HTTP en market data (HTTPError). Reintentando en 1.0 s
2026-07-06 00:59:15 | WARNING | trading_bot | Fallo de red/HTTP en market data (HTTPError). Reintentando en 2.0 s
2026-07-06 00:59:18 | WARNING | trading_bot | DataCollectorWorker error AAPL: 400 Client Error: Bad Request for url: https://testnet.binancefuture.com/fapi/v1/klines?symbol=AAPL&interval=1m&limit=60
2026-07-06 00:59:31 | WARNING | trading_bot | Fallo de red/HTTP en market data (HTTPError). Reintentando en 1.0 s
2026-07-06 00:59:32 | WARNING | trading_bot | Fallo de red/HTTP en market data (HTTPError). Reintentando en 1.0 s
2026-07-06 00:59:33 | WARNING | trading_bot | Fallo de red/HTTP en market data (HTTPError). Reintentando en 2.0 s
2026-07-06 00:59:33 | WARNING | trading_bot | Fallo de red/HTTP en market data (HTTPError). Reintentando en 2.0 s
2026-07-06 00:59:35 | WARNING | trading_bot | DataCollectorWorker error AAPL: 400 Client Error: Bad Request for url: https://testnet.binancefuture.com/fapi/v1/klines?symbol=AAPL&interval=1m&limit=60
2026-07-06 00:59:35 | WARNING | trading_bot | DataCollectorWorker error AAPL: 400 Client Error: Bad Request for url: https://testnet.binancefuture.com/fapi/v1/klines?symbol=AAPL&interval=1m&limit=60
2026-07-06 00:59:45 | WARNING | trading_bot | Fallo de red/HTTP en market data (HTTPError). Reintentando en 1.0 s
2026-07-06 00:59:46 | WARNING | trading_bot | Fallo de red/HTTP en market data (HTTPError). Reintentando en 2.0 s
2026-07-06 00:59:49 | WARNING | trading_bot | Fallo de red/HTTP en market data (HTTPError). Reintentando en 1.0 s
2026-07-06 00:59:49 | WARNING | trading_bot | DataCollectorWorker error AAPL: 400 Client Error: Bad Request for url: https://testnet.binancefuture.com/fapi/v1/klines?symbol=AAPL&interval=1m&limit=60
2026-07-06 00:59:50 | WARNING | trading_bot | Fallo de red/HTTP en market data (HTTPError). Reintentando en 2.0 s
2026-07-06 00:59:52 | WARNING | trading_bot | DataCollectorWorker error AAPL: 400 Client Error: Bad Request for url: https://testnet.binancefuture.com/fapi/v1/klines?symbol=AAPL&interval=1m&limit=60
2026-07-06 01:00:10 | WARNING | trading_bot | Fallo de red/HTTP en market data (HTTPError). Reintentando en 1.0 s
2026-07-06 01:00:11 | WARNING | trading_bot | Fallo de red/HTTP en market data (HTTPError). Reintentando en 2.0 s
2026-07-06 01:00:14 | WARNING | trading_bot | DataCollectorWorker error AAPL: 400 Client Error: Bad Request for url: https://testnet.binancefuture.com/fapi/v1/klines?symbol=AAPL&interval=1m&limit=60
2026-07-06 01:00:24 | WARNING | trading_bot | Fallo de red/HTTP en market data (HTTPError). Reintentando en 1.0 s
2026-07-06 01:00:25 | WARNING | trading_bot | Fallo de red/HTTP en market data (HTTPError). Reintentando en 2.0 s
2026-07-06 01:00:28 | WARNING | trading_bot | DataCollectorWorker error AAPL: 400 Client Error: Bad Request for url: https://testnet.binancefuture.com/fapi/v1/klines?symbol=AAPL&interval=1m&limit=60
2026-07-06 01:00:47 | WARNING | trading_bot | Fallo de red/HTTP en market data (HTTPError). Reintentando en 1.0 s
2026-07-06 01:00:49 | WARNING | trading_bot | Fallo de red/HTTP en market data (HTTPError). Reintentando en 2.0 s
2026-07-06 01:00:51 | WARNING | trading_bot | DataCollectorWorker error AAPL: 400 Client Error: Bad Request for url: https://testnet.binancefuture.com/fapi/v1/klines?symbol=AAPL&interval=1m&limit=60
2026-07-06 01:01:03 | WARNING | trading_bot | Fallo de red/HTTP en market data (HTTPError). Reintentando en 1.0 s
2026-07-06 01:01:04 | WARNING | trading_bot | Fallo de red/HTTP en market data (HTTPError). Reintentando en 2.0 s
2026-07-06 01:01:06 | WARNING | trading_bot | DataCollectorWorker error AAPL: 400 Client Error: Bad Request for url: https://testnet.binancefuture.com/fapi/v1/klines?symbol=AAPL&interval=1m&limit=60
2026-07-06 01:01:21 | WARNING | trading_bot | Fallo de red/HTTP en market data (HTTPError). Reintentando en 1.0 s
2026-07-06 01:01:22 | WARNING | trading_bot | Fallo de red/HTTP en market data (HTTPError). Reintentando en 2.0 s
2026-07-06 01:01:24 | WARNING | trading_bot | DataCollectorWorker error AAPL: 400 Client Error: Bad Request for url: https://testnet.binancefuture.com/fapi/v1/klines?symbol=AAPL&interval=1m&limit=60
2026-07-06 01:01:41 | WARNING | trading_bot | Fallo de red/HTTP en market data (HTTPError). Reintentando en 1.0 s
2026-07-06 01:01:42 | WARNING | trading_bot | Fallo de red/HTTP en market data (HTTPError). Reintentando en 2.0 s
2026-07-06 01:01:44 | WARNING | trading_bot | DataCollectorWorker error AAPL: 400 Client Error: Bad Request for url: https://testnet.binancefuture.com/fapi/v1/klines?symbol=AAPL&interval=1m&limit=60
2026-07-06 01:01:47 | WARNING | trading_bot | Forzando cierre de la aplicacion por solicitud del usuario.
2026-07-06 01:04:12 | WARNING | trading_bot | Fallo de red/HTTP en market data (HTTPError). Reintentando en 1.0 s
2026-07-06 01:04:14 | WARNING | trading_bot | Fallo de red/HTTP en market data (HTTPError). Reintentando en 2.0 s
2026-07-06 01:04:15 | WARNING | trading_bot | WebSocket reconnect triggered by CryptoVolumeManager
2026-07-06 01:04:15 | WARNING | trading_bot | Using fallback REST bars for AVAX/USD
2026-07-06 01:04:16 | WARNING | trading_bot | DataCollectorWorker error AAPL: 400 Client Error: Bad Request for url: https://testnet.binancefuture.com/fapi/v1/klines?symbol=AAPL&interval=1m&limit=60
2026-07-06 01:04:19 | WARNING | trading_bot | Using fallback REST bars for BTC/USD
2026-07-06 01:04:22 | WARNING | trading_bot | Using fallback REST bars for DOGE/USD
2026-07-06 01:04:26 | WARNING | trading_bot | WebSocket reconnect triggered by CryptoVolumeManager
2026-07-06 01:04:26 | WARNING | trading_bot | Using fallback REST bars for ETH/USD
2026-07-06 01:04:29 | WARNING | trading_bot | Using fallback REST bars for LINK/USD
2026-07-06 01:04:32 | WARNING | trading_bot | Using fallback REST bars for SOL/USD
2026-07-06 01:04:36 | WARNING | trading_bot | Fallo de red/HTTP en market data (HTTPError). Reintentando en 1.0 s
2026-07-06 01:04:37 | WARNING | trading_bot | WebSocket reconnect triggered by CryptoVolumeManager
2026-07-06 01:04:37 | WARNING | trading_bot | Fallo de red/HTTP en market data (HTTPError). Reintentando en 2.0 s
2026-07-06 01:04:37 | WARNING | trading_bot | Using fallback REST bars for XRP/USD
2026-07-06 01:04:39 | WARNING | trading_bot | Fallo de red/HTTP en market data (HTTPError). Reintentando en 1.0 s
2026-07-06 01:04:41 | WARNING | trading_bot | Fallo de red/HTTP en market data (HTTPError). Reintentando en 2.0 s
2026-07-06 01:04:43 | WARNING | trading_bot | WebSocket reconnect triggered by CryptoVolumeManager
2026-07-06 01:04:43 | WARNING | trading_bot | Using fallback REST bars for AVAX/USD
2026-07-06 01:04:43 | WARNING | trading_bot | DataCollectorWorker error AAPL: 400 Client Error: Bad Request for url: https://testnet.binancefuture.com/fapi/v1/klines?symbol=AAPL&interval=1m&limit=60
2026-07-06 01:04:46 | WARNING | trading_bot | Using fallback REST bars for BTC/USD
2026-07-06 01:04:49 | WARNING | trading_bot | Using fallback REST bars for DOGE/USD
2026-07-06 01:04:52 | WARNING | trading_bot | Fallo de red/HTTP en market data (HTTPError). Reintentando en 1.0 s
2026-07-06 01:04:53 | WARNING | trading_bot | Using fallback REST bars for ETH/USD
2026-07-06 01:04:53 | WARNING | trading_bot | Fallo de red/HTTP en market data (HTTPError). Reintentando en 2.0 s
2026-07-06 01:04:54 | WARNING | trading_bot | WebSocket reconnect triggered by CryptoVolumeManager
2026-07-06 01:04:54 | WARNING | trading_bot | Using fallback REST bars for AVAX/USD
2026-07-06 01:04:55 | WARNING | trading_bot | WebSocket reconnect triggered by CryptoVolumeManager
2026-07-06 01:04:55 | WARNING | trading_bot | DataCollectorWorker error AAPL: 400 Client Error: Bad Request for url: https://testnet.binancefuture.com/fapi/v1/klines?symbol=AAPL&interval=1m&limit=60
2026-07-06 01:04:55 | WARNING | trading_bot | Using fallback REST bars for LINK/USD
2026-07-06 01:04:57 | WARNING | trading_bot | Using fallback REST bars for BTC/USD
2026-07-06 01:04:59 | WARNING | trading_bot | Using fallback REST bars for SOL/USD
2026-07-06 01:05:01 | WARNING | trading_bot | Using fallback REST bars for DOGE/USD
2026-07-06 01:05:01 | WARNING | trading_bot | Using fallback REST bars for XRP/USD
2026-07-06 01:05:04 | WARNING | trading_bot | Fallo de red/HTTP en market data (ConnectionError). Reintentando en 1.0 s
2026-07-06 01:05:13 | WARNING | trading_bot | No se pudo refrescar estado NYSE: HTTPSConnectionPool(host='www.nyse.com', port=443): Max retries exceeded with url: /markets/hours-calendars (Caused by NameResolutionError("HTTPSConnection(host='www.nyse.com', port=443): Failed to resolve 'www.nyse.com' ([Errno -2] Name or service not known)"))
2026-07-06 01:05:15 | WARNING | trading_bot | No se pudo aplicar leverage 1x en SOL/USD: ('Connection aborted.', RemoteDisconnected('Remote end closed connection without response'))
2026-07-06 01:05:19 | WARNING | trading_bot | Fallo de red/HTTP en market data (HTTPError). Reintentando en 1.0 s
2026-07-06 01:05:20 | WARNING | trading_bot | Fallo de red/HTTP en market data (HTTPError). Reintentando en 2.0 s
2026-07-06 01:05:20 | WARNING | trading_bot | WebSocket reconnect triggered by CryptoVolumeManager
2026-07-06 01:05:21 | WARNING | trading_bot | Using fallback REST bars for AVAX/USD
2026-07-06 01:05:23 | WARNING | trading_bot | DataCollectorWorker error AAPL: 400 Client Error: Bad Request for url: https://testnet.binancefuture.com/fapi/v1/klines?symbol=AAPL&interval=1m&limit=60
2026-07-06 01:05:23 | WARNING | trading_bot | Fallo de red/HTTP en market data (ReadTimeout). Reintentando en 1.0 s
2026-07-06 01:05:23 | WARNING | trading_bot | Sin conexion durante monitoreo general (ReadTimeout). Reintentando automaticamente...
2026-07-06 01:05:24 | WARNING | trading_bot | Fallo de red/HTTP en market data (HTTPError). Reintentando en 2.0 s
2026-07-06 01:05:25 | WARNING | trading_bot | Using fallback REST bars for BTC/USD
2026-07-06 01:05:27 | WARNING | trading_bot | DataCollectorWorker error AAPL: 400 Client Error: Bad Request for url: https://testnet.binancefuture.com/fapi/v1/klines?symbol=AAPL&interval=1m&limit=60
2026-07-06 01:05:29 | WARNING | trading_bot | Using fallback REST bars for DOGE/USD
2026-07-06 01:05:31 | WARNING | trading_bot | WebSocket reconnect triggered by CryptoVolumeManager
2026-07-06 01:05:32 | WARNING | trading_bot | Using fallback REST bars for ETH/USD
2026-07-06 01:05:35 | WARNING | trading_bot | Using fallback REST bars for LINK/USD
2026-07-06 01:05:39 | WARNING | trading_bot | Using fallback REST bars for SOL/USD
2026-07-06 01:05:42 | WARNING | trading_bot | Monitoreo fallido para cuenta Binance Demo: ('Connection aborted.', RemoteDisconnected('Remote end closed connection without response'))
2026-07-06 01:05:43 | WARNING | trading_bot | WebSocket reconnect triggered by CryptoVolumeManager
2026-07-06 01:05:43 | WARNING | trading_bot | Using fallback REST bars for XRP/USD
2026-07-06 01:05:46 | WARNING | trading_bot | Fallo de red/HTTP en market data (HTTPError). Reintentando en 1.0 s
2026-07-06 01:05:47 | WARNING | trading_bot | Fallo de red/HTTP en market data (HTTPError). Reintentando en 2.0 s
2026-07-06 01:05:48 | WARNING | trading_bot | WebSocket reconnect triggered by CryptoVolumeManager
2026-07-06 01:05:48 | WARNING | trading_bot | Using fallback REST bars for AVAX/USD
2026-07-06 01:05:49 | WARNING | trading_bot | DataCollectorWorker error AAPL: 400 Client Error: Bad Request for url: https://testnet.binancefuture.com/fapi/v1/klines?symbol=AAPL&interval=1m&limit=60
2026-07-06 01:05:53 | WARNING | trading_bot | Using fallback REST bars for BTC/USD
2026-07-06 01:05:53 | WARNING | trading_bot | Fallo de red/HTTP en market data (HTTPError). Reintentando en 1.0 s
2026-07-06 01:05:54 | WARNING | trading_bot | Fallo de red/HTTP en market data (HTTPError). Reintentando en 2.0 s
2026-07-06 01:05:56 | WARNING | trading_bot | Using fallback REST bars for DOGE/USD
2026-07-06 01:05:57 | WARNING | trading_bot | DataCollectorWorker error AAPL: 400 Client Error: Bad Request for url: https://testnet.binancefuture.com/fapi/v1/klines?symbol=AAPL&interval=1m&limit=60
2026-07-06 01:05:59 | WARNING | trading_bot | WebSocket reconnect triggered by CryptoVolumeManager
2026-07-06 01:05:59 | WARNING | trading_bot | Using fallback REST bars for ETH/USD
2026-07-06 01:06:02 | WARNING | trading_bot | Fallo de red/HTTP en market data (HTTPError). Reintentando en 1.0 s
2026-07-06 01:06:02 | WARNING | trading_bot | Fallo de red/HTTP en market data (ConnectionError). Reintentando en 1.0 s
2026-07-06 01:06:03 | WARNING | trading_bot | Sin conexion durante monitoreo general (ConnectionError). Reintentando automaticamente...
2026-07-06 01:06:07 | WARNING | trading_bot | Fallo de red/HTTP en market data (ConnectionError). Reintentando en 1.0 s
2026-07-06 01:06:09 | WARNING | trading_bot | Fallo de red/HTTP en market data (ConnectionError). Reintentando en 1.0 s
2026-07-06 01:06:09 | WARNING | trading_bot | Fallo de red/HTTP en market data (HTTPError). Reintentando en 2.0 s
2026-07-06 01:06:10 | WARNING | trading_bot | Fallo de red/HTTP en market data (HTTPError). Reintentando en 2.0 s
2026-07-06 01:06:10 | WARNING | trading_bot | Fallo de red/HTTP en market data (ConnectionError). Reintentando en 1.0 s
2026-07-06 01:06:11 | WARNING | trading_bot | WebSocket reconnect triggered by CryptoVolumeManager
2026-07-06 01:06:11 | WARNING | trading_bot | Using fallback REST bars for AVAX/USD
2026-07-06 01:06:11 | WARNING | trading_bot | DataCollectorWorker error AAPL: 400 Client Error: Bad Request for url: https://testnet.binancefuture.com/fapi/v1/klines?symbol=AAPL&interval=1m&limit=60
2026-07-06 01:06:12 | WARNING | trading_bot | DataCollectorWorker error AAPL: 400 Client Error: Bad Request for url: https://testnet.binancefuture.com/fapi/v1/klines?symbol=AAPL&interval=1m&limit=60
2026-07-06 01:06:13 | WARNING | trading_bot | Fallo de red/HTTP en market data (HTTPError). Reintentando en 1.0 s
2026-07-06 01:06:14 | WARNING | trading_bot | Fallo de red/HTTP en market data (ConnectionError). Reintentando en 2.0 s
2026-07-06 01:06:14 | WARNING | trading_bot | Fallo de red/HTTP en market data (ConnectionError). Reintentando en 1.0 s
2026-07-06 01:06:17 | WARNING | trading_bot | Forzando cierre de la aplicacion por solicitud del usuario.
2026-07-06 01:06:18 | WARNING | trading_bot | Forzando cierre de la aplicacion por solicitud del usuario.
2026-07-06 01:07:02 | WARNING | trading_bot | Fallo de red/HTTP en market data (HTTPError). Reintentando en 1.0 s
2026-07-06 01:07:03 | WARNING | trading_bot | Fallo de red/HTTP en market data (ConnectionError). Reintentando en 1.0 s
2026-07-06 01:07:03 | WARNING | trading_bot | No se pudo refrescar estado NYSE: ('Connection aborted.', RemoteDisconnected('Remote end closed connection without response'))
2026-07-06 01:07:05 | WARNING | trading_bot | Fallo de red/HTTP en market data (HTTPError). Reintentando en 2.0 s
2026-07-06 01:07:07 | WARNING | trading_bot | WebSocket reconnect triggered by CryptoVolumeManager
2026-07-06 01:07:07 | WARNING | trading_bot | Using fallback REST bars for AVAX/USD
2026-07-06 01:07:07 | WARNING | trading_bot | DataCollectorWorker error AAPL: 400 Client Error: Bad Request for url: https://testnet.binancefuture.com/fapi/v1/klines?symbol=AAPL&interval=1m&limit=60
2026-07-06 01:07:11 | WARNING | trading_bot | Using fallback REST bars for BTC/USD
2026-07-06 01:07:14 | WARNING | trading_bot | Using fallback REST bars for DOGE/USD
2026-07-06 01:07:17 | WARNING | trading_bot | WebSocket reconnect triggered by CryptoVolumeManager
2026-07-06 01:07:18 | WARNING | trading_bot | Using fallback REST bars for SOL/USD
2026-07-06 01:07:18 | WARNING | trading_bot | Using fallback REST bars for ETH/USD
2026-07-06 01:07:22 | WARNING | trading_bot | Fallo de red/HTTP en market data (ReadTimeout). Reintentando en 1.0 s
2026-07-06 01:07:23 | WARNING | trading_bot | Fallo de red/HTTP en market data (HTTPError). Reintentando en 1.0 s
2026-07-06 01:07:24 | WARNING | trading_bot | Monitoreo fallido para cuenta Binance Demo: ('Connection aborted.', RemoteDisconnected('Remote end closed connection without response'))
2026-07-06 01:07:25 | WARNING | trading_bot | Fallo de red/HTTP en market data (HTTPError). Reintentando en 2.0 s
2026-07-06 01:07:27 | WARNING | trading_bot | Using fallback REST bars for LINK/USD
2026-07-06 01:07:27 | WARNING | trading_bot | DataCollectorWorker error AAPL: 400 Client Error: Bad Request for url: https://testnet.binancefuture.com/fapi/v1/klines?symbol=AAPL&interval=1m&limit=60
2026-07-06 01:07:30 | WARNING | trading_bot | WebSocket reconnect triggered by CryptoVolumeManager
2026-07-06 01:07:30 | WARNING | trading_bot | Using fallback REST bars for SOL/USD
2026-07-06 01:08:02 | WARNING | trading_bot | Sin conexion durante monitoreo general (ConnectionError). Reintentando automaticamente...
2026-07-06 01:08:02 | WARNING | trading_bot | Fallo de red/HTTP en market data (HTTPError). Reintentando en 1.0 s
2026-07-06 01:08:03 | WARNING | trading_bot | WebSocket reconnect triggered by CryptoVolumeManager
2026-07-06 01:08:03 | WARNING | trading_bot | Using fallback REST bars for XRP/USD
2026-07-06 01:08:04 | ERROR | trading_bot | Error en accion de UI
Traceback (most recent call last):
  File "/home/fbautista/Documents/Alpaca/trading_bot/ui/bot_window.py", line 2411, in _run_action
    fn()
  File "/home/fbautista/Documents/Alpaca/trading_bot/ui/bot_window.py", line 7456, in _execute_ai_sell_check
    result = self.ai_trading_brain.place_limit_sell_if_allowed(
             ^^^^^^^^^^^^^^^^^^^^^^^^^^^^^^^^^^^^^^^^^^^^^^^^^^
  File "/home/fbautista/Documents/Alpaca/trading_bot/ai_trading_brain/service.py", line 2941, in place_limit_sell_if_allowed
    raise ValueError("No hay posicion activa para vender")
ValueError: No hay posicion activa para vender
2026-07-06 01:08:07 | WARNING | trading_bot | Fallo de red/HTTP en market data (HTTPError). Reintentando en 2.0 s
2026-07-06 01:08:09 | WARNING | trading_bot | DataCollectorWorker error AAPL: 400 Client Error: Bad Request for url: https://testnet.binancefuture.com/fapi/v1/klines?symbol=AAPL&interval=1m&limit=60
2026-07-06 01:08:31 | WARNING | trading_bot | Fallo de red/HTTP en market data (HTTPError). Reintentando en 1.0 s
2026-07-06 01:08:33 | WARNING | trading_bot | Fallo de red/HTTP en market data (HTTPError). Reintentando en 2.0 s
2026-07-06 01:08:35 | WARNING | trading_bot | DataCollectorWorker error AAPL: 400 Client Error: Bad Request for url: https://testnet.binancefuture.com/fapi/v1/klines?symbol=AAPL&interval=1m&limit=60
2026-07-06 01:08:41 | WARNING | trading_bot | Fallo de red/HTTP en market data (HTTPError). Reintentando en 1.0 s
2026-07-06 01:08:42 | WARNING | trading_bot | Fallo de red/HTTP en market data (ConnectionError). Reintentando en 1.0 s
2026-07-06 01:08:42 | WARNING | trading_bot | No se pudo refrescar estado NYSE: ('Connection aborted.', RemoteDisconnected('Remote end closed connection without response'))
2026-07-06 01:08:42 | WARNING | trading_bot | Fallo de red/HTTP en market data (ConnectionError). Reintentando en 1.0 s
2026-07-06 01:08:43 | WARNING | trading_bot | Fallo de red/HTTP en market data (HTTPError). Reintentando en 2.0 s
2026-07-06 01:08:45 | WARNING | trading_bot | Fallo de red/HTTP en market data (ConnectionError). Reintentando en 1.0 s
2026-07-06 01:08:45 | WARNING | trading_bot | WebSocket reconnect triggered by CryptoVolumeManager
2026-07-06 01:08:46 | WARNING | trading_bot | DataCollectorWorker error AAPL: 400 Client Error: Bad Request for url: https://testnet.binancefuture.com/fapi/v1/klines?symbol=AAPL&interval=1m&limit=60
2026-07-06 01:08:46 | WARNING | trading_bot | Using fallback REST bars for AVAX/USD
2026-07-06 01:08:46 | WARNING | trading_bot | Fallo de red/HTTP en market data (HTTPError). Reintentando en 2.0 s
2026-07-06 01:08:47 | WARNING | trading_bot | No se pudo aplicar leverage 1x en SOL/USD: ('Connection aborted.', RemoteDisconnected('Remote end closed connection without response'))
2026-07-06 01:08:48 | WARNING | trading_bot | DataCollectorWorker error AAPL: 400 Client Error: Bad Request for url: https://testnet.binancefuture.com/fapi/v1/klines?symbol=AAPL&interval=1m&limit=60
2026-07-06 01:08:49 | WARNING | trading_bot | Using fallback REST bars for BTC/USD
2026-07-06 01:08:52 | WARNING | trading_bot | Fallo de red/HTTP en market data (ConnectionError). Reintentando en 1.0 s
2026-07-06 01:08:52 | WARNING | trading_bot | Using fallback REST bars for DOGE/USD
2026-07-06 01:08:55 | WARNING | trading_bot | Using fallback REST bars for ETH/USD
2026-07-06 01:08:57 | WARNING | trading_bot | Fallo de red/HTTP en market data (HTTPError). Reintentando en 1.0 s
2026-07-06 01:08:57 | WARNING | trading_bot | WebSocket reconnect triggered by CryptoVolumeManager
2026-07-06 01:08:58 | WARNING | trading_bot | Using fallback REST bars for LINK/USD
2026-07-06 01:08:58 | WARNING | trading_bot | Fallo de red/HTTP en market data (HTTPError). Reintentando en 2.0 s
2026-07-06 01:09:00 | WARNING | trading_bot | Using fallback REST bars for SOL/USD
2026-07-06 01:09:01 | WARNING | trading_bot | DataCollectorWorker error AAPL: 400 Client Error: Bad Request for url: https://testnet.binancefuture.com/fapi/v1/klines?symbol=AAPL&interval=1m&limit=60
2026-07-06 01:09:02 | WARNING | trading_bot | Monitoreo fallido para cuenta Binance Demo: ('Connection aborted.', RemoteDisconnected('Remote end closed connection without response'))
2026-07-06 01:09:03 | WARNING | trading_bot | Monitoreo fallido para cuenta Binance Demo: ('Connection aborted.', RemoteDisconnected('Remote end closed connection without response'))
2026-07-06 01:09:04 | WARNING | trading_bot | Fallo de red/HTTP en market data (HTTPError). Reintentando en 1.0 s
2026-07-06 01:09:04 | WARNING | trading_bot | Using fallback REST bars for XRP/USD
2026-07-06 01:09:04 | WARNING | trading_bot | WebSocket reconnect triggered by CryptoVolumeManager
2026-07-06 01:09:04 | WARNING | trading_bot | Using fallback REST bars for AVAX/USD
2026-07-06 01:09:05 | WARNING | trading_bot | Fallo de red/HTTP en market data (HTTPError). Reintentando en 2.0 s
2026-07-06 01:09:07 | WARNING | trading_bot | DataCollectorWorker error AAPL: 400 Client Error: Bad Request for url: https://testnet.binancefuture.com/fapi/v1/klines?symbol=AAPL&interval=1m&limit=60
2026-07-06 01:09:09 | WARNING | trading_bot | Using fallback REST bars for BTC/USD
2026-07-06 01:09:12 | WARNING | trading_bot | Using fallback REST bars for DOGE/USD
2026-07-06 01:09:15 | WARNING | trading_bot | WebSocket reconnect triggered by CryptoVolumeManager
2026-07-06 01:09:15 | WARNING | trading_bot | Using fallback REST bars for ETH/USD
2026-07-06 01:09:18 | WARNING | trading_bot | Using fallback REST bars for LINK/USD
2026-07-06 01:09:20 | WARNING | trading_bot | Fallo de red/HTTP en market data (HTTPError). Reintentando en 1.0 s
2026-07-06 01:09:21 | WARNING | trading_bot | Using fallback REST bars for SOL/USD
2026-07-06 01:09:26 | WARNING | trading_bot | Fallo de red/HTTP en market data (ConnectionError). Reintentando en 1.0 s
2026-07-06 01:09:27 | WARNING | trading_bot | Fallo de red/HTTP en market data (ConnectionError). Reintentando en 1.0 s
2026-07-06 01:09:28 | WARNING | trading_bot | Fallo de red/HTTP en market data (ConnectionError). Reintentando en 2.0 s
2026-07-06 01:09:32 | WARNING | trading_bot | Sin conexion durante monitoreo general (ConnectionError). Reintentando automaticamente...
2026-07-06 01:09:39 | WARNING | trading_bot | Fallo de red/HTTP en market data (HTTPError). Reintentando en 2.0 s
2026-07-06 01:09:39 | WARNING | trading_bot | Sin conexion durante monitoreo general (ConnectionError). Reintentando automaticamente...
2026-07-06 01:09:40 | WARNING | trading_bot | Fallo de red/HTTP en market data (ConnectionError). Reintentando en 1.0 s
2026-07-06 01:09:40 | WARNING | trading_bot | WebSocket reconnect triggered by CryptoVolumeManager
2026-07-06 01:09:40 | WARNING | trading_bot | Using fallback REST bars for AVAX/USD
2026-07-06 01:09:41 | WARNING | trading_bot | DataCollectorWorker error AAPL: 400 Client Error: Bad Request for url: https://testnet.binancefuture.com/fapi/v1/klines?symbol=AAPL&interval=1m&limit=60
2026-07-06 01:09:41 | WARNING | trading_bot | Fallo de red/HTTP en market data (ConnectionError). Reintentando en 1.0 s
2026-07-06 01:09:41 | WARNING | trading_bot | Fallo de red/HTTP en market data (HTTPError). Reintentando en 1.0 s
2026-07-06 01:09:43 | WARNING | trading_bot | Fallo de red/HTTP en market data (HTTPError). Reintentando en 2.0 s
2026-07-06 01:09:45 | WARNING | trading_bot | DataCollectorWorker error AAPL: 400 Client Error: Bad Request for url: https://testnet.binancefuture.com/fapi/v1/klines?symbol=AAPL&interval=1m&limit=60
2026-07-06 01:09:46 | WARNING | trading_bot | Fallo de red/HTTP en market data (ReadTimeout). Reintentando en 1.0 s
2026-07-06 01:09:46 | WARNING | trading_bot | Using fallback REST bars for BTC/USD
2026-07-06 01:09:48 | WARNING | trading_bot | Monitoreo fallido para cuenta Binance Demo: ('Connection aborted.', RemoteDisconnected('Remote end closed connection without response'))
2026-07-06 01:09:50 | WARNING | trading_bot | Using fallback REST bars for DOGE/USD
2026-07-06 01:09:50 | WARNING | trading_bot | WebSocket reconnect triggered by CryptoVolumeManager
2026-07-06 01:09:51 | WARNING | trading_bot | OpenAI analyzer fallback neutral: HTTPSConnectionPool(host='api.openai.com', port=443): Read timed out. (read timeout=25)
2026-07-06 01:09:51 | WARNING | trading_bot | Using fallback REST bars for XRP/USD
2026-07-06 01:09:53 | WARNING | trading_bot | WebSocket reconnect triggered by CryptoVolumeManager
2026-07-06 01:09:54 | WARNING | trading_bot | Using fallback REST bars for ETH/USD
2026-07-06 01:09:57 | WARNING | trading_bot | Using fallback REST bars for LINK/USD
2026-07-06 01:10:03 | WARNING | trading_bot | Fallo de red/HTTP en market data (HTTPError). Reintentando en 1.0 s
2026-07-06 01:10:04 | WARNING | trading_bot | WebSocket reconnect triggered by CryptoVolumeManager
2026-07-06 01:10:04 | WARNING | trading_bot | Using fallback REST bars for SOL/USD
2026-07-06 01:10:04 | WARNING | trading_bot | Using fallback REST bars for SOL/USD
2026-07-06 01:10:04 | WARNING | trading_bot | Fallo de red/HTTP en market data (HTTPError). Reintentando en 2.0 s
2026-07-06 01:10:07 | WARNING | trading_bot | DataCollectorWorker error AAPL: 400 Client Error: Bad Request for url: https://testnet.binancefuture.com/fapi/v1/klines?symbol=AAPL&interval=1m&limit=60
2026-07-06 01:10:17 | WARNING | trading_bot | Fallo de red/HTTP en market data (HTTPError). Reintentando en 1.0 s
2026-07-06 01:10:17 | WARNING | trading_bot | Fallo de red/HTTP en market data (HTTPError). Reintentando en 1.0 s
2026-07-06 01:10:18 | WARNING | trading_bot | Fallo de red/HTTP en market data (HTTPError). Reintentando en 2.0 s
2026-07-06 01:10:18 | WARNING | trading_bot | Fallo de red/HTTP en market data (HTTPError). Reintentando en 2.0 s
2026-07-06 01:10:21 | WARNING | trading_bot | DataCollectorWorker error AAPL: 400 Client Error: Bad Request for url: https://testnet.binancefuture.com/fapi/v1/klines?symbol=AAPL&interval=1m&limit=60
2026-07-06 01:10:21 | WARNING | trading_bot | DataCollectorWorker error AAPL: 400 Client Error: Bad Request for url: https://testnet.binancefuture.com/fapi/v1/klines?symbol=AAPL&interval=1m&limit=60
2026-07-06 01:10:42 | WARNING | trading_bot | Forzando cierre de la aplicacion por solicitud del usuario.
2026-07-06 01:11:33 | WARNING | trading_bot | Fallo de red/HTTP en market data (ConnectionError). Reintentando en 1.0 s
2026-07-06 01:11:37 | WARNING | trading_bot | WebSocket reconnect triggered by CryptoVolumeManager
2026-07-06 01:11:37 | WARNING | trading_bot | Using fallback REST bars for AVAX/USD
2026-07-06 01:11:41 | WARNING | trading_bot | Using fallback REST bars for BTC/USD
2026-07-06 01:11:45 | WARNING | trading_bot | Using fallback REST bars for DOGE/USD
2026-07-06 01:11:49 | WARNING | trading_bot | WebSocket reconnect triggered by CryptoVolumeManager
2026-07-06 01:11:49 | WARNING | trading_bot | Using fallback REST bars for ETH/USD
2026-07-06 01:11:53 | WARNING | trading_bot | Fallo de red/HTTP en market data (ReadTimeout). Reintentando en 1.0 s
2026-07-06 01:11:53 | WARNING | trading_bot | Using fallback REST bars for LINK/USD
2026-07-06 01:11:54 | WARNING | trading_bot | Monitoreo fallido para cuenta Binance Demo: ('Connection aborted.', RemoteDisconnected('Remote end closed connection without response'))
2026-07-06 01:11:58 | WARNING | trading_bot | Using fallback REST bars for SOL/USD
2026-07-06 01:12:01 | WARNING | trading_bot | WebSocket reconnect triggered by CryptoVolumeManager
2026-07-06 01:12:01 | WARNING | trading_bot | Using fallback REST bars for XRP/USD
2026-07-06 01:15:43 | WARNING | trading_bot | WebSocket reconnect triggered by CryptoVolumeManager
2026-07-06 01:15:44 | WARNING | trading_bot | Using fallback REST bars for SOL/USD
2026-07-06 01:16:46 | WARNING | trading_bot | WebSocket reconnect triggered by CryptoVolumeManager
2026-07-06 01:16:46 | WARNING | trading_bot | Using fallback REST bars for AVAX/USD
2026-07-06 01:16:49 | WARNING | trading_bot | Using fallback REST bars for BTC/USD
2026-07-06 01:16:53 | WARNING | trading_bot | Using fallback REST bars for DOGE/USD
2026-07-06 01:16:56 | WARNING | trading_bot | WebSocket reconnect triggered by CryptoVolumeManager
2026-07-06 01:16:57 | WARNING | trading_bot | Using fallback REST bars for ETH/USD
2026-07-06 01:17:01 | WARNING | trading_bot | Using fallback REST bars for LINK/USD
2026-07-06 01:17:03 | WARNING | trading_bot | Using fallback REST bars for SOL/USD
2026-07-06 01:17:06 | WARNING | trading_bot | Using fallback REST bars for XRP/USD
2026-07-06 01:18:20 | WARNING | trading_bot | Forzando cierre de la aplicacion por solicitud del usuario.
2026-07-06 01:18:26 | WARNING | trading_bot | No se pudo refrescar estado NYSE: ('Connection aborted.', ConnectionResetError(104, 'Connection reset by peer'))
2026-07-06 01:18:41 | WARNING | trading_bot | WebSocket reconnect triggered by CryptoVolumeManager
2026-07-06 01:18:41 | WARNING | trading_bot | Using fallback REST bars for AVAX/USD
2026-07-06 01:18:44 | WARNING | trading_bot | Using fallback REST bars for BTC/USD
2026-07-06 01:18:46 | WARNING | trading_bot | Fallo de red/HTTP en market data (ReadTimeout). Reintentando en 1.0 s
2026-07-06 01:18:46 | WARNING | trading_bot | Fallo de red/HTTP en market data (ReadTimeout). Reintentando en 1.0 s
2026-07-06 01:18:46 | WARNING | trading_bot | No se pudieron recuperar posiciones abiertas para restaurar pestañas en Binance Demo: HTTPSConnectionPool(host='testnet.binancefuture.com', port=443): Read timed out. (read timeout=20)
2026-07-06 01:18:46 | WARNING | trading_bot | Fallo de red/HTTP en market data (ReadTimeout). Reintentando en 1.0 s
2026-07-06 01:18:46 | WARNING | trading_bot | Sin conexion durante monitoreo general (ConnectionError). Reintentando automaticamente...
2026-07-06 01:18:46 | WARNING | trading_bot | Fallo de red/HTTP en market data (ReadTimeout). Reintentando en 1.0 s
2026-07-06 01:18:47 | WARNING | trading_bot | Fallo de red/HTTP en market data (ConnectionError). Reintentando en 2.0 s
2026-07-06 01:18:47 | WARNING | trading_bot | Diagnostic auto-refresh signal failed for AVAX/USD: ('Connection aborted.', ConnectionResetError(104, 'Connection reset by peer'))
2026-07-06 01:18:47 | WARNING | trading_bot | Fallo de red/HTTP en market data (ConnectionError). Reintentando en 2.0 s
2026-07-06 01:18:55 | WARNING | trading_bot | WebSocket reconnect triggered by CryptoVolumeManager
2026-07-06 01:18:56 | WARNING | trading_bot | Using fallback REST bars for AVAX/USD
2026-07-06 01:18:59 | WARNING | trading_bot | Using fallback REST bars for BTC/USD
2026-07-06 01:19:03 | WARNING | trading_bot | Using fallback REST bars for SOL/USD
2026-07-06 01:19:06 | WARNING | trading_bot | Using fallback REST bars for DOGE/USD
2026-07-06 01:19:09 | WARNING | trading_bot | WebSocket reconnect triggered by CryptoVolumeManager
2026-07-06 01:19:09 | WARNING | trading_bot | Using fallback REST bars for ETH/USD
2026-07-06 01:19:13 | WARNING | trading_bot | Using fallback REST bars for LINK/USD
2026-07-06 01:19:15 | WARNING | trading_bot | Using fallback REST bars for SOL/USD
2026-07-06 01:19:23 | WARNING | trading_bot | WebSocket reconnect triggered by CryptoVolumeManager
2026-07-06 01:19:23 | WARNING | trading_bot | Using fallback REST bars for XRP/USD
2026-07-06 01:19:54 | WARNING | trading_bot | Sin conexion durante monitoreo general (HTTPError). Reintentando automaticamente...
2026-07-06 01:20:54 | WARNING | trading_bot | Forzando cierre de la aplicacion por solicitud del usuario.
2026-07-06 01:22:57 | WARNING | trading_bot | WebSocket reconnect triggered by CryptoVolumeManager
2026-07-06 01:22:57 | WARNING | trading_bot | Using fallback REST bars for SOL/USD
2026-07-06 01:22:58 | WARNING | trading_bot | Fallo de red/HTTP en market data (ReadTimeout). Reintentando en 1.0 s
2026-07-06 01:22:58 | WARNING | trading_bot | Fallo de red/HTTP en market data (ReadTimeout). Reintentando en 1.0 s
2026-07-06 01:23:00 | WARNING | trading_bot | Monitoreo fallido para cuenta Binance Demo: ('Connection aborted.', RemoteDisconnected('Remote end closed connection without response'))
2026-07-06 01:23:02 | WARNING | trading_bot | Using fallback REST bars for AVAX/USD
2026-07-06 01:23:07 | WARNING | trading_bot | WebSocket reconnect triggered by CryptoVolumeManager
2026-07-06 01:23:07 | WARNING | trading_bot | Using fallback REST bars for SOL/USD
2026-07-06 01:23:12 | WARNING | trading_bot | Using fallback REST bars for BTC/USD
2026-07-06 01:23:17 | WARNING | trading_bot | Using fallback REST bars for DOGE/USD
2026-07-06 01:23:23 | WARNING | trading_bot | WebSocket reconnect triggered by CryptoVolumeManager
2026-07-06 01:23:23 | WARNING | trading_bot | Using fallback REST bars for ETH/USD
2026-07-06 01:23:36 | WARNING | trading_bot | Using fallback REST bars for LINK/USD
2026-07-06 01:23:39 | WARNING | trading_bot | WebSocket reconnect triggered by CryptoVolumeManager
2026-07-06 01:23:40 | WARNING | trading_bot | Using fallback REST bars for SOL/USD
2026-07-06 01:23:48 | WARNING | trading_bot | Using fallback REST bars for XRP/USD
2026-07-06 01:24:18 | WARNING | trading_bot | WebSocket reconnect triggered by CryptoVolumeManager
2026-07-06 01:24:18 | WARNING | trading_bot | Using fallback REST bars for AVAX/USD
2026-07-06 01:24:22 | WARNING | trading_bot | Using fallback REST bars for BTC/USD
2026-07-06 01:24:27 | WARNING | trading_bot | Using fallback REST bars for DOGE/USD
2026-07-06 01:24:30 | WARNING | trading_bot | WebSocket reconnect triggered by CryptoVolumeManager
2026-07-06 01:24:30 | WARNING | trading_bot | Using fallback REST bars for ETH/USD
2026-07-06 01:24:34 | WARNING | trading_bot | Using fallback REST bars for LINK/USD
2026-07-06 01:24:39 | WARNING | trading_bot | Using fallback REST bars for SOL/USD
2026-07-06 01:24:43 | WARNING | trading_bot | WebSocket reconnect triggered by CryptoVolumeManager
2026-07-06 01:24:44 | WARNING | trading_bot | Using fallback REST bars for XRP/USD
2026-07-06 01:25:01 | WARNING | trading_bot | Forzando cierre de la aplicacion por solicitud del usuario.
2026-07-06 01:25:12 | WARNING | trading_bot | WebSocket reconnect triggered by CryptoVolumeManager
2026-07-06 01:25:12 | WARNING | trading_bot | Using fallback REST bars for AVAX/USD
2026-07-06 01:25:17 | WARNING | trading_bot | Using fallback REST bars for BTC/USD
2026-07-06 01:25:20 | WARNING | trading_bot | Using fallback REST bars for SOL/USD
2026-07-06 01:25:23 | WARNING | trading_bot | WebSocket reconnect triggered by CryptoVolumeManager
2026-07-06 01:25:23 | WARNING | trading_bot | Using fallback REST bars for DOGE/USD
2026-07-06 01:25:27 | WARNING | trading_bot | Fallo de red/HTTP en market data (ReadTimeout). Reintentando en 1.0 s
2026-07-06 01:25:27 | WARNING | trading_bot | Fallo de red/HTTP en market data (ReadTimeout). Reintentando en 1.0 s
2026-07-06 01:25:29 | WARNING | trading_bot | Using fallback REST bars for ETH/USD
2026-07-06 01:25:32 | WARNING | trading_bot | Monitoreo fallido para cuenta Binance Demo: ('Connection aborted.', RemoteDisconnected('Remote end closed connection without response'))
2026-07-06 01:25:35 | WARNING | trading_bot | WebSocket reconnect triggered by CryptoVolumeManager
2026-07-06 01:25:37 | WARNING | trading_bot | Using fallback REST bars for LINK/USD
2026-07-06 01:25:41 | WARNING | trading_bot | Using fallback REST bars for SOL/USD
2026-07-06 01:25:46 | WARNING | trading_bot | WebSocket reconnect triggered by CryptoVolumeManager
2026-07-06 01:25:47 | WARNING | trading_bot | Using fallback REST bars for XRP/USD
2026-07-06 01:27:10 | WARNING | trading_bot | Fallo de red/HTTP en market data (ConnectionError). Reintentando en 1.0 s
2026-07-06 01:27:11 | WARNING | trading_bot | Fallo de red/HTTP en market data (ConnectionError). Reintentando en 1.0 s
2026-07-06 01:27:11 | WARNING | trading_bot | OpenAI analyzer fallback neutral: ('Connection aborted.', RemoteDisconnected('Remote end closed connection without response'))
2026-07-06 01:27:15 | WARNING | trading_bot | WebSocket reconnect triggered by CryptoVolumeManager
2026-07-06 01:27:15 | WARNING | trading_bot | Using fallback REST bars for AVAX/USD
2026-07-06 01:27:15 | WARNING | trading_bot | Fallo de red/HTTP en market data (ConnectionError). Reintentando en 1.0 s
2026-07-06 01:27:19 | WARNING | trading_bot | Using fallback REST bars for BTC/USD
2026-07-06 01:27:25 | WARNING | trading_bot | Using fallback REST bars for DOGE/USD
2026-07-06 01:27:28 | WARNING | trading_bot | WebSocket reconnect triggered by CryptoVolumeManager
2026-07-06 01:27:28 | WARNING | trading_bot | Using fallback REST bars for SOL/USD
2026-07-06 01:27:29 | WARNING | trading_bot | Using fallback REST bars for ETH/USD
2026-07-06 01:27:31 | WARNING | trading_bot | Monitoreo fallido para cuenta Binance Demo: ('Connection aborted.', RemoteDisconnected('Remote end closed connection without response'))
2026-07-06 01:27:33 | WARNING | trading_bot | Using fallback REST bars for LINK/USD
2026-07-06 01:27:38 | WARNING | trading_bot | Using fallback REST bars for SOL/USD
2026-07-06 01:27:40 | WARNING | trading_bot | Monitoreo fallido para cuenta Binance Demo: ('Connection aborted.', RemoteDisconnected('Remote end closed connection without response'))
2026-07-06 01:27:43 | WARNING | trading_bot | WebSocket reconnect triggered by CryptoVolumeManager
2026-07-06 01:27:43 | WARNING | trading_bot | Using fallback REST bars for XRP/USD
2026-07-06 01:28:22 | WARNING | trading_bot | Forzando cierre de la aplicacion por solicitud del usuario.
2026-07-06 01:28:42 | WARNING | trading_bot | WebSocket reconnect triggered by CryptoVolumeManager
2026-07-06 01:28:42 | WARNING | trading_bot | Using fallback REST bars for AVAX/USD
2026-07-06 01:28:44 | WARNING | trading_bot | Using fallback REST bars for SOL/USD
2026-07-06 01:28:46 | WARNING | trading_bot | Using fallback REST bars for BTC/USD
2026-07-06 01:28:50 | WARNING | trading_bot | Using fallback REST bars for DOGE/USD
2026-07-06 01:28:55 | WARNING | trading_bot | WebSocket reconnect triggered by CryptoVolumeManager
2026-07-06 01:28:55 | WARNING | trading_bot | Using fallback REST bars for ETH/USD
2026-07-06 01:29:01 | WARNING | trading_bot | Using fallback REST bars for LINK/USD
2026-07-06 01:29:04 | WARNING | trading_bot | Using fallback REST bars for SOL/USD
2026-07-06 01:29:08 | WARNING | trading_bot | WebSocket reconnect triggered by CryptoVolumeManager
2026-07-06 01:29:08 | WARNING | trading_bot | Using fallback REST bars for XRP/USD
2026-07-06 01:29:53 | WARNING | trading_bot | WebSocket reconnect triggered by CryptoVolumeManager
2026-07-06 01:29:53 | WARNING | trading_bot | Using fallback REST bars for SOL/USD
2026-07-06 01:34:06 | WARNING | trading_bot | WebSocket reconnect triggered by CryptoVolumeManager
2026-07-06 01:34:07 | WARNING | trading_bot | Using fallback REST bars for SOL/USD
2026-07-06 01:37:00 | WARNING | trading_bot | Forzando cierre de la aplicacion por solicitud del usuario.
2026-07-06 01:37:09 | WARNING | trading_bot | WebSocket reconnect triggered by CryptoVolumeManager
2026-07-06 01:37:10 | WARNING | trading_bot | Using fallback REST bars for SOL/USD
2026-07-06 01:37:18 | WARNING | trading_bot | Using fallback REST bars for AVAX/USD
2026-07-06 01:37:21 | WARNING | trading_bot | WebSocket reconnect triggered by CryptoVolumeManager
2026-07-06 01:37:22 | WARNING | trading_bot | Using fallback REST bars for BTC/USD
2026-07-06 01:37:27 | WARNING | trading_bot | Using fallback REST bars for DOGE/USD
2026-07-06 01:37:31 | WARNING | trading_bot | WebSocket reconnect triggered by CryptoVolumeManager
2026-07-06 01:37:32 | WARNING | trading_bot | Using fallback REST bars for ETH/USD
2026-07-06 01:37:36 | WARNING | trading_bot | Using fallback REST bars for LINK/USD
2026-07-06 01:37:39 | WARNING | trading_bot | Using fallback REST bars for SOL/USD
2026-07-06 01:37:44 | WARNING | trading_bot | WebSocket reconnect triggered by CryptoVolumeManager
2026-07-06 01:37:45 | WARNING | trading_bot | Using fallback REST bars for XRP/USD
2026-07-06 01:38:00 | WARNING | trading_bot | Forzando cierre de la aplicacion por solicitud del usuario.
2026-07-06 01:38:05 | WARNING | trading_bot | Fallo de red/HTTP en market data (ConnectionError). Reintentando en 1.0 s
2026-07-06 01:38:17 | WARNING | trading_bot | WebSocket reconnect triggered by CryptoVolumeManager
2026-07-06 01:38:17 | WARNING | trading_bot | Using fallback REST bars for AVAX/USD
2026-07-06 01:38:19 | WARNING | trading_bot | Using fallback REST bars for SOL/USD
2026-07-06 01:38:22 | WARNING | trading_bot | Using fallback REST bars for BTC/USD
2026-07-06 01:38:25 | WARNING | trading_bot | Fallo de red/HTTP en market data (ReadTimeout). Reintentando en 1.0 s
2026-07-06 01:38:26 | WARNING | trading_bot | Using fallback REST bars for DOGE/USD
2026-07-06 01:38:27 | WARNING | trading_bot | Monitoreo fallido para cuenta Binance Demo: ('Connection aborted.', RemoteDisconnected('Remote end closed connection without response'))
2026-07-06 01:38:29 | WARNING | trading_bot | WebSocket reconnect triggered by CryptoVolumeManager
2026-07-06 01:38:30 | WARNING | trading_bot | Using fallback REST bars for ETH/USD
2026-07-06 01:38:35 | WARNING | trading_bot | Using fallback REST bars for LINK/USD
2026-07-06 01:38:38 | WARNING | trading_bot | Using fallback REST bars for SOL/USD
2026-07-06 01:38:43 | WARNING | trading_bot | WebSocket reconnect triggered by CryptoVolumeManager
2026-07-06 01:38:44 | WARNING | trading_bot | Using fallback REST bars for XRP/USD
2026-07-06 01:40:22 | WARNING | trading_bot | Fallo de red/HTTP en market data (ConnectionError). Reintentando en 1.0 s
2026-07-06 01:40:24 | WARNING | trading_bot | Fallo de red/HTTP en market data (ConnectionError). Reintentando en 1.0 s
2026-07-06 01:40:27 | WARNING | trading_bot | WebSocket reconnect triggered by CryptoVolumeManager
2026-07-06 01:40:28 | WARNING | trading_bot | Using fallback REST bars for AVAX/USD
2026-07-06 01:40:34 | WARNING | trading_bot | Using fallback REST bars for BTC/USD
2026-07-06 01:40:35 | WARNING | trading_bot | Sin conexion durante monitoreo general (ConnectionError). Reintentando automaticamente...
2026-07-06 01:40:38 | WARNING | trading_bot | WebSocket reconnect triggered by CryptoVolumeManager
2026-07-06 01:40:38 | WARNING | trading_bot | Using fallback REST bars for DOGE/USD
2026-07-06 01:40:41 | WARNING | trading_bot | Fallo de red/HTTP en market data (ReadTimeout). Reintentando en 1.0 s
2026-07-06 01:40:43 | WARNING | trading_bot | Monitoreo fallido para cuenta Binance Demo: ('Connection aborted.', RemoteDisconnected('Remote end closed connection without response'))
2026-07-06 01:40:45 | WARNING | trading_bot | Using fallback REST bars for ETH/USD
2026-07-06 01:40:46 | WARNING | trading_bot | OpenAI analyzer fallback neutral: HTTPSConnectionPool(host='api.openai.com', port=443): Read timed out. (read timeout=25)
2026-07-06 01:40:50 | WARNING | trading_bot | WebSocket reconnect triggered by CryptoVolumeManager
2026-07-06 01:40:50 | WARNING | trading_bot | Using fallback REST bars for LINK/USD
2026-07-06 01:40:55 | WARNING | trading_bot | Using fallback REST bars for SOL/USD
2026-07-06 01:40:59 | WARNING | trading_bot | Using fallback REST bars for XRP/USD
2026-07-06 01:41:08 | WARNING | trading_bot | Monitoreo fallido para cuenta Binance Demo: ('Connection aborted.', RemoteDisconnected('Remote end closed connection without response'))
2026-07-06 01:41:30 | WARNING | trading_bot | Fallo de red/HTTP en market data (ConnectionError). Reintentando en 1.0 s
2026-07-06 01:41:30 | WARNING | trading_bot | Fallo de red/HTTP en market data (ConnectionError). Reintentando en 1.0 s
2026-07-06 01:41:35 | WARNING | trading_bot | Sin conexion durante monitoreo general (ConnectionError). Reintentando automaticamente...
2026-07-06 01:41:36 | WARNING | trading_bot | WebSocket reconnect triggered by CryptoVolumeManager
2026-07-06 01:41:37 | WARNING | trading_bot | Using fallback REST bars for AVAX/USD
2026-07-06 01:41:37 | WARNING | trading_bot | Fallo de red/HTTP en market data (ConnectionError). Reintentando en 1.0 s
2026-07-06 01:41:42 | WARNING | trading_bot | Using fallback REST bars for BTC/USD
2026-07-06 01:41:46 | WARNING | trading_bot | Using fallback REST bars for SOL/USD
2026-07-06 01:41:50 | WARNING | trading_bot | Fallo de red/HTTP en market data (ReadTimeout). Reintentando en 1.0 s
2026-07-06 01:41:51 | WARNING | trading_bot | WebSocket reconnect triggered by CryptoVolumeManager
2026-07-06 01:41:51 | WARNING | trading_bot | Using fallback REST bars for DOGE/USD
2026-07-06 01:41:52 | WARNING | trading_bot | Monitoreo fallido para cuenta Binance Demo: ('Connection aborted.', RemoteDisconnected('Remote end closed connection without response'))
2026-07-06 01:41:54 | WARNING | trading_bot | Monitoreo fallido para cuenta Binance Demo: ('Connection aborted.', RemoteDisconnected('Remote end closed connection without response'))
2026-07-06 01:41:55 | WARNING | trading_bot | Using fallback REST bars for ETH/USD
2026-07-06 01:42:01 | WARNING | trading_bot | Using fallback REST bars for LINK/USD
2026-07-06 01:42:04 | WARNING | trading_bot | WebSocket reconnect triggered by CryptoVolumeManager
2026-07-06 01:42:04 | WARNING | trading_bot | Using fallback REST bars for SOL/USD
2026-07-06 01:42:06 | WARNING | trading_bot | Monitoreo fallido para cuenta Binance Demo: ('Connection aborted.', RemoteDisconnected('Remote end closed connection without response'))
2026-07-06 01:42:29 | WARNING | trading_bot | Forzando cierre de la aplicacion por solicitud del usuario.
2026-07-06 01:42:35 | WARNING | trading_bot | Forzando cierre de la aplicacion por solicitud del usuario.
2026-07-06 01:42:43 | WARNING | trading_bot | WebSocket reconnect triggered by CryptoVolumeManager
2026-07-06 01:42:43 | WARNING | trading_bot | Using fallback REST bars for AVAX/USD
2026-07-06 01:42:47 | WARNING | trading_bot | Using fallback REST bars for BTC/USD
2026-07-06 01:42:48 | WARNING | trading_bot | Using fallback REST bars for SOL/USD
2026-07-06 01:42:51 | WARNING | trading_bot | Using fallback REST bars for DOGE/USD
2026-07-06 01:42:56 | WARNING | trading_bot | WebSocket reconnect triggered by CryptoVolumeManager
2026-07-06 01:42:56 | WARNING | trading_bot | Using fallback REST bars for ETH/USD
2026-07-06 01:43:00 | WARNING | trading_bot | Using fallback REST bars for LINK/USD
2026-07-06 01:43:03 | WARNING | trading_bot | Using fallback REST bars for SOL/USD
2026-07-06 01:43:08 | WARNING | trading_bot | WebSocket reconnect triggered by CryptoVolumeManager
2026-07-06 01:43:08 | WARNING | trading_bot | Using fallback REST bars for XRP/USD
2026-07-06 01:43:40 | WARNING | trading_bot | Forzando cierre de la aplicacion por solicitud del usuario.
2026-07-06 01:44:03 | WARNING | trading_bot | WebSocket reconnect triggered by CryptoVolumeManager
2026-07-06 01:44:03 | WARNING | trading_bot | Using fallback REST bars for SOL/USD
2026-07-06 01:44:04 | WARNING | trading_bot | Using fallback REST bars for AVAX/USD
2026-07-06 01:44:05 | WARNING | trading_bot | Fallo de red/HTTP en market data (ReadTimeout). Reintentando en 1.0 s
2026-07-06 01:44:06 | WARNING | trading_bot | Fallo de red/HTTP en market data (ReadTimeout). Reintentando en 1.0 s
2026-07-06 01:44:07 | WARNING | trading_bot | Fallo de red/HTTP en market data (ReadTimeout). Reintentando en 1.0 s
2026-07-06 01:44:09 | WARNING | trading_bot | Monitoreo fallido para cuenta Binance Demo: ('Connection aborted.', RemoteDisconnected('Remote end closed connection without response'))
2026-07-06 01:44:10 | WARNING | trading_bot | Using fallback REST bars for BTC/USD
2026-07-06 01:44:14 | WARNING | trading_bot | WebSocket reconnect triggered by CryptoVolumeManager
2026-07-06 01:44:14 | WARNING | trading_bot | Using fallback REST bars for DOGE/USD
2026-07-06 01:44:20 | WARNING | trading_bot | Using fallback REST bars for ETH/USD
2026-07-06 01:44:25 | WARNING | trading_bot | WebSocket reconnect triggered by CryptoVolumeManager
2026-07-06 01:44:25 | WARNING | trading_bot | Using fallback REST bars for LINK/USD
2026-07-06 01:44:29 | WARNING | trading_bot | Using fallback REST bars for SOL/USD
2026-07-06 01:44:46 | WARNING | trading_bot | WebSocket reconnect triggered by CryptoVolumeManager
2026-07-06 01:44:46 | WARNING | trading_bot | Using fallback REST bars for XRP/USD
2026-07-06 01:47:46 | WARNING | trading_bot | Monitoreo fallido para cuenta Binance Demo: ('Connection aborted.', RemoteDisconnected('Remote end closed connection without response'))
2026-07-06 02:06:45 | WARNING | trading_bot | Fallo de red/HTTP en market data (ReadTimeout). Reintentando en 1.0 s
2026-07-06 02:06:50 | WARNING | trading_bot | Internet caido durante monitoreo de posicion (SOL/USD). Reintentando en 30s...
2026-07-06 02:07:46 | WARNING | trading_bot | Fallo de red/HTTP en market data (ConnectionError). Reintentando en 1.0 s
2026-07-06 02:08:27 | WARNING | trading_bot | Internet caido durante monitoreo de posicion (SOL/USD). Reintentando en 30s...
2026-07-06 02:09:22 | WARNING | trading_bot | Fallo de red/HTTP en market data (ConnectionError). Reintentando en 1.0 s
2026-07-06 02:09:24 | WARNING | trading_bot | Fallo de red/HTTP en market data (ConnectionError). Reintentando en 1.0 s
2026-07-06 02:10:01 | WARNING | trading_bot | Broker/API no disponible (HTTP 400). Reintentando en 8.0s...
2026-07-06 02:10:34 | WARNING | trading_bot | OpenAI analyzer fallback neutral: HTTPSConnectionPool(host='api.openai.com', port=443): Read timed out. (read timeout=25)
2026-07-06 02:10:35 | WARNING | trading_bot | Sin conexion durante monitoreo general (ReadTimeout). Reintentando automaticamente...
2026-07-06 02:11:14 | WARNING | trading_bot | Fallo de red/HTTP en market data (ReadTimeout). Reintentando en 1.0 s
2026-07-06 02:11:24 | WARNING | trading_bot | Internet caido durante monitoreo de posicion (SOL/USD). Reintentando en 30s...
2026-07-06 02:11:26 | WARNING | trading_bot | Fallo de red/HTTP en market data (ConnectionError). Reintentando en 1.0 s
2026-07-06 02:12:05 | WARNING | trading_bot | Sin conexion durante monitoreo general (ConnectionError). Reintentando automaticamente...
2026-07-06 02:12:53 | WARNING | trading_bot | Fallo de red/HTTP en market data (ReadTimeout). Reintentando en 1.0 s
2026-07-06 02:12:58 | WARNING | trading_bot | Internet caido durante monitoreo de posicion (SOL/USD). Reintentando en 30s...
2026-07-06 02:13:01 | WARNING | trading_bot | Fallo de red/HTTP en market data (ConnectionError). Reintentando en 1.0 s
2026-07-06 02:13:35 | WARNING | trading_bot | Sin conexion durante monitoreo general (ReadTimeout). Reintentando automaticamente...
2026-07-06 02:14:32 | WARNING | trading_bot | Internet caido durante monitoreo de posicion (SOL/USD). Reintentando en 30s...
2026-07-06 02:15:05 | WARNING | trading_bot | Sin conexion durante monitoreo general (ReadTimeout). Reintentando automaticamente...
2026-07-06 02:15:45 | WARNING | trading_bot | Fallo de red/HTTP en market data (ReadTimeout). Reintentando en 1.0 s
2026-07-06 02:15:58 | WARNING | trading_bot | Fallo de red/HTTP en market data (ReadTimeout). Reintentando en 1.0 s
2026-07-06 02:16:00 | WARNING | trading_bot | Internet caido durante monitoreo de posicion (SOL/USD). Reintentando en 30s...
2026-07-06 02:16:35 | WARNING | trading_bot | Sin conexion durante monitoreo general (ReadTimeout). Reintentando automaticamente...
2026-07-06 02:17:26 | WARNING | trading_bot | Internet caido durante monitoreo de posicion (SOL/USD). Reintentando en 30s...
2026-07-06 02:18:05 | WARNING | trading_bot | Sin conexion durante monitoreo general (ConnectionError). Reintentando automaticamente...
2026-07-06 02:18:07 | WARNING | trading_bot | Fallo de red/HTTP en market data (ConnectionError). Reintentando en 1.0 s
2026-07-06 02:19:43 | WARNING | trading_bot | Fallo de red/HTTP en market data (ReadTimeout). Reintentando en 1.0 s
2026-07-06 02:19:45 | WARNING | trading_bot | OpenAI analyzer fallback neutral: HTTPSConnectionPool(host='api.openai.com', port=443): Read timed out. (read timeout=25)
2026-07-06 02:19:53 | WARNING | trading_bot | Fallo de red/HTTP en market data (ReadTimeout). Reintentando en 1.0 s
2026-07-06 02:20:44 | WARNING | trading_bot | Fallo de red/HTTP en market data (ReadTimeout). Reintentando en 1.0 s
2026-07-06 02:20:49 | WARNING | trading_bot | Fallo de red/HTTP en market data (ReadTimeout). Reintentando en 1.0 s
2026-07-06 02:21:05 | WARNING | trading_bot | Sin conexion durante monitoreo general (ConnectionError). Reintentando automaticamente...
2026-07-06 02:21:05 | WARNING | trading_bot | Fallo de red/HTTP en market data (ConnectionError). Reintentando en 2.0 s
2026-07-06 02:21:10 | WARNING | trading_bot | Fallo de red/HTTP en market data (ConnectionError). Reintentando en 2.0 s
2026-07-06 02:21:13 | WARNING | trading_bot | Fallo de red/HTTP en market data (ConnectionError). Reintentando en 1.0 s
2026-07-06 02:21:17 | WARNING | trading_bot | Fallo de red/HTTP en market data (ConnectionError). Reintentando en 1.0 s
2026-07-06 02:21:38 | WARNING | trading_bot | Fallo de red/HTTP en market data (ReadTimeout). Reintentando en 2.0 s
2026-07-06 02:21:51 | WARNING | trading_bot | Monitoreo fallido para cuenta Binance Demo: ('Connection aborted.', RemoteDisconnected('Remote end closed connection without response'))
2026-07-06 02:21:56 | WARNING | trading_bot | Internet caido durante monitoreo de posicion (SOL/USD). Reintentando en 30s...
2026-07-06 02:22:47 | WARNING | trading_bot | Fallo de red/HTTP en market data (ConnectionError). Reintentando en 1.0 s
2026-07-06 02:22:48 | WARNING | trading_bot | Fallo de red/HTTP en market data (ConnectionError). Reintentando en 1.0 s
2026-07-06 02:23:22 | WARNING | trading_bot | Fallo de red/HTTP en market data (ReadTimeout). Reintentando en 1.0 s
2026-07-06 02:23:24 | WARNING | trading_bot | Internet caido durante monitoreo de posicion (SOL/USD). Reintentando en 30s...
2026-07-06 02:23:25 | WARNING | trading_bot | Monitoreo fallido para cuenta Binance Demo: 400 Client Error: Bad Request for url: https://testnet.binancefuture.com/fapi/v2/positionRisk?timestamp=1783318989959&recvWindow=5000&signature=eafbd078be2ad66c79ef1339cf3eb5228a8f772fa1b198af91e58fe8b3d709f4 | response={"code":-1021,"msg":"Timestamp for this request is outside of the recvWindow."}
2026-07-06 02:24:05 | WARNING | trading_bot | Sin conexion durante monitoreo general (ReadTimeout). Reintentando automaticamente...
2026-07-06 02:24:17 | WARNING | trading_bot | Fallo de red/HTTP en market data (ConnectionError). Reintentando en 1.0 s
2026-07-06 02:24:39 | WARNING | trading_bot | Monitoreo fallido para cuenta Binance Demo: HTTPSConnectionPool(host='testnet.binancefuture.com', port=443): Read timed out. (read timeout=20)
2026-07-06 02:24:53 | WARNING | trading_bot | Fallo de red/HTTP en market data (ReadTimeout). Reintentando en 1.0 s
2026-07-06 02:24:55 | WARNING | trading_bot | Broker/API no disponible (HTTP 400). Reintentando en 8.0s...
2026-07-06 02:24:56 | WARNING | trading_bot | Fallo de red/HTTP en market data (ConnectionError). Reintentando en 1.0 s
2026-07-06 02:25:35 | WARNING | trading_bot | Sin conexion durante monitoreo general (ReadTimeout). Reintentando automaticamente...
2026-07-06 02:26:09 | WARNING | trading_bot | Fallo de red/HTTP en market data (ReadTimeout). Reintentando en 1.0 s
2026-07-06 02:26:49 | WARNING | trading_bot | Fallo de red/HTTP en market data (ReadTimeout). Reintentando en 1.0 s
2026-07-06 02:27:04 | WARNING | trading_bot | Internet caido durante monitoreo de posicion (SOL/USD). Reintentando en 30s...
2026-07-06 02:27:05 | WARNING | trading_bot | Fallo de red/HTTP en market data (ConnectionError). Reintentando en 1.0 s
2026-07-06 02:27:36 | WARNING | trading_bot | Monitoreo fallido para cuenta Binance Demo: HTTPSConnectionPool(host='testnet.binancefuture.com', port=443): Read timed out. (read timeout=20)
2026-07-06 02:27:47 | WARNING | trading_bot | Fallo de red/HTTP en market data (ReadTimeout). Reintentando en 1.0 s
2026-07-06 02:27:48 | WARNING | trading_bot | Fallo de red/HTTP en market data (ConnectionError). Reintentando en 1.0 s
2026-07-06 02:27:52 | WARNING | trading_bot | Fallo de red/HTTP en market data (ConnectionError). Reintentando en 1.0 s
2026-07-06 02:27:53 | WARNING | trading_bot | Internet caido durante monitoreo de posicion (SOL/USD). Reintentando en 30s...
2026-07-06 02:29:24 | WARNING | trading_bot | Fallo de red/HTTP en market data (ReadTimeout). Reintentando en 1.0 s
2026-07-06 02:30:05 | WARNING | trading_bot | Sin conexion durante monitoreo general (ReadTimeout). Reintentando automaticamente...
2026-07-06 02:30:11 | WARNING | trading_bot | Fallo de red/HTTP en market data (ConnectionError). Reintentando en 1.0 s
2026-07-06 02:30:56 | WARNING | trading_bot | Fallo de red/HTTP en market data (ReadTimeout). Reintentando en 1.0 s
2026-07-06 02:31:01 | WARNING | trading_bot | Fallo de red/HTTP en market data (ConnectionError). Reintentando en 1.0 s
2026-07-06 02:31:35 | WARNING | trading_bot | Sin conexion durante monitoreo general (ReadTimeout). Reintentando automaticamente...
2026-07-06 02:32:16 | WARNING | trading_bot | OpenAI analyzer fallback neutral: HTTPSConnectionPool(host='api.openai.com', port=443): Read timed out. (read timeout=25)
2026-07-06 02:32:28 | WARNING | trading_bot | Fallo de red/HTTP en market data (ConnectionError). Reintentando en 1.0 s
2026-07-06 02:32:31 | WARNING | trading_bot | Internet caido durante monitoreo de posicion (SOL/USD). Reintentando en 30s...
2026-07-06 02:33:05 | WARNING | trading_bot | Sin conexion durante monitoreo general (ReadTimeout). Reintentando automaticamente...
2026-07-06 02:33:14 | WARNING | trading_bot | Fallo de red/HTTP en market data (ConnectionError). Reintentando en 1.0 s
2026-07-06 02:33:19 | WARNING | trading_bot | Fallo de red/HTTP en market data (ConnectionError). Reintentando en 1.0 s
2026-07-06 02:34:05 | WARNING | trading_bot | Sin conexion durante monitoreo general (ConnectionError). Reintentando automaticamente...
2026-07-06 02:34:48 | WARNING | trading_bot | Fallo de red/HTTP en market data (ConnectionError). Reintentando en 1.0 s
2026-07-06 02:34:50 | WARNING | trading_bot | Fallo de red/HTTP en market data (ConnectionError). Reintentando en 1.0 s
2026-07-06 02:35:29 | WARNING | trading_bot | Internet caido durante monitoreo de posicion (SOL/USD). Reintentando en 30s...
2026-07-06 02:36:07 | WARNING | trading_bot | Monitoreo fallido para cuenta Binance Demo: HTTPSConnectionPool(host='testnet.binancefuture.com', port=443): Read timed out. (read timeout=20)
2026-07-06 02:36:15 | WARNING | trading_bot | Internet caido durante monitoreo de posicion (SOL/USD). Reintentando en 30s...
2026-07-06 02:36:15 | WARNING | trading_bot | Fallo de red/HTTP en market data (ConnectionError). Reintentando en 1.0 s
2026-07-06 02:36:16 | WARNING | trading_bot | Fallo de red/HTTP en market data (ConnectionError). Reintentando en 2.0 s
2026-07-06 02:36:18 | WARNING | trading_bot | Fallo de red/HTTP en market data (ConnectionError). Reintentando en 1.0 s
2026-07-06 02:37:05 | WARNING | trading_bot | Internet caido durante monitoreo de posicion (SOL/USD). Reintentando en 30s...
2026-07-06 02:37:49 | WARNING | trading_bot | Fallo de red/HTTP en market data (ReadTimeout). Reintentando en 1.0 s
2026-07-06 02:38:03 | WARNING | trading_bot | Sin conexion durante monitoreo general (ConnectionError). Reintentando automaticamente...
2026-07-06 02:38:35 | WARNING | trading_bot | Sin conexion durante monitoreo general (ReadTimeout). Reintentando automaticamente...
2026-07-06 02:38:39 | WARNING | trading_bot | Fallo de red/HTTP en market data (ReadTimeout). Reintentando en 1.0 s
2026-07-06 02:40:07 | WARNING | trading_bot | Monitoreo fallido para cuenta Binance Demo: HTTPSConnectionPool(host='testnet.binancefuture.com', port=443): Read timed out. (read timeout=20)
2026-07-06 02:40:09 | WARNING | trading_bot | Internet caido durante monitoreo de posicion (SOL/USD). Reintentando en 30s...
2026-07-06 02:40:59 | WARNING | trading_bot | Internet caido durante monitoreo de posicion (SOL/USD). Reintentando en 30s...
2026-07-06 02:41:18 | WARNING | trading_bot | Fallo de red/HTTP en market data (ReadTimeout). Reintentando en 1.0 s
2026-07-06 02:41:19 | WARNING | trading_bot | Fallo de red/HTTP en market data (ReadTimeout). Reintentando en 1.0 s
2026-07-06 02:41:22 | WARNING | trading_bot | Fallo de red/HTTP en market data (ConnectionError). Reintentando en 1.0 s
2026-07-06 02:41:23 | WARNING | trading_bot | Fallo de red/HTTP en market data (ConnectionError). Reintentando en 1.0 s
2026-07-06 02:42:03 | WARNING | trading_bot | Internet caido durante monitoreo de posicion (SOL/USD). Reintentando en 30s...
2026-07-06 02:42:58 | WARNING | trading_bot | Internet caido durante monitoreo de posicion (SOL/USD). Reintentando en 30s...
2026-07-06 02:43:55 | WARNING | trading_bot | Fallo de red/HTTP en market data (ReadTimeout). Reintentando en 1.0 s
2026-07-06 02:44:05 | WARNING | trading_bot | Sin conexion durante monitoreo general (ReadTimeout). Reintentando automaticamente...
2026-07-06 02:44:47 | WARNING | trading_bot | Fallo de red/HTTP en market data (ReadTimeout). Reintentando en 1.0 s
2026-07-06 02:44:47 | WARNING | trading_bot | Internet caido durante monitoreo de posicion (SOL/USD). Reintentando en 30s...
2026-07-06 02:45:08 | WARNING | trading_bot | Fallo de red/HTTP en market data (ConnectionError). Reintentando en 2.0 s
2026-07-06 02:45:15 | WARNING | trading_bot | Fallo de red/HTTP en market data (ConnectionError). Reintentando en 1.0 s
2026-07-06 02:45:17 | WARNING | trading_bot | Fallo de red/HTTP en market data (ConnectionError). Reintentando en 1.0 s
2026-07-06 02:45:18 | WARNING | trading_bot | Fallo de red/HTTP en market data (ConnectionError). Reintentando en 2.0 s
2026-07-06 02:45:52 | WARNING | trading_bot | Fallo de red/HTTP en market data (ReadTimeout). Reintentando en 1.0 s
2026-07-06 02:46:45 | WARNING | trading_bot | Fallo de red/HTTP en market data (ReadTimeout). Reintentando en 1.0 s
2026-07-06 02:47:15 | WARNING | trading_bot | Fallo de red/HTTP en market data (ReadTimeout). Reintentando en 1.0 s
2026-07-06 02:48:31 | WARNING | trading_bot | Internet caido durante monitoreo de posicion (SOL/USD). Reintentando en 30s...
2026-07-06 02:50:00 | WARNING | trading_bot | Fallo de red/HTTP en market data (ReadTimeout). Reintentando en 1.0 s
2026-07-06 02:50:06 | WARNING | trading_bot | Fallo de red/HTTP en market data (ReadTimeout). Reintentando en 1.0 s
2026-07-06 02:50:08 | WARNING | trading_bot | Fallo de red/HTTP en market data (ReadTimeout). Reintentando en 1.0 s
2026-07-06 02:50:18 | WARNING | trading_bot | Fallo de red/HTTP en market data (ReadTimeout). Reintentando en 1.0 s
2026-07-06 02:50:21 | WARNING | trading_bot | Fallo de red/HTTP en market data (ConnectionError). Reintentando en 2.0 s
2026-07-06 02:51:03 | WARNING | trading_bot | Internet caido durante monitoreo de posicion (SOL/USD). Reintentando en 30s...
2026-07-06 02:51:22 | WARNING | trading_bot | Fallo de red/HTTP en market data (ReadTimeout). Reintentando en 1.0 s
2026-07-06 02:51:24 | WARNING | trading_bot | Fallo de red/HTTP en market data (ReadTimeout). Reintentando en 1.0 s
2026-07-06 02:51:27 | WARNING | trading_bot | Fallo de red/HTTP en market data (ConnectionError). Reintentando en 1.0 s
2026-07-06 02:52:05 | WARNING | trading_bot | Sin conexion durante monitoreo general (ReadTimeout). Reintentando automaticamente...
2026-07-06 02:52:06 | WARNING | trading_bot | Fallo de red/HTTP en market data (ReadTimeout). Reintentando en 1.0 s
2026-07-06 02:52:27 | WARNING | trading_bot | Fallo de red/HTTP en market data (ConnectionError). Reintentando en 2.0 s
2026-07-06 02:52:33 | WARNING | trading_bot | Fallo de red/HTTP en market data (ConnectionError). Reintentando en 1.0 s
2026-07-06 02:52:35 | WARNING | trading_bot | Fallo de red/HTTP en market data (ConnectionError). Reintentando en 1.0 s
2026-07-06 02:53:27 | WARNING | trading_bot | Fallo de red/HTTP en market data (ReadTimeout). Reintentando en 1.0 s
2026-07-06 02:56:31 | WARNING | trading_bot | Internet caido durante monitoreo de posicion (SOL/USD). Reintentando en 30s...
2026-07-06 02:56:32 | WARNING | trading_bot | Fallo de red/HTTP en market data (ReadTimeout). Reintentando en 1.0 s
2026-07-06 02:57:16 | WARNING | trading_bot | Fallo de red/HTTP en market data (ConnectionError). Reintentando en 1.0 s
2026-07-06 02:58:35 | WARNING | trading_bot | Sin conexion durante monitoreo general (ReadTimeout). Reintentando automaticamente...
2026-07-06 02:58:37 | WARNING | trading_bot | Fallo de red/HTTP en market data (ConnectionError). Reintentando en 1.0 s
2026-07-06 02:59:22 | WARNING | trading_bot | Fallo de red/HTTP en market data (ReadTimeout). Reintentando en 1.0 s
2026-07-06 02:59:28 | WARNING | trading_bot | Internet caido durante monitoreo de posicion (SOL/USD). Reintentando en 30s...
2026-07-06 02:59:43 | WARNING | trading_bot | Fallo de red/HTTP en market data (ConnectionError). Reintentando en 2.0 s
2026-07-06 02:59:43 | WARNING | trading_bot | Fallo de red/HTTP en market data (ConnectionError). Reintentando en 1.0 s
2026-07-06 03:00:29 | WARNING | trading_bot | Internet caido durante monitoreo de posicion (SOL/USD). Reintentando en 30s...
2026-07-06 03:00:48 | WARNING | trading_bot | Fallo de red/HTTP en market data (ConnectionError). Reintentando en 1.0 s
2026-07-06 03:00:48 | WARNING | trading_bot | Fallo de red/HTTP en market data (ConnectionError). Reintentando en 1.0 s
2026-07-06 03:01:30 | WARNING | trading_bot | Fallo de red/HTTP en market data (ReadTimeout). Reintentando en 1.0 s
2026-07-06 03:01:31 | WARNING | trading_bot | Internet caido durante monitoreo de posicion (SOL/USD). Reintentando en 30s...
2026-07-06 03:01:50 | WARNING | trading_bot | Fallo de red/HTTP en market data (ConnectionError). Reintentando en 1.0 s
2026-07-06 03:01:51 | WARNING | trading_bot | Fallo de red/HTTP en market data (ReadTimeout). Reintentando en 2.0 s
2026-07-06 03:02:02 | WARNING | trading_bot | Fallo de red/HTTP en market data (ConnectionError). Reintentando en 1.0 s
2026-07-06 03:02:35 | WARNING | trading_bot | Sin conexion durante monitoreo general (ReadTimeout). Reintentando automaticamente...
2026-07-06 03:03:35 | WARNING | trading_bot | Sin conexion durante monitoreo general (ReadTimeout). Reintentando automaticamente...
2026-07-06 03:03:40 | WARNING | trading_bot | Fallo de red/HTTP en market data (ReadTimeout). Reintentando en 1.0 s
2026-07-06 03:05:46 | WARNING | trading_bot | Internet caido durante monitoreo de posicion (SOL/USD). Reintentando en 30s...
2026-07-06 03:05:48 | WARNING | trading_bot | Fallo de red/HTTP en market data (ReadTimeout). Reintentando en 1.0 s
2026-07-06 03:05:49 | WARNING | trading_bot | Fallo de red/HTTP en market data (ReadTimeout). Reintentando en 1.0 s
2026-07-06 03:07:18 | WARNING | trading_bot | Fallo de red/HTTP en market data (ReadTimeout). Reintentando en 1.0 s
2026-07-06 03:07:19 | WARNING | trading_bot | Fallo de red/HTTP en market data (ReadTimeout). Reintentando en 1.0 s
2026-07-06 03:07:19 | WARNING | trading_bot | Internet caido durante monitoreo de posicion (SOL/USD). Reintentando en 30s...
2026-07-06 03:07:39 | WARNING | trading_bot | Fallo de red/HTTP en market data (ConnectionError). Reintentando en 2.0 s
2026-07-06 03:07:40 | WARNING | trading_bot | Fallo de red/HTTP en market data (ConnectionError). Reintentando en 2.0 s
2026-07-06 03:07:50 | WARNING | trading_bot | Fallo de red/HTTP en market data (ConnectionError). Reintentando en 1.0 s
2026-07-06 03:09:54 | WARNING | trading_bot | Internet caido durante monitoreo de posicion (SOL/USD). Reintentando en 30s...
2026-07-06 03:11:55 | WARNING | trading_bot | Fallo de red/HTTP en market data (ReadTimeout). Reintentando en 1.0 s
2026-07-06 03:12:05 | WARNING | trading_bot | Sin conexion durante monitoreo general (ConnectionError). Reintentando automaticamente...
2026-07-06 03:12:40 | WARNING | trading_bot | Fallo de red/HTTP en market data (ConnectionError). Reintentando en 1.0 s
2026-07-06 03:12:41 | WARNING | trading_bot | Fallo de red/HTTP en market data (ConnectionError). Reintentando en 1.0 s
2026-07-06 03:13:33 | WARNING | trading_bot | Fallo de red/HTTP en market data (ReadTimeout). Reintentando en 1.0 s
2026-07-06 03:13:35 | WARNING | trading_bot | Sin conexion durante monitoreo general (ReadTimeout). Reintentando automaticamente...
2026-07-06 03:13:54 | WARNING | trading_bot | Fallo de red/HTTP en market data (ConnectionError). Reintentando en 2.0 s
2026-07-06 03:14:02 | WARNING | trading_bot | Monitoreo fallido para cuenta Binance Demo: ('Connection aborted.', RemoteDisconnected('Remote end closed connection without response'))
2026-07-06 03:14:02 | WARNING | trading_bot | Fallo de red/HTTP en market data (ConnectionError). Reintentando en 1.0 s
2026-07-06 03:14:51 | WARNING | trading_bot | Fallo de red/HTTP en market data (ReadTimeout). Reintentando en 1.0 s
2026-07-06 03:15:35 | WARNING | trading_bot | Sin conexion durante monitoreo general (ReadTimeout). Reintentando automaticamente...
2026-07-06 03:17:05 | WARNING | trading_bot | Sin conexion durante monitoreo general (ReadTimeout). Reintentando automaticamente...
2026-07-06 03:17:07 | WARNING | trading_bot | Fallo de red/HTTP en market data (ReadTimeout). Reintentando en 1.0 s
2026-07-06 03:17:35 | WARNING | trading_bot | Sin conexion durante monitoreo general (ReadTimeout). Reintentando automaticamente...
2026-07-06 03:17:58 | WARNING | trading_bot | Fallo de red/HTTP en market data (ReadTimeout). Reintentando en 1.0 s
2026-07-06 03:18:09 | WARNING | trading_bot | Fallo de red/HTTP en market data (ReadTimeout). Reintentando en 1.0 s
2026-07-06 03:18:30 | WARNING | trading_bot | Fallo de red/HTTP en market data (ConnectionError). Reintentando en 2.0 s
2026-07-06 03:18:35 | WARNING | trading_bot | Sin conexion durante monitoreo general (ReadTimeout). Reintentando automaticamente...
2026-07-06 03:19:16 | WARNING | trading_bot | Fallo de red/HTTP en market data (ConnectionError). Reintentando en 1.0 s
2026-07-06 03:20:18 | WARNING | trading_bot | Internet caido durante monitoreo de posicion (SOL/USD). Reintentando en 30s...
2026-07-06 03:21:15 | WARNING | trading_bot | Fallo de red/HTTP en market data (ReadTimeout). Reintentando en 1.0 s
2026-07-06 03:21:21 | WARNING | trading_bot | Fallo de red/HTTP en market data (ReadTimeout). Reintentando en 1.0 s
2026-07-06 03:21:35 | WARNING | trading_bot | Sin conexion durante monitoreo general (ConnectionError). Reintentando automaticamente...
2026-07-06 03:21:36 | WARNING | trading_bot | Fallo de red/HTTP en market data (ConnectionError). Reintentando en 2.0 s
2026-07-06 03:22:17 | WARNING | trading_bot | Fallo de red/HTTP en market data (ReadTimeout). Reintentando en 1.0 s
2026-07-06 03:22:19 | WARNING | trading_bot | Internet caido durante monitoreo de posicion (SOL/USD). Reintentando en 30s...
2026-07-06 03:22:38 | WARNING | trading_bot | Fallo de red/HTTP en market data (ConnectionError). Reintentando en 2.0 s
2026-07-06 03:22:48 | WARNING | trading_bot | Fallo de red/HTTP en market data (ReadTimeout). Reintentando en 1.0 s
2026-07-06 03:22:50 | WARNING | trading_bot | Fallo de red/HTTP en market data (ConnectionError). Reintentando en 1.0 s
2026-07-06 03:23:30 | WARNING | trading_bot | Internet caido durante monitoreo de posicion (SOL/USD). Reintentando en 30s...
2026-07-06 03:24:05 | WARNING | trading_bot | Sin conexion durante monitoreo general (ReadTimeout). Reintentando automaticamente...
2026-07-06 03:24:16 | WARNING | trading_bot | Monitoreo fallido para cuenta Binance Demo: ('Connection aborted.', RemoteDisconnected('Remote end closed connection without response'))
2026-07-06 03:24:57 | WARNING | trading_bot | Internet caido durante monitoreo de posicion (SOL/USD). Reintentando en 30s...
2026-07-06 03:25:16 | WARNING | trading_bot | Fallo de red/HTTP en market data (ReadTimeout). Reintentando en 1.0 s
2026-07-06 03:25:16 | WARNING | trading_bot | Fallo de red/HTTP en market data (ReadTimeout). Reintentando en 1.0 s
2026-07-06 03:25:28 | WARNING | trading_bot | Fallo de red/HTTP en market data (ConnectionError). Reintentando en 1.0 s
2026-07-06 03:26:05 | WARNING | trading_bot | Sin conexion durante monitoreo general (ReadTimeout). Reintentando automaticamente...
2026-07-06 03:26:07 | WARNING | trading_bot | Fallo de red/HTTP en market data (ReadTimeout). Reintentando en 1.0 s
2026-07-06 03:26:10 | WARNING | trading_bot | Fallo de red/HTTP en market data (ConnectionError). Reintentando en 2.0 s
2026-07-06 03:26:54 | WARNING | trading_bot | Fallo de red/HTTP en market data (ReadTimeout). Reintentando en 1.0 s
2026-07-06 03:26:58 | WARNING | trading_bot | Internet caido durante monitoreo de posicion (SOL/USD). Reintentando en 30s...
2026-07-06 03:27:15 | WARNING | trading_bot | Fallo de red/HTTP en market data (ConnectionError). Reintentando en 2.0 s
2026-07-06 03:27:22 | WARNING | trading_bot | Fallo de red/HTTP en market data (ConnectionError). Reintentando en 1.0 s
2026-07-06 03:27:22 | WARNING | trading_bot | Fallo de red/HTTP en market data (ConnectionError). Reintentando en 1.0 s
2026-07-06 03:27:23 | WARNING | trading_bot | Fallo de red/HTTP en market data (ConnectionError). Reintentando en 1.0 s
2026-07-06 03:30:18 | WARNING | trading_bot | Fallo de red/HTTP en market data (ReadTimeout). Reintentando en 1.0 s
2026-07-06 03:30:32 | WARNING | trading_bot | Sin conexion durante monitoreo general (ConnectionError). Reintentando automaticamente...
2026-07-06 03:31:05 | WARNING | trading_bot | Sin conexion durante monitoreo general (ReadTimeout). Reintentando automaticamente...
2026-07-06 03:31:08 | WARNING | trading_bot | Fallo de red/HTTP en market data (ReadTimeout). Reintentando en 1.0 s
2026-07-06 03:32:01 | WARNING | trading_bot | Internet caido durante monitoreo de posicion (SOL/USD). Reintentando en 30s...
2026-07-06 03:32:36 | WARNING | trading_bot | Monitoreo fallido para cuenta Binance Demo: HTTPSConnectionPool(host='testnet.binancefuture.com', port=443): Read timed out. (read timeout=20)
2026-07-06 03:32:51 | WARNING | trading_bot | Internet caido durante monitoreo de posicion (SOL/USD). Reintentando en 30s...
2026-07-06 03:33:06 | WARNING | trading_bot | Fallo de red/HTTP en market data (ReadTimeout). Reintentando en 1.0 s
2026-07-06 03:33:13 | WARNING | trading_bot | Fallo de red/HTTP en market data (ReadTimeout). Reintentando en 1.0 s
2026-07-06 03:33:17 | WARNING | trading_bot | Fallo de red/HTTP en market data (ConnectionError). Reintentando en 1.0 s
2026-07-06 03:33:53 | WARNING | trading_bot | Fallo de red/HTTP en market data (ReadTimeout). Reintentando en 1.0 s
2026-07-06 03:33:57 | WARNING | trading_bot | Internet caido durante monitoreo de posicion (SOL/USD). Reintentando en 30s...
2026-07-06 03:34:47 | WARNING | trading_bot | Fallo de red/HTTP en market data (ReadTimeout). Reintentando en 1.0 s
2026-07-06 03:36:48 | WARNING | trading_bot | Fallo de red/HTTP en market data (ReadTimeout). Reintentando en 1.0 s
2026-07-06 03:36:53 | WARNING | trading_bot | Fallo de red/HTTP en market data (ConnectionError). Reintentando en 1.0 s
2026-07-06 03:37:02 | WARNING | trading_bot | Fallo de red/HTTP en market data (ReadTimeout). Reintentando en 1.0 s
2026-07-06 03:37:05 | WARNING | trading_bot | Sin conexion durante monitoreo general (ConnectionError). Reintentando automaticamente...
2026-07-06 03:37:09 | WARNING | trading_bot | Fallo de red/HTTP en market data (ConnectionError). Reintentando en 2.0 s
2026-07-06 03:37:14 | WARNING | trading_bot | Fallo de red/HTTP en market data (ConnectionError). Reintentando en 2.0 s
2026-07-06 03:37:23 | WARNING | trading_bot | Fallo de red/HTTP en market data (ConnectionError). Reintentando en 2.0 s
2026-07-06 03:37:32 | WARNING | trading_bot | Fallo de red/HTTP en market data (ConnectionError). Reintentando en 1.0 s
2026-07-06 03:38:34 | WARNING | trading_bot | Internet caido durante monitoreo de posicion (SOL/USD). Reintentando en 30s...
2026-07-06 03:38:50 | WARNING | trading_bot | Fallo de red/HTTP en market data (ConnectionError). Reintentando en 1.0 s
2026-07-06 03:38:52 | WARNING | trading_bot | Fallo de red/HTTP en market data (ConnectionError). Reintentando en 1.0 s
2026-07-06 03:39:33 | WARNING | trading_bot | Internet caido durante monitoreo de posicion (SOL/USD). Reintentando en 30s...
2026-07-06 03:40:17 | WARNING | trading_bot | Fallo de red/HTTP en market data (ReadTimeout). Reintentando en 1.0 s
2026-07-06 03:40:23 | WARNING | trading_bot | Internet caido durante monitoreo de posicion (SOL/USD). Reintentando en 30s...
2026-07-06 03:40:37 | WARNING | trading_bot | Fallo de red/HTTP en market data (ConnectionError). Reintentando en 1.0 s
2026-07-06 03:40:38 | WARNING | trading_bot | Fallo de red/HTTP en market data (ReadTimeout). Reintentando en 2.0 s
2026-07-06 03:40:47 | WARNING | trading_bot | Fallo de red/HTTP en market data (ConnectionError). Reintentando en 1.0 s
2026-07-06 03:40:49 | WARNING | trading_bot | Fallo de red/HTTP en market data (ConnectionError). Reintentando en 1.0 s
2026-07-06 03:41:29 | WARNING | trading_bot | Internet caido durante monitoreo de posicion (SOL/USD). Reintentando en 30s...
2026-07-06 03:42:05 | WARNING | trading_bot | Sin conexion durante monitoreo general (ReadTimeout). Reintentando automaticamente...
2026-07-06 03:44:05 | WARNING | trading_bot | Sin conexion durante monitoreo general (ReadTimeout). Reintentando automaticamente...
2026-07-06 03:44:08 | WARNING | trading_bot | Fallo de red/HTTP en market data (ReadTimeout). Reintentando en 1.0 s
2026-07-06 03:44:29 | WARNING | trading_bot | Fallo de red/HTTP en market data (ConnectionError). Reintentando en 2.0 s
2026-07-06 03:44:33 | WARNING | trading_bot | Fallo de red/HTTP en market data (ConnectionError). Reintentando en 1.0 s
2026-07-06 03:46:35 | WARNING | trading_bot | Sin conexion durante monitoreo general (ReadTimeout). Reintentando automaticamente...
2026-07-06 03:48:35 | WARNING | trading_bot | Sin conexion durante monitoreo general (ReadTimeout). Reintentando automaticamente...
2026-07-06 03:48:41 | WARNING | trading_bot | Fallo de red/HTTP en market data (ReadTimeout). Reintentando en 1.0 s
2026-07-06 03:49:02 | WARNING | trading_bot | Fallo de red/HTTP en market data (ConnectionError). Reintentando en 2.0 s
2026-07-06 03:49:03 | WARNING | trading_bot | Fallo de red/HTTP en market data (ReadTimeout). Reintentando en 1.0 s
2026-07-06 03:49:05 | WARNING | trading_bot | Fallo de red/HTTP en market data (ConnectionError). Reintentando en 1.0 s
2026-07-06 03:49:44 | WARNING | trading_bot | Internet caido durante monitoreo de posicion (SOL/USD). Reintentando en 30s...
2026-07-06 03:50:44 | WARNING | trading_bot | Fallo de red/HTTP en market data (ReadTimeout). Reintentando en 1.0 s
2026-07-06 03:50:52 | WARNING | trading_bot | Fallo de red/HTTP en market data (ReadTimeout). Reintentando en 1.0 s
2026-07-06 03:50:59 | WARNING | trading_bot | Fallo de red/HTTP en market data (ReadTimeout). Reintentando en 1.0 s
2026-07-06 03:51:05 | WARNING | trading_bot | Sin conexion durante monitoreo general (ReadTimeout). Reintentando automaticamente...
2026-07-06 03:51:21 | WARNING | trading_bot | Fallo de red/HTTP en market data (ReadTimeout). Reintentando en 1.0 s
2026-07-06 03:51:21 | WARNING | trading_bot | Fallo de red/HTTP en market data (ReadTimeout). Reintentando en 1.0 s
2026-07-06 03:53:21 | WARNING | trading_bot | Fallo de red/HTTP en market data (ReadTimeout). Reintentando en 1.0 s
2026-07-06 03:54:33 | WARNING | trading_bot | Internet caido durante monitoreo de posicion (SOL/USD). Reintentando en 30s...
2026-07-06 03:54:52 | WARNING | trading_bot | Fallo de red/HTTP en market data (ReadTimeout). Reintentando en 1.0 s
2026-07-06 03:54:53 | WARNING | trading_bot | Fallo de red/HTTP en market data (ReadTimeout). Reintentando en 1.0 s
2026-07-06 03:55:05 | WARNING | trading_bot | Fallo de red/HTTP en market data (ConnectionError). Reintentando en 1.0 s
2026-07-06 03:55:35 | WARNING | trading_bot | Sin conexion durante monitoreo general (ReadTimeout). Reintentando automaticamente...
2026-07-06 03:56:35 | WARNING | trading_bot | Sin conexion durante monitoreo general (ConnectionError). Reintentando automaticamente...
2026-07-06 03:56:47 | WARNING | trading_bot | Fallo de red/HTTP en market data (ReadTimeout). Reintentando en 1.0 s
2026-07-06 03:57:05 | WARNING | trading_bot | Sin conexion durante monitoreo general (ConnectionError). Reintentando automaticamente...
2026-07-06 03:57:08 | WARNING | trading_bot | Fallo de red/HTTP en market data (ConnectionError). Reintentando en 2.0 s
2026-07-06 03:57:25 | WARNING | trading_bot | Fallo de red/HTTP en market data (ReadTimeout). Reintentando en 1.0 s
2026-07-06 03:57:31 | WARNING | trading_bot | DataCollectorWorker error SOL/USD: HTTPSConnectionPool(host='testnet.binancefuture.com', port=443): Max retries exceeded with url: /fapi/v1/klines?symbol=SOLUSDT&interval=5m&limit=60 (Caused by NameResolutionError("HTTPSConnection(host='testnet.binancefuture.com', port=443): Failed to resolve 'testnet.binancefuture.com' ([Errno -3] Temporary failure in name resolution)"))
2026-07-06 03:57:35 | WARNING | trading_bot | Sin conexion durante monitoreo general (ConnectionError). Reintentando automaticamente...
2026-07-06 03:57:46 | WARNING | trading_bot | Fallo de red/HTTP en market data (ConnectionError). Reintentando en 2.0 s
2026-07-06 03:58:01 | WARNING | trading_bot | Fallo de red/HTTP en market data (ConnectionError). Reintentando en 1.0 s
2026-07-06 03:59:35 | WARNING | trading_bot | Sin conexion durante monitoreo general (ReadTimeout). Reintentando automaticamente...
2026-07-06 03:59:45 | WARNING | trading_bot | Fallo de red/HTTP en market data (ReadTimeout). Reintentando en 1.0 s
2026-07-06 03:59:45 | WARNING | trading_bot | Fallo de red/HTTP en market data (ReadTimeout). Reintentando en 1.0 s
2026-07-06 04:00:35 | WARNING | trading_bot | Sin conexion durante monitoreo general (ReadTimeout). Reintentando automaticamente...
2026-07-06 04:03:31 | WARNING | trading_bot | Fallo de red/HTTP en market data (ReadTimeout). Reintentando en 1.0 s
2026-07-06 04:03:35 | WARNING | trading_bot | Sin conexion durante monitoreo general (ReadTimeout). Reintentando automaticamente...
2026-07-06 04:03:52 | WARNING | trading_bot | Fallo de red/HTTP en market data (ConnectionError). Reintentando en 2.0 s
2026-07-06 04:03:57 | WARNING | trading_bot | Fallo de red/HTTP en market data (ConnectionError). Reintentando en 1.0 s
2026-07-06 04:03:59 | WARNING | trading_bot | Fallo de red/HTTP en market data (ConnectionError). Reintentando en 1.0 s
2026-07-06 04:04:35 | WARNING | trading_bot | Sin conexion durante monitoreo general (ReadTimeout). Reintentando automaticamente...
2026-07-06 04:05:47 | WARNING | trading_bot | Fallo de red/HTTP en market data (ReadTimeout). Reintentando en 1.0 s
2026-07-06 04:05:50 | WARNING | trading_bot | Internet caido durante monitoreo de posicion (SOL/USD). Reintentando en 30s...
2026-07-06 04:06:08 | WARNING | trading_bot | Fallo de red/HTTP en market data (ConnectionError). Reintentando en 2.0 s
2026-07-06 04:06:09 | WARNING | trading_bot | Fallo de red/HTTP en market data (ReadTimeout). Reintentando en 1.0 s
2026-07-06 04:06:21 | WARNING | trading_bot | Fallo de red/HTTP en market data (ConnectionError). Reintentando en 1.0 s
2026-07-06 04:06:22 | WARNING | trading_bot | Fallo de red/HTTP en market data (ConnectionError). Reintentando en 2.0 s
2026-07-06 04:06:23 | WARNING | trading_bot | No se pudo reconciliar salida limit faltante para SOL/USD: Notional insuficiente para SOLUSDT: 1.619000 < 5.000000
2026-07-06 04:06:24 | WARNING | trading_bot | No se pudo reconciliar salida limit faltante para SOL/USD: Notional insuficiente para SOLUSDT: 1.619000 < 5.000000
2026-07-06 04:06:24 | WARNING | trading_bot | Monitoreo fallido para cuenta Binance Demo: Notional insuficiente para SOLUSDT: 1.619000 < 5.000000
2026-07-06 04:07:02 | WARNING | trading_bot | Internet caido durante monitoreo de posicion (SOL/USD). Reintentando en 30s...
2026-07-06 04:07:02 | WARNING | trading_bot | Fallo de red/HTTP en market data (ReadTimeout). Reintentando en 1.0 s
2026-07-06 04:07:14 | WARNING | trading_bot | No se pudo reconciliar salida limit faltante para SOL/USD: Notional insuficiente para SOLUSDT: 1.620200 < 5.000000
2026-07-06 04:07:14 | WARNING | trading_bot | No se pudo reconciliar salida limit faltante para SOL/USD: Notional insuficiente para SOLUSDT: 1.620200 < 5.000000
2026-07-06 04:07:14 | WARNING | trading_bot | Monitoreo fallido para cuenta Binance Demo: Notional insuficiente para SOLUSDT: 1.620200 < 5.000000
2026-07-06 04:07:16 | WARNING | trading_bot | No se pudo reconciliar salida limit faltante para SOL/USD: Notional insuficiente para SOLUSDT: 1.620200 < 5.000000
2026-07-06 04:07:16 | WARNING | trading_bot | No se pudo reconciliar salida limit faltante para SOL/USD: Notional insuficiente para SOLUSDT: 1.620200 < 5.000000
2026-07-06 04:07:16 | WARNING | trading_bot | Monitoreo fallido para cuenta Binance Demo: Notional insuficiente para SOLUSDT: 1.620200 < 5.000000
2026-07-06 04:07:46 | WARNING | trading_bot | No se pudo reconciliar salida limit faltante para SOL/USD: Notional insuficiente para SOLUSDT: 1.620200 < 5.000000
2026-07-06 04:07:46 | WARNING | trading_bot | No se pudo reconciliar salida limit faltante para SOL/USD: Notional insuficiente para SOLUSDT: 1.620200 < 5.000000
2026-07-06 04:07:46 | WARNING | trading_bot | Monitoreo fallido para cuenta Binance Demo: Notional insuficiente para SOLUSDT: 1.620200 < 5.000000
2026-07-06 04:08:16 | WARNING | trading_bot | No se pudo reconciliar salida limit faltante para SOL/USD: Notional insuficiente para SOLUSDT: 1.619600 < 5.000000
2026-07-06 04:08:16 | WARNING | trading_bot | No se pudo reconciliar salida limit faltante para SOL/USD: Notional insuficiente para SOLUSDT: 1.619600 < 5.000000
2026-07-06 04:08:16 | WARNING | trading_bot | Monitoreo fallido para cuenta Binance Demo: Notional insuficiente para SOLUSDT: 1.619600 < 5.000000
2026-07-06 04:08:46 | WARNING | trading_bot | No se pudo reconciliar salida limit faltante para SOL/USD: Notional insuficiente para SOLUSDT: 1.619600 < 5.000000
2026-07-06 04:08:46 | WARNING | trading_bot | No se pudo reconciliar salida limit faltante para SOL/USD: Notional insuficiente para SOLUSDT: 1.619600 < 5.000000
2026-07-06 04:08:46 | WARNING | trading_bot | Monitoreo fallido para cuenta Binance Demo: Notional insuficiente para SOLUSDT: 1.619600 < 5.000000
2026-07-06 04:09:17 | WARNING | trading_bot | No se pudo reconciliar salida limit faltante para SOL/USD: Notional insuficiente para SOLUSDT: 1.619600 < 5.000000
2026-07-06 04:09:17 | WARNING | trading_bot | No se pudo reconciliar salida limit faltante para SOL/USD: Notional insuficiente para SOLUSDT: 1.619600 < 5.000000
2026-07-06 04:09:17 | WARNING | trading_bot | Monitoreo fallido para cuenta Binance Demo: Notional insuficiente para SOLUSDT: 1.619600 < 5.000000
2026-07-06 04:09:59 | WARNING | trading_bot | Internet caido durante monitoreo de posicion (SOL/USD). Reintentando en 30s...
2026-07-06 04:10:04 | WARNING | trading_bot | Fallo de red/HTTP en market data (ConnectionError). Reintentando en 1.0 s
2026-07-06 04:10:05 | WARNING | trading_bot | Fallo de red/HTTP en market data (ConnectionError). Reintentando en 1.0 s
2026-07-06 04:10:37 | WARNING | trading_bot | Monitoreo fallido para cuenta Binance Demo: HTTPSConnectionPool(host='testnet.binancefuture.com', port=443): Max retries exceeded with url: /fapi/v2/positionRisk?timestamp=1783325417310&recvWindow=5000&signature=481e8fe04d4ef4faf64ca11f2ecef9e60996d63ffd4dbee1febd40163f84fb2e (Caused by NameResolutionError("HTTPSConnection(host='testnet.binancefuture.com', port=443): Failed to resolve 'testnet.binancefuture.com' ([Errno -3] Temporary failure in name resolution)"))
2026-07-06 04:10:47 | WARNING | trading_bot | Fallo de red/HTTP en market data (ReadTimeout). Reintentando en 1.0 s
2026-07-06 04:10:49 | WARNING | trading_bot | Internet caido durante monitoreo de posicion (SOL/USD). Reintentando en 30s...
2026-07-06 04:10:57 | WARNING | trading_bot | Fallo de red/HTTP en market data (ReadTimeout). Reintentando en 1.0 s
2026-07-06 04:11:18 | WARNING | trading_bot | No se pudo reconciliar salida limit faltante para SOL/USD: Notional insuficiente para SOLUSDT: 1.619000 < 5.000000
2026-07-06 04:11:18 | WARNING | trading_bot | No se pudo reconciliar salida limit faltante para SOL/USD: Notional insuficiente para SOLUSDT: 1.619000 < 5.000000
2026-07-06 04:11:19 | WARNING | trading_bot | Monitoreo fallido para cuenta Binance Demo: Notional insuficiente para SOLUSDT: 1.619000 < 5.000000
2026-07-06 04:11:46 | WARNING | trading_bot | No se pudo reconciliar salida limit faltante para SOL/USD: Notional insuficiente para SOLUSDT: 1.619000 < 5.000000
2026-07-06 04:11:46 | WARNING | trading_bot | No se pudo reconciliar salida limit faltante para SOL/USD: Notional insuficiente para SOLUSDT: 1.619000 < 5.000000
2026-07-06 04:11:46 | WARNING | trading_bot | Monitoreo fallido para cuenta Binance Demo: Notional insuficiente para SOLUSDT: 1.619000 < 5.000000
2026-07-06 04:12:11 | WARNING | trading_bot | Fallo de red/HTTP en market data (ReadTimeout). Reintentando en 1.0 s
2026-07-06 04:12:20 | WARNING | trading_bot | Internet caido durante monitoreo de posicion (SOL/USD). Reintentando en 30s...
2026-07-06 04:12:24 | WARNING | trading_bot | No se pudo reconciliar salida limit faltante para SOL/USD: Notional insuficiente para SOLUSDT: 1.619000 < 5.000000
2026-07-06 04:12:24 | WARNING | trading_bot | No se pudo reconciliar salida limit faltante para SOL/USD: Notional insuficiente para SOLUSDT: 1.619000 < 5.000000
2026-07-06 04:12:25 | WARNING | trading_bot | Monitoreo fallido para cuenta Binance Demo: Notional insuficiente para SOLUSDT: 1.619000 < 5.000000
2026-07-06 04:13:03 | WARNING | trading_bot | Fallo de red/HTTP en market data (ReadTimeout). Reintentando en 1.0 s
2026-07-06 04:13:05 | WARNING | trading_bot | Sin conexion durante monitoreo general (ReadTimeout). Reintentando automaticamente...
2026-07-06 04:13:16 | WARNING | trading_bot | No se pudo reconciliar salida limit faltante para SOL/USD: Notional insuficiente para SOLUSDT: 1.619000 < 5.000000
2026-07-06 04:13:17 | WARNING | trading_bot | No se pudo reconciliar salida limit faltante para SOL/USD: Notional insuficiente para SOLUSDT: 1.619000 < 5.000000
2026-07-06 04:13:17 | WARNING | trading_bot | Monitoreo fallido para cuenta Binance Demo: Notional insuficiente para SOLUSDT: 1.619000 < 5.000000
2026-07-06 04:13:46 | WARNING | trading_bot | No se pudo reconciliar salida limit faltante para SOL/USD: Notional insuficiente para SOLUSDT: 1.619000 < 5.000000
2026-07-06 04:13:46 | WARNING | trading_bot | No se pudo reconciliar salida limit faltante para SOL/USD: Notional insuficiente para SOLUSDT: 1.619000 < 5.000000
2026-07-06 04:13:46 | WARNING | trading_bot | Monitoreo fallido para cuenta Binance Demo: Notional insuficiente para SOLUSDT: 1.619000 < 5.000000
2026-07-06 04:14:16 | WARNING | trading_bot | No se pudo reconciliar salida limit faltante para SOL/USD: Notional insuficiente para SOLUSDT: 1.619000 < 5.000000
2026-07-06 04:14:16 | WARNING | trading_bot | No se pudo reconciliar salida limit faltante para SOL/USD: Notional insuficiente para SOLUSDT: 1.619000 < 5.000000
2026-07-06 04:14:17 | WARNING | trading_bot | Monitoreo fallido para cuenta Binance Demo: Notional insuficiente para SOLUSDT: 1.619000 < 5.000000
2026-07-06 04:15:01 | WARNING | trading_bot | Fallo de red/HTTP en market data (ReadTimeout). Reintentando en 1.0 s
2026-07-06 04:15:05 | WARNING | trading_bot | Sin conexion durante monitoreo general (ConnectionError). Reintentando automaticamente...
2026-07-06 04:15:31 | WARNING | trading_bot | Fallo de red/HTTP en market data (ReadTimeout). Reintentando en 2.0 s
2026-07-06 04:15:44 | WARNING | trading_bot | Fallo de red/HTTP en market data (ConnectionError). Reintentando en 1.0 s
2026-07-06 04:15:46 | WARNING | trading_bot | No se pudo reconciliar salida limit faltante para SOL/USD: Notional insuficiente para SOLUSDT: 1.619000 < 5.000000
2026-07-06 04:15:46 | WARNING | trading_bot | No se pudo reconciliar salida limit faltante para SOL/USD: Notional insuficiente para SOLUSDT: 1.619000 < 5.000000
2026-07-06 04:15:47 | WARNING | trading_bot | Monitoreo fallido para cuenta Binance Demo: Notional insuficiente para SOLUSDT: 1.619000 < 5.000000
2026-07-06 04:16:27 | WARNING | trading_bot | Internet caido durante monitoreo de posicion (SOL/USD). Reintentando en 30s...
2026-07-06 04:16:47 | WARNING | trading_bot | Fallo de red/HTTP en market data (ReadTimeout). Reintentando en 1.0 s
2026-07-06 04:16:48 | WARNING | trading_bot | Fallo de red/HTTP en market data (ReadTimeout). Reintentando en 1.0 s
2026-07-06 04:17:08 | WARNING | trading_bot | Fallo de red/HTTP en market data (ConnectionError). Reintentando en 2.0 s
2026-07-06 04:17:09 | WARNING | trading_bot | Fallo de red/HTTP en market data (ConnectionError). Reintentando en 2.0 s
2026-07-06 04:17:30 | WARNING | trading_bot | DataCollectorWorker error SOL/USD: HTTPSConnectionPool(host='testnet.binancefuture.com', port=443): Max retries exceeded with url: /fapi/v1/klines?symbol=SOLUSDT&interval=1m&limit=60 (Caused by NameResolutionError("HTTPSConnection(host='testnet.binancefuture.com', port=443): Failed to resolve 'testnet.binancefuture.com' ([Errno -3] Temporary failure in name resolution)"))
2026-07-06 04:18:17 | WARNING | trading_bot | Fallo de red/HTTP en market data (ConnectionError). Reintentando en 1.0 s
2026-07-06 04:18:19 | WARNING | trading_bot | No se pudo reconciliar salida limit faltante para SOL/USD: Notional insuficiente para SOLUSDT: 1.619000 < 5.000000
2026-07-06 04:18:19 | WARNING | trading_bot | No se pudo reconciliar salida limit faltante para SOL/USD: Notional insuficiente para SOLUSDT: 1.619000 < 5.000000
2026-07-06 04:18:20 | WARNING | trading_bot | Monitoreo fallido para cuenta Binance Demo: Notional insuficiente para SOLUSDT: 1.619000 < 5.000000
2026-07-06 04:18:46 | WARNING | trading_bot | No se pudo reconciliar salida limit faltante para SOL/USD: Notional insuficiente para SOLUSDT: 1.619000 < 5.000000
2026-07-06 04:18:46 | WARNING | trading_bot | No se pudo reconciliar salida limit faltante para SOL/USD: Notional insuficiente para SOLUSDT: 1.619000 < 5.000000
2026-07-06 04:18:47 | WARNING | trading_bot | Monitoreo fallido para cuenta Binance Demo: Notional insuficiente para SOLUSDT: 1.619000 < 5.000000
2026-07-06 04:19:16 | WARNING | trading_bot | No se pudo reconciliar salida limit faltante para SOL/USD: Notional insuficiente para SOLUSDT: 1.619000 < 5.000000
2026-07-06 04:19:16 | WARNING | trading_bot | No se pudo reconciliar salida limit faltante para SOL/USD: Notional insuficiente para SOLUSDT: 1.619000 < 5.000000
2026-07-06 04:19:16 | WARNING | trading_bot | Monitoreo fallido para cuenta Binance Demo: Notional insuficiente para SOLUSDT: 1.619000 < 5.000000
2026-07-06 04:20:00 | WARNING | trading_bot | Internet caido durante monitoreo de posicion (SOL/USD). Reintentando en 30s...
2026-07-06 04:20:25 | WARNING | trading_bot | Fallo de red/HTTP en market data (ReadTimeout). Reintentando en 1.0 s
2026-07-06 04:20:35 | WARNING | trading_bot | Fallo de red/HTTP en market data (ConnectionError). Reintentando en 1.0 s
2026-07-06 04:20:44 | WARNING | trading_bot | Fallo de red/HTTP en market data (ConnectionError). Reintentando en 1.0 s
2026-07-06 04:20:47 | WARNING | trading_bot | No se pudo reconciliar salida limit faltante para SOL/USD: Notional insuficiente para SOLUSDT: 1.619000 < 5.000000
2026-07-06 04:20:47 | WARNING | trading_bot | No se pudo reconciliar salida limit faltante para SOL/USD: Notional insuficiente para SOLUSDT: 1.619000 < 5.000000
2026-07-06 04:20:48 | WARNING | trading_bot | Monitoreo fallido para cuenta Binance Demo: Notional insuficiente para SOLUSDT: 1.619000 < 5.000000
2026-07-06 04:21:18 | WARNING | trading_bot | Fallo de red/HTTP en market data (ReadTimeout). Reintentando en 1.0 s
2026-07-06 04:21:26 | WARNING | trading_bot | Fallo de red/HTTP en market data (ConnectionError). Reintentando en 1.0 s
2026-07-06 04:21:27 | WARNING | trading_bot | No se pudo reconciliar salida limit faltante para SOL/USD: Notional insuficiente para SOLUSDT: 1.619000 < 5.000000
2026-07-06 04:21:27 | WARNING | trading_bot | No se pudo reconciliar salida limit faltante para SOL/USD: Notional insuficiente para SOLUSDT: 1.619000 < 5.000000
2026-07-06 04:21:27 | WARNING | trading_bot | Monitoreo fallido para cuenta Binance Demo: Notional insuficiente para SOLUSDT: 1.619000 < 5.000000
2026-07-06 04:21:46 | WARNING | trading_bot | No se pudo reconciliar salida limit faltante para SOL/USD: Notional insuficiente para SOLUSDT: 1.619000 < 5.000000
2026-07-06 04:21:47 | WARNING | trading_bot | No se pudo reconciliar salida limit faltante para SOL/USD: Notional insuficiente para SOLUSDT: 1.619000 < 5.000000
2026-07-06 04:21:47 | WARNING | trading_bot | Monitoreo fallido para cuenta Binance Demo: Notional insuficiente para SOLUSDT: 1.619000 < 5.000000
2026-07-06 04:22:16 | WARNING | trading_bot | No se pudo reconciliar salida limit faltante para SOL/USD: Notional insuficiente para SOLUSDT: 1.619000 < 5.000000
2026-07-06 04:22:16 | WARNING | trading_bot | No se pudo reconciliar salida limit faltante para SOL/USD: Notional insuficiente para SOLUSDT: 1.619000 < 5.000000
2026-07-06 04:22:16 | WARNING | trading_bot | Monitoreo fallido para cuenta Binance Demo: Notional insuficiente para SOLUSDT: 1.619000 < 5.000000
2026-07-06 04:22:44 | WARNING | trading_bot | Fallo de red/HTTP en market data (ReadTimeout). Reintentando en 1.0 s
2026-07-06 04:23:05 | WARNING | trading_bot | Fallo de red/HTTP en market data (ConnectionError). Reintentando en 2.0 s
2026-07-06 04:23:05 | WARNING | trading_bot | Sin conexion durante monitoreo general (ConnectionError). Reintentando automaticamente...
2026-07-06 04:23:09 | WARNING | trading_bot | Fallo de red/HTTP en market data (ConnectionError). Reintentando en 1.0 s
2026-07-06 04:23:09 | WARNING | trading_bot | Fallo de red/HTTP en market data (ReadTimeout). Reintentando en 1.0 s
2026-07-06 04:23:16 | WARNING | trading_bot | No se pudo reconciliar salida limit faltante para SOL/USD: Notional insuficiente para SOLUSDT: 1.619000 < 5.000000
2026-07-06 04:23:17 | WARNING | trading_bot | No se pudo reconciliar salida limit faltante para SOL/USD: Notional insuficiente para SOLUSDT: 1.619000 < 5.000000
2026-07-06 04:23:17 | WARNING | trading_bot | Monitoreo fallido para cuenta Binance Demo: Notional insuficiente para SOLUSDT: 1.619000 < 5.000000
2026-07-06 04:24:02 | WARNING | trading_bot | Fallo de red/HTTP en market data (ReadTimeout). Reintentando en 1.0 s
2026-07-06 04:24:05 | WARNING | trading_bot | Sin conexion durante monitoreo general (ConnectionError). Reintentando automaticamente...
2026-07-06 04:24:16 | WARNING | trading_bot | No se pudo reconciliar salida limit faltante para SOL/USD: Notional insuficiente para SOLUSDT: 1.619000 < 5.000000
2026-07-06 04:24:17 | WARNING | trading_bot | No se pudo reconciliar salida limit faltante para SOL/USD: Notional insuficiente para SOLUSDT: 1.619000 < 5.000000
2026-07-06 04:24:17 | WARNING | trading_bot | Monitoreo fallido para cuenta Binance Demo: Notional insuficiente para SOLUSDT: 1.619000 < 5.000000
2026-07-06 04:25:05 | WARNING | trading_bot | Sin conexion durante monitoreo general (ReadTimeout). Reintentando automaticamente...
2026-07-06 04:25:13 | WARNING | trading_bot | Fallo de red/HTTP en market data (ReadTimeout). Reintentando en 1.0 s
2026-07-06 04:25:18 | WARNING | trading_bot | No se pudo reconciliar salida limit faltante para SOL/USD: Notional insuficiente para SOLUSDT: 1.619000 < 5.000000
2026-07-06 04:25:18 | WARNING | trading_bot | No se pudo reconciliar salida limit faltante para SOL/USD: Notional insuficiente para SOLUSDT: 1.619000 < 5.000000
2026-07-06 04:25:18 | WARNING | trading_bot | Monitoreo fallido para cuenta Binance Demo: Notional insuficiente para SOLUSDT: 1.619000 < 5.000000
2026-07-06 04:25:51 | WARNING | trading_bot | Fallo de red/HTTP en market data (ReadTimeout). Reintentando en 1.0 s
2026-07-06 04:26:01 | WARNING | trading_bot | No se pudo reconciliar salida limit faltante para SOL/USD: Notional insuficiente para SOLUSDT: 1.619000 < 5.000000
2026-07-06 04:26:01 | WARNING | trading_bot | No se pudo reconciliar salida limit faltante para SOL/USD: Notional insuficiente para SOLUSDT: 1.619000 < 5.000000
2026-07-06 04:26:01 | WARNING | trading_bot | Monitoreo fallido para cuenta Binance Demo: Notional insuficiente para SOLUSDT: 1.619000 < 5.000000
2026-07-06 04:26:16 | WARNING | trading_bot | No se pudo reconciliar salida limit faltante para SOL/USD: Notional insuficiente para SOLUSDT: 1.619000 < 5.000000
2026-07-06 04:26:16 | WARNING | trading_bot | No se pudo reconciliar salida limit faltante para SOL/USD: Notional insuficiente para SOLUSDT: 1.619000 < 5.000000
2026-07-06 04:26:16 | WARNING | trading_bot | Monitoreo fallido para cuenta Binance Demo: Notional insuficiente para SOLUSDT: 1.619000 < 5.000000
2026-07-06 04:26:41 | WARNING | trading_bot | Internet caido durante monitoreo de posicion (SOL/USD). Reintentando en 30s...
2026-07-06 04:26:58 | WARNING | trading_bot | No se pudo reconciliar salida limit faltante para SOL/USD: Notional insuficiente para SOLUSDT: 1.619000 < 5.000000
2026-07-06 04:26:58 | WARNING | trading_bot | No se pudo reconciliar salida limit faltante para SOL/USD: Notional insuficiente para SOLUSDT: 1.619000 < 5.000000
2026-07-06 04:26:58 | WARNING | trading_bot | Monitoreo fallido para cuenta Binance Demo: Notional insuficiente para SOLUSDT: 1.619000 < 5.000000
2026-07-06 04:27:16 | WARNING | trading_bot | No se pudo reconciliar salida limit faltante para SOL/USD: Notional insuficiente para SOLUSDT: 1.619000 < 5.000000
2026-07-06 04:27:16 | WARNING | trading_bot | No se pudo reconciliar salida limit faltante para SOL/USD: Notional insuficiente para SOLUSDT: 1.619000 < 5.000000
2026-07-06 04:27:16 | WARNING | trading_bot | Monitoreo fallido para cuenta Binance Demo: Notional insuficiente para SOLUSDT: 1.619000 < 5.000000
2026-07-06 04:27:46 | WARNING | trading_bot | No se pudo reconciliar salida limit faltante para SOL/USD: Notional insuficiente para SOLUSDT: 1.619000 < 5.000000
2026-07-06 04:27:46 | WARNING | trading_bot | No se pudo reconciliar salida limit faltante para SOL/USD: Notional insuficiente para SOLUSDT: 1.619000 < 5.000000
2026-07-06 04:27:47 | WARNING | trading_bot | Monitoreo fallido para cuenta Binance Demo: Notional insuficiente para SOLUSDT: 1.619000 < 5.000000
2026-07-06 04:28:16 | WARNING | trading_bot | No se pudo reconciliar salida limit faltante para SOL/USD: Notional insuficiente para SOLUSDT: 1.619000 < 5.000000
2026-07-06 04:28:37 | WARNING | trading_bot | Fallo de red/HTTP en market data (ReadTimeout). Reintentando en 1.0 s
2026-07-06 04:28:41 | WARNING | trading_bot | Internet caido durante monitoreo de posicion (SOL/USD). Reintentando en 30s...
2026-07-06 04:28:56 | WARNING | trading_bot | Monitoreo fallido para cuenta Binance Demo: HTTPSConnectionPool(host='testnet.binancefuture.com', port=443): Max retries exceeded with url: /fapi/v2/positionRisk?timestamp=1783326516357&recvWindow=5000&signature=c1b65728e9e557d5bd7b992007c6d260af600db8ca26b3a847aa41358e44f8de (Caused by NameResolutionError("HTTPSConnection(host='testnet.binancefuture.com', port=443): Failed to resolve 'testnet.binancefuture.com' ([Errno -3] Temporary failure in name resolution)"))
2026-07-06 04:28:58 | WARNING | trading_bot | Fallo de red/HTTP en market data (ConnectionError). Reintentando en 2.0 s
2026-07-06 04:29:04 | WARNING | trading_bot | Fallo de red/HTTP en market data (ConnectionError). Reintentando en 1.0 s
2026-07-06 04:29:20 | WARNING | trading_bot | DataCollectorWorker error SOL/USD: HTTPSConnectionPool(host='testnet.binancefuture.com', port=443): Max retries exceeded with url: /fapi/v1/klines?symbol=SOLUSDT&interval=1m&limit=60 (Caused by NameResolutionError("HTTPSConnection(host='testnet.binancefuture.com', port=443): Failed to resolve 'testnet.binancefuture.com' ([Errno -3] Temporary failure in name resolution)"))
2026-07-06 04:29:25 | WARNING | trading_bot | Fallo de red/HTTP en market data (ConnectionError). Reintentando en 2.0 s
2026-07-06 04:29:31 | WARNING | trading_bot | Internet caido durante monitoreo de posicion (SOL/USD). Reintentando en 30s...
2026-07-06 04:29:48 | WARNING | trading_bot | Fallo de red/HTTP en market data (ConnectionError). Reintentando en 1.0 s
2026-07-06 04:29:49 | WARNING | trading_bot | No se pudo reconciliar salida limit faltante para SOL/USD: Notional insuficiente para SOLUSDT: 1.619000 < 5.000000
2026-07-06 04:29:50 | WARNING | trading_bot | No se pudo reconciliar salida limit faltante para SOL/USD: Notional insuficiente para SOLUSDT: 1.619000 < 5.000000
2026-07-06 04:29:51 | WARNING | trading_bot | Monitoreo fallido para cuenta Binance Demo: Notional insuficiente para SOLUSDT: 1.619000 < 5.000000
2026-07-06 04:30:18 | WARNING | trading_bot | Fallo de red/HTTP en market data (ReadTimeout). Reintentando en 1.0 s
2026-07-06 04:30:28 | WARNING | trading_bot | Internet caido durante monitoreo de posicion (SOL/USD). Reintentando en 30s...
2026-07-06 04:30:32 | WARNING | trading_bot | No se pudo reconciliar salida limit faltante para SOL/USD: Notional insuficiente para SOLUSDT: 1.619000 < 5.000000
2026-07-06 04:30:32 | WARNING | trading_bot | No se pudo reconciliar salida limit faltante para SOL/USD: Notional insuficiente para SOLUSDT: 1.619000 < 5.000000
2026-07-06 04:30:32 | WARNING | trading_bot | Monitoreo fallido para cuenta Binance Demo: Notional insuficiente para SOLUSDT: 1.619000 < 5.000000
2026-07-06 04:30:46 | WARNING | trading_bot | No se pudo reconciliar salida limit faltante para SOL/USD: Notional insuficiente para SOLUSDT: 1.619000 < 5.000000
2026-07-06 04:30:46 | WARNING | trading_bot | No se pudo reconciliar salida limit faltante para SOL/USD: Notional insuficiente para SOLUSDT: 1.619000 < 5.000000
2026-07-06 04:30:47 | WARNING | trading_bot | Monitoreo fallido para cuenta Binance Demo: Notional insuficiente para SOLUSDT: 1.619000 < 5.000000
2026-07-06 04:31:16 | WARNING | trading_bot | No se pudo reconciliar salida limit faltante para SOL/USD: Notional insuficiente para SOLUSDT: 1.619000 < 5.000000
2026-07-06 04:31:16 | WARNING | trading_bot | No se pudo reconciliar salida limit faltante para SOL/USD: Notional insuficiente para SOLUSDT: 1.619000 < 5.000000
2026-07-06 04:31:16 | WARNING | trading_bot | Monitoreo fallido para cuenta Binance Demo: Notional insuficiente para SOLUSDT: 1.619000 < 5.000000
2026-07-06 04:31:46 | WARNING | trading_bot | No se pudo reconciliar salida limit faltante para SOL/USD: Notional insuficiente para SOLUSDT: 1.619000 < 5.000000
2026-07-06 04:31:46 | WARNING | trading_bot | No se pudo reconciliar salida limit faltante para SOL/USD: Notional insuficiente para SOLUSDT: 1.619000 < 5.000000
2026-07-06 04:31:47 | WARNING | trading_bot | Monitoreo fallido para cuenta Binance Demo: Notional insuficiente para SOLUSDT: 1.619000 < 5.000000
2026-07-06 04:32:24 | WARNING | trading_bot | Fallo de red/HTTP en market data (ReadTimeout). Reintentando en 1.0 s
2026-07-06 04:32:35 | WARNING | trading_bot | Sin conexion durante monitoreo general (ConnectionError). Reintentando automaticamente...
2026-07-06 04:32:46 | WARNING | trading_bot | No se pudo reconciliar salida limit faltante para SOL/USD: Notional insuficiente para SOLUSDT: 1.619000 < 5.000000
2026-07-06 04:32:47 | WARNING | trading_bot | No se pudo reconciliar salida limit faltante para SOL/USD: Notional insuficiente para SOLUSDT: 1.619000 < 5.000000
2026-07-06 04:33:07 | WARNING | trading_bot | Monitoreo fallido para cuenta Binance Demo: HTTPSConnectionPool(host='testnet.binancefuture.com', port=443): Read timed out. (read timeout=20)
2026-07-06 04:33:17 | WARNING | trading_bot | Internet caido durante monitoreo de posicion (SOL/USD). Reintentando en 30s...
2026-07-06 04:33:17 | WARNING | trading_bot | Fallo de red/HTTP en market data (ReadTimeout). Reintentando en 1.0 s
2026-07-06 04:33:48 | WARNING | trading_bot | No se pudo reconciliar salida limit faltante para SOL/USD: Notional insuficiente para SOLUSDT: 1.619000 < 5.000000
2026-07-06 04:33:49 | WARNING | trading_bot | No se pudo reconciliar salida limit faltante para SOL/USD: Notional insuficiente para SOLUSDT: 1.619000 < 5.000000
2026-07-06 04:33:49 | WARNING | trading_bot | Monitoreo fallido para cuenta Binance Demo: Notional insuficiente para SOLUSDT: 1.619000 < 5.000000
2026-07-06 04:34:27 | WARNING | trading_bot | Internet caido durante monitoreo de posicion (SOL/USD). Reintentando en 30s...
2026-07-06 04:34:48 | WARNING | trading_bot | No se pudo reconciliar salida limit faltante para SOL/USD: Notional insuficiente para SOLUSDT: 1.619000 < 5.000000
2026-07-06 04:34:49 | WARNING | trading_bot | No se pudo reconciliar salida limit faltante para SOL/USD: Notional insuficiente para SOLUSDT: 1.619000 < 5.000000
2026-07-06 04:34:49 | WARNING | trading_bot | Monitoreo fallido para cuenta Binance Demo: Notional insuficiente para SOLUSDT: 1.619000 < 5.000000
2026-07-06 04:35:16 | WARNING | trading_bot | No se pudo reconciliar salida limit faltante para SOL/USD: Notional insuficiente para SOLUSDT: 1.619000 < 5.000000
2026-07-06 04:35:16 | WARNING | trading_bot | No se pudo reconciliar salida limit faltante para SOL/USD: Notional insuficiente para SOLUSDT: 1.619000 < 5.000000
2026-07-06 04:35:16 | WARNING | trading_bot | Monitoreo fallido para cuenta Binance Demo: Notional insuficiente para SOLUSDT: 1.619000 < 5.000000
2026-07-06 04:35:46 | WARNING | trading_bot | No se pudo reconciliar salida limit faltante para SOL/USD: Notional insuficiente para SOLUSDT: 1.619000 < 5.000000
2026-07-06 04:35:47 | WARNING | trading_bot | No se pudo reconciliar salida limit faltante para SOL/USD: Notional insuficiente para SOLUSDT: 1.619000 < 5.000000
2026-07-06 04:35:47 | WARNING | trading_bot | Monitoreo fallido para cuenta Binance Demo: Notional insuficiente para SOLUSDT: 1.619000 < 5.000000
2026-07-06 04:36:16 | WARNING | trading_bot | No se pudo reconciliar salida limit faltante para SOL/USD: Notional insuficiente para SOLUSDT: 1.619000 < 5.000000
2026-07-06 04:36:16 | WARNING | trading_bot | No se pudo reconciliar salida limit faltante para SOL/USD: Notional insuficiente para SOLUSDT: 1.619000 < 5.000000
2026-07-06 04:36:16 | WARNING | trading_bot | Monitoreo fallido para cuenta Binance Demo: Notional insuficiente para SOLUSDT: 1.619000 < 5.000000
2026-07-06 04:36:46 | WARNING | trading_bot | No se pudo reconciliar salida limit faltante para SOL/USD: Notional insuficiente para SOLUSDT: 1.619000 < 5.000000
2026-07-06 04:36:46 | WARNING | trading_bot | No se pudo reconciliar salida limit faltante para SOL/USD: Notional insuficiente para SOLUSDT: 1.619000 < 5.000000
2026-07-06 04:36:47 | WARNING | trading_bot | Monitoreo fallido para cuenta Binance Demo: Notional insuficiente para SOLUSDT: 1.619000 < 5.000000
2026-07-06 04:37:34 | WARNING | trading_bot | Internet caido durante monitoreo de posicion (SOL/USD). Reintentando en 30s...
2026-07-06 04:37:54 | WARNING | trading_bot | Fallo de red/HTTP en market data (ReadTimeout). Reintentando en 1.0 s
2026-07-06 04:38:03 | WARNING | trading_bot | Fallo de red/HTTP en market data (ConnectionError). Reintentando en 1.0 s
2026-07-06 04:38:04 | WARNING | trading_bot | Fallo de red/HTTP en market data (ConnectionError). Reintentando en 1.0 s
2026-07-06 04:38:05 | WARNING | trading_bot | No se pudo reconciliar salida limit faltante para SOL/USD: Notional insuficiente para SOLUSDT: 1.619000 < 5.000000
2026-07-06 04:38:06 | WARNING | trading_bot | No se pudo reconciliar salida limit faltante para SOL/USD: Notional insuficiente para SOLUSDT: 1.619000 < 5.000000
2026-07-06 04:38:06 | WARNING | trading_bot | Monitoreo fallido para cuenta Binance Demo: Notional insuficiente para SOLUSDT: 1.619000 < 5.000000
2026-07-06 04:38:35 | WARNING | trading_bot | Sin conexion durante monitoreo general (ReadTimeout). Reintentando automaticamente...
2026-07-06 04:38:46 | WARNING | trading_bot | No se pudo reconciliar salida limit faltante para SOL/USD: Notional insuficiente para SOLUSDT: 1.619000 < 5.000000
2026-07-06 04:38:46 | WARNING | trading_bot | No se pudo reconciliar salida limit faltante para SOL/USD: Notional insuficiente para SOLUSDT: 1.619000 < 5.000000
2026-07-06 04:38:46 | WARNING | trading_bot | Monitoreo fallido para cuenta Binance Demo: Notional insuficiente para SOLUSDT: 1.619000 < 5.000000
2026-07-06 04:39:23 | WARNING | trading_bot | Internet caido durante monitoreo de posicion (SOL/USD). Reintentando en 30s...
2026-07-06 04:39:25 | WARNING | trading_bot | Fallo de red/HTTP en market data (ReadTimeout). Reintentando en 1.0 s
2026-07-06 04:39:46 | WARNING | trading_bot | Fallo de red/HTTP en market data (ConnectionError). Reintentando en 2.0 s
2026-07-06 04:39:52 | WARNING | trading_bot | Fallo de red/HTTP en market data (ConnectionError). Reintentando en 1.0 s
2026-07-06 04:39:54 | WARNING | trading_bot | Fallo de red/HTTP en market data (ConnectionError). Reintentando en 1.0 s
2026-07-06 04:39:54 | WARNING | trading_bot | No se pudo reconciliar salida limit faltante para SOL/USD: Notional insuficiente para SOLUSDT: 1.619000 < 5.000000
2026-07-06 04:39:55 | WARNING | trading_bot | No se pudo reconciliar salida limit faltante para SOL/USD: Notional insuficiente para SOLUSDT: 1.619000 < 5.000000
2026-07-06 04:39:55 | WARNING | trading_bot | Monitoreo fallido para cuenta Binance Demo: Notional insuficiente para SOLUSDT: 1.619000 < 5.000000
2026-07-06 04:40:32 | WARNING | trading_bot | No se pudo reconciliar salida limit faltante para SOL/USD: Notional insuficiente para SOLUSDT: 1.619000 < 5.000000
2026-07-06 04:40:32 | WARNING | trading_bot | No se pudo reconciliar salida limit faltante para SOL/USD: Notional insuficiente para SOLUSDT: 1.619000 < 5.000000
2026-07-06 04:40:32 | WARNING | trading_bot | Monitoreo fallido para cuenta Binance Demo: Notional insuficiente para SOLUSDT: 1.619000 < 5.000000
2026-07-06 04:41:05 | WARNING | trading_bot | Sin conexion durante monitoreo general (ReadTimeout). Reintentando automaticamente...
2026-07-06 04:41:18 | WARNING | trading_bot | No se pudo reconciliar salida limit faltante para SOL/USD: Notional insuficiente para SOLUSDT: 1.619000 < 5.000000
2026-07-06 04:41:18 | WARNING | trading_bot | No se pudo reconciliar salida limit faltante para SOL/USD: Notional insuficiente para SOLUSDT: 1.619000 < 5.000000
2026-07-06 04:41:18 | WARNING | trading_bot | Monitoreo fallido para cuenta Binance Demo: Notional insuficiente para SOLUSDT: 1.619000 < 5.000000
2026-07-06 04:41:54 | WARNING | trading_bot | Fallo de red/HTTP en market data (ReadTimeout). Reintentando en 1.0 s
2026-07-06 04:42:02 | WARNING | trading_bot | Fallo de red/HTTP en market data (ConnectionError). Reintentando en 1.0 s
2026-07-06 04:42:02 | WARNING | trading_bot | Internet caido durante monitoreo de posicion (SOL/USD). Reintentando en 30s...
2026-07-06 04:42:21 | WARNING | trading_bot | Fallo de red/HTTP en market data (ReadTimeout). Reintentando en 1.0 s
2026-07-06 04:42:22 | WARNING | trading_bot | Fallo de red/HTTP en market data (ConnectionError). Reintentando en 1.0 s
2026-07-06 04:42:39 | WARNING | trading_bot | No se pudo reconciliar salida limit faltante para SOL/USD: Notional insuficiente para SOLUSDT: 1.619000 < 5.000000
2026-07-06 04:42:40 | WARNING | trading_bot | No se pudo reconciliar salida limit faltante para SOL/USD: Notional insuficiente para SOLUSDT: 1.619000 < 5.000000
2026-07-06 04:42:40 | WARNING | trading_bot | Monitoreo fallido para cuenta Binance Demo: Notional insuficiente para SOLUSDT: 1.619000 < 5.000000
2026-07-06 04:43:05 | WARNING | trading_bot | Sin conexion durante monitoreo general (ReadTimeout). Reintentando automaticamente...
2026-07-06 04:44:05 | WARNING | trading_bot | Sin conexion durante monitoreo general (ConnectionError). Reintentando automaticamente...
2026-07-06 04:44:06 | WARNING | trading_bot | Fallo de red/HTTP en market data (ReadTimeout). Reintentando en 1.0 s
2026-07-06 04:44:13 | WARNING | trading_bot | Fallo de red/HTTP en market data (ConnectionError). Reintentando en 1.0 s
2026-07-06 04:44:17 | WARNING | trading_bot | No se pudo reconciliar salida limit faltante para SOL/USD: Notional insuficiente para SOLUSDT: 1.619000 < 5.000000
2026-07-06 04:44:17 | WARNING | trading_bot | No se pudo reconciliar salida limit faltante para SOL/USD: Notional insuficiente para SOLUSDT: 1.619000 < 5.000000
2026-07-06 04:44:17 | WARNING | trading_bot | Monitoreo fallido para cuenta Binance Demo: Notional insuficiente para SOLUSDT: 1.619000 < 5.000000
2026-07-06 04:44:46 | WARNING | trading_bot | No se pudo reconciliar salida limit faltante para SOL/USD: Notional insuficiente para SOLUSDT: 1.619000 < 5.000000
2026-07-06 04:44:46 | WARNING | trading_bot | No se pudo reconciliar salida limit faltante para SOL/USD: Notional insuficiente para SOLUSDT: 1.619000 < 5.000000
2026-07-06 04:44:46 | WARNING | trading_bot | Monitoreo fallido para cuenta Binance Demo: Notional insuficiente para SOLUSDT: 1.619000 < 5.000000
2026-07-06 04:45:16 | WARNING | trading_bot | No se pudo reconciliar salida limit faltante para SOL/USD: Notional insuficiente para SOLUSDT: 1.619000 < 5.000000
2026-07-06 04:45:16 | WARNING | trading_bot | No se pudo reconciliar salida limit faltante para SOL/USD: Notional insuficiente para SOLUSDT: 1.619000 < 5.000000
2026-07-06 04:45:17 | WARNING | trading_bot | Monitoreo fallido para cuenta Binance Demo: Notional insuficiente para SOLUSDT: 1.619000 < 5.000000
2026-07-06 04:46:05 | WARNING | trading_bot | Sin conexion durante monitoreo general (ReadTimeout). Reintentando automaticamente...
2026-07-06 04:46:14 | WARNING | trading_bot | Fallo de red/HTTP en market data (ReadTimeout). Reintentando en 1.0 s
2026-07-06 04:46:20 | WARNING | trading_bot | Fallo de red/HTTP en market data (ConnectionError). Reintentando en 1.0 s
2026-07-06 04:46:23 | WARNING | trading_bot | No se pudo reconciliar salida limit faltante para SOL/USD: Notional insuficiente para SOLUSDT: 1.619000 < 5.000000
2026-07-06 04:46:23 | WARNING | trading_bot | No se pudo reconciliar salida limit faltante para SOL/USD: Notional insuficiente para SOLUSDT: 1.619000 < 5.000000
2026-07-06 04:46:24 | WARNING | trading_bot | Monitoreo fallido para cuenta Binance Demo: Notional insuficiente para SOLUSDT: 1.619000 < 5.000000
2026-07-06 04:47:02 | WARNING | trading_bot | Fallo de red/HTTP en market data (ReadTimeout). Reintentando en 1.0 s
2026-07-06 04:47:03 | WARNING | trading_bot | Internet caido durante monitoreo de posicion (SOL/USD). Reintentando en 30s...
2026-07-06 04:47:19 | WARNING | trading_bot | No se pudo reconciliar salida limit faltante para SOL/USD: Notional insuficiente para SOLUSDT: 1.619000 < 5.000000
2026-07-06 04:47:19 | WARNING | trading_bot | No se pudo reconciliar salida limit faltante para SOL/USD: Notional insuficiente para SOLUSDT: 1.619000 < 5.000000
2026-07-06 04:47:19 | WARNING | trading_bot | Monitoreo fallido para cuenta Binance Demo: Notional insuficiente para SOLUSDT: 1.619000 < 5.000000
2026-07-06 04:47:58 | WARNING | trading_bot | Fallo de red/HTTP en market data (ReadTimeout). Reintentando en 1.0 s
2026-07-06 04:47:59 | WARNING | trading_bot | Internet caido durante monitoreo de posicion (SOL/USD). Reintentando en 30s...
2026-07-06 04:48:19 | WARNING | trading_bot | Fallo de red/HTTP en market data (ConnectionError). Reintentando en 2.0 s
2026-07-06 04:48:21 | WARNING | trading_bot | Fallo de red/HTTP en market data (ReadTimeout). Reintentando en 1.0 s
2026-07-06 04:48:30 | WARNING | trading_bot | Fallo de red/HTTP en market data (ConnectionError). Reintentando en 1.0 s
2026-07-06 04:48:32 | WARNING | trading_bot | Fallo de red/HTTP en market data (ConnectionError). Reintentando en 1.0 s
2026-07-06 04:48:33 | WARNING | trading_bot | No se pudo reconciliar salida limit faltante para SOL/USD: Notional insuficiente para SOLUSDT: 1.619000 < 5.000000
2026-07-06 04:48:33 | WARNING | trading_bot | No se pudo reconciliar salida limit faltante para SOL/USD: Notional insuficiente para SOLUSDT: 1.619000 < 5.000000
2026-07-06 04:48:33 | WARNING | trading_bot | Monitoreo fallido para cuenta Binance Demo: Notional insuficiente para SOLUSDT: 1.619000 < 5.000000
2026-07-06 04:49:05 | WARNING | trading_bot | Sin conexion durante monitoreo general (ReadTimeout). Reintentando automaticamente...
2026-07-06 04:49:11 | WARNING | trading_bot | Fallo de red/HTTP en market data (ReadTimeout). Reintentando en 1.0 s
2026-07-06 04:49:17 | WARNING | trading_bot | No se pudo reconciliar salida limit faltante para SOL/USD: Notional insuficiente para SOLUSDT: 1.619000 < 5.000000
2026-07-06 04:49:17 | WARNING | trading_bot | No se pudo reconciliar salida limit faltante para SOL/USD: Notional insuficiente para SOLUSDT: 1.619000 < 5.000000
2026-07-06 04:49:17 | WARNING | trading_bot | Monitoreo fallido para cuenta Binance Demo: Notional insuficiente para SOLUSDT: 1.619000 < 5.000000
2026-07-06 04:49:49 | WARNING | trading_bot | Internet caido durante monitoreo de posicion (SOL/USD). Reintentando en 30s...
2026-07-06 04:49:53 | WARNING | trading_bot | Fallo de red/HTTP en market data (ReadTimeout). Reintentando en 1.0 s
2026-07-06 04:49:57 | WARNING | trading_bot | No se pudo reconciliar salida limit faltante para SOL/USD: Notional insuficiente para SOLUSDT: 1.619000 < 5.000000
2026-07-06 04:49:57 | WARNING | trading_bot | No se pudo reconciliar salida limit faltante para SOL/USD: Notional insuficiente para SOLUSDT: 1.619000 < 5.000000
2026-07-06 04:49:58 | WARNING | trading_bot | Monitoreo fallido para cuenta Binance Demo: Notional insuficiente para SOLUSDT: 1.619000 < 5.000000
2026-07-06 04:50:16 | WARNING | trading_bot | No se pudo reconciliar salida limit faltante para SOL/USD: Notional insuficiente para SOLUSDT: 1.619000 < 5.000000
2026-07-06 04:50:16 | WARNING | trading_bot | No se pudo reconciliar salida limit faltante para SOL/USD: Notional insuficiente para SOLUSDT: 1.619000 < 5.000000
2026-07-06 04:50:16 | WARNING | trading_bot | Monitoreo fallido para cuenta Binance Demo: Notional insuficiente para SOLUSDT: 1.619000 < 5.000000
2026-07-06 04:50:46 | WARNING | trading_bot | No se pudo reconciliar salida limit faltante para SOL/USD: Notional insuficiente para SOLUSDT: 1.619000 < 5.000000
2026-07-06 04:50:46 | WARNING | trading_bot | No se pudo reconciliar salida limit faltante para SOL/USD: Notional insuficiente para SOLUSDT: 1.619000 < 5.000000
2026-07-06 04:50:47 | WARNING | trading_bot | Monitoreo fallido para cuenta Binance Demo: Notional insuficiente para SOLUSDT: 1.619000 < 5.000000
2026-07-06 04:51:16 | WARNING | trading_bot | No se pudo reconciliar salida limit faltante para SOL/USD: Notional insuficiente para SOLUSDT: 1.619000 < 5.000000
2026-07-06 04:51:16 | WARNING | trading_bot | No se pudo reconciliar salida limit faltante para SOL/USD: Notional insuficiente para SOLUSDT: 1.619000 < 5.000000
2026-07-06 04:51:16 | WARNING | trading_bot | Monitoreo fallido para cuenta Binance Demo: Notional insuficiente para SOLUSDT: 1.619000 < 5.000000
2026-07-06 04:51:46 | WARNING | trading_bot | No se pudo reconciliar salida limit faltante para SOL/USD: Notional insuficiente para SOLUSDT: 1.619000 < 5.000000
2026-07-06 04:51:46 | WARNING | trading_bot | No se pudo reconciliar salida limit faltante para SOL/USD: Notional insuficiente para SOLUSDT: 1.619000 < 5.000000
2026-07-06 04:51:46 | WARNING | trading_bot | Monitoreo fallido para cuenta Binance Demo: Notional insuficiente para SOLUSDT: 1.619000 < 5.000000
2026-07-06 04:52:16 | WARNING | trading_bot | No se pudo reconciliar salida limit faltante para SOL/USD: Notional insuficiente para SOLUSDT: 1.619000 < 5.000000
2026-07-06 04:52:16 | WARNING | trading_bot | No se pudo reconciliar salida limit faltante para SOL/USD: Notional insuficiente para SOLUSDT: 1.619000 < 5.000000
2026-07-06 04:52:16 | WARNING | trading_bot | Monitoreo fallido para cuenta Binance Demo: Notional insuficiente para SOLUSDT: 1.619000 < 5.000000
2026-07-06 04:52:46 | WARNING | trading_bot | No se pudo reconciliar salida limit faltante para SOL/USD: Notional insuficiente para SOLUSDT: 1.619000 < 5.000000
2026-07-06 04:52:46 | WARNING | trading_bot | No se pudo reconciliar salida limit faltante para SOL/USD: Notional insuficiente para SOLUSDT: 1.619000 < 5.000000
2026-07-06 04:52:47 | WARNING | trading_bot | Monitoreo fallido para cuenta Binance Demo: Notional insuficiente para SOLUSDT: 1.619000 < 5.000000
2026-07-06 04:53:16 | WARNING | trading_bot | No se pudo reconciliar salida limit faltante para SOL/USD: Notional insuficiente para SOLUSDT: 1.619000 < 5.000000
2026-07-06 04:53:16 | WARNING | trading_bot | No se pudo reconciliar salida limit faltante para SOL/USD: Notional insuficiente para SOLUSDT: 1.619000 < 5.000000
2026-07-06 04:53:16 | WARNING | trading_bot | Monitoreo fallido para cuenta Binance Demo: Notional insuficiente para SOLUSDT: 1.619000 < 5.000000
2026-07-06 04:53:46 | WARNING | trading_bot | No se pudo reconciliar salida limit faltante para SOL/USD: Notional insuficiente para SOLUSDT: 1.619000 < 5.000000
2026-07-06 04:53:47 | WARNING | trading_bot | No se pudo reconciliar salida limit faltante para SOL/USD: Notional insuficiente para SOLUSDT: 1.619000 < 5.000000
2026-07-06 04:53:47 | WARNING | trading_bot | Monitoreo fallido para cuenta Binance Demo: Notional insuficiente para SOLUSDT: 1.619000 < 5.000000
2026-07-06 04:54:16 | WARNING | trading_bot | No se pudo reconciliar salida limit faltante para SOL/USD: Notional insuficiente para SOLUSDT: 1.619000 < 5.000000
2026-07-06 04:54:16 | WARNING | trading_bot | No se pudo reconciliar salida limit faltante para SOL/USD: Notional insuficiente para SOLUSDT: 1.619000 < 5.000000
2026-07-06 04:54:16 | WARNING | trading_bot | Monitoreo fallido para cuenta Binance Demo: Notional insuficiente para SOLUSDT: 1.619000 < 5.000000
2026-07-06 04:54:46 | WARNING | trading_bot | No se pudo reconciliar salida limit faltante para SOL/USD: Notional insuficiente para SOLUSDT: 1.619000 < 5.000000
2026-07-06 04:54:46 | WARNING | trading_bot | No se pudo reconciliar salida limit faltante para SOL/USD: Notional insuficiente para SOLUSDT: 1.619000 < 5.000000
2026-07-06 04:54:46 | WARNING | trading_bot | Monitoreo fallido para cuenta Binance Demo: Notional insuficiente para SOLUSDT: 1.619000 < 5.000000
2026-07-06 04:55:16 | WARNING | trading_bot | No se pudo reconciliar salida limit faltante para SOL/USD: Notional insuficiente para SOLUSDT: 1.619000 < 5.000000
2026-07-06 04:55:16 | WARNING | trading_bot | No se pudo reconciliar salida limit faltante para SOL/USD: Notional insuficiente para SOLUSDT: 1.619000 < 5.000000
2026-07-06 04:55:16 | WARNING | trading_bot | Monitoreo fallido para cuenta Binance Demo: Notional insuficiente para SOLUSDT: 1.619000 < 5.000000
2026-07-06 04:55:46 | WARNING | trading_bot | No se pudo reconciliar salida limit faltante para SOL/USD: Notional insuficiente para SOLUSDT: 1.619000 < 5.000000
2026-07-06 04:55:46 | WARNING | trading_bot | No se pudo reconciliar salida limit faltante para SOL/USD: Notional insuficiente para SOLUSDT: 1.619000 < 5.000000
2026-07-06 04:55:46 | WARNING | trading_bot | Monitoreo fallido para cuenta Binance Demo: Notional insuficiente para SOLUSDT: 1.619000 < 5.000000
2026-07-06 04:56:17 | WARNING | trading_bot | No se pudo reconciliar salida limit faltante para SOL/USD: Notional insuficiente para SOLUSDT: 1.619000 < 5.000000
2026-07-06 04:56:17 | WARNING | trading_bot | No se pudo reconciliar salida limit faltante para SOL/USD: Notional insuficiente para SOLUSDT: 1.619000 < 5.000000
2026-07-06 04:56:17 | WARNING | trading_bot | Monitoreo fallido para cuenta Binance Demo: Notional insuficiente para SOLUSDT: 1.619000 < 5.000000
2026-07-06 04:56:46 | WARNING | trading_bot | No se pudo reconciliar salida limit faltante para SOL/USD: Notional insuficiente para SOLUSDT: 1.619000 < 5.000000
2026-07-06 04:56:46 | WARNING | trading_bot | No se pudo reconciliar salida limit faltante para SOL/USD: Notional insuficiente para SOLUSDT: 1.619000 < 5.000000
2026-07-06 04:56:47 | WARNING | trading_bot | Monitoreo fallido para cuenta Binance Demo: Notional insuficiente para SOLUSDT: 1.619000 < 5.000000
2026-07-06 04:57:16 | WARNING | trading_bot | No se pudo reconciliar salida limit faltante para SOL/USD: Notional insuficiente para SOLUSDT: 1.619000 < 5.000000
2026-07-06 04:57:16 | WARNING | trading_bot | No se pudo reconciliar salida limit faltante para SOL/USD: Notional insuficiente para SOLUSDT: 1.619000 < 5.000000
2026-07-06 04:57:16 | WARNING | trading_bot | Monitoreo fallido para cuenta Binance Demo: Notional insuficiente para SOLUSDT: 1.619000 < 5.000000
2026-07-06 04:57:46 | WARNING | trading_bot | No se pudo reconciliar salida limit faltante para SOL/USD: Notional insuficiente para SOLUSDT: 1.619000 < 5.000000
2026-07-06 04:57:46 | WARNING | trading_bot | No se pudo reconciliar salida limit faltante para SOL/USD: Notional insuficiente para SOLUSDT: 1.619000 < 5.000000
2026-07-06 04:57:47 | WARNING | trading_bot | Monitoreo fallido para cuenta Binance Demo: Notional insuficiente para SOLUSDT: 1.619000 < 5.000000
2026-07-06 04:58:16 | WARNING | trading_bot | No se pudo reconciliar salida limit faltante para SOL/USD: Notional insuficiente para SOLUSDT: 1.619000 < 5.000000
2026-07-06 04:58:16 | WARNING | trading_bot | No se pudo reconciliar salida limit faltante para SOL/USD: Notional insuficiente para SOLUSDT: 1.619000 < 5.000000
2026-07-06 04:58:16 | WARNING | trading_bot | Monitoreo fallido para cuenta Binance Demo: Notional insuficiente para SOLUSDT: 1.619000 < 5.000000
2026-07-06 04:58:46 | WARNING | trading_bot | No se pudo reconciliar salida limit faltante para SOL/USD: Notional insuficiente para SOLUSDT: 1.619000 < 5.000000
2026-07-06 04:58:46 | WARNING | trading_bot | No se pudo reconciliar salida limit faltante para SOL/USD: Notional insuficiente para SOLUSDT: 1.619000 < 5.000000
2026-07-06 04:58:46 | WARNING | trading_bot | Monitoreo fallido para cuenta Binance Demo: Notional insuficiente para SOLUSDT: 1.619000 < 5.000000
2026-07-06 04:59:16 | WARNING | trading_bot | No se pudo reconciliar salida limit faltante para SOL/USD: Notional insuficiente para SOLUSDT: 1.619000 < 5.000000
2026-07-06 04:59:16 | WARNING | trading_bot | No se pudo reconciliar salida limit faltante para SOL/USD: Notional insuficiente para SOLUSDT: 1.619000 < 5.000000
2026-07-06 04:59:16 | WARNING | trading_bot | Monitoreo fallido para cuenta Binance Demo: Notional insuficiente para SOLUSDT: 1.619000 < 5.000000
2026-07-06 04:59:46 | WARNING | trading_bot | No se pudo reconciliar salida limit faltante para SOL/USD: Notional insuficiente para SOLUSDT: 1.619000 < 5.000000
2026-07-06 04:59:46 | WARNING | trading_bot | No se pudo reconciliar salida limit faltante para SOL/USD: Notional insuficiente para SOLUSDT: 1.619000 < 5.000000
2026-07-06 04:59:46 | WARNING | trading_bot | Monitoreo fallido para cuenta Binance Demo: Notional insuficiente para SOLUSDT: 1.619000 < 5.000000
2026-07-06 05:00:16 | WARNING | trading_bot | No se pudo reconciliar salida limit faltante para SOL/USD: Notional insuficiente para SOLUSDT: 1.619000 < 5.000000
2026-07-06 05:00:16 | WARNING | trading_bot | No se pudo reconciliar salida limit faltante para SOL/USD: Notional insuficiente para SOLUSDT: 1.619000 < 5.000000
2026-07-06 05:00:16 | WARNING | trading_bot | Monitoreo fallido para cuenta Binance Demo: Notional insuficiente para SOLUSDT: 1.619000 < 5.000000
2026-07-06 05:00:46 | WARNING | trading_bot | No se pudo reconciliar salida limit faltante para SOL/USD: Notional insuficiente para SOLUSDT: 1.619000 < 5.000000
2026-07-06 05:00:46 | WARNING | trading_bot | No se pudo reconciliar salida limit faltante para SOL/USD: Notional insuficiente para SOLUSDT: 1.619000 < 5.000000
2026-07-06 05:00:46 | WARNING | trading_bot | Monitoreo fallido para cuenta Binance Demo: Notional insuficiente para SOLUSDT: 1.619000 < 5.000000
2026-07-06 05:01:16 | WARNING | trading_bot | No se pudo reconciliar salida limit faltante para SOL/USD: Notional insuficiente para SOLUSDT: 1.619000 < 5.000000
2026-07-06 05:01:16 | WARNING | trading_bot | No se pudo reconciliar salida limit faltante para SOL/USD: Notional insuficiente para SOLUSDT: 1.619000 < 5.000000
2026-07-06 05:01:16 | WARNING | trading_bot | Monitoreo fallido para cuenta Binance Demo: Notional insuficiente para SOLUSDT: 1.619000 < 5.000000
2026-07-06 05:01:46 | WARNING | trading_bot | No se pudo reconciliar salida limit faltante para SOL/USD: Notional insuficiente para SOLUSDT: 1.619000 < 5.000000
2026-07-06 05:01:46 | WARNING | trading_bot | No se pudo reconciliar salida limit faltante para SOL/USD: Notional insuficiente para SOLUSDT: 1.619000 < 5.000000
2026-07-06 05:01:46 | WARNING | trading_bot | Monitoreo fallido para cuenta Binance Demo: Notional insuficiente para SOLUSDT: 1.619000 < 5.000000
2026-07-06 05:02:16 | WARNING | trading_bot | No se pudo reconciliar salida limit faltante para SOL/USD: Notional insuficiente para SOLUSDT: 1.619000 < 5.000000
2026-07-06 05:02:16 | WARNING | trading_bot | No se pudo reconciliar salida limit faltante para SOL/USD: Notional insuficiente para SOLUSDT: 1.619000 < 5.000000
2026-07-06 05:02:16 | WARNING | trading_bot | Monitoreo fallido para cuenta Binance Demo: Notional insuficiente para SOLUSDT: 1.619000 < 5.000000
2026-07-06 05:02:46 | WARNING | trading_bot | No se pudo reconciliar salida limit faltante para SOL/USD: Notional insuficiente para SOLUSDT: 1.619000 < 5.000000
2026-07-06 05:02:46 | WARNING | trading_bot | No se pudo reconciliar salida limit faltante para SOL/USD: Notional insuficiente para SOLUSDT: 1.619000 < 5.000000
2026-07-06 05:02:46 | WARNING | trading_bot | Monitoreo fallido para cuenta Binance Demo: Notional insuficiente para SOLUSDT: 1.619000 < 5.000000
2026-07-06 05:03:16 | WARNING | trading_bot | No se pudo reconciliar salida limit faltante para SOL/USD: Notional insuficiente para SOLUSDT: 1.619000 < 5.000000
2026-07-06 05:03:16 | WARNING | trading_bot | No se pudo reconciliar salida limit faltante para SOL/USD: Notional insuficiente para SOLUSDT: 1.619000 < 5.000000
2026-07-06 05:03:16 | WARNING | trading_bot | Monitoreo fallido para cuenta Binance Demo: Notional insuficiente para SOLUSDT: 1.619000 < 5.000000
2026-07-06 05:03:46 | WARNING | trading_bot | No se pudo reconciliar salida limit faltante para SOL/USD: Notional insuficiente para SOLUSDT: 1.619000 < 5.000000
2026-07-06 05:03:47 | WARNING | trading_bot | No se pudo reconciliar salida limit faltante para SOL/USD: Notional insuficiente para SOLUSDT: 1.619000 < 5.000000
2026-07-06 05:03:47 | WARNING | trading_bot | Monitoreo fallido para cuenta Binance Demo: Notional insuficiente para SOLUSDT: 1.619000 < 5.000000
2026-07-06 05:04:17 | WARNING | trading_bot | No se pudo reconciliar salida limit faltante para SOL/USD: Notional insuficiente para SOLUSDT: 1.619000 < 5.000000
2026-07-06 05:04:17 | WARNING | trading_bot | No se pudo reconciliar salida limit faltante para SOL/USD: Notional insuficiente para SOLUSDT: 1.619000 < 5.000000
2026-07-06 05:04:17 | WARNING | trading_bot | Monitoreo fallido para cuenta Binance Demo: Notional insuficiente para SOLUSDT: 1.619000 < 5.000000
2026-07-06 05:04:46 | WARNING | trading_bot | No se pudo reconciliar salida limit faltante para SOL/USD: Notional insuficiente para SOLUSDT: 1.619000 < 5.000000
2026-07-06 05:04:46 | WARNING | trading_bot | No se pudo reconciliar salida limit faltante para SOL/USD: Notional insuficiente para SOLUSDT: 1.619000 < 5.000000
2026-07-06 05:04:47 | WARNING | trading_bot | Monitoreo fallido para cuenta Binance Demo: Notional insuficiente para SOLUSDT: 1.619000 < 5.000000
2026-07-06 05:05:17 | WARNING | trading_bot | No se pudo reconciliar salida limit faltante para SOL/USD: Notional insuficiente para SOLUSDT: 1.619000 < 5.000000
2026-07-06 05:05:17 | WARNING | trading_bot | No se pudo reconciliar salida limit faltante para SOL/USD: Notional insuficiente para SOLUSDT: 1.619000 < 5.000000
2026-07-06 05:05:17 | WARNING | trading_bot | Monitoreo fallido para cuenta Binance Demo: Notional insuficiente para SOLUSDT: 1.619000 < 5.000000
2026-07-06 05:05:46 | WARNING | trading_bot | No se pudo reconciliar salida limit faltante para SOL/USD: Notional insuficiente para SOLUSDT: 1.619000 < 5.000000
2026-07-06 05:05:46 | WARNING | trading_bot | No se pudo reconciliar salida limit faltante para SOL/USD: Notional insuficiente para SOLUSDT: 1.619000 < 5.000000
2026-07-06 05:05:46 | WARNING | trading_bot | Monitoreo fallido para cuenta Binance Demo: Notional insuficiente para SOLUSDT: 1.619000 < 5.000000
2026-07-06 05:06:16 | WARNING | trading_bot | No se pudo reconciliar salida limit faltante para SOL/USD: Notional insuficiente para SOLUSDT: 1.619000 < 5.000000
2026-07-06 05:06:16 | WARNING | trading_bot | No se pudo reconciliar salida limit faltante para SOL/USD: Notional insuficiente para SOLUSDT: 1.619000 < 5.000000
2026-07-06 05:06:16 | WARNING | trading_bot | Monitoreo fallido para cuenta Binance Demo: Notional insuficiente para SOLUSDT: 1.619000 < 5.000000
2026-07-06 05:06:46 | WARNING | trading_bot | No se pudo reconciliar salida limit faltante para SOL/USD: Notional insuficiente para SOLUSDT: 1.619000 < 5.000000
2026-07-06 05:06:46 | WARNING | trading_bot | No se pudo reconciliar salida limit faltante para SOL/USD: Notional insuficiente para SOLUSDT: 1.619000 < 5.000000
2026-07-06 05:06:46 | WARNING | trading_bot | Monitoreo fallido para cuenta Binance Demo: Notional insuficiente para SOLUSDT: 1.619000 < 5.000000
2026-07-06 05:07:16 | WARNING | trading_bot | No se pudo reconciliar salida limit faltante para SOL/USD: Notional insuficiente para SOLUSDT: 1.619000 < 5.000000
2026-07-06 05:07:16 | WARNING | trading_bot | No se pudo reconciliar salida limit faltante para SOL/USD: Notional insuficiente para SOLUSDT: 1.619000 < 5.000000
2026-07-06 05:07:17 | WARNING | trading_bot | Monitoreo fallido para cuenta Binance Demo: Notional insuficiente para SOLUSDT: 1.619000 < 5.000000
2026-07-06 05:07:46 | WARNING | trading_bot | No se pudo reconciliar salida limit faltante para SOL/USD: Notional insuficiente para SOLUSDT: 1.619000 < 5.000000
2026-07-06 05:07:46 | WARNING | trading_bot | No se pudo reconciliar salida limit faltante para SOL/USD: Notional insuficiente para SOLUSDT: 1.619000 < 5.000000
2026-07-06 05:07:47 | WARNING | trading_bot | Monitoreo fallido para cuenta Binance Demo: Notional insuficiente para SOLUSDT: 1.619000 < 5.000000
2026-07-06 05:08:16 | WARNING | trading_bot | No se pudo reconciliar salida limit faltante para SOL/USD: Notional insuficiente para SOLUSDT: 1.619000 < 5.000000
2026-07-06 05:08:16 | WARNING | trading_bot | No se pudo reconciliar salida limit faltante para SOL/USD: Notional insuficiente para SOLUSDT: 1.619000 < 5.000000
2026-07-06 05:08:17 | WARNING | trading_bot | Monitoreo fallido para cuenta Binance Demo: Notional insuficiente para SOLUSDT: 1.619000 < 5.000000
2026-07-06 05:08:46 | WARNING | trading_bot | No se pudo reconciliar salida limit faltante para SOL/USD: Notional insuficiente para SOLUSDT: 1.619000 < 5.000000
2026-07-06 05:08:46 | WARNING | trading_bot | No se pudo reconciliar salida limit faltante para SOL/USD: Notional insuficiente para SOLUSDT: 1.619000 < 5.000000
2026-07-06 05:08:47 | WARNING | trading_bot | Monitoreo fallido para cuenta Binance Demo: Notional insuficiente para SOLUSDT: 1.619000 < 5.000000
2026-07-06 05:09:16 | WARNING | trading_bot | No se pudo reconciliar salida limit faltante para SOL/USD: Notional insuficiente para SOLUSDT: 1.619000 < 5.000000
2026-07-06 05:09:16 | WARNING | trading_bot | No se pudo reconciliar salida limit faltante para SOL/USD: Notional insuficiente para SOLUSDT: 1.619000 < 5.000000
2026-07-06 05:09:17 | WARNING | trading_bot | Monitoreo fallido para cuenta Binance Demo: Notional insuficiente para SOLUSDT: 1.619000 < 5.000000
2026-07-06 05:09:46 | WARNING | trading_bot | No se pudo reconciliar salida limit faltante para SOL/USD: Notional insuficiente para SOLUSDT: 1.619000 < 5.000000
2026-07-06 05:09:47 | WARNING | trading_bot | No se pudo reconciliar salida limit faltante para SOL/USD: Notional insuficiente para SOLUSDT: 1.619000 < 5.000000
2026-07-06 05:09:47 | WARNING | trading_bot | Monitoreo fallido para cuenta Binance Demo: Notional insuficiente para SOLUSDT: 1.619000 < 5.000000
2026-07-06 05:10:16 | WARNING | trading_bot | No se pudo reconciliar salida limit faltante para SOL/USD: Notional insuficiente para SOLUSDT: 1.619000 < 5.000000
2026-07-06 05:10:16 | WARNING | trading_bot | No se pudo reconciliar salida limit faltante para SOL/USD: Notional insuficiente para SOLUSDT: 1.619000 < 5.000000
2026-07-06 05:10:17 | WARNING | trading_bot | Monitoreo fallido para cuenta Binance Demo: Notional insuficiente para SOLUSDT: 1.619000 < 5.000000
2026-07-06 05:10:46 | WARNING | trading_bot | No se pudo reconciliar salida limit faltante para SOL/USD: Notional insuficiente para SOLUSDT: 1.619000 < 5.000000
2026-07-06 05:10:46 | WARNING | trading_bot | No se pudo reconciliar salida limit faltante para SOL/USD: Notional insuficiente para SOLUSDT: 1.619000 < 5.000000
2026-07-06 05:10:46 | WARNING | trading_bot | Monitoreo fallido para cuenta Binance Demo: Notional insuficiente para SOLUSDT: 1.619000 < 5.000000
2026-07-06 05:11:16 | WARNING | trading_bot | No se pudo reconciliar salida limit faltante para SOL/USD: Notional insuficiente para SOLUSDT: 1.619000 < 5.000000
2026-07-06 05:11:16 | WARNING | trading_bot | No se pudo reconciliar salida limit faltante para SOL/USD: Notional insuficiente para SOLUSDT: 1.619000 < 5.000000
2026-07-06 05:11:16 | WARNING | trading_bot | Monitoreo fallido para cuenta Binance Demo: Notional insuficiente para SOLUSDT: 1.619000 < 5.000000
2026-07-06 05:11:46 | WARNING | trading_bot | No se pudo reconciliar salida limit faltante para SOL/USD: Notional insuficiente para SOLUSDT: 1.619000 < 5.000000
2026-07-06 05:11:47 | WARNING | trading_bot | No se pudo reconciliar salida limit faltante para SOL/USD: Notional insuficiente para SOLUSDT: 1.619000 < 5.000000
2026-07-06 05:11:47 | WARNING | trading_bot | Monitoreo fallido para cuenta Binance Demo: Notional insuficiente para SOLUSDT: 1.619000 < 5.000000
2026-07-06 05:12:16 | WARNING | trading_bot | No se pudo reconciliar salida limit faltante para SOL/USD: Notional insuficiente para SOLUSDT: 1.619000 < 5.000000
2026-07-06 05:12:16 | WARNING | trading_bot | No se pudo reconciliar salida limit faltante para SOL/USD: Notional insuficiente para SOLUSDT: 1.619000 < 5.000000
2026-07-06 05:12:16 | WARNING | trading_bot | Monitoreo fallido para cuenta Binance Demo: Notional insuficiente para SOLUSDT: 1.619000 < 5.000000
2026-07-06 05:12:46 | WARNING | trading_bot | No se pudo reconciliar salida limit faltante para SOL/USD: Notional insuficiente para SOLUSDT: 1.619000 < 5.000000
2026-07-06 05:12:46 | WARNING | trading_bot | No se pudo reconciliar salida limit faltante para SOL/USD: Notional insuficiente para SOLUSDT: 1.619000 < 5.000000
2026-07-06 05:12:47 | WARNING | trading_bot | Monitoreo fallido para cuenta Binance Demo: Notional insuficiente para SOLUSDT: 1.619000 < 5.000000
2026-07-06 05:13:16 | WARNING | trading_bot | No se pudo reconciliar salida limit faltante para SOL/USD: Notional insuficiente para SOLUSDT: 1.619000 < 5.000000
2026-07-06 05:13:16 | WARNING | trading_bot | No se pudo reconciliar salida limit faltante para SOL/USD: Notional insuficiente para SOLUSDT: 1.619000 < 5.000000
2026-07-06 05:13:16 | WARNING | trading_bot | Monitoreo fallido para cuenta Binance Demo: Notional insuficiente para SOLUSDT: 1.619000 < 5.000000
2026-07-06 05:13:46 | WARNING | trading_bot | No se pudo reconciliar salida limit faltante para SOL/USD: Notional insuficiente para SOLUSDT: 1.619000 < 5.000000
2026-07-06 05:13:46 | WARNING | trading_bot | No se pudo reconciliar salida limit faltante para SOL/USD: Notional insuficiente para SOLUSDT: 1.619000 < 5.000000
2026-07-06 05:13:46 | WARNING | trading_bot | Monitoreo fallido para cuenta Binance Demo: Notional insuficiente para SOLUSDT: 1.619000 < 5.000000
2026-07-06 05:14:16 | WARNING | trading_bot | No se pudo reconciliar salida limit faltante para SOL/USD: Notional insuficiente para SOLUSDT: 1.619000 < 5.000000
2026-07-06 05:14:16 | WARNING | trading_bot | No se pudo reconciliar salida limit faltante para SOL/USD: Notional insuficiente para SOLUSDT: 1.619000 < 5.000000
2026-07-06 05:14:16 | WARNING | trading_bot | Monitoreo fallido para cuenta Binance Demo: Notional insuficiente para SOLUSDT: 1.619000 < 5.000000
2026-07-06 05:14:46 | WARNING | trading_bot | No se pudo reconciliar salida limit faltante para SOL/USD: Notional insuficiente para SOLUSDT: 1.619000 < 5.000000
2026-07-06 05:14:46 | WARNING | trading_bot | No se pudo reconciliar salida limit faltante para SOL/USD: Notional insuficiente para SOLUSDT: 1.619000 < 5.000000
2026-07-06 05:14:46 | WARNING | trading_bot | Monitoreo fallido para cuenta Binance Demo: Notional insuficiente para SOLUSDT: 1.619000 < 5.000000
2026-07-06 05:15:16 | WARNING | trading_bot | No se pudo reconciliar salida limit faltante para SOL/USD: Notional insuficiente para SOLUSDT: 1.619000 < 5.000000
2026-07-06 05:15:16 | WARNING | trading_bot | No se pudo reconciliar salida limit faltante para SOL/USD: Notional insuficiente para SOLUSDT: 1.619000 < 5.000000
2026-07-06 05:15:17 | WARNING | trading_bot | Monitoreo fallido para cuenta Binance Demo: Notional insuficiente para SOLUSDT: 1.619000 < 5.000000
2026-07-06 05:15:46 | WARNING | trading_bot | No se pudo reconciliar salida limit faltante para SOL/USD: Notional insuficiente para SOLUSDT: 1.619000 < 5.000000
2026-07-06 05:15:46 | WARNING | trading_bot | No se pudo reconciliar salida limit faltante para SOL/USD: Notional insuficiente para SOLUSDT: 1.619000 < 5.000000
2026-07-06 05:15:47 | WARNING | trading_bot | Monitoreo fallido para cuenta Binance Demo: Notional insuficiente para SOLUSDT: 1.619000 < 5.000000
2026-07-06 05:16:16 | WARNING | trading_bot | No se pudo reconciliar salida limit faltante para SOL/USD: Notional insuficiente para SOLUSDT: 1.619000 < 5.000000
2026-07-06 05:16:16 | WARNING | trading_bot | No se pudo reconciliar salida limit faltante para SOL/USD: Notional insuficiente para SOLUSDT: 1.619000 < 5.000000
2026-07-06 05:16:16 | WARNING | trading_bot | Monitoreo fallido para cuenta Binance Demo: Notional insuficiente para SOLUSDT: 1.619000 < 5.000000
2026-07-06 05:16:46 | WARNING | trading_bot | No se pudo reconciliar salida limit faltante para SOL/USD: Notional insuficiente para SOLUSDT: 1.619000 < 5.000000
2026-07-06 05:16:46 | WARNING | trading_bot | No se pudo reconciliar salida limit faltante para SOL/USD: Notional insuficiente para SOLUSDT: 1.619000 < 5.000000
2026-07-06 05:16:47 | WARNING | trading_bot | Monitoreo fallido para cuenta Binance Demo: Notional insuficiente para SOLUSDT: 1.619000 < 5.000000
2026-07-06 05:17:16 | WARNING | trading_bot | No se pudo reconciliar salida limit faltante para SOL/USD: Notional insuficiente para SOLUSDT: 1.619000 < 5.000000
2026-07-06 05:17:16 | WARNING | trading_bot | No se pudo reconciliar salida limit faltante para SOL/USD: Notional insuficiente para SOLUSDT: 1.619000 < 5.000000
2026-07-06 05:17:16 | WARNING | trading_bot | Monitoreo fallido para cuenta Binance Demo: Notional insuficiente para SOLUSDT: 1.619000 < 5.000000
2026-07-06 05:17:46 | WARNING | trading_bot | No se pudo reconciliar salida limit faltante para SOL/USD: Notional insuficiente para SOLUSDT: 1.619000 < 5.000000
2026-07-06 05:17:47 | WARNING | trading_bot | No se pudo reconciliar salida limit faltante para SOL/USD: Notional insuficiente para SOLUSDT: 1.619000 < 5.000000
2026-07-06 05:17:47 | WARNING | trading_bot | Monitoreo fallido para cuenta Binance Demo: Notional insuficiente para SOLUSDT: 1.619000 < 5.000000
2026-07-06 05:18:16 | WARNING | trading_bot | No se pudo reconciliar salida limit faltante para SOL/USD: Notional insuficiente para SOLUSDT: 1.619000 < 5.000000
2026-07-06 05:18:16 | WARNING | trading_bot | No se pudo reconciliar salida limit faltante para SOL/USD: Notional insuficiente para SOLUSDT: 1.619000 < 5.000000
2026-07-06 05:18:16 | WARNING | trading_bot | Monitoreo fallido para cuenta Binance Demo: Notional insuficiente para SOLUSDT: 1.619000 < 5.000000
2026-07-06 05:18:46 | WARNING | trading_bot | No se pudo reconciliar salida limit faltante para SOL/USD: Notional insuficiente para SOLUSDT: 1.619000 < 5.000000
2026-07-06 05:18:46 | WARNING | trading_bot | No se pudo reconciliar salida limit faltante para SOL/USD: Notional insuficiente para SOLUSDT: 1.619000 < 5.000000
2026-07-06 05:18:47 | WARNING | trading_bot | Monitoreo fallido para cuenta Binance Demo: Notional insuficiente para SOLUSDT: 1.619000 < 5.000000
2026-07-06 05:19:16 | WARNING | trading_bot | No se pudo reconciliar salida limit faltante para SOL/USD: Notional insuficiente para SOLUSDT: 1.619000 < 5.000000
2026-07-06 05:19:16 | WARNING | trading_bot | No se pudo reconciliar salida limit faltante para SOL/USD: Notional insuficiente para SOLUSDT: 1.619000 < 5.000000
2026-07-06 05:19:16 | WARNING | trading_bot | Monitoreo fallido para cuenta Binance Demo: Notional insuficiente para SOLUSDT: 1.619000 < 5.000000
2026-07-06 05:19:46 | WARNING | trading_bot | No se pudo reconciliar salida limit faltante para SOL/USD: Notional insuficiente para SOLUSDT: 1.619000 < 5.000000
2026-07-06 05:19:46 | WARNING | trading_bot | No se pudo reconciliar salida limit faltante para SOL/USD: Notional insuficiente para SOLUSDT: 1.619000 < 5.000000
2026-07-06 05:19:46 | WARNING | trading_bot | Monitoreo fallido para cuenta Binance Demo: Notional insuficiente para SOLUSDT: 1.619000 < 5.000000
2026-07-06 05:20:16 | WARNING | trading_bot | No se pudo reconciliar salida limit faltante para SOL/USD: Notional insuficiente para SOLUSDT: 1.619000 < 5.000000
2026-07-06 05:20:16 | WARNING | trading_bot | No se pudo reconciliar salida limit faltante para SOL/USD: Notional insuficiente para SOLUSDT: 1.619000 < 5.000000
2026-07-06 05:20:16 | WARNING | trading_bot | Monitoreo fallido para cuenta Binance Demo: Notional insuficiente para SOLUSDT: 1.619000 < 5.000000
2026-07-06 05:20:46 | WARNING | trading_bot | No se pudo reconciliar salida limit faltante para SOL/USD: Notional insuficiente para SOLUSDT: 1.619000 < 5.000000
2026-07-06 05:20:46 | WARNING | trading_bot | No se pudo reconciliar salida limit faltante para SOL/USD: Notional insuficiente para SOLUSDT: 1.619000 < 5.000000
2026-07-06 05:20:46 | WARNING | trading_bot | Monitoreo fallido para cuenta Binance Demo: Notional insuficiente para SOLUSDT: 1.619000 < 5.000000
2026-07-06 05:21:17 | WARNING | trading_bot | No se pudo reconciliar salida limit faltante para SOL/USD: Notional insuficiente para SOLUSDT: 1.619000 < 5.000000
2026-07-06 05:21:17 | WARNING | trading_bot | No se pudo reconciliar salida limit faltante para SOL/USD: Notional insuficiente para SOLUSDT: 1.619000 < 5.000000
2026-07-06 05:21:17 | WARNING | trading_bot | Monitoreo fallido para cuenta Binance Demo: Notional insuficiente para SOLUSDT: 1.619000 < 5.000000
2026-07-06 05:21:46 | WARNING | trading_bot | No se pudo reconciliar salida limit faltante para SOL/USD: Notional insuficiente para SOLUSDT: 1.619000 < 5.000000
2026-07-06 05:21:47 | WARNING | trading_bot | No se pudo reconciliar salida limit faltante para SOL/USD: Notional insuficiente para SOLUSDT: 1.619000 < 5.000000
2026-07-06 05:21:47 | WARNING | trading_bot | Monitoreo fallido para cuenta Binance Demo: Notional insuficiente para SOLUSDT: 1.619000 < 5.000000
2026-07-06 05:22:16 | WARNING | trading_bot | No se pudo reconciliar salida limit faltante para SOL/USD: Notional insuficiente para SOLUSDT: 1.619000 < 5.000000
2026-07-06 05:22:16 | WARNING | trading_bot | No se pudo reconciliar salida limit faltante para SOL/USD: Notional insuficiente para SOLUSDT: 1.619000 < 5.000000
2026-07-06 05:22:16 | WARNING | trading_bot | Monitoreo fallido para cuenta Binance Demo: Notional insuficiente para SOLUSDT: 1.619000 < 5.000000
2026-07-06 05:22:46 | WARNING | trading_bot | No se pudo reconciliar salida limit faltante para SOL/USD: Notional insuficiente para SOLUSDT: 1.619000 < 5.000000
2026-07-06 05:22:46 | WARNING | trading_bot | No se pudo reconciliar salida limit faltante para SOL/USD: Notional insuficiente para SOLUSDT: 1.619000 < 5.000000
2026-07-06 05:22:47 | WARNING | trading_bot | Monitoreo fallido para cuenta Binance Demo: Notional insuficiente para SOLUSDT: 1.619000 < 5.000000
2026-07-06 05:23:16 | WARNING | trading_bot | No se pudo reconciliar salida limit faltante para SOL/USD: Notional insuficiente para SOLUSDT: 1.619000 < 5.000000
2026-07-06 05:23:16 | WARNING | trading_bot | No se pudo reconciliar salida limit faltante para SOL/USD: Notional insuficiente para SOLUSDT: 1.619000 < 5.000000
2026-07-06 05:23:16 | WARNING | trading_bot | Monitoreo fallido para cuenta Binance Demo: Notional insuficiente para SOLUSDT: 1.619000 < 5.000000
2026-07-06 05:23:46 | WARNING | trading_bot | No se pudo reconciliar salida limit faltante para SOL/USD: Notional insuficiente para SOLUSDT: 1.619000 < 5.000000
2026-07-06 05:23:46 | WARNING | trading_bot | No se pudo reconciliar salida limit faltante para SOL/USD: Notional insuficiente para SOLUSDT: 1.619000 < 5.000000
2026-07-06 05:23:46 | WARNING | trading_bot | Monitoreo fallido para cuenta Binance Demo: Notional insuficiente para SOLUSDT: 1.619000 < 5.000000
2026-07-06 05:24:16 | WARNING | trading_bot | No se pudo reconciliar salida limit faltante para SOL/USD: Notional insuficiente para SOLUSDT: 1.619000 < 5.000000
2026-07-06 05:24:16 | WARNING | trading_bot | No se pudo reconciliar salida limit faltante para SOL/USD: Notional insuficiente para SOLUSDT: 1.619000 < 5.000000
2026-07-06 05:24:17 | WARNING | trading_bot | Monitoreo fallido para cuenta Binance Demo: Notional insuficiente para SOLUSDT: 1.619000 < 5.000000
2026-07-06 05:24:46 | WARNING | trading_bot | No se pudo reconciliar salida limit faltante para SOL/USD: Notional insuficiente para SOLUSDT: 1.619000 < 5.000000
2026-07-06 05:24:46 | WARNING | trading_bot | No se pudo reconciliar salida limit faltante para SOL/USD: Notional insuficiente para SOLUSDT: 1.619000 < 5.000000
2026-07-06 05:24:46 | WARNING | trading_bot | Monitoreo fallido para cuenta Binance Demo: Notional insuficiente para SOLUSDT: 1.619000 < 5.000000
2026-07-06 05:25:16 | WARNING | trading_bot | No se pudo reconciliar salida limit faltante para SOL/USD: Notional insuficiente para SOLUSDT: 1.619000 < 5.000000
2026-07-06 05:25:16 | WARNING | trading_bot | No se pudo reconciliar salida limit faltante para SOL/USD: Notional insuficiente para SOLUSDT: 1.619000 < 5.000000
2026-07-06 05:25:16 | WARNING | trading_bot | Monitoreo fallido para cuenta Binance Demo: Notional insuficiente para SOLUSDT: 1.619000 < 5.000000
2026-07-06 05:25:46 | WARNING | trading_bot | No se pudo reconciliar salida limit faltante para SOL/USD: Notional insuficiente para SOLUSDT: 1.619000 < 5.000000
2026-07-06 05:25:46 | WARNING | trading_bot | No se pudo reconciliar salida limit faltante para SOL/USD: Notional insuficiente para SOLUSDT: 1.619000 < 5.000000
2026-07-06 05:25:47 | WARNING | trading_bot | Monitoreo fallido para cuenta Binance Demo: Notional insuficiente para SOLUSDT: 1.619000 < 5.000000
2026-07-06 05:26:16 | WARNING | trading_bot | No se pudo reconciliar salida limit faltante para SOL/USD: Notional insuficiente para SOLUSDT: 1.619000 < 5.000000
2026-07-06 05:26:16 | WARNING | trading_bot | No se pudo reconciliar salida limit faltante para SOL/USD: Notional insuficiente para SOLUSDT: 1.619000 < 5.000000
2026-07-06 05:26:17 | WARNING | trading_bot | Monitoreo fallido para cuenta Binance Demo: Notional insuficiente para SOLUSDT: 1.619000 < 5.000000
2026-07-06 05:26:46 | WARNING | trading_bot | No se pudo reconciliar salida limit faltante para SOL/USD: Notional insuficiente para SOLUSDT: 1.619000 < 5.000000
2026-07-06 05:26:47 | WARNING | trading_bot | No se pudo reconciliar salida limit faltante para SOL/USD: Notional insuficiente para SOLUSDT: 1.619000 < 5.000000
2026-07-06 05:26:47 | WARNING | trading_bot | Monitoreo fallido para cuenta Binance Demo: Notional insuficiente para SOLUSDT: 1.619000 < 5.000000
2026-07-06 05:27:16 | WARNING | trading_bot | No se pudo reconciliar salida limit faltante para SOL/USD: Notional insuficiente para SOLUSDT: 1.619000 < 5.000000
2026-07-06 05:27:16 | WARNING | trading_bot | No se pudo reconciliar salida limit faltante para SOL/USD: Notional insuficiente para SOLUSDT: 1.619000 < 5.000000
2026-07-06 05:27:17 | WARNING | trading_bot | Monitoreo fallido para cuenta Binance Demo: Notional insuficiente para SOLUSDT: 1.619000 < 5.000000
2026-07-06 05:27:46 | WARNING | trading_bot | No se pudo reconciliar salida limit faltante para SOL/USD: Notional insuficiente para SOLUSDT: 1.619000 < 5.000000
2026-07-06 05:27:46 | WARNING | trading_bot | No se pudo reconciliar salida limit faltante para SOL/USD: Notional insuficiente para SOLUSDT: 1.619000 < 5.000000
2026-07-06 05:27:47 | WARNING | trading_bot | Monitoreo fallido para cuenta Binance Demo: Notional insuficiente para SOLUSDT: 1.619000 < 5.000000
2026-07-06 05:28:16 | WARNING | trading_bot | No se pudo reconciliar salida limit faltante para SOL/USD: Notional insuficiente para SOLUSDT: 1.619000 < 5.000000
2026-07-06 05:28:16 | WARNING | trading_bot | No se pudo reconciliar salida limit faltante para SOL/USD: Notional insuficiente para SOLUSDT: 1.619000 < 5.000000
2026-07-06 05:28:16 | WARNING | trading_bot | Monitoreo fallido para cuenta Binance Demo: Notional insuficiente para SOLUSDT: 1.619000 < 5.000000
2026-07-06 05:28:46 | WARNING | trading_bot | No se pudo reconciliar salida limit faltante para SOL/USD: Notional insuficiente para SOLUSDT: 1.619000 < 5.000000
2026-07-06 05:28:46 | WARNING | trading_bot | No se pudo reconciliar salida limit faltante para SOL/USD: Notional insuficiente para SOLUSDT: 1.619000 < 5.000000
2026-07-06 05:28:46 | WARNING | trading_bot | Monitoreo fallido para cuenta Binance Demo: Notional insuficiente para SOLUSDT: 1.619000 < 5.000000
2026-07-06 05:29:16 | WARNING | trading_bot | No se pudo reconciliar salida limit faltante para SOL/USD: Notional insuficiente para SOLUSDT: 1.619000 < 5.000000
2026-07-06 05:29:16 | WARNING | trading_bot | No se pudo reconciliar salida limit faltante para SOL/USD: Notional insuficiente para SOLUSDT: 1.619000 < 5.000000
2026-07-06 05:29:16 | WARNING | trading_bot | Monitoreo fallido para cuenta Binance Demo: Notional insuficiente para SOLUSDT: 1.619000 < 5.000000
2026-07-06 05:29:46 | WARNING | trading_bot | No se pudo reconciliar salida limit faltante para SOL/USD: Notional insuficiente para SOLUSDT: 1.619000 < 5.000000
2026-07-06 05:29:47 | WARNING | trading_bot | No se pudo reconciliar salida limit faltante para SOL/USD: Notional insuficiente para SOLUSDT: 1.619000 < 5.000000
2026-07-06 05:29:47 | WARNING | trading_bot | Monitoreo fallido para cuenta Binance Demo: Notional insuficiente para SOLUSDT: 1.619000 < 5.000000
2026-07-06 05:30:16 | WARNING | trading_bot | No se pudo reconciliar salida limit faltante para SOL/USD: Notional insuficiente para SOLUSDT: 1.619000 < 5.000000
2026-07-06 05:30:16 | WARNING | trading_bot | No se pudo reconciliar salida limit faltante para SOL/USD: Notional insuficiente para SOLUSDT: 1.619000 < 5.000000
2026-07-06 05:30:16 | WARNING | trading_bot | Monitoreo fallido para cuenta Binance Demo: Notional insuficiente para SOLUSDT: 1.619000 < 5.000000
2026-07-06 05:30:46 | WARNING | trading_bot | No se pudo reconciliar salida limit faltante para SOL/USD: Notional insuficiente para SOLUSDT: 1.619000 < 5.000000
2026-07-06 05:30:47 | WARNING | trading_bot | No se pudo reconciliar salida limit faltante para SOL/USD: Notional insuficiente para SOLUSDT: 1.619000 < 5.000000
2026-07-06 05:30:47 | WARNING | trading_bot | Monitoreo fallido para cuenta Binance Demo: Notional insuficiente para SOLUSDT: 1.619000 < 5.000000
2026-07-06 05:31:16 | WARNING | trading_bot | No se pudo reconciliar salida limit faltante para SOL/USD: Notional insuficiente para SOLUSDT: 1.619000 < 5.000000
2026-07-06 05:31:16 | WARNING | trading_bot | No se pudo reconciliar salida limit faltante para SOL/USD: Notional insuficiente para SOLUSDT: 1.619000 < 5.000000
2026-07-06 05:31:16 | WARNING | trading_bot | Monitoreo fallido para cuenta Binance Demo: Notional insuficiente para SOLUSDT: 1.619000 < 5.000000
2026-07-06 05:31:46 | WARNING | trading_bot | No se pudo reconciliar salida limit faltante para SOL/USD: Notional insuficiente para SOLUSDT: 1.619000 < 5.000000
2026-07-06 05:31:46 | WARNING | trading_bot | No se pudo reconciliar salida limit faltante para SOL/USD: Notional insuficiente para SOLUSDT: 1.619000 < 5.000000
2026-07-06 05:31:46 | WARNING | trading_bot | Monitoreo fallido para cuenta Binance Demo: Notional insuficiente para SOLUSDT: 1.619000 < 5.000000
2026-07-06 05:32:16 | WARNING | trading_bot | No se pudo reconciliar salida limit faltante para SOL/USD: Notional insuficiente para SOLUSDT: 1.619000 < 5.000000
2026-07-06 05:32:16 | WARNING | trading_bot | No se pudo reconciliar salida limit faltante para SOL/USD: Notional insuficiente para SOLUSDT: 1.619000 < 5.000000
2026-07-06 05:32:16 | WARNING | trading_bot | Monitoreo fallido para cuenta Binance Demo: Notional insuficiente para SOLUSDT: 1.619000 < 5.000000
2026-07-06 05:32:46 | WARNING | trading_bot | No se pudo reconciliar salida limit faltante para SOL/USD: Notional insuficiente para SOLUSDT: 1.619000 < 5.000000
2026-07-06 05:32:47 | WARNING | trading_bot | No se pudo reconciliar salida limit faltante para SOL/USD: Notional insuficiente para SOLUSDT: 1.619000 < 5.000000
2026-07-06 05:32:47 | WARNING | trading_bot | Monitoreo fallido para cuenta Binance Demo: Notional insuficiente para SOLUSDT: 1.619000 < 5.000000
2026-07-06 05:33:17 | WARNING | trading_bot | No se pudo reconciliar salida limit faltante para SOL/USD: Notional insuficiente para SOLUSDT: 1.619000 < 5.000000
2026-07-06 05:33:17 | WARNING | trading_bot | No se pudo reconciliar salida limit faltante para SOL/USD: Notional insuficiente para SOLUSDT: 1.619000 < 5.000000
2026-07-06 05:33:17 | WARNING | trading_bot | Monitoreo fallido para cuenta Binance Demo: Notional insuficiente para SOLUSDT: 1.619000 < 5.000000
2026-07-06 05:33:46 | WARNING | trading_bot | No se pudo reconciliar salida limit faltante para SOL/USD: Notional insuficiente para SOLUSDT: 1.619000 < 5.000000
2026-07-06 05:33:46 | WARNING | trading_bot | No se pudo reconciliar salida limit faltante para SOL/USD: Notional insuficiente para SOLUSDT: 1.619000 < 5.000000
2026-07-06 05:33:46 | WARNING | trading_bot | Monitoreo fallido para cuenta Binance Demo: Notional insuficiente para SOLUSDT: 1.619000 < 5.000000
2026-07-06 05:34:16 | WARNING | trading_bot | No se pudo reconciliar salida limit faltante para SOL/USD: Notional insuficiente para SOLUSDT: 1.619000 < 5.000000
2026-07-06 05:34:16 | WARNING | trading_bot | No se pudo reconciliar salida limit faltante para SOL/USD: Notional insuficiente para SOLUSDT: 1.619000 < 5.000000
2026-07-06 05:34:16 | WARNING | trading_bot | Monitoreo fallido para cuenta Binance Demo: Notional insuficiente para SOLUSDT: 1.619000 < 5.000000
2026-07-06 05:34:46 | WARNING | trading_bot | No se pudo reconciliar salida limit faltante para SOL/USD: Notional insuficiente para SOLUSDT: 1.619000 < 5.000000
2026-07-06 05:34:47 | WARNING | trading_bot | No se pudo reconciliar salida limit faltante para SOL/USD: Notional insuficiente para SOLUSDT: 1.619000 < 5.000000
2026-07-06 05:34:47 | WARNING | trading_bot | Monitoreo fallido para cuenta Binance Demo: Notional insuficiente para SOLUSDT: 1.619000 < 5.000000
2026-07-06 05:35:16 | WARNING | trading_bot | No se pudo reconciliar salida limit faltante para SOL/USD: Notional insuficiente para SOLUSDT: 1.619000 < 5.000000
2026-07-06 05:35:16 | WARNING | trading_bot | No se pudo reconciliar salida limit faltante para SOL/USD: Notional insuficiente para SOLUSDT: 1.619000 < 5.000000
2026-07-06 05:35:16 | WARNING | trading_bot | Monitoreo fallido para cuenta Binance Demo: Notional insuficiente para SOLUSDT: 1.619000 < 5.000000
2026-07-06 05:35:46 | WARNING | trading_bot | No se pudo reconciliar salida limit faltante para SOL/USD: Notional insuficiente para SOLUSDT: 1.619000 < 5.000000
2026-07-06 05:35:46 | WARNING | trading_bot | No se pudo reconciliar salida limit faltante para SOL/USD: Notional insuficiente para SOLUSDT: 1.619000 < 5.000000
2026-07-06 05:35:47 | WARNING | trading_bot | Monitoreo fallido para cuenta Binance Demo: Notional insuficiente para SOLUSDT: 1.619000 < 5.000000
2026-07-06 05:36:16 | WARNING | trading_bot | No se pudo reconciliar salida limit faltante para SOL/USD: Notional insuficiente para SOLUSDT: 1.619000 < 5.000000
2026-07-06 05:36:16 | WARNING | trading_bot | No se pudo reconciliar salida limit faltante para SOL/USD: Notional insuficiente para SOLUSDT: 1.619000 < 5.000000
2026-07-06 05:36:17 | WARNING | trading_bot | Monitoreo fallido para cuenta Binance Demo: Notional insuficiente para SOLUSDT: 1.619000 < 5.000000
2026-07-06 05:36:46 | WARNING | trading_bot | No se pudo reconciliar salida limit faltante para SOL/USD: Notional insuficiente para SOLUSDT: 1.619000 < 5.000000
2026-07-06 05:36:46 | WARNING | trading_bot | No se pudo reconciliar salida limit faltante para SOL/USD: Notional insuficiente para SOLUSDT: 1.619000 < 5.000000
2026-07-06 05:36:47 | WARNING | trading_bot | Monitoreo fallido para cuenta Binance Demo: Notional insuficiente para SOLUSDT: 1.619000 < 5.000000
2026-07-06 05:37:16 | WARNING | trading_bot | No se pudo reconciliar salida limit faltante para SOL/USD: Notional insuficiente para SOLUSDT: 1.619000 < 5.000000
2026-07-06 05:37:16 | WARNING | trading_bot | No se pudo reconciliar salida limit faltante para SOL/USD: Notional insuficiente para SOLUSDT: 1.619000 < 5.000000
2026-07-06 05:37:16 | WARNING | trading_bot | Monitoreo fallido para cuenta Binance Demo: Notional insuficiente para SOLUSDT: 1.619000 < 5.000000
2026-07-06 05:37:46 | WARNING | trading_bot | No se pudo reconciliar salida limit faltante para SOL/USD: Notional insuficiente para SOLUSDT: 1.619000 < 5.000000
2026-07-06 05:37:46 | WARNING | trading_bot | No se pudo reconciliar salida limit faltante para SOL/USD: Notional insuficiente para SOLUSDT: 1.619000 < 5.000000
2026-07-06 05:37:47 | WARNING | trading_bot | Monitoreo fallido para cuenta Binance Demo: Notional insuficiente para SOLUSDT: 1.619000 < 5.000000
2026-07-06 05:38:16 | WARNING | trading_bot | No se pudo reconciliar salida limit faltante para SOL/USD: Notional insuficiente para SOLUSDT: 1.619000 < 5.000000
2026-07-06 05:38:16 | WARNING | trading_bot | No se pudo reconciliar salida limit faltante para SOL/USD: Notional insuficiente para SOLUSDT: 1.619000 < 5.000000
2026-07-06 05:38:16 | WARNING | trading_bot | Monitoreo fallido para cuenta Binance Demo: Notional insuficiente para SOLUSDT: 1.619000 < 5.000000
2026-07-06 05:38:46 | WARNING | trading_bot | No se pudo reconciliar salida limit faltante para SOL/USD: Notional insuficiente para SOLUSDT: 1.619000 < 5.000000
2026-07-06 05:38:46 | WARNING | trading_bot | No se pudo reconciliar salida limit faltante para SOL/USD: Notional insuficiente para SOLUSDT: 1.619000 < 5.000000
2026-07-06 05:38:46 | WARNING | trading_bot | Monitoreo fallido para cuenta Binance Demo: Notional insuficiente para SOLUSDT: 1.619000 < 5.000000
2026-07-06 05:39:16 | WARNING | trading_bot | No se pudo reconciliar salida limit faltante para SOL/USD: Notional insuficiente para SOLUSDT: 1.619000 < 5.000000
2026-07-06 05:39:16 | WARNING | trading_bot | No se pudo reconciliar salida limit faltante para SOL/USD: Notional insuficiente para SOLUSDT: 1.619000 < 5.000000
2026-07-06 05:39:17 | WARNING | trading_bot | Monitoreo fallido para cuenta Binance Demo: Notional insuficiente para SOLUSDT: 1.619000 < 5.000000
2026-07-06 05:39:46 | WARNING | trading_bot | No se pudo reconciliar salida limit faltante para SOL/USD: Notional insuficiente para SOLUSDT: 1.619000 < 5.000000
2026-07-06 05:39:46 | WARNING | trading_bot | No se pudo reconciliar salida limit faltante para SOL/USD: Notional insuficiente para SOLUSDT: 1.619000 < 5.000000
2026-07-06 05:39:47 | WARNING | trading_bot | Monitoreo fallido para cuenta Binance Demo: Notional insuficiente para SOLUSDT: 1.619000 < 5.000000
2026-07-06 05:40:16 | WARNING | trading_bot | No se pudo reconciliar salida limit faltante para SOL/USD: Notional insuficiente para SOLUSDT: 1.619000 < 5.000000
2026-07-06 05:40:16 | WARNING | trading_bot | No se pudo reconciliar salida limit faltante para SOL/USD: Notional insuficiente para SOLUSDT: 1.619000 < 5.000000
2026-07-06 05:40:16 | WARNING | trading_bot | Monitoreo fallido para cuenta Binance Demo: Notional insuficiente para SOLUSDT: 1.619000 < 5.000000
2026-07-06 05:40:46 | WARNING | trading_bot | No se pudo reconciliar salida limit faltante para SOL/USD: Notional insuficiente para SOLUSDT: 1.619000 < 5.000000
2026-07-06 05:40:46 | WARNING | trading_bot | No se pudo reconciliar salida limit faltante para SOL/USD: Notional insuficiente para SOLUSDT: 1.619000 < 5.000000
2026-07-06 05:40:47 | WARNING | trading_bot | Monitoreo fallido para cuenta Binance Demo: Notional insuficiente para SOLUSDT: 1.619000 < 5.000000
2026-07-06 05:41:16 | WARNING | trading_bot | No se pudo reconciliar salida limit faltante para SOL/USD: Notional insuficiente para SOLUSDT: 1.619000 < 5.000000
2026-07-06 05:41:16 | WARNING | trading_bot | No se pudo reconciliar salida limit faltante para SOL/USD: Notional insuficiente para SOLUSDT: 1.619000 < 5.000000
2026-07-06 05:41:17 | WARNING | trading_bot | Monitoreo fallido para cuenta Binance Demo: Notional insuficiente para SOLUSDT: 1.619000 < 5.000000
2026-07-06 05:41:46 | WARNING | trading_bot | No se pudo reconciliar salida limit faltante para SOL/USD: Notional insuficiente para SOLUSDT: 1.619000 < 5.000000
2026-07-06 05:41:46 | WARNING | trading_bot | No se pudo reconciliar salida limit faltante para SOL/USD: Notional insuficiente para SOLUSDT: 1.619000 < 5.000000
2026-07-06 05:41:46 | WARNING | trading_bot | Monitoreo fallido para cuenta Binance Demo: Notional insuficiente para SOLUSDT: 1.619000 < 5.000000
2026-07-06 05:42:16 | WARNING | trading_bot | No se pudo reconciliar salida limit faltante para SOL/USD: Notional insuficiente para SOLUSDT: 1.619000 < 5.000000
2026-07-06 05:42:16 | WARNING | trading_bot | No se pudo reconciliar salida limit faltante para SOL/USD: Notional insuficiente para SOLUSDT: 1.619000 < 5.000000
2026-07-06 05:42:17 | WARNING | trading_bot | Monitoreo fallido para cuenta Binance Demo: Notional insuficiente para SOLUSDT: 1.619000 < 5.000000
2026-07-06 05:42:47 | WARNING | trading_bot | No se pudo reconciliar salida limit faltante para SOL/USD: Notional insuficiente para SOLUSDT: 1.619000 < 5.000000
2026-07-06 05:42:47 | WARNING | trading_bot | No se pudo reconciliar salida limit faltante para SOL/USD: Notional insuficiente para SOLUSDT: 1.619000 < 5.000000
2026-07-06 05:42:47 | WARNING | trading_bot | Monitoreo fallido para cuenta Binance Demo: Notional insuficiente para SOLUSDT: 1.619000 < 5.000000
2026-07-06 05:43:16 | WARNING | trading_bot | No se pudo reconciliar salida limit faltante para SOL/USD: Notional insuficiente para SOLUSDT: 1.619000 < 5.000000
2026-07-06 05:43:16 | WARNING | trading_bot | No se pudo reconciliar salida limit faltante para SOL/USD: Notional insuficiente para SOLUSDT: 1.619000 < 5.000000
2026-07-06 05:43:16 | WARNING | trading_bot | Monitoreo fallido para cuenta Binance Demo: Notional insuficiente para SOLUSDT: 1.619000 < 5.000000
2026-07-06 05:43:46 | WARNING | trading_bot | No se pudo reconciliar salida limit faltante para SOL/USD: Notional insuficiente para SOLUSDT: 1.619000 < 5.000000
2026-07-06 05:43:47 | WARNING | trading_bot | No se pudo reconciliar salida limit faltante para SOL/USD: Notional insuficiente para SOLUSDT: 1.619000 < 5.000000
2026-07-06 05:43:47 | WARNING | trading_bot | Monitoreo fallido para cuenta Binance Demo: Notional insuficiente para SOLUSDT: 1.619000 < 5.000000
2026-07-06 05:44:17 | WARNING | trading_bot | No se pudo reconciliar salida limit faltante para SOL/USD: Notional insuficiente para SOLUSDT: 1.619000 < 5.000000
2026-07-06 05:44:17 | WARNING | trading_bot | No se pudo reconciliar salida limit faltante para SOL/USD: Notional insuficiente para SOLUSDT: 1.619000 < 5.000000
2026-07-06 05:44:17 | WARNING | trading_bot | Monitoreo fallido para cuenta Binance Demo: Notional insuficiente para SOLUSDT: 1.619000 < 5.000000
2026-07-06 05:44:46 | WARNING | trading_bot | No se pudo reconciliar salida limit faltante para SOL/USD: Notional insuficiente para SOLUSDT: 1.619000 < 5.000000
2026-07-06 05:44:46 | WARNING | trading_bot | No se pudo reconciliar salida limit faltante para SOL/USD: Notional insuficiente para SOLUSDT: 1.619000 < 5.000000
2026-07-06 05:44:47 | WARNING | trading_bot | Monitoreo fallido para cuenta Binance Demo: Notional insuficiente para SOLUSDT: 1.619000 < 5.000000
2026-07-06 05:45:17 | WARNING | trading_bot | No se pudo reconciliar salida limit faltante para SOL/USD: Notional insuficiente para SOLUSDT: 1.619000 < 5.000000
2026-07-06 05:45:17 | WARNING | trading_bot | No se pudo reconciliar salida limit faltante para SOL/USD: Notional insuficiente para SOLUSDT: 1.619000 < 5.000000
2026-07-06 05:45:17 | WARNING | trading_bot | Monitoreo fallido para cuenta Binance Demo: Notional insuficiente para SOLUSDT: 1.619000 < 5.000000
2026-07-06 05:45:46 | WARNING | trading_bot | No se pudo reconciliar salida limit faltante para SOL/USD: Notional insuficiente para SOLUSDT: 1.619000 < 5.000000
2026-07-06 05:45:47 | WARNING | trading_bot | No se pudo reconciliar salida limit faltante para SOL/USD: Notional insuficiente para SOLUSDT: 1.619000 < 5.000000
2026-07-06 05:45:47 | WARNING | trading_bot | Monitoreo fallido para cuenta Binance Demo: Notional insuficiente para SOLUSDT: 1.619000 < 5.000000
2026-07-06 05:46:16 | WARNING | trading_bot | No se pudo reconciliar salida limit faltante para SOL/USD: Notional insuficiente para SOLUSDT: 1.619000 < 5.000000
2026-07-06 05:46:16 | WARNING | trading_bot | No se pudo reconciliar salida limit faltante para SOL/USD: Notional insuficiente para SOLUSDT: 1.619000 < 5.000000
2026-07-06 05:46:16 | WARNING | trading_bot | Monitoreo fallido para cuenta Binance Demo: Notional insuficiente para SOLUSDT: 1.619000 < 5.000000
2026-07-06 05:46:46 | WARNING | trading_bot | No se pudo reconciliar salida limit faltante para SOL/USD: Notional insuficiente para SOLUSDT: 1.619000 < 5.000000
2026-07-06 05:46:46 | WARNING | trading_bot | No se pudo reconciliar salida limit faltante para SOL/USD: Notional insuficiente para SOLUSDT: 1.619000 < 5.000000
2026-07-06 05:46:46 | WARNING | trading_bot | Monitoreo fallido para cuenta Binance Demo: Notional insuficiente para SOLUSDT: 1.619000 < 5.000000
2026-07-06 05:47:16 | WARNING | trading_bot | No se pudo reconciliar salida limit faltante para SOL/USD: Notional insuficiente para SOLUSDT: 1.619000 < 5.000000
2026-07-06 05:47:16 | WARNING | trading_bot | No se pudo reconciliar salida limit faltante para SOL/USD: Notional insuficiente para SOLUSDT: 1.619000 < 5.000000
2026-07-06 05:47:16 | WARNING | trading_bot | Monitoreo fallido para cuenta Binance Demo: Notional insuficiente para SOLUSDT: 1.619000 < 5.000000
2026-07-06 05:47:46 | WARNING | trading_bot | No se pudo reconciliar salida limit faltante para SOL/USD: Notional insuficiente para SOLUSDT: 1.619000 < 5.000000
2026-07-06 05:47:47 | WARNING | trading_bot | No se pudo reconciliar salida limit faltante para SOL/USD: Notional insuficiente para SOLUSDT: 1.619000 < 5.000000
2026-07-06 05:47:47 | WARNING | trading_bot | Monitoreo fallido para cuenta Binance Demo: Notional insuficiente para SOLUSDT: 1.619000 < 5.000000
2026-07-06 05:48:16 | WARNING | trading_bot | No se pudo reconciliar salida limit faltante para SOL/USD: Notional insuficiente para SOLUSDT: 1.619000 < 5.000000
2026-07-06 05:48:16 | WARNING | trading_bot | No se pudo reconciliar salida limit faltante para SOL/USD: Notional insuficiente para SOLUSDT: 1.619000 < 5.000000
2026-07-06 05:48:17 | WARNING | trading_bot | Monitoreo fallido para cuenta Binance Demo: Notional insuficiente para SOLUSDT: 1.619000 < 5.000000
2026-07-06 05:48:46 | WARNING | trading_bot | No se pudo reconciliar salida limit faltante para SOL/USD: Notional insuficiente para SOLUSDT: 1.619000 < 5.000000
2026-07-06 05:48:46 | WARNING | trading_bot | No se pudo reconciliar salida limit faltante para SOL/USD: Notional insuficiente para SOLUSDT: 1.619000 < 5.000000
2026-07-06 05:48:46 | WARNING | trading_bot | Monitoreo fallido para cuenta Binance Demo: Notional insuficiente para SOLUSDT: 1.619000 < 5.000000
2026-07-06 05:49:16 | WARNING | trading_bot | No se pudo reconciliar salida limit faltante para SOL/USD: Notional insuficiente para SOLUSDT: 1.619000 < 5.000000
2026-07-06 05:49:16 | WARNING | trading_bot | No se pudo reconciliar salida limit faltante para SOL/USD: Notional insuficiente para SOLUSDT: 1.619000 < 5.000000
2026-07-06 05:49:16 | WARNING | trading_bot | Monitoreo fallido para cuenta Binance Demo: Notional insuficiente para SOLUSDT: 1.619000 < 5.000000
2026-07-06 05:49:46 | WARNING | trading_bot | No se pudo reconciliar salida limit faltante para SOL/USD: Notional insuficiente para SOLUSDT: 1.619000 < 5.000000
2026-07-06 05:49:46 | WARNING | trading_bot | No se pudo reconciliar salida limit faltante para SOL/USD: Notional insuficiente para SOLUSDT: 1.619000 < 5.000000
2026-07-06 05:49:47 | WARNING | trading_bot | Monitoreo fallido para cuenta Binance Demo: Notional insuficiente para SOLUSDT: 1.619000 < 5.000000
2026-07-06 05:50:16 | WARNING | trading_bot | No se pudo reconciliar salida limit faltante para SOL/USD: Notional insuficiente para SOLUSDT: 1.619000 < 5.000000
2026-07-06 05:50:16 | WARNING | trading_bot | No se pudo reconciliar salida limit faltante para SOL/USD: Notional insuficiente para SOLUSDT: 1.619000 < 5.000000
2026-07-06 05:50:17 | WARNING | trading_bot | Monitoreo fallido para cuenta Binance Demo: Notional insuficiente para SOLUSDT: 1.619000 < 5.000000
2026-07-06 05:50:46 | WARNING | trading_bot | No se pudo reconciliar salida limit faltante para SOL/USD: Notional insuficiente para SOLUSDT: 1.619000 < 5.000000
2026-07-06 05:50:46 | WARNING | trading_bot | No se pudo reconciliar salida limit faltante para SOL/USD: Notional insuficiente para SOLUSDT: 1.619000 < 5.000000
2026-07-06 05:50:46 | WARNING | trading_bot | Monitoreo fallido para cuenta Binance Demo: Notional insuficiente para SOLUSDT: 1.619000 < 5.000000
2026-07-06 05:51:17 | WARNING | trading_bot | No se pudo reconciliar salida limit faltante para SOL/USD: Notional insuficiente para SOLUSDT: 1.619000 < 5.000000
2026-07-06 05:51:17 | WARNING | trading_bot | No se pudo reconciliar salida limit faltante para SOL/USD: Notional insuficiente para SOLUSDT: 1.619000 < 5.000000
2026-07-06 05:51:17 | WARNING | trading_bot | Monitoreo fallido para cuenta Binance Demo: Notional insuficiente para SOLUSDT: 1.619000 < 5.000000
2026-07-06 05:51:46 | WARNING | trading_bot | No se pudo reconciliar salida limit faltante para SOL/USD: Notional insuficiente para SOLUSDT: 1.619000 < 5.000000
2026-07-06 05:51:46 | WARNING | trading_bot | No se pudo reconciliar salida limit faltante para SOL/USD: Notional insuficiente para SOLUSDT: 1.619000 < 5.000000
2026-07-06 05:51:47 | WARNING | trading_bot | Monitoreo fallido para cuenta Binance Demo: Notional insuficiente para SOLUSDT: 1.619000 < 5.000000
2026-07-06 05:52:16 | WARNING | trading_bot | No se pudo reconciliar salida limit faltante para SOL/USD: Notional insuficiente para SOLUSDT: 1.619000 < 5.000000
2026-07-06 05:52:16 | WARNING | trading_bot | No se pudo reconciliar salida limit faltante para SOL/USD: Notional insuficiente para SOLUSDT: 1.619000 < 5.000000
2026-07-06 05:52:17 | WARNING | trading_bot | Monitoreo fallido para cuenta Binance Demo: Notional insuficiente para SOLUSDT: 1.619000 < 5.000000
2026-07-06 05:52:46 | WARNING | trading_bot | No se pudo reconciliar salida limit faltante para SOL/USD: Notional insuficiente para SOLUSDT: 1.619000 < 5.000000
2026-07-06 05:52:46 | WARNING | trading_bot | No se pudo reconciliar salida limit faltante para SOL/USD: Notional insuficiente para SOLUSDT: 1.619000 < 5.000000
2026-07-06 05:52:47 | WARNING | trading_bot | Monitoreo fallido para cuenta Binance Demo: Notional insuficiente para SOLUSDT: 1.619000 < 5.000000
2026-07-06 05:53:16 | WARNING | trading_bot | No se pudo reconciliar salida limit faltante para SOL/USD: Notional insuficiente para SOLUSDT: 1.619000 < 5.000000
2026-07-06 05:53:16 | WARNING | trading_bot | No se pudo reconciliar salida limit faltante para SOL/USD: Notional insuficiente para SOLUSDT: 1.619000 < 5.000000
2026-07-06 05:53:16 | WARNING | trading_bot | Monitoreo fallido para cuenta Binance Demo: Notional insuficiente para SOLUSDT: 1.619000 < 5.000000
2026-07-06 05:53:46 | WARNING | trading_bot | No se pudo reconciliar salida limit faltante para SOL/USD: Notional insuficiente para SOLUSDT: 1.619000 < 5.000000
2026-07-06 05:53:46 | WARNING | trading_bot | No se pudo reconciliar salida limit faltante para SOL/USD: Notional insuficiente para SOLUSDT: 1.619000 < 5.000000
2026-07-06 05:53:47 | WARNING | trading_bot | Monitoreo fallido para cuenta Binance Demo: Notional insuficiente para SOLUSDT: 1.619000 < 5.000000
2026-07-06 05:54:17 | WARNING | trading_bot | No se pudo reconciliar salida limit faltante para SOL/USD: Notional insuficiente para SOLUSDT: 1.619000 < 5.000000
2026-07-06 05:54:17 | WARNING | trading_bot | No se pudo reconciliar salida limit faltante para SOL/USD: Notional insuficiente para SOLUSDT: 1.619000 < 5.000000
2026-07-06 05:54:17 | WARNING | trading_bot | Monitoreo fallido para cuenta Binance Demo: Notional insuficiente para SOLUSDT: 1.619000 < 5.000000
2026-07-06 05:54:46 | WARNING | trading_bot | No se pudo reconciliar salida limit faltante para SOL/USD: Notional insuficiente para SOLUSDT: 1.619000 < 5.000000
2026-07-06 05:54:46 | WARNING | trading_bot | No se pudo reconciliar salida limit faltante para SOL/USD: Notional insuficiente para SOLUSDT: 1.619000 < 5.000000
2026-07-06 05:54:47 | WARNING | trading_bot | Monitoreo fallido para cuenta Binance Demo: Notional insuficiente para SOLUSDT: 1.619000 < 5.000000
2026-07-06 05:55:16 | WARNING | trading_bot | No se pudo reconciliar salida limit faltante para SOL/USD: Notional insuficiente para SOLUSDT: 1.619000 < 5.000000
2026-07-06 05:55:16 | WARNING | trading_bot | No se pudo reconciliar salida limit faltante para SOL/USD: Notional insuficiente para SOLUSDT: 1.619000 < 5.000000
2026-07-06 05:55:16 | WARNING | trading_bot | Monitoreo fallido para cuenta Binance Demo: Notional insuficiente para SOLUSDT: 1.619000 < 5.000000
2026-07-06 05:55:46 | WARNING | trading_bot | No se pudo reconciliar salida limit faltante para SOL/USD: Notional insuficiente para SOLUSDT: 1.619000 < 5.000000
2026-07-06 05:55:46 | WARNING | trading_bot | No se pudo reconciliar salida limit faltante para SOL/USD: Notional insuficiente para SOLUSDT: 1.619000 < 5.000000
2026-07-06 05:55:47 | WARNING | trading_bot | Monitoreo fallido para cuenta Binance Demo: Notional insuficiente para SOLUSDT: 1.619000 < 5.000000
2026-07-06 05:56:17 | WARNING | trading_bot | No se pudo reconciliar salida limit faltante para SOL/USD: Notional insuficiente para SOLUSDT: 1.619000 < 5.000000
2026-07-06 05:56:17 | WARNING | trading_bot | No se pudo reconciliar salida limit faltante para SOL/USD: Notional insuficiente para SOLUSDT: 1.619000 < 5.000000
2026-07-06 05:56:17 | WARNING | trading_bot | Monitoreo fallido para cuenta Binance Demo: Notional insuficiente para SOLUSDT: 1.619000 < 5.000000
2026-07-06 05:56:46 | WARNING | trading_bot | No se pudo reconciliar salida limit faltante para SOL/USD: Notional insuficiente para SOLUSDT: 1.619000 < 5.000000
2026-07-06 05:56:46 | WARNING | trading_bot | No se pudo reconciliar salida limit faltante para SOL/USD: Notional insuficiente para SOLUSDT: 1.619000 < 5.000000
2026-07-06 05:56:46 | WARNING | trading_bot | Monitoreo fallido para cuenta Binance Demo: Notional insuficiente para SOLUSDT: 1.619000 < 5.000000
2026-07-06 05:57:16 | WARNING | trading_bot | No se pudo reconciliar salida limit faltante para SOL/USD: Notional insuficiente para SOLUSDT: 1.619000 < 5.000000
2026-07-06 05:57:16 | WARNING | trading_bot | No se pudo reconciliar salida limit faltante para SOL/USD: Notional insuficiente para SOLUSDT: 1.619000 < 5.000000
2026-07-06 05:57:16 | WARNING | trading_bot | Monitoreo fallido para cuenta Binance Demo: Notional insuficiente para SOLUSDT: 1.619000 < 5.000000
2026-07-06 05:57:46 | WARNING | trading_bot | No se pudo reconciliar salida limit faltante para SOL/USD: Notional insuficiente para SOLUSDT: 1.619000 < 5.000000
2026-07-06 05:57:46 | WARNING | trading_bot | No se pudo reconciliar salida limit faltante para SOL/USD: Notional insuficiente para SOLUSDT: 1.619000 < 5.000000
2026-07-06 05:57:46 | WARNING | trading_bot | Monitoreo fallido para cuenta Binance Demo: Notional insuficiente para SOLUSDT: 1.619000 < 5.000000
2026-07-06 05:58:16 | WARNING | trading_bot | No se pudo reconciliar salida limit faltante para SOL/USD: Notional insuficiente para SOLUSDT: 1.619000 < 5.000000
2026-07-06 05:58:16 | WARNING | trading_bot | No se pudo reconciliar salida limit faltante para SOL/USD: Notional insuficiente para SOLUSDT: 1.619000 < 5.000000
2026-07-06 05:58:16 | WARNING | trading_bot | Monitoreo fallido para cuenta Binance Demo: Notional insuficiente para SOLUSDT: 1.619000 < 5.000000
2026-07-06 05:58:46 | WARNING | trading_bot | No se pudo reconciliar salida limit faltante para SOL/USD: Notional insuficiente para SOLUSDT: 1.619000 < 5.000000
2026-07-06 05:58:46 | WARNING | trading_bot | No se pudo reconciliar salida limit faltante para SOL/USD: Notional insuficiente para SOLUSDT: 1.619000 < 5.000000
2026-07-06 05:58:46 | WARNING | trading_bot | Monitoreo fallido para cuenta Binance Demo: Notional insuficiente para SOLUSDT: 1.619000 < 5.000000
2026-07-06 05:59:16 | WARNING | trading_bot | No se pudo reconciliar salida limit faltante para SOL/USD: Notional insuficiente para SOLUSDT: 1.619000 < 5.000000
2026-07-06 05:59:16 | WARNING | trading_bot | No se pudo reconciliar salida limit faltante para SOL/USD: Notional insuficiente para SOLUSDT: 1.619000 < 5.000000
2026-07-06 05:59:16 | WARNING | trading_bot | Monitoreo fallido para cuenta Binance Demo: Notional insuficiente para SOLUSDT: 1.619000 < 5.000000
2026-07-06 05:59:47 | WARNING | trading_bot | No se pudo reconciliar salida limit faltante para SOL/USD: Notional insuficiente para SOLUSDT: 1.619000 < 5.000000
2026-07-06 05:59:47 | WARNING | trading_bot | No se pudo reconciliar salida limit faltante para SOL/USD: Notional insuficiente para SOLUSDT: 1.619000 < 5.000000
2026-07-06 05:59:47 | WARNING | trading_bot | Monitoreo fallido para cuenta Binance Demo: Notional insuficiente para SOLUSDT: 1.619000 < 5.000000
2026-07-06 06:00:16 | WARNING | trading_bot | No se pudo reconciliar salida limit faltante para SOL/USD: Notional insuficiente para SOLUSDT: 1.619000 < 5.000000
2026-07-06 06:00:16 | WARNING | trading_bot | No se pudo reconciliar salida limit faltante para SOL/USD: Notional insuficiente para SOLUSDT: 1.619000 < 5.000000
2026-07-06 06:00:16 | WARNING | trading_bot | Monitoreo fallido para cuenta Binance Demo: Notional insuficiente para SOLUSDT: 1.619000 < 5.000000
2026-07-06 06:00:46 | WARNING | trading_bot | No se pudo reconciliar salida limit faltante para SOL/USD: Notional insuficiente para SOLUSDT: 1.619000 < 5.000000
2026-07-06 06:00:46 | WARNING | trading_bot | No se pudo reconciliar salida limit faltante para SOL/USD: Notional insuficiente para SOLUSDT: 1.619000 < 5.000000
2026-07-06 06:00:47 | WARNING | trading_bot | Monitoreo fallido para cuenta Binance Demo: Notional insuficiente para SOLUSDT: 1.619000 < 5.000000
2026-07-06 06:01:16 | WARNING | trading_bot | No se pudo reconciliar salida limit faltante para SOL/USD: Notional insuficiente para SOLUSDT: 1.619000 < 5.000000
2026-07-06 06:01:16 | WARNING | trading_bot | No se pudo reconciliar salida limit faltante para SOL/USD: Notional insuficiente para SOLUSDT: 1.619000 < 5.000000
2026-07-06 06:01:17 | WARNING | trading_bot | Monitoreo fallido para cuenta Binance Demo: Notional insuficiente para SOLUSDT: 1.619000 < 5.000000
2026-07-06 06:01:46 | WARNING | trading_bot | No se pudo reconciliar salida limit faltante para SOL/USD: Notional insuficiente para SOLUSDT: 1.619000 < 5.000000
2026-07-06 06:01:46 | WARNING | trading_bot | No se pudo reconciliar salida limit faltante para SOL/USD: Notional insuficiente para SOLUSDT: 1.619000 < 5.000000
2026-07-06 06:01:47 | WARNING | trading_bot | Monitoreo fallido para cuenta Binance Demo: Notional insuficiente para SOLUSDT: 1.619000 < 5.000000
2026-07-06 06:02:16 | WARNING | trading_bot | No se pudo reconciliar salida limit faltante para SOL/USD: Notional insuficiente para SOLUSDT: 1.619000 < 5.000000
2026-07-06 06:02:16 | WARNING | trading_bot | No se pudo reconciliar salida limit faltante para SOL/USD: Notional insuficiente para SOLUSDT: 1.619000 < 5.000000
2026-07-06 06:02:17 | WARNING | trading_bot | Monitoreo fallido para cuenta Binance Demo: Notional insuficiente para SOLUSDT: 1.619000 < 5.000000
2026-07-06 06:02:46 | WARNING | trading_bot | No se pudo reconciliar salida limit faltante para SOL/USD: Notional insuficiente para SOLUSDT: 1.619000 < 5.000000
2026-07-06 06:02:46 | WARNING | trading_bot | No se pudo reconciliar salida limit faltante para SOL/USD: Notional insuficiente para SOLUSDT: 1.619000 < 5.000000
2026-07-06 06:02:46 | WARNING | trading_bot | Monitoreo fallido para cuenta Binance Demo: Notional insuficiente para SOLUSDT: 1.619000 < 5.000000
2026-07-06 06:03:16 | WARNING | trading_bot | No se pudo reconciliar salida limit faltante para SOL/USD: Notional insuficiente para SOLUSDT: 1.619000 < 5.000000
2026-07-06 06:03:16 | WARNING | trading_bot | No se pudo reconciliar salida limit faltante para SOL/USD: Notional insuficiente para SOLUSDT: 1.619000 < 5.000000
2026-07-06 06:03:17 | WARNING | trading_bot | Monitoreo fallido para cuenta Binance Demo: Notional insuficiente para SOLUSDT: 1.619000 < 5.000000
2026-07-06 06:03:46 | WARNING | trading_bot | No se pudo reconciliar salida limit faltante para SOL/USD: Notional insuficiente para SOLUSDT: 1.619000 < 5.000000
2026-07-06 06:03:46 | WARNING | trading_bot | No se pudo reconciliar salida limit faltante para SOL/USD: Notional insuficiente para SOLUSDT: 1.619000 < 5.000000
2026-07-06 06:03:47 | WARNING | trading_bot | Monitoreo fallido para cuenta Binance Demo: Notional insuficiente para SOLUSDT: 1.619000 < 5.000000
2026-07-06 06:04:17 | WARNING | trading_bot | No se pudo reconciliar salida limit faltante para SOL/USD: Notional insuficiente para SOLUSDT: 1.619000 < 5.000000
2026-07-06 06:04:17 | WARNING | trading_bot | No se pudo reconciliar salida limit faltante para SOL/USD: Notional insuficiente para SOLUSDT: 1.619000 < 5.000000
2026-07-06 06:04:17 | WARNING | trading_bot | Monitoreo fallido para cuenta Binance Demo: Notional insuficiente para SOLUSDT: 1.619000 < 5.000000
2026-07-06 06:04:46 | WARNING | trading_bot | No se pudo reconciliar salida limit faltante para SOL/USD: Notional insuficiente para SOLUSDT: 1.619000 < 5.000000
2026-07-06 06:04:47 | WARNING | trading_bot | No se pudo reconciliar salida limit faltante para SOL/USD: Notional insuficiente para SOLUSDT: 1.619000 < 5.000000
2026-07-06 06:04:47 | WARNING | trading_bot | Monitoreo fallido para cuenta Binance Demo: Notional insuficiente para SOLUSDT: 1.619000 < 5.000000
2026-07-06 06:05:16 | WARNING | trading_bot | No se pudo reconciliar salida limit faltante para SOL/USD: Notional insuficiente para SOLUSDT: 1.619000 < 5.000000
2026-07-06 06:05:16 | WARNING | trading_bot | No se pudo reconciliar salida limit faltante para SOL/USD: Notional insuficiente para SOLUSDT: 1.619000 < 5.000000
2026-07-06 06:05:17 | WARNING | trading_bot | Monitoreo fallido para cuenta Binance Demo: Notional insuficiente para SOLUSDT: 1.619000 < 5.000000
2026-07-06 06:05:46 | WARNING | trading_bot | No se pudo reconciliar salida limit faltante para SOL/USD: Notional insuficiente para SOLUSDT: 1.619000 < 5.000000
2026-07-06 06:05:46 | WARNING | trading_bot | No se pudo reconciliar salida limit faltante para SOL/USD: Notional insuficiente para SOLUSDT: 1.619000 < 5.000000
2026-07-06 06:05:47 | WARNING | trading_bot | Monitoreo fallido para cuenta Binance Demo: Notional insuficiente para SOLUSDT: 1.619000 < 5.000000
2026-07-06 06:06:16 | WARNING | trading_bot | No se pudo reconciliar salida limit faltante para SOL/USD: Notional insuficiente para SOLUSDT: 1.619000 < 5.000000
2026-07-06 06:06:16 | WARNING | trading_bot | No se pudo reconciliar salida limit faltante para SOL/USD: Notional insuficiente para SOLUSDT: 1.619000 < 5.000000
2026-07-06 06:06:16 | WARNING | trading_bot | Monitoreo fallido para cuenta Binance Demo: Notional insuficiente para SOLUSDT: 1.619000 < 5.000000
2026-07-06 06:06:46 | WARNING | trading_bot | No se pudo reconciliar salida limit faltante para SOL/USD: Notional insuficiente para SOLUSDT: 1.619000 < 5.000000
2026-07-06 06:06:47 | WARNING | trading_bot | No se pudo reconciliar salida limit faltante para SOL/USD: Notional insuficiente para SOLUSDT: 1.619000 < 5.000000
2026-07-06 06:06:47 | WARNING | trading_bot | Monitoreo fallido para cuenta Binance Demo: Notional insuficiente para SOLUSDT: 1.619000 < 5.000000
2026-07-06 06:07:16 | WARNING | trading_bot | No se pudo reconciliar salida limit faltante para SOL/USD: Notional insuficiente para SOLUSDT: 1.619000 < 5.000000
2026-07-06 06:07:16 | WARNING | trading_bot | No se pudo reconciliar salida limit faltante para SOL/USD: Notional insuficiente para SOLUSDT: 1.619000 < 5.000000
2026-07-06 06:07:17 | WARNING | trading_bot | Monitoreo fallido para cuenta Binance Demo: Notional insuficiente para SOLUSDT: 1.619000 < 5.000000
2026-07-06 06:07:46 | WARNING | trading_bot | No se pudo reconciliar salida limit faltante para SOL/USD: Notional insuficiente para SOLUSDT: 1.619000 < 5.000000
2026-07-06 06:07:47 | WARNING | trading_bot | No se pudo reconciliar salida limit faltante para SOL/USD: Notional insuficiente para SOLUSDT: 1.619000 < 5.000000
2026-07-06 06:07:47 | WARNING | trading_bot | Monitoreo fallido para cuenta Binance Demo: Notional insuficiente para SOLUSDT: 1.619000 < 5.000000
2026-07-06 06:08:16 | WARNING | trading_bot | No se pudo reconciliar salida limit faltante para SOL/USD: Notional insuficiente para SOLUSDT: 1.619000 < 5.000000
2026-07-06 06:08:16 | WARNING | trading_bot | No se pudo reconciliar salida limit faltante para SOL/USD: Notional insuficiente para SOLUSDT: 1.619000 < 5.000000
2026-07-06 06:08:16 | WARNING | trading_bot | Monitoreo fallido para cuenta Binance Demo: Notional insuficiente para SOLUSDT: 1.619000 < 5.000000
2026-07-06 06:08:46 | WARNING | trading_bot | No se pudo reconciliar salida limit faltante para SOL/USD: Notional insuficiente para SOLUSDT: 1.619000 < 5.000000
2026-07-06 06:08:46 | WARNING | trading_bot | No se pudo reconciliar salida limit faltante para SOL/USD: Notional insuficiente para SOLUSDT: 1.619000 < 5.000000
2026-07-06 06:08:46 | WARNING | trading_bot | Monitoreo fallido para cuenta Binance Demo: Notional insuficiente para SOLUSDT: 1.619000 < 5.000000
2026-07-06 06:09:16 | WARNING | trading_bot | No se pudo reconciliar salida limit faltante para SOL/USD: Notional insuficiente para SOLUSDT: 1.619000 < 5.000000
2026-07-06 06:09:16 | WARNING | trading_bot | No se pudo reconciliar salida limit faltante para SOL/USD: Notional insuficiente para SOLUSDT: 1.619000 < 5.000000
2026-07-06 06:09:16 | WARNING | trading_bot | Monitoreo fallido para cuenta Binance Demo: Notional insuficiente para SOLUSDT: 1.619000 < 5.000000
2026-07-06 06:09:46 | WARNING | trading_bot | No se pudo reconciliar salida limit faltante para SOL/USD: Notional insuficiente para SOLUSDT: 1.619000 < 5.000000
2026-07-06 06:09:46 | WARNING | trading_bot | No se pudo reconciliar salida limit faltante para SOL/USD: Notional insuficiente para SOLUSDT: 1.619000 < 5.000000
2026-07-06 06:09:46 | WARNING | trading_bot | Monitoreo fallido para cuenta Binance Demo: Notional insuficiente para SOLUSDT: 1.619000 < 5.000000
2026-07-06 06:10:16 | WARNING | trading_bot | No se pudo reconciliar salida limit faltante para SOL/USD: Notional insuficiente para SOLUSDT: 1.619000 < 5.000000
2026-07-06 06:10:16 | WARNING | trading_bot | No se pudo reconciliar salida limit faltante para SOL/USD: Notional insuficiente para SOLUSDT: 1.619000 < 5.000000
2026-07-06 06:10:17 | WARNING | trading_bot | Monitoreo fallido para cuenta Binance Demo: Notional insuficiente para SOLUSDT: 1.619000 < 5.000000
2026-07-06 06:10:46 | WARNING | trading_bot | No se pudo reconciliar salida limit faltante para SOL/USD: Notional insuficiente para SOLUSDT: 1.619000 < 5.000000
2026-07-06 06:10:46 | WARNING | trading_bot | No se pudo reconciliar salida limit faltante para SOL/USD: Notional insuficiente para SOLUSDT: 1.619000 < 5.000000
2026-07-06 06:10:46 | WARNING | trading_bot | Monitoreo fallido para cuenta Binance Demo: Notional insuficiente para SOLUSDT: 1.619000 < 5.000000
2026-07-06 06:11:16 | WARNING | trading_bot | No se pudo reconciliar salida limit faltante para SOL/USD: Notional insuficiente para SOLUSDT: 1.619000 < 5.000000
2026-07-06 06:11:16 | WARNING | trading_bot | No se pudo reconciliar salida limit faltante para SOL/USD: Notional insuficiente para SOLUSDT: 1.619000 < 5.000000
2026-07-06 06:11:16 | WARNING | trading_bot | Monitoreo fallido para cuenta Binance Demo: Notional insuficiente para SOLUSDT: 1.619000 < 5.000000
2026-07-06 06:11:46 | WARNING | trading_bot | No se pudo reconciliar salida limit faltante para SOL/USD: Notional insuficiente para SOLUSDT: 1.619000 < 5.000000
2026-07-06 06:11:46 | WARNING | trading_bot | No se pudo reconciliar salida limit faltante para SOL/USD: Notional insuficiente para SOLUSDT: 1.619000 < 5.000000
2026-07-06 06:11:46 | WARNING | trading_bot | Monitoreo fallido para cuenta Binance Demo: Notional insuficiente para SOLUSDT: 1.619000 < 5.000000
2026-07-06 06:12:16 | WARNING | trading_bot | No se pudo reconciliar salida limit faltante para SOL/USD: Notional insuficiente para SOLUSDT: 1.619000 < 5.000000
2026-07-06 06:12:16 | WARNING | trading_bot | No se pudo reconciliar salida limit faltante para SOL/USD: Notional insuficiente para SOLUSDT: 1.619000 < 5.000000
2026-07-06 06:12:17 | WARNING | trading_bot | Monitoreo fallido para cuenta Binance Demo: Notional insuficiente para SOLUSDT: 1.619000 < 5.000000
2026-07-06 06:12:46 | WARNING | trading_bot | No se pudo reconciliar salida limit faltante para SOL/USD: Notional insuficiente para SOLUSDT: 1.619000 < 5.000000
2026-07-06 06:12:46 | WARNING | trading_bot | No se pudo reconciliar salida limit faltante para SOL/USD: Notional insuficiente para SOLUSDT: 1.619000 < 5.000000
2026-07-06 06:12:47 | WARNING | trading_bot | Monitoreo fallido para cuenta Binance Demo: Notional insuficiente para SOLUSDT: 1.619000 < 5.000000
2026-07-06 06:13:17 | WARNING | trading_bot | No se pudo reconciliar salida limit faltante para SOL/USD: Notional insuficiente para SOLUSDT: 1.619000 < 5.000000
2026-07-06 06:13:17 | WARNING | trading_bot | No se pudo reconciliar salida limit faltante para SOL/USD: Notional insuficiente para SOLUSDT: 1.619000 < 5.000000
2026-07-06 06:13:17 | WARNING | trading_bot | Monitoreo fallido para cuenta Binance Demo: Notional insuficiente para SOLUSDT: 1.619000 < 5.000000
2026-07-06 06:13:46 | WARNING | trading_bot | No se pudo reconciliar salida limit faltante para SOL/USD: Notional insuficiente para SOLUSDT: 1.619000 < 5.000000
2026-07-06 06:13:46 | WARNING | trading_bot | No se pudo reconciliar salida limit faltante para SOL/USD: Notional insuficiente para SOLUSDT: 1.619000 < 5.000000
2026-07-06 06:13:46 | WARNING | trading_bot | Monitoreo fallido para cuenta Binance Demo: Notional insuficiente para SOLUSDT: 1.619000 < 5.000000
2026-07-06 06:14:17 | WARNING | trading_bot | No se pudo reconciliar salida limit faltante para SOL/USD: Notional insuficiente para SOLUSDT: 1.619000 < 5.000000
2026-07-06 06:14:17 | WARNING | trading_bot | No se pudo reconciliar salida limit faltante para SOL/USD: Notional insuficiente para SOLUSDT: 1.619000 < 5.000000
2026-07-06 06:14:18 | WARNING | trading_bot | Monitoreo fallido para cuenta Binance Demo: Notional insuficiente para SOLUSDT: 1.619000 < 5.000000
2026-07-06 06:14:46 | WARNING | trading_bot | No se pudo reconciliar salida limit faltante para SOL/USD: Notional insuficiente para SOLUSDT: 1.619000 < 5.000000
2026-07-06 06:14:46 | WARNING | trading_bot | No se pudo reconciliar salida limit faltante para SOL/USD: Notional insuficiente para SOLUSDT: 1.619000 < 5.000000
2026-07-06 06:14:47 | WARNING | trading_bot | Monitoreo fallido para cuenta Binance Demo: Notional insuficiente para SOLUSDT: 1.619000 < 5.000000
2026-07-06 06:15:17 | WARNING | trading_bot | No se pudo reconciliar salida limit faltante para SOL/USD: Notional insuficiente para SOLUSDT: 1.619000 < 5.000000
2026-07-06 06:15:17 | WARNING | trading_bot | No se pudo reconciliar salida limit faltante para SOL/USD: Notional insuficiente para SOLUSDT: 1.619000 < 5.000000
2026-07-06 06:15:17 | WARNING | trading_bot | Monitoreo fallido para cuenta Binance Demo: Notional insuficiente para SOLUSDT: 1.619000 < 5.000000
2026-07-06 06:15:46 | WARNING | trading_bot | No se pudo reconciliar salida limit faltante para SOL/USD: Notional insuficiente para SOLUSDT: 1.619000 < 5.000000
2026-07-06 06:15:46 | WARNING | trading_bot | No se pudo reconciliar salida limit faltante para SOL/USD: Notional insuficiente para SOLUSDT: 1.619000 < 5.000000
2026-07-06 06:15:46 | WARNING | trading_bot | Monitoreo fallido para cuenta Binance Demo: Notional insuficiente para SOLUSDT: 1.619000 < 5.000000
2026-07-06 06:16:16 | WARNING | trading_bot | No se pudo reconciliar salida limit faltante para SOL/USD: Notional insuficiente para SOLUSDT: 1.619000 < 5.000000
2026-07-06 06:16:16 | WARNING | trading_bot | No se pudo reconciliar salida limit faltante para SOL/USD: Notional insuficiente para SOLUSDT: 1.619000 < 5.000000
2026-07-06 06:16:16 | WARNING | trading_bot | Monitoreo fallido para cuenta Binance Demo: Notional insuficiente para SOLUSDT: 1.619000 < 5.000000
2026-07-06 06:16:46 | WARNING | trading_bot | No se pudo reconciliar salida limit faltante para SOL/USD: Notional insuficiente para SOLUSDT: 1.619000 < 5.000000
2026-07-06 06:16:46 | WARNING | trading_bot | No se pudo reconciliar salida limit faltante para SOL/USD: Notional insuficiente para SOLUSDT: 1.619000 < 5.000000
2026-07-06 06:16:46 | WARNING | trading_bot | Monitoreo fallido para cuenta Binance Demo: Notional insuficiente para SOLUSDT: 1.619000 < 5.000000
2026-07-06 06:17:16 | WARNING | trading_bot | No se pudo reconciliar salida limit faltante para SOL/USD: Notional insuficiente para SOLUSDT: 1.619000 < 5.000000
2026-07-06 06:17:16 | WARNING | trading_bot | No se pudo reconciliar salida limit faltante para SOL/USD: Notional insuficiente para SOLUSDT: 1.619000 < 5.000000
2026-07-06 06:17:16 | WARNING | trading_bot | Monitoreo fallido para cuenta Binance Demo: Notional insuficiente para SOLUSDT: 1.619000 < 5.000000
2026-07-06 06:17:46 | WARNING | trading_bot | No se pudo reconciliar salida limit faltante para SOL/USD: Notional insuficiente para SOLUSDT: 1.619000 < 5.000000
2026-07-06 06:17:46 | WARNING | trading_bot | No se pudo reconciliar salida limit faltante para SOL/USD: Notional insuficiente para SOLUSDT: 1.619000 < 5.000000
2026-07-06 06:17:47 | WARNING | trading_bot | Monitoreo fallido para cuenta Binance Demo: Notional insuficiente para SOLUSDT: 1.619000 < 5.000000
2026-07-06 06:18:16 | WARNING | trading_bot | No se pudo reconciliar salida limit faltante para SOL/USD: Notional insuficiente para SOLUSDT: 1.619000 < 5.000000
2026-07-06 06:18:16 | WARNING | trading_bot | No se pudo reconciliar salida limit faltante para SOL/USD: Notional insuficiente para SOLUSDT: 1.619000 < 5.000000
2026-07-06 06:18:17 | WARNING | trading_bot | Monitoreo fallido para cuenta Binance Demo: Notional insuficiente para SOLUSDT: 1.619000 < 5.000000
2026-07-06 06:18:46 | WARNING | trading_bot | No se pudo reconciliar salida limit faltante para SOL/USD: Notional insuficiente para SOLUSDT: 1.619000 < 5.000000
2026-07-06 06:18:46 | WARNING | trading_bot | No se pudo reconciliar salida limit faltante para SOL/USD: Notional insuficiente para SOLUSDT: 1.619000 < 5.000000
2026-07-06 06:18:47 | WARNING | trading_bot | Monitoreo fallido para cuenta Binance Demo: Notional insuficiente para SOLUSDT: 1.619000 < 5.000000
2026-07-06 06:19:16 | WARNING | trading_bot | No se pudo reconciliar salida limit faltante para SOL/USD: Notional insuficiente para SOLUSDT: 1.619000 < 5.000000
2026-07-06 06:19:16 | WARNING | trading_bot | No se pudo reconciliar salida limit faltante para SOL/USD: Notional insuficiente para SOLUSDT: 1.619000 < 5.000000
2026-07-06 06:19:17 | WARNING | trading_bot | Monitoreo fallido para cuenta Binance Demo: Notional insuficiente para SOLUSDT: 1.619000 < 5.000000
2026-07-06 06:19:46 | WARNING | trading_bot | No se pudo reconciliar salida limit faltante para SOL/USD: Notional insuficiente para SOLUSDT: 1.619000 < 5.000000
2026-07-06 06:19:46 | WARNING | trading_bot | No se pudo reconciliar salida limit faltante para SOL/USD: Notional insuficiente para SOLUSDT: 1.619000 < 5.000000
2026-07-06 06:19:46 | WARNING | trading_bot | Monitoreo fallido para cuenta Binance Demo: Notional insuficiente para SOLUSDT: 1.619000 < 5.000000
2026-07-06 06:20:16 | WARNING | trading_bot | No se pudo reconciliar salida limit faltante para SOL/USD: Notional insuficiente para SOLUSDT: 1.619000 < 5.000000
2026-07-06 06:20:16 | WARNING | trading_bot | No se pudo reconciliar salida limit faltante para SOL/USD: Notional insuficiente para SOLUSDT: 1.619000 < 5.000000
2026-07-06 06:20:16 | WARNING | trading_bot | Monitoreo fallido para cuenta Binance Demo: Notional insuficiente para SOLUSDT: 1.619000 < 5.000000
2026-07-06 06:20:46 | WARNING | trading_bot | No se pudo reconciliar salida limit faltante para SOL/USD: Notional insuficiente para SOLUSDT: 1.619000 < 5.000000
2026-07-06 06:20:46 | WARNING | trading_bot | No se pudo reconciliar salida limit faltante para SOL/USD: Notional insuficiente para SOLUSDT: 1.619000 < 5.000000
2026-07-06 06:20:47 | WARNING | trading_bot | Monitoreo fallido para cuenta Binance Demo: Notional insuficiente para SOLUSDT: 1.619000 < 5.000000
2026-07-06 06:21:16 | WARNING | trading_bot | No se pudo reconciliar salida limit faltante para SOL/USD: Notional insuficiente para SOLUSDT: 1.619000 < 5.000000
2026-07-06 06:21:16 | WARNING | trading_bot | No se pudo reconciliar salida limit faltante para SOL/USD: Notional insuficiente para SOLUSDT: 1.619000 < 5.000000
2026-07-06 06:21:16 | WARNING | trading_bot | Monitoreo fallido para cuenta Binance Demo: Notional insuficiente para SOLUSDT: 1.619000 < 5.000000
2026-07-06 06:21:46 | WARNING | trading_bot | No se pudo reconciliar salida limit faltante para SOL/USD: Notional insuficiente para SOLUSDT: 1.619000 < 5.000000
2026-07-06 06:21:47 | WARNING | trading_bot | No se pudo reconciliar salida limit faltante para SOL/USD: Notional insuficiente para SOLUSDT: 1.619000 < 5.000000
2026-07-06 06:21:47 | WARNING | trading_bot | Monitoreo fallido para cuenta Binance Demo: Notional insuficiente para SOLUSDT: 1.619000 < 5.000000
2026-07-06 06:22:16 | WARNING | trading_bot | No se pudo reconciliar salida limit faltante para SOL/USD: Notional insuficiente para SOLUSDT: 1.619000 < 5.000000
2026-07-06 06:22:16 | WARNING | trading_bot | No se pudo reconciliar salida limit faltante para SOL/USD: Notional insuficiente para SOLUSDT: 1.619000 < 5.000000
2026-07-06 06:22:16 | WARNING | trading_bot | Monitoreo fallido para cuenta Binance Demo: Notional insuficiente para SOLUSDT: 1.619000 < 5.000000
2026-07-06 06:22:46 | WARNING | trading_bot | No se pudo reconciliar salida limit faltante para SOL/USD: Notional insuficiente para SOLUSDT: 1.619000 < 5.000000
2026-07-06 06:22:46 | WARNING | trading_bot | No se pudo reconciliar salida limit faltante para SOL/USD: Notional insuficiente para SOLUSDT: 1.619000 < 5.000000
2026-07-06 06:22:47 | WARNING | trading_bot | Monitoreo fallido para cuenta Binance Demo: Notional insuficiente para SOLUSDT: 1.619000 < 5.000000
2026-07-06 06:23:17 | WARNING | trading_bot | No se pudo reconciliar salida limit faltante para SOL/USD: Notional insuficiente para SOLUSDT: 1.619000 < 5.000000
2026-07-06 06:23:17 | WARNING | trading_bot | No se pudo reconciliar salida limit faltante para SOL/USD: Notional insuficiente para SOLUSDT: 1.619000 < 5.000000
2026-07-06 06:23:17 | WARNING | trading_bot | Monitoreo fallido para cuenta Binance Demo: Notional insuficiente para SOLUSDT: 1.619000 < 5.000000
2026-07-06 06:23:46 | WARNING | trading_bot | No se pudo reconciliar salida limit faltante para SOL/USD: Notional insuficiente para SOLUSDT: 1.619000 < 5.000000
2026-07-06 06:23:46 | WARNING | trading_bot | No se pudo reconciliar salida limit faltante para SOL/USD: Notional insuficiente para SOLUSDT: 1.619000 < 5.000000
2026-07-06 06:23:46 | WARNING | trading_bot | Monitoreo fallido para cuenta Binance Demo: Notional insuficiente para SOLUSDT: 1.619000 < 5.000000
2026-07-06 06:24:16 | WARNING | trading_bot | No se pudo reconciliar salida limit faltante para SOL/USD: Notional insuficiente para SOLUSDT: 1.619000 < 5.000000
2026-07-06 06:24:16 | WARNING | trading_bot | No se pudo reconciliar salida limit faltante para SOL/USD: Notional insuficiente para SOLUSDT: 1.619000 < 5.000000
2026-07-06 06:24:16 | WARNING | trading_bot | Monitoreo fallido para cuenta Binance Demo: Notional insuficiente para SOLUSDT: 1.619000 < 5.000000
2026-07-06 06:24:46 | WARNING | trading_bot | No se pudo reconciliar salida limit faltante para SOL/USD: Notional insuficiente para SOLUSDT: 1.619000 < 5.000000
2026-07-06 06:24:46 | WARNING | trading_bot | No se pudo reconciliar salida limit faltante para SOL/USD: Notional insuficiente para SOLUSDT: 1.619000 < 5.000000
2026-07-06 06:24:47 | WARNING | trading_bot | Monitoreo fallido para cuenta Binance Demo: Notional insuficiente para SOLUSDT: 1.619000 < 5.000000
2026-07-06 06:25:16 | WARNING | trading_bot | No se pudo reconciliar salida limit faltante para SOL/USD: Notional insuficiente para SOLUSDT: 1.619000 < 5.000000
2026-07-06 06:25:16 | WARNING | trading_bot | No se pudo reconciliar salida limit faltante para SOL/USD: Notional insuficiente para SOLUSDT: 1.619000 < 5.000000
2026-07-06 06:25:16 | WARNING | trading_bot | Monitoreo fallido para cuenta Binance Demo: Notional insuficiente para SOLUSDT: 1.619000 < 5.000000
2026-07-06 06:25:47 | WARNING | trading_bot | No se pudo reconciliar salida limit faltante para SOL/USD: Notional insuficiente para SOLUSDT: 1.619000 < 5.000000
2026-07-06 06:25:47 | WARNING | trading_bot | No se pudo reconciliar salida limit faltante para SOL/USD: Notional insuficiente para SOLUSDT: 1.619000 < 5.000000
2026-07-06 06:25:48 | WARNING | trading_bot | Monitoreo fallido para cuenta Binance Demo: Notional insuficiente para SOLUSDT: 1.619000 < 5.000000
2026-07-06 06:26:16 | WARNING | trading_bot | No se pudo reconciliar salida limit faltante para SOL/USD: Notional insuficiente para SOLUSDT: 1.619000 < 5.000000
2026-07-06 06:26:16 | WARNING | trading_bot | No se pudo reconciliar salida limit faltante para SOL/USD: Notional insuficiente para SOLUSDT: 1.619000 < 5.000000
2026-07-06 06:26:16 | WARNING | trading_bot | Monitoreo fallido para cuenta Binance Demo: Notional insuficiente para SOLUSDT: 1.619000 < 5.000000
2026-07-06 06:26:46 | WARNING | trading_bot | No se pudo reconciliar salida limit faltante para SOL/USD: Notional insuficiente para SOLUSDT: 1.619000 < 5.000000
2026-07-06 06:26:46 | WARNING | trading_bot | No se pudo reconciliar salida limit faltante para SOL/USD: Notional insuficiente para SOLUSDT: 1.619000 < 5.000000
2026-07-06 06:26:47 | WARNING | trading_bot | Monitoreo fallido para cuenta Binance Demo: Notional insuficiente para SOLUSDT: 1.619000 < 5.000000
2026-07-06 06:27:17 | WARNING | trading_bot | No se pudo reconciliar salida limit faltante para SOL/USD: Notional insuficiente para SOLUSDT: 1.619000 < 5.000000
2026-07-06 06:27:17 | WARNING | trading_bot | No se pudo reconciliar salida limit faltante para SOL/USD: Notional insuficiente para SOLUSDT: 1.619000 < 5.000000
2026-07-06 06:27:17 | WARNING | trading_bot | Monitoreo fallido para cuenta Binance Demo: Notional insuficiente para SOLUSDT: 1.619000 < 5.000000
2026-07-06 06:27:46 | WARNING | trading_bot | No se pudo reconciliar salida limit faltante para SOL/USD: Notional insuficiente para SOLUSDT: 1.619000 < 5.000000
2026-07-06 06:27:46 | WARNING | trading_bot | No se pudo reconciliar salida limit faltante para SOL/USD: Notional insuficiente para SOLUSDT: 1.619000 < 5.000000
2026-07-06 06:27:46 | WARNING | trading_bot | Monitoreo fallido para cuenta Binance Demo: Notional insuficiente para SOLUSDT: 1.619000 < 5.000000
2026-07-06 06:28:16 | WARNING | trading_bot | No se pudo reconciliar salida limit faltante para SOL/USD: Notional insuficiente para SOLUSDT: 1.619000 < 5.000000
2026-07-06 06:28:16 | WARNING | trading_bot | No se pudo reconciliar salida limit faltante para SOL/USD: Notional insuficiente para SOLUSDT: 1.619000 < 5.000000
2026-07-06 06:28:16 | WARNING | trading_bot | Monitoreo fallido para cuenta Binance Demo: Notional insuficiente para SOLUSDT: 1.619000 < 5.000000
2026-07-06 06:28:46 | WARNING | trading_bot | No se pudo reconciliar salida limit faltante para SOL/USD: Notional insuficiente para SOLUSDT: 1.619000 < 5.000000
2026-07-06 06:28:46 | WARNING | trading_bot | No se pudo reconciliar salida limit faltante para SOL/USD: Notional insuficiente para SOLUSDT: 1.619000 < 5.000000
2026-07-06 06:28:47 | WARNING | trading_bot | Monitoreo fallido para cuenta Binance Demo: Notional insuficiente para SOLUSDT: 1.619000 < 5.000000
2026-07-06 06:29:16 | WARNING | trading_bot | No se pudo reconciliar salida limit faltante para SOL/USD: Notional insuficiente para SOLUSDT: 1.619000 < 5.000000
2026-07-06 06:29:16 | WARNING | trading_bot | No se pudo reconciliar salida limit faltante para SOL/USD: Notional insuficiente para SOLUSDT: 1.619000 < 5.000000
2026-07-06 06:29:16 | WARNING | trading_bot | Monitoreo fallido para cuenta Binance Demo: Notional insuficiente para SOLUSDT: 1.619000 < 5.000000
2026-07-06 06:29:46 | WARNING | trading_bot | No se pudo reconciliar salida limit faltante para SOL/USD: Notional insuficiente para SOLUSDT: 1.619000 < 5.000000
2026-07-06 06:29:46 | WARNING | trading_bot | No se pudo reconciliar salida limit faltante para SOL/USD: Notional insuficiente para SOLUSDT: 1.619000 < 5.000000
2026-07-06 06:29:47 | WARNING | trading_bot | Monitoreo fallido para cuenta Binance Demo: Notional insuficiente para SOLUSDT: 1.619000 < 5.000000
2026-07-06 06:30:16 | WARNING | trading_bot | No se pudo reconciliar salida limit faltante para SOL/USD: Notional insuficiente para SOLUSDT: 1.619000 < 5.000000
2026-07-06 06:30:16 | WARNING | trading_bot | No se pudo reconciliar salida limit faltante para SOL/USD: Notional insuficiente para SOLUSDT: 1.619000 < 5.000000
2026-07-06 06:30:16 | WARNING | trading_bot | Monitoreo fallido para cuenta Binance Demo: Notional insuficiente para SOLUSDT: 1.619000 < 5.000000
2026-07-06 06:30:46 | WARNING | trading_bot | No se pudo reconciliar salida limit faltante para SOL/USD: Notional insuficiente para SOLUSDT: 1.619000 < 5.000000
2026-07-06 06:30:46 | WARNING | trading_bot | No se pudo reconciliar salida limit faltante para SOL/USD: Notional insuficiente para SOLUSDT: 1.619000 < 5.000000
2026-07-06 06:30:47 | WARNING | trading_bot | Monitoreo fallido para cuenta Binance Demo: Notional insuficiente para SOLUSDT: 1.619000 < 5.000000
2026-07-06 06:31:16 | WARNING | trading_bot | No se pudo reconciliar salida limit faltante para SOL/USD: Notional insuficiente para SOLUSDT: 1.619000 < 5.000000
2026-07-06 06:31:16 | WARNING | trading_bot | No se pudo reconciliar salida limit faltante para SOL/USD: Notional insuficiente para SOLUSDT: 1.619000 < 5.000000
2026-07-06 06:31:16 | WARNING | trading_bot | Monitoreo fallido para cuenta Binance Demo: Notional insuficiente para SOLUSDT: 1.619000 < 5.000000
2026-07-06 06:31:46 | WARNING | trading_bot | No se pudo reconciliar salida limit faltante para SOL/USD: Notional insuficiente para SOLUSDT: 1.619000 < 5.000000
2026-07-06 06:31:46 | WARNING | trading_bot | No se pudo reconciliar salida limit faltante para SOL/USD: Notional insuficiente para SOLUSDT: 1.619000 < 5.000000
2026-07-06 06:31:47 | WARNING | trading_bot | Monitoreo fallido para cuenta Binance Demo: Notional insuficiente para SOLUSDT: 1.619000 < 5.000000
2026-07-06 06:32:17 | WARNING | trading_bot | No se pudo reconciliar salida limit faltante para SOL/USD: Notional insuficiente para SOLUSDT: 1.619000 < 5.000000
2026-07-06 06:32:17 | WARNING | trading_bot | No se pudo reconciliar salida limit faltante para SOL/USD: Notional insuficiente para SOLUSDT: 1.619000 < 5.000000
2026-07-06 06:32:17 | WARNING | trading_bot | Monitoreo fallido para cuenta Binance Demo: Notional insuficiente para SOLUSDT: 1.619000 < 5.000000
2026-07-06 06:32:46 | WARNING | trading_bot | No se pudo reconciliar salida limit faltante para SOL/USD: Notional insuficiente para SOLUSDT: 1.619000 < 5.000000
2026-07-06 06:32:46 | WARNING | trading_bot | No se pudo reconciliar salida limit faltante para SOL/USD: Notional insuficiente para SOLUSDT: 1.619000 < 5.000000
2026-07-06 06:32:47 | WARNING | trading_bot | Monitoreo fallido para cuenta Binance Demo: Notional insuficiente para SOLUSDT: 1.619000 < 5.000000
2026-07-06 06:33:16 | WARNING | trading_bot | No se pudo reconciliar salida limit faltante para SOL/USD: Notional insuficiente para SOLUSDT: 1.619000 < 5.000000
2026-07-06 06:33:16 | WARNING | trading_bot | No se pudo reconciliar salida limit faltante para SOL/USD: Notional insuficiente para SOLUSDT: 1.619000 < 5.000000
2026-07-06 06:33:17 | WARNING | trading_bot | Monitoreo fallido para cuenta Binance Demo: Notional insuficiente para SOLUSDT: 1.619000 < 5.000000
2026-07-06 06:33:46 | WARNING | trading_bot | No se pudo reconciliar salida limit faltante para SOL/USD: Notional insuficiente para SOLUSDT: 1.619000 < 5.000000
2026-07-06 06:33:46 | WARNING | trading_bot | No se pudo reconciliar salida limit faltante para SOL/USD: Notional insuficiente para SOLUSDT: 1.619000 < 5.000000
2026-07-06 06:33:47 | WARNING | trading_bot | Monitoreo fallido para cuenta Binance Demo: Notional insuficiente para SOLUSDT: 1.619000 < 5.000000
2026-07-06 06:34:17 | WARNING | trading_bot | No se pudo reconciliar salida limit faltante para SOL/USD: Notional insuficiente para SOLUSDT: 1.619000 < 5.000000
2026-07-06 06:34:17 | WARNING | trading_bot | No se pudo reconciliar salida limit faltante para SOL/USD: Notional insuficiente para SOLUSDT: 1.619000 < 5.000000
2026-07-06 06:34:17 | WARNING | trading_bot | Monitoreo fallido para cuenta Binance Demo: Notional insuficiente para SOLUSDT: 1.619000 < 5.000000
2026-07-06 06:34:46 | WARNING | trading_bot | No se pudo reconciliar salida limit faltante para SOL/USD: Notional insuficiente para SOLUSDT: 1.619000 < 5.000000
2026-07-06 06:34:46 | WARNING | trading_bot | No se pudo reconciliar salida limit faltante para SOL/USD: Notional insuficiente para SOLUSDT: 1.619000 < 5.000000
2026-07-06 06:34:47 | WARNING | trading_bot | Monitoreo fallido para cuenta Binance Demo: Notional insuficiente para SOLUSDT: 1.619000 < 5.000000
2026-07-06 06:35:16 | WARNING | trading_bot | No se pudo reconciliar salida limit faltante para SOL/USD: Notional insuficiente para SOLUSDT: 1.619000 < 5.000000
2026-07-06 06:35:16 | WARNING | trading_bot | No se pudo reconciliar salida limit faltante para SOL/USD: Notional insuficiente para SOLUSDT: 1.619000 < 5.000000
2026-07-06 06:35:16 | WARNING | trading_bot | Monitoreo fallido para cuenta Binance Demo: Notional insuficiente para SOLUSDT: 1.619000 < 5.000000
2026-07-06 06:35:46 | WARNING | trading_bot | No se pudo reconciliar salida limit faltante para SOL/USD: Notional insuficiente para SOLUSDT: 1.619000 < 5.000000
2026-07-06 06:35:46 | WARNING | trading_bot | No se pudo reconciliar salida limit faltante para SOL/USD: Notional insuficiente para SOLUSDT: 1.619000 < 5.000000
2026-07-06 06:35:46 | WARNING | trading_bot | Monitoreo fallido para cuenta Binance Demo: Notional insuficiente para SOLUSDT: 1.619000 < 5.000000
2026-07-06 06:36:17 | WARNING | trading_bot | No se pudo reconciliar salida limit faltante para SOL/USD: Notional insuficiente para SOLUSDT: 1.619000 < 5.000000
2026-07-06 06:36:17 | WARNING | trading_bot | No se pudo reconciliar salida limit faltante para SOL/USD: Notional insuficiente para SOLUSDT: 1.619000 < 5.000000
2026-07-06 06:36:17 | WARNING | trading_bot | Monitoreo fallido para cuenta Binance Demo: Notional insuficiente para SOLUSDT: 1.619000 < 5.000000
2026-07-06 06:36:47 | WARNING | trading_bot | No se pudo reconciliar salida limit faltante para SOL/USD: Notional insuficiente para SOLUSDT: 1.619000 < 5.000000
2026-07-06 06:36:48 | WARNING | trading_bot | No se pudo reconciliar salida limit faltante para SOL/USD: Notional insuficiente para SOLUSDT: 1.619000 < 5.000000
2026-07-06 06:36:48 | WARNING | trading_bot | Monitoreo fallido para cuenta Binance Demo: Notional insuficiente para SOLUSDT: 1.619000 < 5.000000
2026-07-06 06:37:16 | WARNING | trading_bot | No se pudo reconciliar salida limit faltante para SOL/USD: Notional insuficiente para SOLUSDT: 1.619000 < 5.000000
2026-07-06 06:37:16 | WARNING | trading_bot | No se pudo reconciliar salida limit faltante para SOL/USD: Notional insuficiente para SOLUSDT: 1.619000 < 5.000000
2026-07-06 06:37:16 | WARNING | trading_bot | Monitoreo fallido para cuenta Binance Demo: Notional insuficiente para SOLUSDT: 1.619000 < 5.000000
2026-07-06 06:37:46 | WARNING | trading_bot | No se pudo reconciliar salida limit faltante para SOL/USD: Notional insuficiente para SOLUSDT: 1.619000 < 5.000000
2026-07-06 06:37:46 | WARNING | trading_bot | No se pudo reconciliar salida limit faltante para SOL/USD: Notional insuficiente para SOLUSDT: 1.619000 < 5.000000
2026-07-06 06:37:47 | WARNING | trading_bot | Monitoreo fallido para cuenta Binance Demo: Notional insuficiente para SOLUSDT: 1.619000 < 5.000000
2026-07-06 06:38:16 | WARNING | trading_bot | No se pudo reconciliar salida limit faltante para SOL/USD: Notional insuficiente para SOLUSDT: 1.619000 < 5.000000
2026-07-06 06:38:16 | WARNING | trading_bot | No se pudo reconciliar salida limit faltante para SOL/USD: Notional insuficiente para SOLUSDT: 1.619000 < 5.000000
2026-07-06 06:38:17 | WARNING | trading_bot | Monitoreo fallido para cuenta Binance Demo: Notional insuficiente para SOLUSDT: 1.619000 < 5.000000
2026-07-06 06:38:47 | WARNING | trading_bot | No se pudo reconciliar salida limit faltante para SOL/USD: Notional insuficiente para SOLUSDT: 1.619000 < 5.000000
2026-07-06 06:38:47 | WARNING | trading_bot | No se pudo reconciliar salida limit faltante para SOL/USD: Notional insuficiente para SOLUSDT: 1.619000 < 5.000000
2026-07-06 06:38:48 | WARNING | trading_bot | Monitoreo fallido para cuenta Binance Demo: Notional insuficiente para SOLUSDT: 1.619000 < 5.000000
2026-07-06 06:39:16 | WARNING | trading_bot | No se pudo reconciliar salida limit faltante para SOL/USD: Notional insuficiente para SOLUSDT: 1.619000 < 5.000000
2026-07-06 06:39:16 | WARNING | trading_bot | No se pudo reconciliar salida limit faltante para SOL/USD: Notional insuficiente para SOLUSDT: 1.619000 < 5.000000
2026-07-06 06:39:16 | WARNING | trading_bot | Monitoreo fallido para cuenta Binance Demo: Notional insuficiente para SOLUSDT: 1.619000 < 5.000000
2026-07-06 06:39:46 | WARNING | trading_bot | No se pudo reconciliar salida limit faltante para SOL/USD: Notional insuficiente para SOLUSDT: 1.619000 < 5.000000
2026-07-06 06:39:46 | WARNING | trading_bot | No se pudo reconciliar salida limit faltante para SOL/USD: Notional insuficiente para SOLUSDT: 1.619000 < 5.000000
2026-07-06 06:39:47 | WARNING | trading_bot | Monitoreo fallido para cuenta Binance Demo: Notional insuficiente para SOLUSDT: 1.619000 < 5.000000
2026-07-06 06:40:16 | WARNING | trading_bot | No se pudo reconciliar salida limit faltante para SOL/USD: Notional insuficiente para SOLUSDT: 1.619000 < 5.000000
2026-07-06 06:40:16 | WARNING | trading_bot | No se pudo reconciliar salida limit faltante para SOL/USD: Notional insuficiente para SOLUSDT: 1.619000 < 5.000000
2026-07-06 06:40:16 | WARNING | trading_bot | Monitoreo fallido para cuenta Binance Demo: Notional insuficiente para SOLUSDT: 1.619000 < 5.000000
2026-07-06 06:40:46 | WARNING | trading_bot | No se pudo reconciliar salida limit faltante para SOL/USD: Notional insuficiente para SOLUSDT: 1.619000 < 5.000000
2026-07-06 06:40:46 | WARNING | trading_bot | No se pudo reconciliar salida limit faltante para SOL/USD: Notional insuficiente para SOLUSDT: 1.619000 < 5.000000
2026-07-06 06:40:47 | WARNING | trading_bot | Monitoreo fallido para cuenta Binance Demo: Notional insuficiente para SOLUSDT: 1.619000 < 5.000000
2026-07-06 06:41:16 | WARNING | trading_bot | No se pudo reconciliar salida limit faltante para SOL/USD: Notional insuficiente para SOLUSDT: 1.619000 < 5.000000
2026-07-06 06:41:16 | WARNING | trading_bot | No se pudo reconciliar salida limit faltante para SOL/USD: Notional insuficiente para SOLUSDT: 1.619000 < 5.000000
2026-07-06 06:41:17 | WARNING | trading_bot | Monitoreo fallido para cuenta Binance Demo: Notional insuficiente para SOLUSDT: 1.619000 < 5.000000
2026-07-06 06:41:46 | WARNING | trading_bot | No se pudo reconciliar salida limit faltante para SOL/USD: Notional insuficiente para SOLUSDT: 1.619000 < 5.000000
2026-07-06 06:41:46 | WARNING | trading_bot | No se pudo reconciliar salida limit faltante para SOL/USD: Notional insuficiente para SOLUSDT: 1.619000 < 5.000000
2026-07-06 06:41:46 | WARNING | trading_bot | Monitoreo fallido para cuenta Binance Demo: Notional insuficiente para SOLUSDT: 1.619000 < 5.000000
2026-07-06 06:42:16 | WARNING | trading_bot | No se pudo reconciliar salida limit faltante para SOL/USD: Notional insuficiente para SOLUSDT: 1.619000 < 5.000000
2026-07-06 06:42:16 | WARNING | trading_bot | No se pudo reconciliar salida limit faltante para SOL/USD: Notional insuficiente para SOLUSDT: 1.619000 < 5.000000
2026-07-06 06:42:16 | WARNING | trading_bot | Monitoreo fallido para cuenta Binance Demo: Notional insuficiente para SOLUSDT: 1.619000 < 5.000000
2026-07-06 06:42:47 | WARNING | trading_bot | No se pudo reconciliar salida limit faltante para SOL/USD: Notional insuficiente para SOLUSDT: 1.619000 < 5.000000
2026-07-06 06:42:47 | WARNING | trading_bot | No se pudo reconciliar salida limit faltante para SOL/USD: Notional insuficiente para SOLUSDT: 1.619000 < 5.000000
2026-07-06 06:42:47 | WARNING | trading_bot | Monitoreo fallido para cuenta Binance Demo: Notional insuficiente para SOLUSDT: 1.619000 < 5.000000
2026-07-06 06:43:16 | WARNING | trading_bot | No se pudo reconciliar salida limit faltante para SOL/USD: Notional insuficiente para SOLUSDT: 1.619000 < 5.000000
2026-07-06 06:43:16 | WARNING | trading_bot | No se pudo reconciliar salida limit faltante para SOL/USD: Notional insuficiente para SOLUSDT: 1.619000 < 5.000000
2026-07-06 06:43:16 | WARNING | trading_bot | Monitoreo fallido para cuenta Binance Demo: Notional insuficiente para SOLUSDT: 1.619000 < 5.000000
2026-07-06 06:43:46 | WARNING | trading_bot | No se pudo reconciliar salida limit faltante para SOL/USD: Notional insuficiente para SOLUSDT: 1.619000 < 5.000000
2026-07-06 06:43:47 | WARNING | trading_bot | No se pudo reconciliar salida limit faltante para SOL/USD: Notional insuficiente para SOLUSDT: 1.619000 < 5.000000
2026-07-06 06:43:47 | WARNING | trading_bot | Monitoreo fallido para cuenta Binance Demo: Notional insuficiente para SOLUSDT: 1.619000 < 5.000000
2026-07-06 06:44:17 | WARNING | trading_bot | No se pudo reconciliar salida limit faltante para SOL/USD: Notional insuficiente para SOLUSDT: 1.619000 < 5.000000
2026-07-06 06:44:17 | WARNING | trading_bot | No se pudo reconciliar salida limit faltante para SOL/USD: Notional insuficiente para SOLUSDT: 1.619000 < 5.000000
2026-07-06 06:44:17 | WARNING | trading_bot | Monitoreo fallido para cuenta Binance Demo: Notional insuficiente para SOLUSDT: 1.619000 < 5.000000
2026-07-06 06:44:46 | WARNING | trading_bot | No se pudo reconciliar salida limit faltante para SOL/USD: Notional insuficiente para SOLUSDT: 1.619000 < 5.000000
2026-07-06 06:44:47 | WARNING | trading_bot | No se pudo reconciliar salida limit faltante para SOL/USD: Notional insuficiente para SOLUSDT: 1.619000 < 5.000000
2026-07-06 06:44:47 | WARNING | trading_bot | Monitoreo fallido para cuenta Binance Demo: Notional insuficiente para SOLUSDT: 1.619000 < 5.000000
2026-07-06 06:45:16 | WARNING | trading_bot | No se pudo reconciliar salida limit faltante para SOL/USD: Notional insuficiente para SOLUSDT: 1.619000 < 5.000000
2026-07-06 06:45:16 | WARNING | trading_bot | No se pudo reconciliar salida limit faltante para SOL/USD: Notional insuficiente para SOLUSDT: 1.619000 < 5.000000
2026-07-06 06:45:16 | WARNING | trading_bot | Monitoreo fallido para cuenta Binance Demo: Notional insuficiente para SOLUSDT: 1.619000 < 5.000000
2026-07-06 06:45:46 | WARNING | trading_bot | No se pudo reconciliar salida limit faltante para SOL/USD: Notional insuficiente para SOLUSDT: 1.619000 < 5.000000
2026-07-06 06:45:46 | WARNING | trading_bot | No se pudo reconciliar salida limit faltante para SOL/USD: Notional insuficiente para SOLUSDT: 1.619000 < 5.000000
2026-07-06 06:45:47 | WARNING | trading_bot | Monitoreo fallido para cuenta Binance Demo: Notional insuficiente para SOLUSDT: 1.619000 < 5.000000
2026-07-06 06:46:17 | WARNING | trading_bot | No se pudo reconciliar salida limit faltante para SOL/USD: Notional insuficiente para SOLUSDT: 1.619000 < 5.000000
2026-07-06 06:46:17 | WARNING | trading_bot | No se pudo reconciliar salida limit faltante para SOL/USD: Notional insuficiente para SOLUSDT: 1.619000 < 5.000000
2026-07-06 06:46:17 | WARNING | trading_bot | Monitoreo fallido para cuenta Binance Demo: Notional insuficiente para SOLUSDT: 1.619000 < 5.000000
2026-07-06 06:46:46 | WARNING | trading_bot | No se pudo reconciliar salida limit faltante para SOL/USD: Notional insuficiente para SOLUSDT: 1.619000 < 5.000000
2026-07-06 06:46:46 | WARNING | trading_bot | No se pudo reconciliar salida limit faltante para SOL/USD: Notional insuficiente para SOLUSDT: 1.619000 < 5.000000
2026-07-06 06:46:47 | WARNING | trading_bot | Monitoreo fallido para cuenta Binance Demo: Notional insuficiente para SOLUSDT: 1.619000 < 5.000000
2026-07-06 06:47:16 | WARNING | trading_bot | No se pudo reconciliar salida limit faltante para SOL/USD: Notional insuficiente para SOLUSDT: 1.619000 < 5.000000
2026-07-06 06:47:16 | WARNING | trading_bot | No se pudo reconciliar salida limit faltante para SOL/USD: Notional insuficiente para SOLUSDT: 1.619000 < 5.000000
2026-07-06 06:47:16 | WARNING | trading_bot | Monitoreo fallido para cuenta Binance Demo: Notional insuficiente para SOLUSDT: 1.619000 < 5.000000
2026-07-06 06:47:46 | WARNING | trading_bot | No se pudo reconciliar salida limit faltante para SOL/USD: Notional insuficiente para SOLUSDT: 1.619000 < 5.000000
2026-07-06 06:47:46 | WARNING | trading_bot | No se pudo reconciliar salida limit faltante para SOL/USD: Notional insuficiente para SOLUSDT: 1.619000 < 5.000000
2026-07-06 06:47:47 | WARNING | trading_bot | Monitoreo fallido para cuenta Binance Demo: Notional insuficiente para SOLUSDT: 1.619000 < 5.000000
2026-07-06 06:48:17 | WARNING | trading_bot | No se pudo reconciliar salida limit faltante para SOL/USD: Notional insuficiente para SOLUSDT: 1.619000 < 5.000000
2026-07-06 06:48:17 | WARNING | trading_bot | No se pudo reconciliar salida limit faltante para SOL/USD: Notional insuficiente para SOLUSDT: 1.619000 < 5.000000
2026-07-06 06:48:17 | WARNING | trading_bot | Monitoreo fallido para cuenta Binance Demo: Notional insuficiente para SOLUSDT: 1.619000 < 5.000000
2026-07-06 06:48:46 | WARNING | trading_bot | No se pudo reconciliar salida limit faltante para SOL/USD: Notional insuficiente para SOLUSDT: 1.619000 < 5.000000
2026-07-06 06:48:46 | WARNING | trading_bot | No se pudo reconciliar salida limit faltante para SOL/USD: Notional insuficiente para SOLUSDT: 1.619000 < 5.000000
2026-07-06 06:48:47 | WARNING | trading_bot | Monitoreo fallido para cuenta Binance Demo: Notional insuficiente para SOLUSDT: 1.619000 < 5.000000
2026-07-06 06:49:16 | WARNING | trading_bot | No se pudo reconciliar salida limit faltante para SOL/USD: Notional insuficiente para SOLUSDT: 1.619000 < 5.000000
2026-07-06 06:49:16 | WARNING | trading_bot | No se pudo reconciliar salida limit faltante para SOL/USD: Notional insuficiente para SOLUSDT: 1.619000 < 5.000000
2026-07-06 06:49:16 | WARNING | trading_bot | Monitoreo fallido para cuenta Binance Demo: Notional insuficiente para SOLUSDT: 1.619000 < 5.000000
2026-07-06 06:49:46 | WARNING | trading_bot | No se pudo reconciliar salida limit faltante para SOL/USD: Notional insuficiente para SOLUSDT: 1.619000 < 5.000000
2026-07-06 06:49:46 | WARNING | trading_bot | No se pudo reconciliar salida limit faltante para SOL/USD: Notional insuficiente para SOLUSDT: 1.619000 < 5.000000
2026-07-06 06:49:46 | WARNING | trading_bot | Monitoreo fallido para cuenta Binance Demo: Notional insuficiente para SOLUSDT: 1.619000 < 5.000000
2026-07-06 06:50:16 | WARNING | trading_bot | No se pudo reconciliar salida limit faltante para SOL/USD: Notional insuficiente para SOLUSDT: 1.619000 < 5.000000
2026-07-06 06:50:16 | WARNING | trading_bot | No se pudo reconciliar salida limit faltante para SOL/USD: Notional insuficiente para SOLUSDT: 1.619000 < 5.000000
2026-07-06 06:50:17 | WARNING | trading_bot | Monitoreo fallido para cuenta Binance Demo: Notional insuficiente para SOLUSDT: 1.619000 < 5.000000
2026-07-06 06:50:46 | WARNING | trading_bot | No se pudo reconciliar salida limit faltante para SOL/USD: Notional insuficiente para SOLUSDT: 1.619000 < 5.000000
2026-07-06 06:50:46 | WARNING | trading_bot | No se pudo reconciliar salida limit faltante para SOL/USD: Notional insuficiente para SOLUSDT: 1.619000 < 5.000000
2026-07-06 06:50:47 | WARNING | trading_bot | Monitoreo fallido para cuenta Binance Demo: Notional insuficiente para SOLUSDT: 1.619000 < 5.000000
2026-07-06 06:51:17 | WARNING | trading_bot | No se pudo reconciliar salida limit faltante para SOL/USD: Notional insuficiente para SOLUSDT: 1.619000 < 5.000000
2026-07-06 06:51:17 | WARNING | trading_bot | No se pudo reconciliar salida limit faltante para SOL/USD: Notional insuficiente para SOLUSDT: 1.619000 < 5.000000
2026-07-06 06:51:17 | WARNING | trading_bot | Monitoreo fallido para cuenta Binance Demo: Notional insuficiente para SOLUSDT: 1.619000 < 5.000000
2026-07-06 06:51:46 | WARNING | trading_bot | No se pudo reconciliar salida limit faltante para SOL/USD: Notional insuficiente para SOLUSDT: 1.619000 < 5.000000
2026-07-06 06:51:46 | WARNING | trading_bot | No se pudo reconciliar salida limit faltante para SOL/USD: Notional insuficiente para SOLUSDT: 1.619000 < 5.000000
2026-07-06 06:51:46 | WARNING | trading_bot | Monitoreo fallido para cuenta Binance Demo: Notional insuficiente para SOLUSDT: 1.619000 < 5.000000
2026-07-06 06:52:16 | WARNING | trading_bot | No se pudo reconciliar salida limit faltante para SOL/USD: Notional insuficiente para SOLUSDT: 1.619000 < 5.000000
2026-07-06 06:52:16 | WARNING | trading_bot | No se pudo reconciliar salida limit faltante para SOL/USD: Notional insuficiente para SOLUSDT: 1.619000 < 5.000000
2026-07-06 06:52:16 | WARNING | trading_bot | Monitoreo fallido para cuenta Binance Demo: Notional insuficiente para SOLUSDT: 1.619000 < 5.000000
2026-07-06 06:52:46 | WARNING | trading_bot | No se pudo reconciliar salida limit faltante para SOL/USD: Notional insuficiente para SOLUSDT: 1.619000 < 5.000000
2026-07-06 06:52:46 | WARNING | trading_bot | No se pudo reconciliar salida limit faltante para SOL/USD: Notional insuficiente para SOLUSDT: 1.619000 < 5.000000
2026-07-06 06:52:47 | WARNING | trading_bot | Monitoreo fallido para cuenta Binance Demo: Notional insuficiente para SOLUSDT: 1.619000 < 5.000000
2026-07-06 06:53:17 | WARNING | trading_bot | No se pudo reconciliar salida limit faltante para SOL/USD: Notional insuficiente para SOLUSDT: 1.619000 < 5.000000
2026-07-06 06:53:17 | WARNING | trading_bot | No se pudo reconciliar salida limit faltante para SOL/USD: Notional insuficiente para SOLUSDT: 1.619000 < 5.000000
2026-07-06 06:53:17 | WARNING | trading_bot | Monitoreo fallido para cuenta Binance Demo: Notional insuficiente para SOLUSDT: 1.619000 < 5.000000
2026-07-06 06:53:46 | WARNING | trading_bot | No se pudo reconciliar salida limit faltante para SOL/USD: Notional insuficiente para SOLUSDT: 1.619000 < 5.000000
2026-07-06 06:53:46 | WARNING | trading_bot | No se pudo reconciliar salida limit faltante para SOL/USD: Notional insuficiente para SOLUSDT: 1.619000 < 5.000000
2026-07-06 06:53:47 | WARNING | trading_bot | Monitoreo fallido para cuenta Binance Demo: Notional insuficiente para SOLUSDT: 1.619000 < 5.000000
2026-07-06 06:54:16 | WARNING | trading_bot | No se pudo reconciliar salida limit faltante para SOL/USD: Notional insuficiente para SOLUSDT: 1.619000 < 5.000000
2026-07-06 06:54:16 | WARNING | trading_bot | No se pudo reconciliar salida limit faltante para SOL/USD: Notional insuficiente para SOLUSDT: 1.619000 < 5.000000
2026-07-06 06:54:17 | WARNING | trading_bot | Monitoreo fallido para cuenta Binance Demo: Notional insuficiente para SOLUSDT: 1.619000 < 5.000000
2026-07-06 06:54:46 | WARNING | trading_bot | No se pudo reconciliar salida limit faltante para SOL/USD: Notional insuficiente para SOLUSDT: 1.619000 < 5.000000
2026-07-06 06:54:46 | WARNING | trading_bot | No se pudo reconciliar salida limit faltante para SOL/USD: Notional insuficiente para SOLUSDT: 1.619000 < 5.000000
2026-07-06 06:54:46 | WARNING | trading_bot | Monitoreo fallido para cuenta Binance Demo: Notional insuficiente para SOLUSDT: 1.619000 < 5.000000
2026-07-06 06:55:16 | WARNING | trading_bot | No se pudo reconciliar salida limit faltante para SOL/USD: Notional insuficiente para SOLUSDT: 1.619000 < 5.000000
2026-07-06 06:55:16 | WARNING | trading_bot | No se pudo reconciliar salida limit faltante para SOL/USD: Notional insuficiente para SOLUSDT: 1.619000 < 5.000000
2026-07-06 06:55:17 | WARNING | trading_bot | Monitoreo fallido para cuenta Binance Demo: Notional insuficiente para SOLUSDT: 1.619000 < 5.000000
2026-07-06 06:55:46 | WARNING | trading_bot | No se pudo reconciliar salida limit faltante para SOL/USD: Notional insuficiente para SOLUSDT: 1.619000 < 5.000000
2026-07-06 06:55:47 | WARNING | trading_bot | No se pudo reconciliar salida limit faltante para SOL/USD: Notional insuficiente para SOLUSDT: 1.619000 < 5.000000
2026-07-06 06:55:47 | WARNING | trading_bot | Monitoreo fallido para cuenta Binance Demo: Notional insuficiente para SOLUSDT: 1.619000 < 5.000000
2026-07-06 06:55:47 | WARNING | trading_bot | Fallo de red/HTTP en market data (ConnectionError). Reintentando en 1.0 s
2026-07-06 06:56:16 | WARNING | trading_bot | No se pudo reconciliar salida limit faltante para SOL/USD: Notional insuficiente para SOLUSDT: 1.619000 < 5.000000
2026-07-06 06:56:16 | WARNING | trading_bot | No se pudo reconciliar salida limit faltante para SOL/USD: Notional insuficiente para SOLUSDT: 1.619000 < 5.000000
2026-07-06 06:56:17 | WARNING | trading_bot | Monitoreo fallido para cuenta Binance Demo: Notional insuficiente para SOLUSDT: 1.619000 < 5.000000
2026-07-06 06:56:46 | WARNING | trading_bot | No se pudo reconciliar salida limit faltante para SOL/USD: Notional insuficiente para SOLUSDT: 1.619000 < 5.000000
2026-07-06 06:56:46 | WARNING | trading_bot | No se pudo reconciliar salida limit faltante para SOL/USD: Notional insuficiente para SOLUSDT: 1.619000 < 5.000000
2026-07-06 06:56:47 | WARNING | trading_bot | Monitoreo fallido para cuenta Binance Demo: Notional insuficiente para SOLUSDT: 1.619000 < 5.000000
2026-07-06 06:57:16 | WARNING | trading_bot | No se pudo reconciliar salida limit faltante para SOL/USD: Notional insuficiente para SOLUSDT: 1.619000 < 5.000000
2026-07-06 06:57:16 | WARNING | trading_bot | No se pudo reconciliar salida limit faltante para SOL/USD: Notional insuficiente para SOLUSDT: 1.619000 < 5.000000
2026-07-06 06:57:17 | WARNING | trading_bot | Monitoreo fallido para cuenta Binance Demo: Notional insuficiente para SOLUSDT: 1.619000 < 5.000000
2026-07-06 06:57:46 | WARNING | trading_bot | No se pudo reconciliar salida limit faltante para SOL/USD: Notional insuficiente para SOLUSDT: 1.619000 < 5.000000
2026-07-06 06:57:47 | WARNING | trading_bot | No se pudo reconciliar salida limit faltante para SOL/USD: Notional insuficiente para SOLUSDT: 1.619000 < 5.000000
2026-07-06 06:57:47 | WARNING | trading_bot | Monitoreo fallido para cuenta Binance Demo: Notional insuficiente para SOLUSDT: 1.619000 < 5.000000
2026-07-06 06:58:16 | WARNING | trading_bot | No se pudo reconciliar salida limit faltante para SOL/USD: Notional insuficiente para SOLUSDT: 1.619000 < 5.000000
2026-07-06 06:58:16 | WARNING | trading_bot | No se pudo reconciliar salida limit faltante para SOL/USD: Notional insuficiente para SOLUSDT: 1.619000 < 5.000000
2026-07-06 06:58:16 | WARNING | trading_bot | Monitoreo fallido para cuenta Binance Demo: Notional insuficiente para SOLUSDT: 1.619000 < 5.000000
2026-07-06 06:58:46 | WARNING | trading_bot | No se pudo reconciliar salida limit faltante para SOL/USD: Notional insuficiente para SOLUSDT: 1.619000 < 5.000000
2026-07-06 06:58:46 | WARNING | trading_bot | No se pudo reconciliar salida limit faltante para SOL/USD: Notional insuficiente para SOLUSDT: 1.619000 < 5.000000
2026-07-06 06:58:47 | WARNING | trading_bot | Monitoreo fallido para cuenta Binance Demo: Notional insuficiente para SOLUSDT: 1.619000 < 5.000000
2026-07-06 06:59:16 | WARNING | trading_bot | No se pudo reconciliar salida limit faltante para SOL/USD: Notional insuficiente para SOLUSDT: 1.619000 < 5.000000
2026-07-06 06:59:16 | WARNING | trading_bot | No se pudo reconciliar salida limit faltante para SOL/USD: Notional insuficiente para SOLUSDT: 1.619000 < 5.000000
2026-07-06 06:59:16 | WARNING | trading_bot | Monitoreo fallido para cuenta Binance Demo: Notional insuficiente para SOLUSDT: 1.619000 < 5.000000
2026-07-06 06:59:46 | WARNING | trading_bot | No se pudo reconciliar salida limit faltante para SOL/USD: Notional insuficiente para SOLUSDT: 1.619000 < 5.000000
2026-07-06 06:59:46 | WARNING | trading_bot | No se pudo reconciliar salida limit faltante para SOL/USD: Notional insuficiente para SOLUSDT: 1.619000 < 5.000000
2026-07-06 06:59:46 | WARNING | trading_bot | Monitoreo fallido para cuenta Binance Demo: Notional insuficiente para SOLUSDT: 1.619000 < 5.000000
2026-07-06 07:00:16 | WARNING | trading_bot | No se pudo reconciliar salida limit faltante para SOL/USD: Notional insuficiente para SOLUSDT: 1.619000 < 5.000000
2026-07-06 07:00:16 | WARNING | trading_bot | No se pudo reconciliar salida limit faltante para SOL/USD: Notional insuficiente para SOLUSDT: 1.619000 < 5.000000
2026-07-06 07:00:17 | WARNING | trading_bot | Monitoreo fallido para cuenta Binance Demo: Notional insuficiente para SOLUSDT: 1.619000 < 5.000000
2026-07-06 07:00:46 | WARNING | trading_bot | No se pudo reconciliar salida limit faltante para SOL/USD: Notional insuficiente para SOLUSDT: 1.619000 < 5.000000
2026-07-06 07:00:46 | WARNING | trading_bot | No se pudo reconciliar salida limit faltante para SOL/USD: Notional insuficiente para SOLUSDT: 1.619000 < 5.000000
2026-07-06 07:00:46 | WARNING | trading_bot | Monitoreo fallido para cuenta Binance Demo: Notional insuficiente para SOLUSDT: 1.619000 < 5.000000
2026-07-06 07:01:16 | WARNING | trading_bot | No se pudo reconciliar salida limit faltante para SOL/USD: Notional insuficiente para SOLUSDT: 1.619000 < 5.000000
2026-07-06 07:01:16 | WARNING | trading_bot | No se pudo reconciliar salida limit faltante para SOL/USD: Notional insuficiente para SOLUSDT: 1.619000 < 5.000000
2026-07-06 07:01:16 | WARNING | trading_bot | Monitoreo fallido para cuenta Binance Demo: Notional insuficiente para SOLUSDT: 1.619000 < 5.000000
2026-07-06 07:01:46 | WARNING | trading_bot | No se pudo reconciliar salida limit faltante para SOL/USD: Notional insuficiente para SOLUSDT: 1.619000 < 5.000000
2026-07-06 07:01:46 | WARNING | trading_bot | No se pudo reconciliar salida limit faltante para SOL/USD: Notional insuficiente para SOLUSDT: 1.619000 < 5.000000
2026-07-06 07:01:47 | WARNING | trading_bot | Monitoreo fallido para cuenta Binance Demo: Notional insuficiente para SOLUSDT: 1.619000 < 5.000000
2026-07-06 07:02:16 | WARNING | trading_bot | No se pudo reconciliar salida limit faltante para SOL/USD: Notional insuficiente para SOLUSDT: 1.619000 < 5.000000
2026-07-06 07:02:16 | WARNING | trading_bot | No se pudo reconciliar salida limit faltante para SOL/USD: Notional insuficiente para SOLUSDT: 1.619000 < 5.000000
2026-07-06 07:02:17 | WARNING | trading_bot | Monitoreo fallido para cuenta Binance Demo: Notional insuficiente para SOLUSDT: 1.619000 < 5.000000
2026-07-06 07:02:46 | WARNING | trading_bot | No se pudo reconciliar salida limit faltante para SOL/USD: Notional insuficiente para SOLUSDT: 1.619000 < 5.000000
2026-07-06 07:02:47 | WARNING | trading_bot | No se pudo reconciliar salida limit faltante para SOL/USD: Notional insuficiente para SOLUSDT: 1.619000 < 5.000000
2026-07-06 07:02:48 | WARNING | trading_bot | Monitoreo fallido para cuenta Binance Demo: Notional insuficiente para SOLUSDT: 1.619000 < 5.000000
2026-07-06 07:03:17 | WARNING | trading_bot | No se pudo reconciliar salida limit faltante para SOL/USD: Notional insuficiente para SOLUSDT: 1.619000 < 5.000000
2026-07-06 07:03:17 | WARNING | trading_bot | No se pudo reconciliar salida limit faltante para SOL/USD: Notional insuficiente para SOLUSDT: 1.619000 < 5.000000
2026-07-06 07:03:17 | WARNING | trading_bot | Monitoreo fallido para cuenta Binance Demo: Notional insuficiente para SOLUSDT: 1.619000 < 5.000000
2026-07-06 07:03:46 | WARNING | trading_bot | No se pudo reconciliar salida limit faltante para SOL/USD: Notional insuficiente para SOLUSDT: 1.619000 < 5.000000
2026-07-06 07:03:46 | WARNING | trading_bot | No se pudo reconciliar salida limit faltante para SOL/USD: Notional insuficiente para SOLUSDT: 1.619000 < 5.000000
2026-07-06 07:03:46 | WARNING | trading_bot | Monitoreo fallido para cuenta Binance Demo: Notional insuficiente para SOLUSDT: 1.619000 < 5.000000
2026-07-06 07:04:16 | WARNING | trading_bot | No se pudo reconciliar salida limit faltante para SOL/USD: Notional insuficiente para SOLUSDT: 1.619000 < 5.000000
2026-07-06 07:04:16 | WARNING | trading_bot | No se pudo reconciliar salida limit faltante para SOL/USD: Notional insuficiente para SOLUSDT: 1.619000 < 5.000000
2026-07-06 07:04:16 | WARNING | trading_bot | Monitoreo fallido para cuenta Binance Demo: Notional insuficiente para SOLUSDT: 1.619000 < 5.000000
2026-07-06 07:04:46 | WARNING | trading_bot | No se pudo reconciliar salida limit faltante para SOL/USD: Notional insuficiente para SOLUSDT: 1.619000 < 5.000000
2026-07-06 07:04:46 | WARNING | trading_bot | No se pudo reconciliar salida limit faltante para SOL/USD: Notional insuficiente para SOLUSDT: 1.619000 < 5.000000
2026-07-06 07:04:46 | WARNING | trading_bot | Monitoreo fallido para cuenta Binance Demo: Notional insuficiente para SOLUSDT: 1.619000 < 5.000000
2026-07-06 07:05:16 | WARNING | trading_bot | No se pudo reconciliar salida limit faltante para SOL/USD: Notional insuficiente para SOLUSDT: 1.619000 < 5.000000
2026-07-06 07:05:16 | WARNING | trading_bot | No se pudo reconciliar salida limit faltante para SOL/USD: Notional insuficiente para SOLUSDT: 1.619000 < 5.000000
2026-07-06 07:05:16 | WARNING | trading_bot | Monitoreo fallido para cuenta Binance Demo: Notional insuficiente para SOLUSDT: 1.619000 < 5.000000
2026-07-06 07:05:47 | WARNING | trading_bot | No se pudo reconciliar salida limit faltante para SOL/USD: Notional insuficiente para SOLUSDT: 1.619000 < 5.000000
2026-07-06 07:05:47 | WARNING | trading_bot | No se pudo reconciliar salida limit faltante para SOL/USD: Notional insuficiente para SOLUSDT: 1.619000 < 5.000000
2026-07-06 07:05:47 | WARNING | trading_bot | Monitoreo fallido para cuenta Binance Demo: Notional insuficiente para SOLUSDT: 1.619000 < 5.000000
2026-07-06 07:06:16 | WARNING | trading_bot | No se pudo reconciliar salida limit faltante para SOL/USD: Notional insuficiente para SOLUSDT: 1.619000 < 5.000000
2026-07-06 07:06:16 | WARNING | trading_bot | No se pudo reconciliar salida limit faltante para SOL/USD: Notional insuficiente para SOLUSDT: 1.619000 < 5.000000
2026-07-06 07:06:16 | WARNING | trading_bot | Monitoreo fallido para cuenta Binance Demo: Notional insuficiente para SOLUSDT: 1.619000 < 5.000000
2026-07-06 07:06:46 | WARNING | trading_bot | No se pudo reconciliar salida limit faltante para SOL/USD: Notional insuficiente para SOLUSDT: 1.619000 < 5.000000
2026-07-06 07:06:46 | WARNING | trading_bot | No se pudo reconciliar salida limit faltante para SOL/USD: Notional insuficiente para SOLUSDT: 1.619000 < 5.000000
2026-07-06 07:06:46 | WARNING | trading_bot | Monitoreo fallido para cuenta Binance Demo: Notional insuficiente para SOLUSDT: 1.619000 < 5.000000
2026-07-06 07:07:16 | WARNING | trading_bot | No se pudo reconciliar salida limit faltante para SOL/USD: Notional insuficiente para SOLUSDT: 1.619000 < 5.000000
2026-07-06 07:07:16 | WARNING | trading_bot | No se pudo reconciliar salida limit faltante para SOL/USD: Notional insuficiente para SOLUSDT: 1.619000 < 5.000000
2026-07-06 07:07:16 | WARNING | trading_bot | Monitoreo fallido para cuenta Binance Demo: Notional insuficiente para SOLUSDT: 1.619000 < 5.000000
2026-07-06 07:07:46 | WARNING | trading_bot | No se pudo reconciliar salida limit faltante para SOL/USD: Notional insuficiente para SOLUSDT: 1.619000 < 5.000000
2026-07-06 07:07:46 | WARNING | trading_bot | No se pudo reconciliar salida limit faltante para SOL/USD: Notional insuficiente para SOLUSDT: 1.619000 < 5.000000
2026-07-06 07:07:47 | WARNING | trading_bot | Monitoreo fallido para cuenta Binance Demo: Notional insuficiente para SOLUSDT: 1.619000 < 5.000000
2026-07-06 07:08:16 | WARNING | trading_bot | No se pudo reconciliar salida limit faltante para SOL/USD: Notional insuficiente para SOLUSDT: 1.619000 < 5.000000
2026-07-06 07:08:16 | WARNING | trading_bot | No se pudo reconciliar salida limit faltante para SOL/USD: Notional insuficiente para SOLUSDT: 1.619000 < 5.000000
2026-07-06 07:08:17 | WARNING | trading_bot | Monitoreo fallido para cuenta Binance Demo: Notional insuficiente para SOLUSDT: 1.619000 < 5.000000
2026-07-06 07:08:46 | WARNING | trading_bot | No se pudo reconciliar salida limit faltante para SOL/USD: Notional insuficiente para SOLUSDT: 1.619000 < 5.000000
2026-07-06 07:08:47 | WARNING | trading_bot | No se pudo reconciliar salida limit faltante para SOL/USD: Notional insuficiente para SOLUSDT: 1.619000 < 5.000000
2026-07-06 07:08:47 | WARNING | trading_bot | Monitoreo fallido para cuenta Binance Demo: Notional insuficiente para SOLUSDT: 1.619000 < 5.000000
2026-07-06 07:09:16 | WARNING | trading_bot | No se pudo reconciliar salida limit faltante para SOL/USD: Notional insuficiente para SOLUSDT: 1.619000 < 5.000000
2026-07-06 07:09:16 | WARNING | trading_bot | No se pudo reconciliar salida limit faltante para SOL/USD: Notional insuficiente para SOLUSDT: 1.619000 < 5.000000
2026-07-06 07:09:16 | WARNING | trading_bot | Monitoreo fallido para cuenta Binance Demo: Notional insuficiente para SOLUSDT: 1.619000 < 5.000000
2026-07-06 07:09:46 | WARNING | trading_bot | No se pudo reconciliar salida limit faltante para SOL/USD: Notional insuficiente para SOLUSDT: 1.619000 < 5.000000
2026-07-06 07:09:46 | WARNING | trading_bot | No se pudo reconciliar salida limit faltante para SOL/USD: Notional insuficiente para SOLUSDT: 1.619000 < 5.000000
2026-07-06 07:09:47 | WARNING | trading_bot | Monitoreo fallido para cuenta Binance Demo: Notional insuficiente para SOLUSDT: 1.619000 < 5.000000
2026-07-06 07:10:16 | WARNING | trading_bot | No se pudo reconciliar salida limit faltante para SOL/USD: Notional insuficiente para SOLUSDT: 1.619000 < 5.000000
2026-07-06 07:10:16 | WARNING | trading_bot | No se pudo reconciliar salida limit faltante para SOL/USD: Notional insuficiente para SOLUSDT: 1.619000 < 5.000000
2026-07-06 07:10:17 | WARNING | trading_bot | Monitoreo fallido para cuenta Binance Demo: Notional insuficiente para SOLUSDT: 1.619000 < 5.000000
2026-07-06 07:10:46 | WARNING | trading_bot | No se pudo reconciliar salida limit faltante para SOL/USD: Notional insuficiente para SOLUSDT: 1.619000 < 5.000000
2026-07-06 07:10:46 | WARNING | trading_bot | No se pudo reconciliar salida limit faltante para SOL/USD: Notional insuficiente para SOLUSDT: 1.619000 < 5.000000
2026-07-06 07:10:47 | WARNING | trading_bot | Monitoreo fallido para cuenta Binance Demo: Notional insuficiente para SOLUSDT: 1.619000 < 5.000000
2026-07-06 07:11:16 | WARNING | trading_bot | No se pudo reconciliar salida limit faltante para SOL/USD: Notional insuficiente para SOLUSDT: 1.619000 < 5.000000
2026-07-06 07:11:16 | WARNING | trading_bot | No se pudo reconciliar salida limit faltante para SOL/USD: Notional insuficiente para SOLUSDT: 1.619000 < 5.000000
2026-07-06 07:11:17 | WARNING | trading_bot | Monitoreo fallido para cuenta Binance Demo: Notional insuficiente para SOLUSDT: 1.619000 < 5.000000
2026-07-06 07:11:46 | WARNING | trading_bot | No se pudo reconciliar salida limit faltante para SOL/USD: Notional insuficiente para SOLUSDT: 1.619000 < 5.000000
2026-07-06 07:11:46 | WARNING | trading_bot | No se pudo reconciliar salida limit faltante para SOL/USD: Notional insuficiente para SOLUSDT: 1.619000 < 5.000000
2026-07-06 07:11:47 | WARNING | trading_bot | Monitoreo fallido para cuenta Binance Demo: Notional insuficiente para SOLUSDT: 1.619000 < 5.000000
2026-07-06 07:12:16 | WARNING | trading_bot | No se pudo reconciliar salida limit faltante para SOL/USD: Notional insuficiente para SOLUSDT: 1.619000 < 5.000000
2026-07-06 07:12:16 | WARNING | trading_bot | No se pudo reconciliar salida limit faltante para SOL/USD: Notional insuficiente para SOLUSDT: 1.619000 < 5.000000
2026-07-06 07:12:16 | WARNING | trading_bot | Monitoreo fallido para cuenta Binance Demo: Notional insuficiente para SOLUSDT: 1.619000 < 5.000000
2026-07-06 07:12:46 | WARNING | trading_bot | No se pudo reconciliar salida limit faltante para SOL/USD: Notional insuficiente para SOLUSDT: 1.619000 < 5.000000
2026-07-06 07:12:47 | WARNING | trading_bot | No se pudo reconciliar salida limit faltante para SOL/USD: Notional insuficiente para SOLUSDT: 1.619000 < 5.000000
2026-07-06 07:12:47 | WARNING | trading_bot | Monitoreo fallido para cuenta Binance Demo: Notional insuficiente para SOLUSDT: 1.619000 < 5.000000
2026-07-06 07:13:17 | WARNING | trading_bot | No se pudo reconciliar salida limit faltante para SOL/USD: Notional insuficiente para SOLUSDT: 1.619000 < 5.000000
2026-07-06 07:13:17 | WARNING | trading_bot | No se pudo reconciliar salida limit faltante para SOL/USD: Notional insuficiente para SOLUSDT: 1.619000 < 5.000000
2026-07-06 07:13:17 | WARNING | trading_bot | Monitoreo fallido para cuenta Binance Demo: Notional insuficiente para SOLUSDT: 1.619000 < 5.000000
2026-07-06 07:13:46 | WARNING | trading_bot | No se pudo reconciliar salida limit faltante para SOL/USD: Notional insuficiente para SOLUSDT: 1.619000 < 5.000000
2026-07-06 07:13:46 | WARNING | trading_bot | No se pudo reconciliar salida limit faltante para SOL/USD: Notional insuficiente para SOLUSDT: 1.619000 < 5.000000
2026-07-06 07:13:47 | WARNING | trading_bot | Monitoreo fallido para cuenta Binance Demo: Notional insuficiente para SOLUSDT: 1.619000 < 5.000000
2026-07-06 07:14:16 | WARNING | trading_bot | No se pudo reconciliar salida limit faltante para SOL/USD: Notional insuficiente para SOLUSDT: 1.619000 < 5.000000
2026-07-06 07:14:16 | WARNING | trading_bot | No se pudo reconciliar salida limit faltante para SOL/USD: Notional insuficiente para SOLUSDT: 1.619000 < 5.000000
2026-07-06 07:14:17 | WARNING | trading_bot | Monitoreo fallido para cuenta Binance Demo: Notional insuficiente para SOLUSDT: 1.619000 < 5.000000
2026-07-06 07:14:46 | WARNING | trading_bot | No se pudo reconciliar salida limit faltante para SOL/USD: Notional insuficiente para SOLUSDT: 1.619000 < 5.000000
2026-07-06 07:14:46 | WARNING | trading_bot | No se pudo reconciliar salida limit faltante para SOL/USD: Notional insuficiente para SOLUSDT: 1.619000 < 5.000000
2026-07-06 07:14:47 | WARNING | trading_bot | Monitoreo fallido para cuenta Binance Demo: Notional insuficiente para SOLUSDT: 1.619000 < 5.000000
2026-07-06 07:15:17 | WARNING | trading_bot | No se pudo reconciliar salida limit faltante para SOL/USD: Notional insuficiente para SOLUSDT: 1.619000 < 5.000000
2026-07-06 07:15:17 | WARNING | trading_bot | No se pudo reconciliar salida limit faltante para SOL/USD: Notional insuficiente para SOLUSDT: 1.619000 < 5.000000
2026-07-06 07:15:17 | WARNING | trading_bot | Monitoreo fallido para cuenta Binance Demo: Notional insuficiente para SOLUSDT: 1.619000 < 5.000000
2026-07-06 07:15:46 | WARNING | trading_bot | No se pudo reconciliar salida limit faltante para SOL/USD: Notional insuficiente para SOLUSDT: 1.619000 < 5.000000
2026-07-06 07:15:46 | WARNING | trading_bot | No se pudo reconciliar salida limit faltante para SOL/USD: Notional insuficiente para SOLUSDT: 1.619000 < 5.000000
2026-07-06 07:15:47 | WARNING | trading_bot | Monitoreo fallido para cuenta Binance Demo: Notional insuficiente para SOLUSDT: 1.619000 < 5.000000
2026-07-06 07:16:16 | WARNING | trading_bot | No se pudo reconciliar salida limit faltante para SOL/USD: Notional insuficiente para SOLUSDT: 1.619000 < 5.000000
2026-07-06 07:16:16 | WARNING | trading_bot | No se pudo reconciliar salida limit faltante para SOL/USD: Notional insuficiente para SOLUSDT: 1.619000 < 5.000000
2026-07-06 07:16:17 | WARNING | trading_bot | Monitoreo fallido para cuenta Binance Demo: Notional insuficiente para SOLUSDT: 1.619000 < 5.000000
2026-07-06 07:16:47 | WARNING | trading_bot | No se pudo reconciliar salida limit faltante para SOL/USD: Notional insuficiente para SOLUSDT: 1.619000 < 5.000000
2026-07-06 07:16:47 | WARNING | trading_bot | No se pudo reconciliar salida limit faltante para SOL/USD: Notional insuficiente para SOLUSDT: 1.619000 < 5.000000
2026-07-06 07:16:47 | WARNING | trading_bot | Monitoreo fallido para cuenta Binance Demo: Notional insuficiente para SOLUSDT: 1.619000 < 5.000000
2026-07-06 07:17:16 | WARNING | trading_bot | No se pudo reconciliar salida limit faltante para SOL/USD: Notional insuficiente para SOLUSDT: 1.619000 < 5.000000
2026-07-06 07:17:16 | WARNING | trading_bot | No se pudo reconciliar salida limit faltante para SOL/USD: Notional insuficiente para SOLUSDT: 1.619000 < 5.000000
2026-07-06 07:17:17 | WARNING | trading_bot | Monitoreo fallido para cuenta Binance Demo: Notional insuficiente para SOLUSDT: 1.619000 < 5.000000
2026-07-06 07:17:46 | WARNING | trading_bot | No se pudo reconciliar salida limit faltante para SOL/USD: Notional insuficiente para SOLUSDT: 1.619000 < 5.000000
2026-07-06 07:17:46 | WARNING | trading_bot | No se pudo reconciliar salida limit faltante para SOL/USD: Notional insuficiente para SOLUSDT: 1.619000 < 5.000000
2026-07-06 07:17:46 | WARNING | trading_bot | Monitoreo fallido para cuenta Binance Demo: Notional insuficiente para SOLUSDT: 1.619000 < 5.000000
2026-07-06 07:18:16 | WARNING | trading_bot | No se pudo reconciliar salida limit faltante para SOL/USD: Notional insuficiente para SOLUSDT: 1.619000 < 5.000000
2026-07-06 07:18:16 | WARNING | trading_bot | No se pudo reconciliar salida limit faltante para SOL/USD: Notional insuficiente para SOLUSDT: 1.619000 < 5.000000
2026-07-06 07:18:16 | WARNING | trading_bot | Monitoreo fallido para cuenta Binance Demo: Notional insuficiente para SOLUSDT: 1.619000 < 5.000000
2026-07-06 07:18:46 | WARNING | trading_bot | No se pudo reconciliar salida limit faltante para SOL/USD: Notional insuficiente para SOLUSDT: 1.619000 < 5.000000
2026-07-06 07:18:47 | WARNING | trading_bot | No se pudo reconciliar salida limit faltante para SOL/USD: Notional insuficiente para SOLUSDT: 1.619000 < 5.000000
2026-07-06 07:18:47 | WARNING | trading_bot | Monitoreo fallido para cuenta Binance Demo: Notional insuficiente para SOLUSDT: 1.619000 < 5.000000
2026-07-06 07:19:17 | WARNING | trading_bot | No se pudo reconciliar salida limit faltante para SOL/USD: Notional insuficiente para SOLUSDT: 1.619000 < 5.000000
2026-07-06 07:19:17 | WARNING | trading_bot | No se pudo reconciliar salida limit faltante para SOL/USD: Notional insuficiente para SOLUSDT: 1.619000 < 5.000000
2026-07-06 07:19:17 | WARNING | trading_bot | Monitoreo fallido para cuenta Binance Demo: Notional insuficiente para SOLUSDT: 1.619000 < 5.000000
2026-07-06 07:19:47 | WARNING | trading_bot | No se pudo reconciliar salida limit faltante para SOL/USD: Notional insuficiente para SOLUSDT: 1.619000 < 5.000000
2026-07-06 07:19:47 | WARNING | trading_bot | No se pudo reconciliar salida limit faltante para SOL/USD: Notional insuficiente para SOLUSDT: 1.619000 < 5.000000
2026-07-06 07:19:48 | WARNING | trading_bot | Monitoreo fallido para cuenta Binance Demo: Notional insuficiente para SOLUSDT: 1.619000 < 5.000000
2026-07-06 07:20:16 | WARNING | trading_bot | No se pudo reconciliar salida limit faltante para SOL/USD: Notional insuficiente para SOLUSDT: 1.619000 < 5.000000
2026-07-06 07:20:16 | WARNING | trading_bot | No se pudo reconciliar salida limit faltante para SOL/USD: Notional insuficiente para SOLUSDT: 1.619000 < 5.000000
2026-07-06 07:20:16 | WARNING | trading_bot | Monitoreo fallido para cuenta Binance Demo: Notional insuficiente para SOLUSDT: 1.619000 < 5.000000
2026-07-06 07:20:46 | WARNING | trading_bot | No se pudo reconciliar salida limit faltante para SOL/USD: Notional insuficiente para SOLUSDT: 1.619000 < 5.000000
2026-07-06 07:20:46 | WARNING | trading_bot | No se pudo reconciliar salida limit faltante para SOL/USD: Notional insuficiente para SOLUSDT: 1.619000 < 5.000000
2026-07-06 07:20:47 | WARNING | trading_bot | Monitoreo fallido para cuenta Binance Demo: Notional insuficiente para SOLUSDT: 1.619000 < 5.000000
2026-07-06 07:21:16 | WARNING | trading_bot | No se pudo reconciliar salida limit faltante para SOL/USD: Notional insuficiente para SOLUSDT: 1.619000 < 5.000000
2026-07-06 07:21:16 | WARNING | trading_bot | No se pudo reconciliar salida limit faltante para SOL/USD: Notional insuficiente para SOLUSDT: 1.619000 < 5.000000
2026-07-06 07:21:16 | WARNING | trading_bot | Monitoreo fallido para cuenta Binance Demo: Notional insuficiente para SOLUSDT: 1.619000 < 5.000000
2026-07-06 07:21:46 | WARNING | trading_bot | No se pudo reconciliar salida limit faltante para SOL/USD: Notional insuficiente para SOLUSDT: 1.619000 < 5.000000
2026-07-06 07:21:46 | WARNING | trading_bot | No se pudo reconciliar salida limit faltante para SOL/USD: Notional insuficiente para SOLUSDT: 1.619000 < 5.000000
2026-07-06 07:21:47 | WARNING | trading_bot | Monitoreo fallido para cuenta Binance Demo: Notional insuficiente para SOLUSDT: 1.619000 < 5.000000
2026-07-06 07:22:16 | WARNING | trading_bot | No se pudo reconciliar salida limit faltante para SOL/USD: Notional insuficiente para SOLUSDT: 1.619000 < 5.000000
2026-07-06 07:22:16 | WARNING | trading_bot | No se pudo reconciliar salida limit faltante para SOL/USD: Notional insuficiente para SOLUSDT: 1.619000 < 5.000000
2026-07-06 07:22:17 | WARNING | trading_bot | Monitoreo fallido para cuenta Binance Demo: Notional insuficiente para SOLUSDT: 1.619000 < 5.000000
2026-07-06 07:22:46 | WARNING | trading_bot | No se pudo reconciliar salida limit faltante para SOL/USD: Notional insuficiente para SOLUSDT: 1.619000 < 5.000000
2026-07-06 07:22:47 | WARNING | trading_bot | No se pudo reconciliar salida limit faltante para SOL/USD: Notional insuficiente para SOLUSDT: 1.619000 < 5.000000
2026-07-06 07:22:47 | WARNING | trading_bot | Monitoreo fallido para cuenta Binance Demo: Notional insuficiente para SOLUSDT: 1.619000 < 5.000000
2026-07-06 07:23:16 | WARNING | trading_bot | No se pudo reconciliar salida limit faltante para SOL/USD: Notional insuficiente para SOLUSDT: 1.619000 < 5.000000
2026-07-06 07:23:16 | WARNING | trading_bot | No se pudo reconciliar salida limit faltante para SOL/USD: Notional insuficiente para SOLUSDT: 1.619000 < 5.000000
2026-07-06 07:23:16 | WARNING | trading_bot | Monitoreo fallido para cuenta Binance Demo: Notional insuficiente para SOLUSDT: 1.619000 < 5.000000
2026-07-06 07:23:46 | WARNING | trading_bot | No se pudo reconciliar salida limit faltante para SOL/USD: Notional insuficiente para SOLUSDT: 1.619000 < 5.000000
2026-07-06 07:23:46 | WARNING | trading_bot | No se pudo reconciliar salida limit faltante para SOL/USD: Notional insuficiente para SOLUSDT: 1.619000 < 5.000000
2026-07-06 07:23:47 | WARNING | trading_bot | Monitoreo fallido para cuenta Binance Demo: Notional insuficiente para SOLUSDT: 1.619000 < 5.000000
2026-07-06 07:24:16 | WARNING | trading_bot | No se pudo reconciliar salida limit faltante para SOL/USD: Notional insuficiente para SOLUSDT: 1.619000 < 5.000000
2026-07-06 07:24:16 | WARNING | trading_bot | No se pudo reconciliar salida limit faltante para SOL/USD: Notional insuficiente para SOLUSDT: 1.619000 < 5.000000
2026-07-06 07:24:16 | WARNING | trading_bot | Monitoreo fallido para cuenta Binance Demo: Notional insuficiente para SOLUSDT: 1.619000 < 5.000000
2026-07-06 07:24:46 | WARNING | trading_bot | No se pudo reconciliar salida limit faltante para SOL/USD: Notional insuficiente para SOLUSDT: 1.619000 < 5.000000
2026-07-06 07:24:47 | WARNING | trading_bot | No se pudo reconciliar salida limit faltante para SOL/USD: Notional insuficiente para SOLUSDT: 1.619000 < 5.000000
2026-07-06 07:24:47 | WARNING | trading_bot | Monitoreo fallido para cuenta Binance Demo: Notional insuficiente para SOLUSDT: 1.619000 < 5.000000
2026-07-06 07:25:16 | WARNING | trading_bot | No se pudo reconciliar salida limit faltante para SOL/USD: Notional insuficiente para SOLUSDT: 1.619000 < 5.000000
2026-07-06 07:25:16 | WARNING | trading_bot | No se pudo reconciliar salida limit faltante para SOL/USD: Notional insuficiente para SOLUSDT: 1.619000 < 5.000000
2026-07-06 07:25:17 | WARNING | trading_bot | Monitoreo fallido para cuenta Binance Demo: Notional insuficiente para SOLUSDT: 1.619000 < 5.000000
2026-07-06 07:25:46 | WARNING | trading_bot | No se pudo reconciliar salida limit faltante para SOL/USD: Notional insuficiente para SOLUSDT: 1.619000 < 5.000000
2026-07-06 07:25:47 | WARNING | trading_bot | No se pudo reconciliar salida limit faltante para SOL/USD: Notional insuficiente para SOLUSDT: 1.619000 < 5.000000
2026-07-06 07:25:47 | WARNING | trading_bot | Monitoreo fallido para cuenta Binance Demo: Notional insuficiente para SOLUSDT: 1.619000 < 5.000000
2026-07-06 07:26:16 | WARNING | trading_bot | No se pudo reconciliar salida limit faltante para SOL/USD: Notional insuficiente para SOLUSDT: 1.619000 < 5.000000
2026-07-06 07:26:16 | WARNING | trading_bot | No se pudo reconciliar salida limit faltante para SOL/USD: Notional insuficiente para SOLUSDT: 1.619000 < 5.000000
2026-07-06 07:26:16 | WARNING | trading_bot | Monitoreo fallido para cuenta Binance Demo: Notional insuficiente para SOLUSDT: 1.619000 < 5.000000
2026-07-06 07:26:46 | WARNING | trading_bot | No se pudo reconciliar salida limit faltante para SOL/USD: Notional insuficiente para SOLUSDT: 1.619000 < 5.000000
2026-07-06 07:26:46 | WARNING | trading_bot | No se pudo reconciliar salida limit faltante para SOL/USD: Notional insuficiente para SOLUSDT: 1.619000 < 5.000000
2026-07-06 07:26:47 | WARNING | trading_bot | Monitoreo fallido para cuenta Binance Demo: Notional insuficiente para SOLUSDT: 1.619000 < 5.000000
2026-07-06 07:27:17 | WARNING | trading_bot | No se pudo reconciliar salida limit faltante para SOL/USD: Notional insuficiente para SOLUSDT: 1.619000 < 5.000000
2026-07-06 07:27:17 | WARNING | trading_bot | No se pudo reconciliar salida limit faltante para SOL/USD: Notional insuficiente para SOLUSDT: 1.619000 < 5.000000
2026-07-06 07:27:17 | WARNING | trading_bot | Monitoreo fallido para cuenta Binance Demo: Notional insuficiente para SOLUSDT: 1.619000 < 5.000000
2026-07-06 07:27:46 | WARNING | trading_bot | No se pudo reconciliar salida limit faltante para SOL/USD: Notional insuficiente para SOLUSDT: 1.619000 < 5.000000
2026-07-06 07:27:46 | WARNING | trading_bot | No se pudo reconciliar salida limit faltante para SOL/USD: Notional insuficiente para SOLUSDT: 1.619000 < 5.000000
2026-07-06 07:27:46 | WARNING | trading_bot | Monitoreo fallido para cuenta Binance Demo: Notional insuficiente para SOLUSDT: 1.619000 < 5.000000
2026-07-06 07:28:16 | WARNING | trading_bot | No se pudo reconciliar salida limit faltante para SOL/USD: Notional insuficiente para SOLUSDT: 1.619000 < 5.000000
2026-07-06 07:28:16 | WARNING | trading_bot | No se pudo reconciliar salida limit faltante para SOL/USD: Notional insuficiente para SOLUSDT: 1.619000 < 5.000000
2026-07-06 07:28:16 | WARNING | trading_bot | Monitoreo fallido para cuenta Binance Demo: Notional insuficiente para SOLUSDT: 1.619000 < 5.000000
2026-07-06 07:28:46 | WARNING | trading_bot | No se pudo reconciliar salida limit faltante para SOL/USD: Notional insuficiente para SOLUSDT: 1.619000 < 5.000000
2026-07-06 07:28:46 | WARNING | trading_bot | No se pudo reconciliar salida limit faltante para SOL/USD: Notional insuficiente para SOLUSDT: 1.619000 < 5.000000
2026-07-06 07:28:47 | WARNING | trading_bot | Monitoreo fallido para cuenta Binance Demo: Notional insuficiente para SOLUSDT: 1.619000 < 5.000000
2026-07-06 07:29:17 | WARNING | trading_bot | No se pudo reconciliar salida limit faltante para SOL/USD: Notional insuficiente para SOLUSDT: 1.619000 < 5.000000
2026-07-06 07:29:17 | WARNING | trading_bot | No se pudo reconciliar salida limit faltante para SOL/USD: Notional insuficiente para SOLUSDT: 1.619000 < 5.000000
2026-07-06 07:29:17 | WARNING | trading_bot | Monitoreo fallido para cuenta Binance Demo: Notional insuficiente para SOLUSDT: 1.619000 < 5.000000
2026-07-06 07:29:46 | WARNING | trading_bot | No se pudo reconciliar salida limit faltante para SOL/USD: Notional insuficiente para SOLUSDT: 1.619000 < 5.000000
2026-07-06 07:29:46 | WARNING | trading_bot | No se pudo reconciliar salida limit faltante para SOL/USD: Notional insuficiente para SOLUSDT: 1.619000 < 5.000000
2026-07-06 07:29:46 | WARNING | trading_bot | Monitoreo fallido para cuenta Binance Demo: Notional insuficiente para SOLUSDT: 1.619000 < 5.000000
2026-07-06 07:30:16 | WARNING | trading_bot | No se pudo reconciliar salida limit faltante para SOL/USD: Notional insuficiente para SOLUSDT: 1.619000 < 5.000000
2026-07-06 07:30:16 | WARNING | trading_bot | No se pudo reconciliar salida limit faltante para SOL/USD: Notional insuficiente para SOLUSDT: 1.619000 < 5.000000
2026-07-06 07:30:16 | WARNING | trading_bot | Monitoreo fallido para cuenta Binance Demo: Notional insuficiente para SOLUSDT: 1.619000 < 5.000000
2026-07-06 07:30:46 | WARNING | trading_bot | No se pudo reconciliar salida limit faltante para SOL/USD: Notional insuficiente para SOLUSDT: 1.619000 < 5.000000
2026-07-06 07:30:47 | WARNING | trading_bot | No se pudo reconciliar salida limit faltante para SOL/USD: Notional insuficiente para SOLUSDT: 1.619000 < 5.000000
2026-07-06 07:30:47 | WARNING | trading_bot | Monitoreo fallido para cuenta Binance Demo: Notional insuficiente para SOLUSDT: 1.619000 < 5.000000
2026-07-06 07:31:16 | WARNING | trading_bot | No se pudo reconciliar salida limit faltante para SOL/USD: Notional insuficiente para SOLUSDT: 1.619000 < 5.000000
2026-07-06 07:31:16 | WARNING | trading_bot | No se pudo reconciliar salida limit faltante para SOL/USD: Notional insuficiente para SOLUSDT: 1.619000 < 5.000000
2026-07-06 07:31:16 | WARNING | trading_bot | Monitoreo fallido para cuenta Binance Demo: Notional insuficiente para SOLUSDT: 1.619000 < 5.000000
2026-07-06 07:31:46 | WARNING | trading_bot | No se pudo reconciliar salida limit faltante para SOL/USD: Notional insuficiente para SOLUSDT: 1.619000 < 5.000000
2026-07-06 07:31:47 | WARNING | trading_bot | No se pudo reconciliar salida limit faltante para SOL/USD: Notional insuficiente para SOLUSDT: 1.619000 < 5.000000
2026-07-06 07:31:47 | WARNING | trading_bot | Monitoreo fallido para cuenta Binance Demo: Notional insuficiente para SOLUSDT: 1.619000 < 5.000000
2026-07-06 07:32:16 | WARNING | trading_bot | No se pudo reconciliar salida limit faltante para SOL/USD: Notional insuficiente para SOLUSDT: 1.619000 < 5.000000
2026-07-06 07:32:16 | WARNING | trading_bot | No se pudo reconciliar salida limit faltante para SOL/USD: Notional insuficiente para SOLUSDT: 1.619000 < 5.000000
2026-07-06 07:32:16 | WARNING | trading_bot | Monitoreo fallido para cuenta Binance Demo: Notional insuficiente para SOLUSDT: 1.619000 < 5.000000
2026-07-06 07:32:46 | WARNING | trading_bot | No se pudo reconciliar salida limit faltante para SOL/USD: Notional insuficiente para SOLUSDT: 1.619000 < 5.000000
2026-07-06 07:32:47 | WARNING | trading_bot | No se pudo reconciliar salida limit faltante para SOL/USD: Notional insuficiente para SOLUSDT: 1.619000 < 5.000000
2026-07-06 07:32:47 | WARNING | trading_bot | Monitoreo fallido para cuenta Binance Demo: Notional insuficiente para SOLUSDT: 1.619000 < 5.000000
2026-07-06 07:33:16 | WARNING | trading_bot | No se pudo reconciliar salida limit faltante para SOL/USD: Notional insuficiente para SOLUSDT: 1.619000 < 5.000000
2026-07-06 07:33:16 | WARNING | trading_bot | No se pudo reconciliar salida limit faltante para SOL/USD: Notional insuficiente para SOLUSDT: 1.619000 < 5.000000
2026-07-06 07:33:16 | WARNING | trading_bot | Monitoreo fallido para cuenta Binance Demo: Notional insuficiente para SOLUSDT: 1.619000 < 5.000000
2026-07-06 07:33:46 | WARNING | trading_bot | No se pudo reconciliar salida limit faltante para SOL/USD: Notional insuficiente para SOLUSDT: 1.619000 < 5.000000
2026-07-06 07:33:46 | WARNING | trading_bot | No se pudo reconciliar salida limit faltante para SOL/USD: Notional insuficiente para SOLUSDT: 1.619000 < 5.000000
2026-07-06 07:33:46 | WARNING | trading_bot | Monitoreo fallido para cuenta Binance Demo: Notional insuficiente para SOLUSDT: 1.619000 < 5.000000
2026-07-06 07:34:16 | WARNING | trading_bot | No se pudo reconciliar salida limit faltante para SOL/USD: Notional insuficiente para SOLUSDT: 1.619000 < 5.000000
2026-07-06 07:34:16 | WARNING | trading_bot | No se pudo reconciliar salida limit faltante para SOL/USD: Notional insuficiente para SOLUSDT: 1.619000 < 5.000000
2026-07-06 07:34:17 | WARNING | trading_bot | Monitoreo fallido para cuenta Binance Demo: Notional insuficiente para SOLUSDT: 1.619000 < 5.000000
2026-07-06 07:34:46 | WARNING | trading_bot | No se pudo reconciliar salida limit faltante para SOL/USD: Notional insuficiente para SOLUSDT: 1.619000 < 5.000000
2026-07-06 07:34:46 | WARNING | trading_bot | No se pudo reconciliar salida limit faltante para SOL/USD: Notional insuficiente para SOLUSDT: 1.619000 < 5.000000
2026-07-06 07:34:46 | WARNING | trading_bot | Monitoreo fallido para cuenta Binance Demo: Notional insuficiente para SOLUSDT: 1.619000 < 5.000000
2026-07-06 07:35:16 | WARNING | trading_bot | No se pudo reconciliar salida limit faltante para SOL/USD: Notional insuficiente para SOLUSDT: 1.619000 < 5.000000
2026-07-06 07:35:16 | WARNING | trading_bot | No se pudo reconciliar salida limit faltante para SOL/USD: Notional insuficiente para SOLUSDT: 1.619000 < 5.000000
2026-07-06 07:35:16 | WARNING | trading_bot | Monitoreo fallido para cuenta Binance Demo: Notional insuficiente para SOLUSDT: 1.619000 < 5.000000
2026-07-06 07:35:47 | WARNING | trading_bot | No se pudo reconciliar salida limit faltante para SOL/USD: Notional insuficiente para SOLUSDT: 1.619000 < 5.000000
2026-07-06 07:35:47 | WARNING | trading_bot | No se pudo reconciliar salida limit faltante para SOL/USD: Notional insuficiente para SOLUSDT: 1.619000 < 5.000000
2026-07-06 07:35:47 | WARNING | trading_bot | Monitoreo fallido para cuenta Binance Demo: Notional insuficiente para SOLUSDT: 1.619000 < 5.000000
2026-07-06 07:36:16 | WARNING | trading_bot | No se pudo reconciliar salida limit faltante para SOL/USD: Notional insuficiente para SOLUSDT: 1.619000 < 5.000000
2026-07-06 07:36:16 | WARNING | trading_bot | No se pudo reconciliar salida limit faltante para SOL/USD: Notional insuficiente para SOLUSDT: 1.619000 < 5.000000
2026-07-06 07:36:17 | WARNING | trading_bot | Monitoreo fallido para cuenta Binance Demo: Notional insuficiente para SOLUSDT: 1.619000 < 5.000000
2026-07-06 07:36:46 | WARNING | trading_bot | No se pudo reconciliar salida limit faltante para SOL/USD: Notional insuficiente para SOLUSDT: 1.619000 < 5.000000
2026-07-06 07:36:47 | WARNING | trading_bot | No se pudo reconciliar salida limit faltante para SOL/USD: Notional insuficiente para SOLUSDT: 1.619000 < 5.000000
2026-07-06 07:36:47 | WARNING | trading_bot | Monitoreo fallido para cuenta Binance Demo: Notional insuficiente para SOLUSDT: 1.619000 < 5.000000
2026-07-06 07:37:16 | WARNING | trading_bot | No se pudo reconciliar salida limit faltante para SOL/USD: Notional insuficiente para SOLUSDT: 1.619000 < 5.000000
2026-07-06 07:37:16 | WARNING | trading_bot | No se pudo reconciliar salida limit faltante para SOL/USD: Notional insuficiente para SOLUSDT: 1.619000 < 5.000000
2026-07-06 07:37:16 | WARNING | trading_bot | Monitoreo fallido para cuenta Binance Demo: Notional insuficiente para SOLUSDT: 1.619000 < 5.000000
2026-07-06 07:37:46 | WARNING | trading_bot | No se pudo reconciliar salida limit faltante para SOL/USD: Notional insuficiente para SOLUSDT: 1.619000 < 5.000000
2026-07-06 07:37:46 | WARNING | trading_bot | No se pudo reconciliar salida limit faltante para SOL/USD: Notional insuficiente para SOLUSDT: 1.619000 < 5.000000
2026-07-06 07:37:46 | WARNING | trading_bot | Monitoreo fallido para cuenta Binance Demo: Notional insuficiente para SOLUSDT: 1.619000 < 5.000000
2026-07-06 07:38:16 | WARNING | trading_bot | No se pudo reconciliar salida limit faltante para SOL/USD: Notional insuficiente para SOLUSDT: 1.619000 < 5.000000
2026-07-06 07:38:16 | WARNING | trading_bot | No se pudo reconciliar salida limit faltante para SOL/USD: Notional insuficiente para SOLUSDT: 1.619000 < 5.000000
2026-07-06 07:38:17 | WARNING | trading_bot | Monitoreo fallido para cuenta Binance Demo: Notional insuficiente para SOLUSDT: 1.619000 < 5.000000
2026-07-06 07:38:46 | WARNING | trading_bot | No se pudo reconciliar salida limit faltante para SOL/USD: Notional insuficiente para SOLUSDT: 1.619000 < 5.000000
2026-07-06 07:38:47 | WARNING | trading_bot | No se pudo reconciliar salida limit faltante para SOL/USD: Notional insuficiente para SOLUSDT: 1.619000 < 5.000000
2026-07-06 07:38:47 | WARNING | trading_bot | Monitoreo fallido para cuenta Binance Demo: Notional insuficiente para SOLUSDT: 1.619000 < 5.000000
2026-07-06 07:39:17 | WARNING | trading_bot | No se pudo reconciliar salida limit faltante para SOL/USD: Notional insuficiente para SOLUSDT: 1.619000 < 5.000000
2026-07-06 07:39:17 | WARNING | trading_bot | No se pudo reconciliar salida limit faltante para SOL/USD: Notional insuficiente para SOLUSDT: 1.619000 < 5.000000
2026-07-06 07:39:17 | WARNING | trading_bot | Monitoreo fallido para cuenta Binance Demo: Notional insuficiente para SOLUSDT: 1.619000 < 5.000000
2026-07-06 07:39:48 | WARNING | trading_bot | No se pudo reconciliar salida limit faltante para SOL/USD: Notional insuficiente para SOLUSDT: 1.619000 < 5.000000
2026-07-06 07:39:49 | WARNING | trading_bot | No se pudo reconciliar salida limit faltante para SOL/USD: Notional insuficiente para SOLUSDT: 1.619000 < 5.000000
2026-07-06 07:39:49 | WARNING | trading_bot | Monitoreo fallido para cuenta Binance Demo: Notional insuficiente para SOLUSDT: 1.619000 < 5.000000
2026-07-06 07:40:16 | WARNING | trading_bot | No se pudo reconciliar salida limit faltante para SOL/USD: Notional insuficiente para SOLUSDT: 1.619000 < 5.000000
2026-07-06 07:40:16 | WARNING | trading_bot | No se pudo reconciliar salida limit faltante para SOL/USD: Notional insuficiente para SOLUSDT: 1.619000 < 5.000000
2026-07-06 07:40:16 | WARNING | trading_bot | Monitoreo fallido para cuenta Binance Demo: Notional insuficiente para SOLUSDT: 1.619000 < 5.000000
2026-07-06 07:40:46 | WARNING | trading_bot | No se pudo reconciliar salida limit faltante para SOL/USD: Notional insuficiente para SOLUSDT: 1.619000 < 5.000000
2026-07-06 07:40:46 | WARNING | trading_bot | No se pudo reconciliar salida limit faltante para SOL/USD: Notional insuficiente para SOLUSDT: 1.619000 < 5.000000
2026-07-06 07:40:47 | WARNING | trading_bot | Monitoreo fallido para cuenta Binance Demo: Notional insuficiente para SOLUSDT: 1.619000 < 5.000000
2026-07-06 07:41:17 | WARNING | trading_bot | No se pudo reconciliar salida limit faltante para SOL/USD: Notional insuficiente para SOLUSDT: 1.619000 < 5.000000
2026-07-06 07:41:17 | WARNING | trading_bot | No se pudo reconciliar salida limit faltante para SOL/USD: Notional insuficiente para SOLUSDT: 1.619000 < 5.000000
2026-07-06 07:41:17 | WARNING | trading_bot | Monitoreo fallido para cuenta Binance Demo: Notional insuficiente para SOLUSDT: 1.619000 < 5.000000
2026-07-06 07:41:46 | WARNING | trading_bot | No se pudo reconciliar salida limit faltante para SOL/USD: Notional insuficiente para SOLUSDT: 1.619000 < 5.000000
2026-07-06 07:41:46 | WARNING | trading_bot | No se pudo reconciliar salida limit faltante para SOL/USD: Notional insuficiente para SOLUSDT: 1.619000 < 5.000000
2026-07-06 07:41:46 | WARNING | trading_bot | Monitoreo fallido para cuenta Binance Demo: Notional insuficiente para SOLUSDT: 1.619000 < 5.000000
2026-07-06 07:42:16 | WARNING | trading_bot | No se pudo reconciliar salida limit faltante para SOL/USD: Notional insuficiente para SOLUSDT: 1.619000 < 5.000000
2026-07-06 07:42:16 | WARNING | trading_bot | No se pudo reconciliar salida limit faltante para SOL/USD: Notional insuficiente para SOLUSDT: 1.619000 < 5.000000
2026-07-06 07:42:17 | WARNING | trading_bot | Monitoreo fallido para cuenta Binance Demo: Notional insuficiente para SOLUSDT: 1.619000 < 5.000000
2026-07-06 07:42:46 | WARNING | trading_bot | No se pudo reconciliar salida limit faltante para SOL/USD: Notional insuficiente para SOLUSDT: 1.619000 < 5.000000
2026-07-06 07:42:46 | WARNING | trading_bot | No se pudo reconciliar salida limit faltante para SOL/USD: Notional insuficiente para SOLUSDT: 1.619000 < 5.000000
2026-07-06 07:42:46 | WARNING | trading_bot | Monitoreo fallido para cuenta Binance Demo: Notional insuficiente para SOLUSDT: 1.619000 < 5.000000
2026-07-06 07:43:16 | WARNING | trading_bot | No se pudo reconciliar salida limit faltante para SOL/USD: Notional insuficiente para SOLUSDT: 1.619000 < 5.000000
2026-07-06 07:43:16 | WARNING | trading_bot | No se pudo reconciliar salida limit faltante para SOL/USD: Notional insuficiente para SOLUSDT: 1.619000 < 5.000000
2026-07-06 07:43:17 | WARNING | trading_bot | Monitoreo fallido para cuenta Binance Demo: Notional insuficiente para SOLUSDT: 1.619000 < 5.000000
2026-07-06 07:43:47 | WARNING | trading_bot | No se pudo reconciliar salida limit faltante para SOL/USD: Notional insuficiente para SOLUSDT: 1.619000 < 5.000000
2026-07-06 07:43:47 | WARNING | trading_bot | No se pudo reconciliar salida limit faltante para SOL/USD: Notional insuficiente para SOLUSDT: 1.619000 < 5.000000
2026-07-06 07:43:48 | WARNING | trading_bot | Monitoreo fallido para cuenta Binance Demo: Notional insuficiente para SOLUSDT: 1.619000 < 5.000000
2026-07-06 07:44:16 | WARNING | trading_bot | No se pudo reconciliar salida limit faltante para SOL/USD: Notional insuficiente para SOLUSDT: 1.619000 < 5.000000
2026-07-06 07:44:16 | WARNING | trading_bot | No se pudo reconciliar salida limit faltante para SOL/USD: Notional insuficiente para SOLUSDT: 1.619000 < 5.000000
2026-07-06 07:44:16 | WARNING | trading_bot | Monitoreo fallido para cuenta Binance Demo: Notional insuficiente para SOLUSDT: 1.619000 < 5.000000
2026-07-06 07:44:44 | WARNING | trading_bot | No se pudo refrescar estado NYSE: ('Connection aborted.', RemoteDisconnected('Remote end closed connection without response'))
2026-07-06 07:44:46 | WARNING | trading_bot | No se pudo reconciliar salida limit faltante para SOL/USD: Notional insuficiente para SOLUSDT: 1.619000 < 5.000000
2026-07-06 07:44:46 | WARNING | trading_bot | No se pudo reconciliar salida limit faltante para SOL/USD: Notional insuficiente para SOLUSDT: 1.619000 < 5.000000
2026-07-06 07:44:46 | WARNING | trading_bot | Monitoreo fallido para cuenta Binance Demo: Notional insuficiente para SOLUSDT: 1.619000 < 5.000000
2026-07-06 07:45:16 | WARNING | trading_bot | No se pudo reconciliar salida limit faltante para SOL/USD: Notional insuficiente para SOLUSDT: 1.619000 < 5.000000
2026-07-06 07:45:16 | WARNING | trading_bot | No se pudo reconciliar salida limit faltante para SOL/USD: Notional insuficiente para SOLUSDT: 1.619000 < 5.000000
2026-07-06 07:45:16 | WARNING | trading_bot | Monitoreo fallido para cuenta Binance Demo: Notional insuficiente para SOLUSDT: 1.619000 < 5.000000
2026-07-06 07:45:46 | WARNING | trading_bot | No se pudo reconciliar salida limit faltante para SOL/USD: Notional insuficiente para SOLUSDT: 1.619000 < 5.000000
2026-07-06 07:45:46 | WARNING | trading_bot | No se pudo reconciliar salida limit faltante para SOL/USD: Notional insuficiente para SOLUSDT: 1.619000 < 5.000000
2026-07-06 07:45:47 | WARNING | trading_bot | Monitoreo fallido para cuenta Binance Demo: Notional insuficiente para SOLUSDT: 1.619000 < 5.000000
2026-07-06 07:46:16 | WARNING | trading_bot | No se pudo reconciliar salida limit faltante para SOL/USD: Notional insuficiente para SOLUSDT: 1.619000 < 5.000000
2026-07-06 07:46:16 | WARNING | trading_bot | No se pudo reconciliar salida limit faltante para SOL/USD: Notional insuficiente para SOLUSDT: 1.619000 < 5.000000
2026-07-06 07:46:17 | WARNING | trading_bot | Monitoreo fallido para cuenta Binance Demo: Notional insuficiente para SOLUSDT: 1.619000 < 5.000000
2026-07-06 07:46:46 | WARNING | trading_bot | No se pudo reconciliar salida limit faltante para SOL/USD: Notional insuficiente para SOLUSDT: 1.619000 < 5.000000
2026-07-06 07:46:46 | WARNING | trading_bot | No se pudo reconciliar salida limit faltante para SOL/USD: Notional insuficiente para SOLUSDT: 1.619000 < 5.000000
2026-07-06 07:46:46 | WARNING | trading_bot | Monitoreo fallido para cuenta Binance Demo: Notional insuficiente para SOLUSDT: 1.619000 < 5.000000
2026-07-06 07:47:17 | WARNING | trading_bot | No se pudo reconciliar salida limit faltante para SOL/USD: Notional insuficiente para SOLUSDT: 1.619000 < 5.000000
2026-07-06 07:47:17 | WARNING | trading_bot | No se pudo reconciliar salida limit faltante para SOL/USD: Notional insuficiente para SOLUSDT: 1.619000 < 5.000000
2026-07-06 07:47:17 | WARNING | trading_bot | Monitoreo fallido para cuenta Binance Demo: Notional insuficiente para SOLUSDT: 1.619000 < 5.000000
2026-07-06 07:47:46 | WARNING | trading_bot | No se pudo reconciliar salida limit faltante para SOL/USD: Notional insuficiente para SOLUSDT: 1.619000 < 5.000000
2026-07-06 07:47:47 | WARNING | trading_bot | No se pudo reconciliar salida limit faltante para SOL/USD: Notional insuficiente para SOLUSDT: 1.619000 < 5.000000
2026-07-06 07:47:47 | WARNING | trading_bot | Monitoreo fallido para cuenta Binance Demo: Notional insuficiente para SOLUSDT: 1.619000 < 5.000000
2026-07-06 07:48:16 | WARNING | trading_bot | No se pudo reconciliar salida limit faltante para SOL/USD: Notional insuficiente para SOLUSDT: 1.619000 < 5.000000
2026-07-06 07:48:16 | WARNING | trading_bot | No se pudo reconciliar salida limit faltante para SOL/USD: Notional insuficiente para SOLUSDT: 1.619000 < 5.000000
2026-07-06 07:48:16 | WARNING | trading_bot | Monitoreo fallido para cuenta Binance Demo: Notional insuficiente para SOLUSDT: 1.619000 < 5.000000
2026-07-06 07:48:46 | WARNING | trading_bot | No se pudo reconciliar salida limit faltante para SOL/USD: Notional insuficiente para SOLUSDT: 1.619000 < 5.000000
2026-07-06 07:48:46 | WARNING | trading_bot | No se pudo reconciliar salida limit faltante para SOL/USD: Notional insuficiente para SOLUSDT: 1.619000 < 5.000000
2026-07-06 07:48:46 | WARNING | trading_bot | Monitoreo fallido para cuenta Binance Demo: Notional insuficiente para SOLUSDT: 1.619000 < 5.000000
2026-07-06 07:49:17 | WARNING | trading_bot | No se pudo reconciliar salida limit faltante para SOL/USD: Notional insuficiente para SOLUSDT: 1.619000 < 5.000000
2026-07-06 07:49:17 | WARNING | trading_bot | No se pudo reconciliar salida limit faltante para SOL/USD: Notional insuficiente para SOLUSDT: 1.619000 < 5.000000
2026-07-06 07:49:17 | WARNING | trading_bot | Monitoreo fallido para cuenta Binance Demo: Notional insuficiente para SOLUSDT: 1.619000 < 5.000000
2026-07-06 07:49:46 | WARNING | trading_bot | No se pudo reconciliar salida limit faltante para SOL/USD: Notional insuficiente para SOLUSDT: 1.619000 < 5.000000
2026-07-06 07:49:46 | WARNING | trading_bot | No se pudo reconciliar salida limit faltante para SOL/USD: Notional insuficiente para SOLUSDT: 1.619000 < 5.000000
2026-07-06 07:49:46 | WARNING | trading_bot | Monitoreo fallido para cuenta Binance Demo: Notional insuficiente para SOLUSDT: 1.619000 < 5.000000
2026-07-06 07:50:16 | WARNING | trading_bot | No se pudo reconciliar salida limit faltante para SOL/USD: Notional insuficiente para SOLUSDT: 1.619000 < 5.000000
2026-07-06 07:50:16 | WARNING | trading_bot | No se pudo reconciliar salida limit faltante para SOL/USD: Notional insuficiente para SOLUSDT: 1.619000 < 5.000000
2026-07-06 07:50:16 | WARNING | trading_bot | Monitoreo fallido para cuenta Binance Demo: Notional insuficiente para SOLUSDT: 1.619000 < 5.000000
2026-07-06 07:50:46 | WARNING | trading_bot | No se pudo reconciliar salida limit faltante para SOL/USD: Notional insuficiente para SOLUSDT: 1.619000 < 5.000000
2026-07-06 07:50:46 | WARNING | trading_bot | No se pudo reconciliar salida limit faltante para SOL/USD: Notional insuficiente para SOLUSDT: 1.619000 < 5.000000
2026-07-06 07:50:47 | WARNING | trading_bot | Monitoreo fallido para cuenta Binance Demo: Notional insuficiente para SOLUSDT: 1.619000 < 5.000000
2026-07-06 07:51:17 | WARNING | trading_bot | No se pudo reconciliar salida limit faltante para SOL/USD: Notional insuficiente para SOLUSDT: 1.619000 < 5.000000
2026-07-06 07:51:17 | WARNING | trading_bot | No se pudo reconciliar salida limit faltante para SOL/USD: Notional insuficiente para SOLUSDT: 1.619000 < 5.000000
2026-07-06 07:51:17 | WARNING | trading_bot | Monitoreo fallido para cuenta Binance Demo: Notional insuficiente para SOLUSDT: 1.619000 < 5.000000
2026-07-06 07:51:46 | WARNING | trading_bot | No se pudo reconciliar salida limit faltante para SOL/USD: Notional insuficiente para SOLUSDT: 1.619000 < 5.000000
2026-07-06 07:51:47 | WARNING | trading_bot | No se pudo reconciliar salida limit faltante para SOL/USD: Notional insuficiente para SOLUSDT: 1.619000 < 5.000000
2026-07-06 07:51:47 | WARNING | trading_bot | Monitoreo fallido para cuenta Binance Demo: Notional insuficiente para SOLUSDT: 1.619000 < 5.000000
2026-07-06 07:52:16 | WARNING | trading_bot | No se pudo reconciliar salida limit faltante para SOL/USD: Notional insuficiente para SOLUSDT: 1.619000 < 5.000000
2026-07-06 07:52:16 | WARNING | trading_bot | No se pudo reconciliar salida limit faltante para SOL/USD: Notional insuficiente para SOLUSDT: 1.619000 < 5.000000
2026-07-06 07:52:17 | WARNING | trading_bot | Monitoreo fallido para cuenta Binance Demo: Notional insuficiente para SOLUSDT: 1.619000 < 5.000000
2026-07-06 07:52:46 | WARNING | trading_bot | No se pudo reconciliar salida limit faltante para SOL/USD: Notional insuficiente para SOLUSDT: 1.619000 < 5.000000
2026-07-06 07:52:47 | WARNING | trading_bot | No se pudo reconciliar salida limit faltante para SOL/USD: Notional insuficiente para SOLUSDT: 1.619000 < 5.000000
2026-07-06 07:52:47 | WARNING | trading_bot | Monitoreo fallido para cuenta Binance Demo: Notional insuficiente para SOLUSDT: 1.619000 < 5.000000
2026-07-06 07:53:17 | WARNING | trading_bot | No se pudo reconciliar salida limit faltante para SOL/USD: Notional insuficiente para SOLUSDT: 1.619000 < 5.000000
2026-07-06 07:53:17 | WARNING | trading_bot | No se pudo reconciliar salida limit faltante para SOL/USD: Notional insuficiente para SOLUSDT: 1.619000 < 5.000000
2026-07-06 07:53:17 | WARNING | trading_bot | Monitoreo fallido para cuenta Binance Demo: Notional insuficiente para SOLUSDT: 1.619000 < 5.000000
2026-07-06 07:53:46 | WARNING | trading_bot | No se pudo reconciliar salida limit faltante para SOL/USD: Notional insuficiente para SOLUSDT: 1.619000 < 5.000000
2026-07-06 07:53:46 | WARNING | trading_bot | No se pudo reconciliar salida limit faltante para SOL/USD: Notional insuficiente para SOLUSDT: 1.619000 < 5.000000
2026-07-06 07:53:47 | WARNING | trading_bot | Monitoreo fallido para cuenta Binance Demo: Notional insuficiente para SOLUSDT: 1.619000 < 5.000000
2026-07-06 07:54:16 | WARNING | trading_bot | No se pudo reconciliar salida limit faltante para SOL/USD: Notional insuficiente para SOLUSDT: 1.619000 < 5.000000
2026-07-06 07:54:16 | WARNING | trading_bot | No se pudo reconciliar salida limit faltante para SOL/USD: Notional insuficiente para SOLUSDT: 1.619000 < 5.000000
2026-07-06 07:54:16 | WARNING | trading_bot | Monitoreo fallido para cuenta Binance Demo: Notional insuficiente para SOLUSDT: 1.619000 < 5.000000
2026-07-06 07:54:46 | WARNING | trading_bot | No se pudo reconciliar salida limit faltante para SOL/USD: Notional insuficiente para SOLUSDT: 1.619000 < 5.000000
2026-07-06 07:54:46 | WARNING | trading_bot | No se pudo reconciliar salida limit faltante para SOL/USD: Notional insuficiente para SOLUSDT: 1.619000 < 5.000000
2026-07-06 07:54:46 | WARNING | trading_bot | Monitoreo fallido para cuenta Binance Demo: Notional insuficiente para SOLUSDT: 1.619000 < 5.000000
2026-07-06 07:55:17 | WARNING | trading_bot | No se pudo reconciliar salida limit faltante para SOL/USD: Notional insuficiente para SOLUSDT: 1.619000 < 5.000000
2026-07-06 07:55:17 | WARNING | trading_bot | No se pudo reconciliar salida limit faltante para SOL/USD: Notional insuficiente para SOLUSDT: 1.619000 < 5.000000
2026-07-06 07:55:17 | WARNING | trading_bot | Monitoreo fallido para cuenta Binance Demo: Notional insuficiente para SOLUSDT: 1.619000 < 5.000000
2026-07-06 07:55:47 | WARNING | trading_bot | No se pudo reconciliar salida limit faltante para SOL/USD: Notional insuficiente para SOLUSDT: 1.619000 < 5.000000
2026-07-06 07:55:47 | WARNING | trading_bot | No se pudo reconciliar salida limit faltante para SOL/USD: Notional insuficiente para SOLUSDT: 1.619000 < 5.000000
2026-07-06 07:55:47 | WARNING | trading_bot | Monitoreo fallido para cuenta Binance Demo: Notional insuficiente para SOLUSDT: 1.619000 < 5.000000
2026-07-06 07:56:17 | WARNING | trading_bot | No se pudo reconciliar salida limit faltante para SOL/USD: Notional insuficiente para SOLUSDT: 1.619000 < 5.000000
2026-07-06 07:56:17 | WARNING | trading_bot | No se pudo reconciliar salida limit faltante para SOL/USD: Notional insuficiente para SOLUSDT: 1.619000 < 5.000000
2026-07-06 07:56:17 | WARNING | trading_bot | Monitoreo fallido para cuenta Binance Demo: Notional insuficiente para SOLUSDT: 1.619000 < 5.000000
2026-07-06 07:56:46 | WARNING | trading_bot | No se pudo reconciliar salida limit faltante para SOL/USD: Notional insuficiente para SOLUSDT: 1.619000 < 5.000000
2026-07-06 07:56:46 | WARNING | trading_bot | No se pudo reconciliar salida limit faltante para SOL/USD: Notional insuficiente para SOLUSDT: 1.619000 < 5.000000
2026-07-06 07:56:47 | WARNING | trading_bot | Monitoreo fallido para cuenta Binance Demo: Notional insuficiente para SOLUSDT: 1.619000 < 5.000000
2026-07-06 07:57:16 | WARNING | trading_bot | No se pudo reconciliar salida limit faltante para SOL/USD: Notional insuficiente para SOLUSDT: 1.619000 < 5.000000
2026-07-06 07:57:16 | WARNING | trading_bot | No se pudo reconciliar salida limit faltante para SOL/USD: Notional insuficiente para SOLUSDT: 1.619000 < 5.000000
2026-07-06 07:57:16 | WARNING | trading_bot | Monitoreo fallido para cuenta Binance Demo: Notional insuficiente para SOLUSDT: 1.619000 < 5.000000
2026-07-06 07:57:46 | WARNING | trading_bot | No se pudo reconciliar salida limit faltante para SOL/USD: Notional insuficiente para SOLUSDT: 1.619000 < 5.000000
2026-07-06 07:57:46 | WARNING | trading_bot | No se pudo reconciliar salida limit faltante para SOL/USD: Notional insuficiente para SOLUSDT: 1.619000 < 5.000000
2026-07-06 07:57:47 | WARNING | trading_bot | Monitoreo fallido para cuenta Binance Demo: Notional insuficiente para SOLUSDT: 1.619000 < 5.000000
2026-07-06 07:58:18 | WARNING | trading_bot | No se pudo reconciliar salida limit faltante para SOL/USD: Notional insuficiente para SOLUSDT: 1.619000 < 5.000000
2026-07-06 07:58:18 | WARNING | trading_bot | No se pudo reconciliar salida limit faltante para SOL/USD: Notional insuficiente para SOLUSDT: 1.619000 < 5.000000
2026-07-06 07:58:18 | WARNING | trading_bot | Monitoreo fallido para cuenta Binance Demo: Notional insuficiente para SOLUSDT: 1.619000 < 5.000000
2026-07-06 07:58:46 | WARNING | trading_bot | No se pudo reconciliar salida limit faltante para SOL/USD: Notional insuficiente para SOLUSDT: 1.619000 < 5.000000
2026-07-06 07:58:46 | WARNING | trading_bot | No se pudo reconciliar salida limit faltante para SOL/USD: Notional insuficiente para SOLUSDT: 1.619000 < 5.000000
2026-07-06 07:58:47 | WARNING | trading_bot | Monitoreo fallido para cuenta Binance Demo: Notional insuficiente para SOLUSDT: 1.619000 < 5.000000
2026-07-06 07:59:16 | WARNING | trading_bot | No se pudo reconciliar salida limit faltante para SOL/USD: Notional insuficiente para SOLUSDT: 1.619000 < 5.000000
2026-07-06 07:59:16 | WARNING | trading_bot | No se pudo reconciliar salida limit faltante para SOL/USD: Notional insuficiente para SOLUSDT: 1.619000 < 5.000000
2026-07-06 07:59:17 | WARNING | trading_bot | Monitoreo fallido para cuenta Binance Demo: Notional insuficiente para SOLUSDT: 1.619000 < 5.000000
2026-07-06 07:59:46 | WARNING | trading_bot | No se pudo reconciliar salida limit faltante para SOL/USD: Notional insuficiente para SOLUSDT: 1.619000 < 5.000000
2026-07-06 07:59:46 | WARNING | trading_bot | No se pudo reconciliar salida limit faltante para SOL/USD: Notional insuficiente para SOLUSDT: 1.619000 < 5.000000
2026-07-06 07:59:47 | WARNING | trading_bot | Monitoreo fallido para cuenta Binance Demo: Notional insuficiente para SOLUSDT: 1.619000 < 5.000000
2026-07-06 08:00:16 | WARNING | trading_bot | No se pudo reconciliar salida limit faltante para SOL/USD: Notional insuficiente para SOLUSDT: 1.619000 < 5.000000
2026-07-06 08:00:16 | WARNING | trading_bot | No se pudo reconciliar salida limit faltante para SOL/USD: Notional insuficiente para SOLUSDT: 1.619000 < 5.000000
2026-07-06 08:00:17 | WARNING | trading_bot | Monitoreo fallido para cuenta Binance Demo: Notional insuficiente para SOLUSDT: 1.619000 < 5.000000
2026-07-06 08:00:46 | WARNING | trading_bot | No se pudo reconciliar salida limit faltante para SOL/USD: Notional insuficiente para SOLUSDT: 1.619000 < 5.000000
2026-07-06 08:00:47 | WARNING | trading_bot | No se pudo reconciliar salida limit faltante para SOL/USD: Notional insuficiente para SOLUSDT: 1.619000 < 5.000000
2026-07-06 08:00:47 | WARNING | trading_bot | Monitoreo fallido para cuenta Binance Demo: Notional insuficiente para SOLUSDT: 1.619000 < 5.000000
2026-07-06 08:01:16 | WARNING | trading_bot | No se pudo reconciliar salida limit faltante para SOL/USD: Notional insuficiente para SOLUSDT: 1.619000 < 5.000000
2026-07-06 08:01:16 | WARNING | trading_bot | No se pudo reconciliar salida limit faltante para SOL/USD: Notional insuficiente para SOLUSDT: 1.619000 < 5.000000
2026-07-06 08:01:16 | WARNING | trading_bot | Monitoreo fallido para cuenta Binance Demo: Notional insuficiente para SOLUSDT: 1.619000 < 5.000000
2026-07-06 08:01:46 | WARNING | trading_bot | No se pudo reconciliar salida limit faltante para SOL/USD: Notional insuficiente para SOLUSDT: 1.619000 < 5.000000
2026-07-06 08:01:46 | WARNING | trading_bot | No se pudo reconciliar salida limit faltante para SOL/USD: Notional insuficiente para SOLUSDT: 1.619000 < 5.000000
2026-07-06 08:01:47 | WARNING | trading_bot | Monitoreo fallido para cuenta Binance Demo: Notional insuficiente para SOLUSDT: 1.619000 < 5.000000
2026-07-06 08:02:16 | WARNING | trading_bot | No se pudo reconciliar salida limit faltante para SOL/USD: Notional insuficiente para SOLUSDT: 1.619000 < 5.000000
2026-07-06 08:02:16 | WARNING | trading_bot | No se pudo reconciliar salida limit faltante para SOL/USD: Notional insuficiente para SOLUSDT: 1.619000 < 5.000000
2026-07-06 08:02:16 | WARNING | trading_bot | Monitoreo fallido para cuenta Binance Demo: Notional insuficiente para SOLUSDT: 1.619000 < 5.000000
2026-07-06 08:02:47 | WARNING | trading_bot | No se pudo reconciliar salida limit faltante para SOL/USD: Notional insuficiente para SOLUSDT: 1.619000 < 5.000000
2026-07-06 08:02:47 | WARNING | trading_bot | No se pudo reconciliar salida limit faltante para SOL/USD: Notional insuficiente para SOLUSDT: 1.619000 < 5.000000
2026-07-06 08:02:47 | WARNING | trading_bot | Monitoreo fallido para cuenta Binance Demo: Notional insuficiente para SOLUSDT: 1.619000 < 5.000000
2026-07-06 08:03:17 | WARNING | trading_bot | No se pudo reconciliar salida limit faltante para SOL/USD: Notional insuficiente para SOLUSDT: 1.619000 < 5.000000
2026-07-06 08:03:17 | WARNING | trading_bot | No se pudo reconciliar salida limit faltante para SOL/USD: Notional insuficiente para SOLUSDT: 1.619000 < 5.000000
2026-07-06 08:03:17 | WARNING | trading_bot | Monitoreo fallido para cuenta Binance Demo: Notional insuficiente para SOLUSDT: 1.619000 < 5.000000
2026-07-06 08:03:46 | WARNING | trading_bot | No se pudo reconciliar salida limit faltante para SOL/USD: Notional insuficiente para SOLUSDT: 1.619000 < 5.000000
2026-07-06 08:03:46 | WARNING | trading_bot | No se pudo reconciliar salida limit faltante para SOL/USD: Notional insuficiente para SOLUSDT: 1.619000 < 5.000000
2026-07-06 08:03:47 | WARNING | trading_bot | Monitoreo fallido para cuenta Binance Demo: Notional insuficiente para SOLUSDT: 1.619000 < 5.000000
2026-07-06 08:04:16 | WARNING | trading_bot | No se pudo reconciliar salida limit faltante para SOL/USD: Notional insuficiente para SOLUSDT: 1.619000 < 5.000000
2026-07-06 08:04:16 | WARNING | trading_bot | No se pudo reconciliar salida limit faltante para SOL/USD: Notional insuficiente para SOLUSDT: 1.619000 < 5.000000
2026-07-06 08:04:16 | WARNING | trading_bot | Monitoreo fallido para cuenta Binance Demo: Notional insuficiente para SOLUSDT: 1.619000 < 5.000000
2026-07-06 08:04:46 | WARNING | trading_bot | No se pudo reconciliar salida limit faltante para SOL/USD: Notional insuficiente para SOLUSDT: 1.619000 < 5.000000
2026-07-06 08:04:46 | WARNING | trading_bot | No se pudo reconciliar salida limit faltante para SOL/USD: Notional insuficiente para SOLUSDT: 1.619000 < 5.000000
2026-07-06 08:04:47 | WARNING | trading_bot | Monitoreo fallido para cuenta Binance Demo: Notional insuficiente para SOLUSDT: 1.619000 < 5.000000
2026-07-06 08:05:17 | WARNING | trading_bot | No se pudo reconciliar salida limit faltante para SOL/USD: Notional insuficiente para SOLUSDT: 1.619000 < 5.000000
2026-07-06 08:05:17 | WARNING | trading_bot | No se pudo reconciliar salida limit faltante para SOL/USD: Notional insuficiente para SOLUSDT: 1.619000 < 5.000000
2026-07-06 08:05:17 | WARNING | trading_bot | Monitoreo fallido para cuenta Binance Demo: Notional insuficiente para SOLUSDT: 1.619000 < 5.000000
2026-07-06 08:05:46 | WARNING | trading_bot | No se pudo reconciliar salida limit faltante para SOL/USD: Notional insuficiente para SOLUSDT: 1.619000 < 5.000000
2026-07-06 08:05:46 | WARNING | trading_bot | No se pudo reconciliar salida limit faltante para SOL/USD: Notional insuficiente para SOLUSDT: 1.619000 < 5.000000
2026-07-06 08:05:46 | WARNING | trading_bot | Monitoreo fallido para cuenta Binance Demo: Notional insuficiente para SOLUSDT: 1.619000 < 5.000000
2026-07-06 08:06:16 | WARNING | trading_bot | No se pudo reconciliar salida limit faltante para SOL/USD: Notional insuficiente para SOLUSDT: 1.619000 < 5.000000
2026-07-06 08:06:16 | WARNING | trading_bot | No se pudo reconciliar salida limit faltante para SOL/USD: Notional insuficiente para SOLUSDT: 1.619000 < 5.000000
2026-07-06 08:06:16 | WARNING | trading_bot | Monitoreo fallido para cuenta Binance Demo: Notional insuficiente para SOLUSDT: 1.619000 < 5.000000
2026-07-06 08:06:46 | WARNING | trading_bot | No se pudo reconciliar salida limit faltante para SOL/USD: Notional insuficiente para SOLUSDT: 1.619000 < 5.000000
2026-07-06 08:06:46 | WARNING | trading_bot | No se pudo reconciliar salida limit faltante para SOL/USD: Notional insuficiente para SOLUSDT: 1.619000 < 5.000000
2026-07-06 08:06:47 | WARNING | trading_bot | Monitoreo fallido para cuenta Binance Demo: Notional insuficiente para SOLUSDT: 1.619000 < 5.000000
2026-07-06 08:07:16 | WARNING | trading_bot | No se pudo reconciliar salida limit faltante para SOL/USD: Notional insuficiente para SOLUSDT: 1.619000 < 5.000000
2026-07-06 08:07:16 | WARNING | trading_bot | No se pudo reconciliar salida limit faltante para SOL/USD: Notional insuficiente para SOLUSDT: 1.619000 < 5.000000
2026-07-06 08:07:17 | WARNING | trading_bot | Monitoreo fallido para cuenta Binance Demo: Notional insuficiente para SOLUSDT: 1.619000 < 5.000000
2026-07-06 08:07:47 | WARNING | trading_bot | No se pudo reconciliar salida limit faltante para SOL/USD: Notional insuficiente para SOLUSDT: 1.619000 < 5.000000
2026-07-06 08:07:47 | WARNING | trading_bot | No se pudo reconciliar salida limit faltante para SOL/USD: Notional insuficiente para SOLUSDT: 1.619000 < 5.000000
2026-07-06 08:07:47 | WARNING | trading_bot | Monitoreo fallido para cuenta Binance Demo: Notional insuficiente para SOLUSDT: 1.619000 < 5.000000
2026-07-06 08:08:16 | WARNING | trading_bot | No se pudo reconciliar salida limit faltante para SOL/USD: Notional insuficiente para SOLUSDT: 1.619000 < 5.000000
2026-07-06 08:08:16 | WARNING | trading_bot | No se pudo reconciliar salida limit faltante para SOL/USD: Notional insuficiente para SOLUSDT: 1.619000 < 5.000000
2026-07-06 08:08:17 | WARNING | trading_bot | Monitoreo fallido para cuenta Binance Demo: Notional insuficiente para SOLUSDT: 1.619000 < 5.000000
2026-07-06 08:08:46 | WARNING | trading_bot | No se pudo reconciliar salida limit faltante para SOL/USD: Notional insuficiente para SOLUSDT: 1.619000 < 5.000000
2026-07-06 08:08:46 | WARNING | trading_bot | No se pudo reconciliar salida limit faltante para SOL/USD: Notional insuficiente para SOLUSDT: 1.619000 < 5.000000
2026-07-06 08:08:47 | WARNING | trading_bot | Monitoreo fallido para cuenta Binance Demo: Notional insuficiente para SOLUSDT: 1.619000 < 5.000000
2026-07-06 08:09:17 | WARNING | trading_bot | No se pudo reconciliar salida limit faltante para SOL/USD: Notional insuficiente para SOLUSDT: 1.619000 < 5.000000
2026-07-06 08:09:17 | WARNING | trading_bot | No se pudo reconciliar salida limit faltante para SOL/USD: Notional insuficiente para SOLUSDT: 1.619000 < 5.000000
2026-07-06 08:09:17 | WARNING | trading_bot | Monitoreo fallido para cuenta Binance Demo: Notional insuficiente para SOLUSDT: 1.619000 < 5.000000
2026-07-06 08:09:46 | WARNING | trading_bot | No se pudo reconciliar salida limit faltante para SOL/USD: Notional insuficiente para SOLUSDT: 1.619000 < 5.000000
2026-07-06 08:09:47 | WARNING | trading_bot | No se pudo reconciliar salida limit faltante para SOL/USD: Notional insuficiente para SOLUSDT: 1.619000 < 5.000000
2026-07-06 08:09:47 | WARNING | trading_bot | Monitoreo fallido para cuenta Binance Demo: Notional insuficiente para SOLUSDT: 1.619000 < 5.000000
2026-07-06 08:10:16 | WARNING | trading_bot | No se pudo reconciliar salida limit faltante para SOL/USD: Notional insuficiente para SOLUSDT: 1.619000 < 5.000000
2026-07-06 08:10:16 | WARNING | trading_bot | No se pudo reconciliar salida limit faltante para SOL/USD: Notional insuficiente para SOLUSDT: 1.619000 < 5.000000
2026-07-06 08:10:17 | WARNING | trading_bot | Monitoreo fallido para cuenta Binance Demo: Notional insuficiente para SOLUSDT: 1.619000 < 5.000000
2026-07-06 08:10:46 | WARNING | trading_bot | No se pudo reconciliar salida limit faltante para SOL/USD: Notional insuficiente para SOLUSDT: 1.619000 < 5.000000
2026-07-06 08:10:46 | WARNING | trading_bot | No se pudo reconciliar salida limit faltante para SOL/USD: Notional insuficiente para SOLUSDT: 1.619000 < 5.000000
2026-07-06 08:10:47 | WARNING | trading_bot | Monitoreo fallido para cuenta Binance Demo: Notional insuficiente para SOLUSDT: 1.619000 < 5.000000
2026-07-06 08:11:16 | WARNING | trading_bot | No se pudo reconciliar salida limit faltante para SOL/USD: Notional insuficiente para SOLUSDT: 1.619000 < 5.000000
2026-07-06 08:11:16 | WARNING | trading_bot | No se pudo reconciliar salida limit faltante para SOL/USD: Notional insuficiente para SOLUSDT: 1.619000 < 5.000000
2026-07-06 08:11:17 | WARNING | trading_bot | Monitoreo fallido para cuenta Binance Demo: Notional insuficiente para SOLUSDT: 1.619000 < 5.000000
2026-07-06 08:11:46 | WARNING | trading_bot | No se pudo reconciliar salida limit faltante para SOL/USD: Notional insuficiente para SOLUSDT: 1.619000 < 5.000000
2026-07-06 08:11:46 | WARNING | trading_bot | No se pudo reconciliar salida limit faltante para SOL/USD: Notional insuficiente para SOLUSDT: 1.619000 < 5.000000
2026-07-06 08:11:46 | WARNING | trading_bot | Monitoreo fallido para cuenta Binance Demo: Notional insuficiente para SOLUSDT: 1.619000 < 5.000000
2026-07-06 08:12:16 | WARNING | trading_bot | No se pudo reconciliar salida limit faltante para SOL/USD: Notional insuficiente para SOLUSDT: 1.619000 < 5.000000
2026-07-06 08:12:16 | WARNING | trading_bot | No se pudo reconciliar salida limit faltante para SOL/USD: Notional insuficiente para SOLUSDT: 1.619000 < 5.000000
2026-07-06 08:12:17 | WARNING | trading_bot | Monitoreo fallido para cuenta Binance Demo: Notional insuficiente para SOLUSDT: 1.619000 < 5.000000
2026-07-06 08:12:46 | WARNING | trading_bot | No se pudo reconciliar salida limit faltante para SOL/USD: Notional insuficiente para SOLUSDT: 1.619000 < 5.000000
2026-07-06 08:12:47 | WARNING | trading_bot | No se pudo reconciliar salida limit faltante para SOL/USD: Notional insuficiente para SOLUSDT: 1.619000 < 5.000000
2026-07-06 08:12:47 | WARNING | trading_bot | Monitoreo fallido para cuenta Binance Demo: Notional insuficiente para SOLUSDT: 1.619000 < 5.000000
2026-07-06 08:13:16 | WARNING | trading_bot | No se pudo reconciliar salida limit faltante para SOL/USD: Notional insuficiente para SOLUSDT: 1.619000 < 5.000000
2026-07-06 08:13:16 | WARNING | trading_bot | No se pudo reconciliar salida limit faltante para SOL/USD: Notional insuficiente para SOLUSDT: 1.619000 < 5.000000
2026-07-06 08:13:16 | WARNING | trading_bot | Monitoreo fallido para cuenta Binance Demo: Notional insuficiente para SOLUSDT: 1.619000 < 5.000000
2026-07-06 08:13:46 | WARNING | trading_bot | No se pudo reconciliar salida limit faltante para SOL/USD: Notional insuficiente para SOLUSDT: 1.619000 < 5.000000
2026-07-06 08:13:46 | WARNING | trading_bot | No se pudo reconciliar salida limit faltante para SOL/USD: Notional insuficiente para SOLUSDT: 1.619000 < 5.000000
2026-07-06 08:13:46 | WARNING | trading_bot | Monitoreo fallido para cuenta Binance Demo: Notional insuficiente para SOLUSDT: 1.619000 < 5.000000
2026-07-06 08:14:16 | WARNING | trading_bot | No se pudo reconciliar salida limit faltante para SOL/USD: Notional insuficiente para SOLUSDT: 1.619000 < 5.000000
2026-07-06 08:14:16 | WARNING | trading_bot | No se pudo reconciliar salida limit faltante para SOL/USD: Notional insuficiente para SOLUSDT: 1.619000 < 5.000000
2026-07-06 08:14:16 | WARNING | trading_bot | Monitoreo fallido para cuenta Binance Demo: Notional insuficiente para SOLUSDT: 1.619000 < 5.000000
2026-07-06 08:14:46 | WARNING | trading_bot | No se pudo reconciliar salida limit faltante para SOL/USD: Notional insuficiente para SOLUSDT: 1.619000 < 5.000000
2026-07-06 08:14:46 | WARNING | trading_bot | No se pudo reconciliar salida limit faltante para SOL/USD: Notional insuficiente para SOLUSDT: 1.619000 < 5.000000
2026-07-06 08:14:47 | WARNING | trading_bot | Monitoreo fallido para cuenta Binance Demo: Notional insuficiente para SOLUSDT: 1.619000 < 5.000000
2026-07-06 08:15:16 | WARNING | trading_bot | No se pudo reconciliar salida limit faltante para SOL/USD: Notional insuficiente para SOLUSDT: 1.619000 < 5.000000
2026-07-06 08:15:16 | WARNING | trading_bot | No se pudo reconciliar salida limit faltante para SOL/USD: Notional insuficiente para SOLUSDT: 1.619000 < 5.000000
2026-07-06 08:15:17 | WARNING | trading_bot | Monitoreo fallido para cuenta Binance Demo: Notional insuficiente para SOLUSDT: 1.619000 < 5.000000
2026-07-06 08:15:46 | WARNING | trading_bot | No se pudo reconciliar salida limit faltante para SOL/USD: Notional insuficiente para SOLUSDT: 1.619000 < 5.000000
2026-07-06 08:15:46 | WARNING | trading_bot | No se pudo reconciliar salida limit faltante para SOL/USD: Notional insuficiente para SOLUSDT: 1.619000 < 5.000000
2026-07-06 08:15:46 | WARNING | trading_bot | Monitoreo fallido para cuenta Binance Demo: Notional insuficiente para SOLUSDT: 1.619000 < 5.000000
2026-07-06 08:16:16 | WARNING | trading_bot | No se pudo reconciliar salida limit faltante para SOL/USD: Notional insuficiente para SOLUSDT: 1.619000 < 5.000000
2026-07-06 08:16:16 | WARNING | trading_bot | No se pudo reconciliar salida limit faltante para SOL/USD: Notional insuficiente para SOLUSDT: 1.619000 < 5.000000
2026-07-06 08:16:16 | WARNING | trading_bot | Monitoreo fallido para cuenta Binance Demo: Notional insuficiente para SOLUSDT: 1.619000 < 5.000000
2026-07-06 08:16:47 | WARNING | trading_bot | No se pudo reconciliar salida limit faltante para SOL/USD: Notional insuficiente para SOLUSDT: 1.619000 < 5.000000
2026-07-06 08:16:47 | WARNING | trading_bot | No se pudo reconciliar salida limit faltante para SOL/USD: Notional insuficiente para SOLUSDT: 1.619000 < 5.000000
2026-07-06 08:16:47 | WARNING | trading_bot | Monitoreo fallido para cuenta Binance Demo: Notional insuficiente para SOLUSDT: 1.619000 < 5.000000
2026-07-06 08:17:16 | WARNING | trading_bot | No se pudo reconciliar salida limit faltante para SOL/USD: Notional insuficiente para SOLUSDT: 1.619000 < 5.000000
2026-07-06 08:17:16 | WARNING | trading_bot | No se pudo reconciliar salida limit faltante para SOL/USD: Notional insuficiente para SOLUSDT: 1.619000 < 5.000000
2026-07-06 08:17:17 | WARNING | trading_bot | Monitoreo fallido para cuenta Binance Demo: Notional insuficiente para SOLUSDT: 1.619000 < 5.000000
2026-07-06 08:17:46 | WARNING | trading_bot | No se pudo reconciliar salida limit faltante para SOL/USD: Notional insuficiente para SOLUSDT: 1.619000 < 5.000000
2026-07-06 08:17:46 | WARNING | trading_bot | No se pudo reconciliar salida limit faltante para SOL/USD: Notional insuficiente para SOLUSDT: 1.619000 < 5.000000
2026-07-06 08:17:47 | WARNING | trading_bot | Monitoreo fallido para cuenta Binance Demo: Notional insuficiente para SOLUSDT: 1.619000 < 5.000000
2026-07-06 08:18:17 | WARNING | trading_bot | No se pudo reconciliar salida limit faltante para SOL/USD: Notional insuficiente para SOLUSDT: 1.619000 < 5.000000
2026-07-06 08:18:17 | WARNING | trading_bot | No se pudo reconciliar salida limit faltante para SOL/USD: Notional insuficiente para SOLUSDT: 1.619000 < 5.000000
2026-07-06 08:18:17 | WARNING | trading_bot | Monitoreo fallido para cuenta Binance Demo: Notional insuficiente para SOLUSDT: 1.619000 < 5.000000
2026-07-06 08:18:46 | WARNING | trading_bot | No se pudo reconciliar salida limit faltante para SOL/USD: Notional insuficiente para SOLUSDT: 1.619000 < 5.000000
2026-07-06 08:18:47 | WARNING | trading_bot | No se pudo reconciliar salida limit faltante para SOL/USD: Notional insuficiente para SOLUSDT: 1.619000 < 5.000000
2026-07-06 08:18:47 | WARNING | trading_bot | Monitoreo fallido para cuenta Binance Demo: Notional insuficiente para SOLUSDT: 1.619000 < 5.000000
2026-07-06 08:19:16 | WARNING | trading_bot | No se pudo reconciliar salida limit faltante para SOL/USD: Notional insuficiente para SOLUSDT: 1.619000 < 5.000000
2026-07-06 08:19:16 | WARNING | trading_bot | No se pudo reconciliar salida limit faltante para SOL/USD: Notional insuficiente para SOLUSDT: 1.619000 < 5.000000
2026-07-06 08:19:16 | WARNING | trading_bot | Monitoreo fallido para cuenta Binance Demo: Notional insuficiente para SOLUSDT: 1.619000 < 5.000000
2026-07-06 08:19:46 | WARNING | trading_bot | No se pudo reconciliar salida limit faltante para SOL/USD: Notional insuficiente para SOLUSDT: 1.619000 < 5.000000
2026-07-06 08:19:46 | WARNING | trading_bot | No se pudo reconciliar salida limit faltante para SOL/USD: Notional insuficiente para SOLUSDT: 1.619000 < 5.000000
2026-07-06 08:19:47 | WARNING | trading_bot | Monitoreo fallido para cuenta Binance Demo: Notional insuficiente para SOLUSDT: 1.619000 < 5.000000
2026-07-06 08:20:17 | WARNING | trading_bot | No se pudo reconciliar salida limit faltante para SOL/USD: Notional insuficiente para SOLUSDT: 1.619000 < 5.000000
2026-07-06 08:20:17 | WARNING | trading_bot | No se pudo reconciliar salida limit faltante para SOL/USD: Notional insuficiente para SOLUSDT: 1.619000 < 5.000000
2026-07-06 08:20:17 | WARNING | trading_bot | Monitoreo fallido para cuenta Binance Demo: Notional insuficiente para SOLUSDT: 1.619000 < 5.000000
2026-07-06 08:20:46 | WARNING | trading_bot | No se pudo reconciliar salida limit faltante para SOL/USD: Notional insuficiente para SOLUSDT: 1.619000 < 5.000000
2026-07-06 08:20:47 | WARNING | trading_bot | No se pudo reconciliar salida limit faltante para SOL/USD: Notional insuficiente para SOLUSDT: 1.619000 < 5.000000
2026-07-06 08:20:47 | WARNING | trading_bot | Monitoreo fallido para cuenta Binance Demo: Notional insuficiente para SOLUSDT: 1.619000 < 5.000000
2026-07-06 08:21:17 | WARNING | trading_bot | No se pudo reconciliar salida limit faltante para SOL/USD: Notional insuficiente para SOLUSDT: 1.619000 < 5.000000
2026-07-06 08:21:17 | WARNING | trading_bot | No se pudo reconciliar salida limit faltante para SOL/USD: Notional insuficiente para SOLUSDT: 1.619000 < 5.000000
2026-07-06 08:21:17 | WARNING | trading_bot | Monitoreo fallido para cuenta Binance Demo: Notional insuficiente para SOLUSDT: 1.619000 < 5.000000
2026-07-06 08:21:46 | WARNING | trading_bot | No se pudo reconciliar salida limit faltante para SOL/USD: Notional insuficiente para SOLUSDT: 1.619000 < 5.000000
2026-07-06 08:21:47 | WARNING | trading_bot | No se pudo reconciliar salida limit faltante para SOL/USD: Notional insuficiente para SOLUSDT: 1.619000 < 5.000000
2026-07-06 08:21:47 | WARNING | trading_bot | Monitoreo fallido para cuenta Binance Demo: Notional insuficiente para SOLUSDT: 1.619000 < 5.000000
2026-07-06 08:22:16 | WARNING | trading_bot | No se pudo reconciliar salida limit faltante para SOL/USD: Notional insuficiente para SOLUSDT: 1.619000 < 5.000000
2026-07-06 08:22:16 | WARNING | trading_bot | No se pudo reconciliar salida limit faltante para SOL/USD: Notional insuficiente para SOLUSDT: 1.619000 < 5.000000
2026-07-06 08:22:16 | WARNING | trading_bot | Monitoreo fallido para cuenta Binance Demo: Notional insuficiente para SOLUSDT: 1.619000 < 5.000000
2026-07-06 08:22:46 | WARNING | trading_bot | No se pudo reconciliar salida limit faltante para SOL/USD: Notional insuficiente para SOLUSDT: 1.619000 < 5.000000
2026-07-06 08:22:46 | WARNING | trading_bot | No se pudo reconciliar salida limit faltante para SOL/USD: Notional insuficiente para SOLUSDT: 1.619000 < 5.000000
2026-07-06 08:22:47 | WARNING | trading_bot | Monitoreo fallido para cuenta Binance Demo: Notional insuficiente para SOLUSDT: 1.619000 < 5.000000
2026-07-06 08:23:17 | WARNING | trading_bot | No se pudo reconciliar salida limit faltante para SOL/USD: Notional insuficiente para SOLUSDT: 1.619000 < 5.000000
2026-07-06 08:23:17 | WARNING | trading_bot | No se pudo reconciliar salida limit faltante para SOL/USD: Notional insuficiente para SOLUSDT: 1.619000 < 5.000000
2026-07-06 08:23:17 | WARNING | trading_bot | Monitoreo fallido para cuenta Binance Demo: Notional insuficiente para SOLUSDT: 1.619000 < 5.000000
2026-07-06 08:23:45 | WARNING | trading_bot | Forzando cierre de la aplicacion por solicitud del usuario.
2026-07-06 08:23:55 | WARNING | trading_bot | Monitoreo fallido para cuenta Binance Demo: Notional insuficiente para SOLUSDT: 1.619000 < 5.000000
2026-07-06 08:23:57 | WARNING | trading_bot | WebSocket reconnect triggered by CryptoVolumeManager
2026-07-06 08:23:57 | WARNING | trading_bot | Using fallback REST bars for AVAX/USD
2026-07-06 08:24:02 | WARNING | trading_bot | Using fallback REST bars for BTC/USD
2026-07-06 08:24:07 | WARNING | trading_bot | WebSocket reconnect triggered by CryptoVolumeManager
2026-07-06 08:24:07 | WARNING | trading_bot | Using fallback REST bars for DOGE/USD
2026-07-06 08:24:13 | WARNING | trading_bot | Using fallback REST bars for ETH/USD
2026-07-06 08:24:18 | WARNING | trading_bot | WebSocket reconnect triggered by CryptoVolumeManager
2026-07-06 08:24:18 | WARNING | trading_bot | Using fallback REST bars for LINK/USD
2026-07-06 08:24:23 | WARNING | trading_bot | Monitoreo fallido para cuenta Binance Demo: Notional insuficiente para SOLUSDT: 1.619000 < 5.000000
2026-07-06 08:24:23 | WARNING | trading_bot | Using fallback REST bars for SOL/USD
2026-07-06 08:24:28 | WARNING | trading_bot | WebSocket reconnect triggered by CryptoVolumeManager
2026-07-06 08:24:28 | WARNING | trading_bot | Using fallback REST bars for XRP/USD
2026-07-06 08:24:54 | WARNING | trading_bot | Monitoreo fallido para cuenta Binance Demo: Notional insuficiente para SOLUSDT: 1.619000 < 5.000000
2026-07-06 08:25:11 | WARNING | trading_bot | WebSocket reconnect triggered by CryptoVolumeManager
2026-07-06 08:25:11 | WARNING | trading_bot | Using fallback REST bars for SOL/USD
2026-07-06 08:25:23 | WARNING | trading_bot | Monitoreo fallido para cuenta Binance Demo: Notional insuficiente para SOLUSDT: 1.619000 < 5.000000
2026-07-06 08:25:54 | WARNING | trading_bot | Monitoreo fallido para cuenta Binance Demo: Notional insuficiente para SOLUSDT: 1.619000 < 5.000000
2026-07-06 08:26:22 | WARNING | trading_bot | Monitoreo fallido para cuenta Binance Demo: Notional insuficiente para SOLUSDT: 1.619000 < 5.000000
2026-07-06 08:26:53 | WARNING | trading_bot | Monitoreo fallido para cuenta Binance Demo: Notional insuficiente para SOLUSDT: 1.619000 < 5.000000
2026-07-06 08:27:22 | WARNING | trading_bot | Monitoreo fallido para cuenta Binance Demo: Notional insuficiente para SOLUSDT: 1.619000 < 5.000000
2026-07-06 08:27:26 | WARNING | trading_bot | WebSocket reconnect triggered by CryptoVolumeManager
2026-07-06 08:27:26 | WARNING | trading_bot | Using fallback REST bars for AVAX/USD
2026-07-06 08:27:33 | WARNING | trading_bot | Using fallback REST bars for BTC/USD
2026-07-06 08:27:38 | WARNING | trading_bot | Forzando cierre de la aplicacion por solicitud del usuario.
2026-07-06 08:27:44 | WARNING | trading_bot | Fallo de red/HTTP en market data (ConnectionError). Reintentando en 1.0 s
2026-07-06 08:27:48 | WARNING | trading_bot | WebSocket reconnect triggered by CryptoVolumeManager
2026-07-06 08:27:49 | WARNING | trading_bot | Using fallback REST bars for AVAX/USD
2026-07-06 08:27:54 | WARNING | trading_bot | Using fallback REST bars for BTC/USD
2026-07-06 08:27:58 | WARNING | trading_bot | Fallo de red/HTTP en market data (ConnectionError). Reintentando en 1.0 s
2026-07-06 08:28:01 | WARNING | trading_bot | WebSocket reconnect triggered by CryptoVolumeManager
2026-07-06 08:28:01 | WARNING | trading_bot | Using fallback REST bars for DOGE/USD
2026-07-06 08:28:03 | WARNING | trading_bot | Monitoreo fallido para cuenta Binance Demo: ('Connection aborted.', RemoteDisconnected('Remote end closed connection without response'))
2026-07-06 08:28:07 | WARNING | trading_bot | Using fallback REST bars for ETH/USD
2026-07-06 08:28:13 | WARNING | trading_bot | Fallo de red/HTTP en market data (ConnectionError). Reintentando en 1.0 s
2026-07-06 08:28:14 | WARNING | trading_bot | WebSocket reconnect triggered by CryptoVolumeManager
2026-07-06 08:28:15 | WARNING | trading_bot | Using fallback REST bars for LINK/USD
2026-07-06 08:28:15 | WARNING | trading_bot | Monitoreo fallido para cuenta Binance Demo: Notional insuficiente para SOLUSDT: 1.619000 < 5.000000
2026-07-06 08:28:19 | WARNING | trading_bot | Using fallback REST bars for SOL/USD
2026-07-06 08:28:24 | WARNING | trading_bot | Using fallback REST bars for XRP/USD
2026-07-06 08:28:46 | WARNING | trading_bot | Monitoreo fallido para cuenta Binance Demo: Notional insuficiente para SOLUSDT: 1.619000 < 5.000000
2026-07-06 08:29:14 | WARNING | trading_bot | Monitoreo fallido para cuenta Binance Demo: Notional insuficiente para SOLUSDT: 1.619000 < 5.000000
2026-07-06 08:29:45 | WARNING | trading_bot | Monitoreo fallido para cuenta Binance Demo: Notional insuficiente para SOLUSDT: 1.619000 < 5.000000
2026-07-06 08:30:10 | WARNING | trading_bot | Forzando cierre de la aplicacion por solicitud del usuario.
2026-07-06 08:30:21 | WARNING | trading_bot | Fallo de red/HTTP en market data (ConnectionError). Reintentando en 1.0 s
2026-07-06 08:30:27 | WARNING | trading_bot | WebSocket reconnect triggered by CryptoVolumeManager
2026-07-06 08:30:29 | WARNING | trading_bot | Using fallback REST bars for AVAX/USD
2026-07-06 08:30:32 | WARNING | trading_bot | Fallo de red/HTTP en market data (ConnectionError). Reintentando en 1.0 s
2026-07-06 08:30:37 | WARNING | trading_bot | Using fallback REST bars for BTC/USD
2026-07-06 08:30:38 | WARNING | trading_bot | WebSocket reconnect triggered by CryptoVolumeManager
2026-07-06 08:30:39 | WARNING | trading_bot | Using fallback REST bars for SOL/USD
2026-07-06 08:30:40 | WARNING | trading_bot | Sin conexion durante monitoreo general (ReadTimeout). Reintentando automaticamente...
2026-07-06 08:30:40 | WARNING | trading_bot | Sin conexion durante monitoreo general (ReadTimeout). Reintentando automaticamente...
2026-07-06 08:30:43 | WARNING | trading_bot | Using fallback REST bars for DOGE/USD
2026-07-06 08:30:51 | WARNING | trading_bot | WebSocket reconnect triggered by CryptoVolumeManager
2026-07-06 08:30:51 | WARNING | trading_bot | Fallo de red/HTTP en market data (ConnectionError). Reintentando en 1.0 s
2026-07-06 08:30:51 | WARNING | trading_bot | Using fallback REST bars for ETH/USD
2026-07-06 08:30:54 | WARNING | trading_bot | Monitoreo fallido para cuenta Binance Demo: Notional insuficiente para SOLUSDT: 1.619000 < 5.000000
2026-07-06 08:30:57 | WARNING | trading_bot | Using fallback REST bars for LINK/USD
2026-07-06 08:31:03 | WARNING | trading_bot | WebSocket reconnect triggered by CryptoVolumeManager
2026-07-06 08:31:03 | WARNING | trading_bot | Using fallback REST bars for SOL/USD
2026-07-06 08:31:16 | WARNING | trading_bot | WebSocket reconnect triggered by CryptoVolumeManager
2026-07-06 08:31:16 | WARNING | trading_bot | Using fallback REST bars for XRP/USD
2026-07-06 08:31:26 | WARNING | trading_bot | Monitoreo fallido para cuenta Binance Demo: Notional insuficiente para SOLUSDT: 1.619000 < 5.000000
2026-07-06 08:31:52 | WARNING | trading_bot | Monitoreo fallido para cuenta Binance Demo: Notional insuficiente para SOLUSDT: 1.619000 < 5.000000
2026-07-06 08:32:23 | WARNING | trading_bot | Monitoreo fallido para cuenta Binance Demo: Notional insuficiente para SOLUSDT: 1.619000 < 5.000000
2026-07-06 08:32:51 | WARNING | trading_bot | Monitoreo fallido para cuenta Binance Demo: Notional insuficiente para SOLUSDT: 1.619000 < 5.000000
2026-07-06 08:32:54 | WARNING | trading_bot | Forzando cierre de la aplicacion por solicitud del usuario.
2026-07-06 08:33:18 | WARNING | trading_bot | Fallo de red/HTTP en market data (ConnectionError). Reintentando en 1.0 s
2026-07-06 08:33:19 | WARNING | trading_bot | Fallo de red/HTTP en market data (ConnectionError). Reintentando en 2.0 s
2026-07-06 08:33:21 | WARNING | trading_bot | Monitoreo fallido para cuenta Binance Demo: Notional insuficiente para SOLUSDT: 1.619000 < 5.000000
2026-07-06 08:33:23 | WARNING | trading_bot | WebSocket reconnect triggered by CryptoVolumeManager
2026-07-06 08:33:24 | WARNING | trading_bot | Using fallback REST bars for AVAX/USD
2026-07-06 08:33:29 | WARNING | trading_bot | Using fallback REST bars for BTC/USD
2026-07-06 08:33:34 | WARNING | trading_bot | WebSocket reconnect triggered by CryptoVolumeManager
2026-07-06 08:33:38 | WARNING | trading_bot | Using fallback REST bars for DOGE/USD
2026-07-06 08:33:39 | WARNING | trading_bot | Using fallback REST bars for SOL/USD
2026-07-06 08:33:44 | WARNING | trading_bot | Using fallback REST bars for ETH/USD
2026-07-06 08:33:48 | WARNING | trading_bot | Fallo de red/HTTP en market data (ConnectionError). Reintentando en 1.0 s
2026-07-06 08:33:50 | WARNING | trading_bot | WebSocket reconnect triggered by CryptoVolumeManager
2026-07-06 08:33:50 | WARNING | trading_bot | Using fallback REST bars for LINK/USD
2026-07-06 08:33:50 | WARNING | trading_bot | Monitoreo fallido para cuenta Binance Demo: Notional insuficiente para SOLUSDT: 1.619000 < 5.000000
2026-07-06 08:33:53 | WARNING | trading_bot | Using fallback REST bars for SOL/USD
2026-07-06 08:33:58 | WARNING | trading_bot | Using fallback REST bars for XRP/USD
2026-07-06 08:34:21 | WARNING | trading_bot | Monitoreo fallido para cuenta Binance Demo: Notional insuficiente para SOLUSDT: 1.619000 < 5.000000
2026-07-06 08:34:49 | WARNING | trading_bot | Monitoreo fallido para cuenta Binance Demo: Notional insuficiente para SOLUSDT: 1.619000 < 5.000000
2026-07-06 08:35:18 | WARNING | trading_bot | Monitoreo fallido para cuenta Binance Demo: Notional insuficiente para SOLUSDT: 1.619000 < 5.000000
2026-07-06 08:35:50 | WARNING | trading_bot | Monitoreo fallido para cuenta Binance Demo: Notional insuficiente para SOLUSDT: 1.619000 < 5.000000
2026-07-06 08:36:18 | WARNING | trading_bot | Monitoreo fallido para cuenta Binance Demo: Notional insuficiente para SOLUSDT: 1.619000 < 5.000000
2026-07-06 08:36:50 | WARNING | trading_bot | Monitoreo fallido para cuenta Binance Demo: Notional insuficiente para SOLUSDT: 1.619000 < 5.000000
2026-07-06 08:37:19 | WARNING | trading_bot | Monitoreo fallido para cuenta Binance Demo: Notional insuficiente para SOLUSDT: 1.619000 < 5.000000
2026-07-06 08:37:49 | WARNING | trading_bot | Monitoreo fallido para cuenta Binance Demo: Notional insuficiente para SOLUSDT: 1.619000 < 5.000000
2026-07-06 08:38:18 | WARNING | trading_bot | Monitoreo fallido para cuenta Binance Demo: Notional insuficiente para SOLUSDT: 1.619000 < 5.000000
2026-07-06 08:38:49 | WARNING | trading_bot | Monitoreo fallido para cuenta Binance Demo: Notional insuficiente para SOLUSDT: 1.619000 < 5.000000
2026-07-06 08:39:20 | WARNING | trading_bot | Monitoreo fallido para cuenta Binance Demo: Notional insuficiente para SOLUSDT: 1.619000 < 5.000000
2026-07-06 08:39:49 | WARNING | trading_bot | Monitoreo fallido para cuenta Binance Demo: Notional insuficiente para SOLUSDT: 1.619000 < 5.000000
2026-07-06 08:40:19 | WARNING | trading_bot | Monitoreo fallido para cuenta Binance Demo: Notional insuficiente para SOLUSDT: 1.619000 < 5.000000
2026-07-06 08:40:48 | WARNING | trading_bot | Monitoreo fallido para cuenta Binance Demo: Notional insuficiente para SOLUSDT: 1.619000 < 5.000000
2026-07-06 08:41:19 | WARNING | trading_bot | Monitoreo fallido para cuenta Binance Demo: Notional insuficiente para SOLUSDT: 1.619000 < 5.000000
2026-07-06 08:41:50 | WARNING | trading_bot | Monitoreo fallido para cuenta Binance Demo: Notional insuficiente para SOLUSDT: 1.619000 < 5.000000
2026-07-06 08:42:19 | WARNING | trading_bot | Monitoreo fallido para cuenta Binance Demo: Notional insuficiente para SOLUSDT: 1.619000 < 5.000000
2026-07-06 08:42:50 | WARNING | trading_bot | Monitoreo fallido para cuenta Binance Demo: Notional insuficiente para SOLUSDT: 1.619000 < 5.000000
2026-07-06 08:43:19 | WARNING | trading_bot | Monitoreo fallido para cuenta Binance Demo: Notional insuficiente para SOLUSDT: 1.619000 < 5.000000
2026-07-06 08:43:49 | WARNING | trading_bot | Monitoreo fallido para cuenta Binance Demo: Notional insuficiente para SOLUSDT: 1.619000 < 5.000000
2026-07-06 08:44:19 | WARNING | trading_bot | Monitoreo fallido para cuenta Binance Demo: Notional insuficiente para SOLUSDT: 1.619000 < 5.000000
2026-07-06 08:44:50 | WARNING | trading_bot | Monitoreo fallido para cuenta Binance Demo: Notional insuficiente para SOLUSDT: 1.619000 < 5.000000
2026-07-06 08:45:19 | WARNING | trading_bot | Monitoreo fallido para cuenta Binance Demo: Notional insuficiente para SOLUSDT: 1.619000 < 5.000000
2026-07-06 08:45:49 | WARNING | trading_bot | Monitoreo fallido para cuenta Binance Demo: Notional insuficiente para SOLUSDT: 1.619000 < 5.000000
2026-07-06 08:46:19 | WARNING | trading_bot | Monitoreo fallido para cuenta Binance Demo: Notional insuficiente para SOLUSDT: 1.619000 < 5.000000
2026-07-06 08:46:50 | WARNING | trading_bot | Monitoreo fallido para cuenta Binance Demo: Notional insuficiente para SOLUSDT: 1.619000 < 5.000000
2026-07-06 08:47:18 | WARNING | trading_bot | Monitoreo fallido para cuenta Binance Demo: Notional insuficiente para SOLUSDT: 1.619000 < 5.000000
2026-07-06 08:47:50 | WARNING | trading_bot | Monitoreo fallido para cuenta Binance Demo: Notional insuficiente para SOLUSDT: 1.619000 < 5.000000
2026-07-06 08:48:19 | WARNING | trading_bot | Monitoreo fallido para cuenta Binance Demo: Notional insuficiente para SOLUSDT: 1.619000 < 5.000000
2026-07-06 08:48:49 | WARNING | trading_bot | Monitoreo fallido para cuenta Binance Demo: Notional insuficiente para SOLUSDT: 1.619000 < 5.000000
2026-07-06 08:49:18 | WARNING | trading_bot | Monitoreo fallido para cuenta Binance Demo: Notional insuficiente para SOLUSDT: 1.619000 < 5.000000
2026-07-06 08:49:49 | WARNING | trading_bot | Monitoreo fallido para cuenta Binance Demo: Notional insuficiente para SOLUSDT: 1.619000 < 5.000000
2026-07-06 08:50:18 | WARNING | trading_bot | Monitoreo fallido para cuenta Binance Demo: Notional insuficiente para SOLUSDT: 1.619000 < 5.000000
2026-07-06 08:50:50 | WARNING | trading_bot | Monitoreo fallido para cuenta Binance Demo: Notional insuficiente para SOLUSDT: 1.619000 < 5.000000
2026-07-06 08:51:18 | WARNING | trading_bot | Monitoreo fallido para cuenta Binance Demo: Notional insuficiente para SOLUSDT: 1.619000 < 5.000000
2026-07-06 08:51:49 | WARNING | trading_bot | Monitoreo fallido para cuenta Binance Demo: Notional insuficiente para SOLUSDT: 1.619000 < 5.000000
2026-07-06 08:52:20 | WARNING | trading_bot | Monitoreo fallido para cuenta Binance Demo: Notional insuficiente para SOLUSDT: 1.619000 < 5.000000
2026-07-06 08:52:48 | WARNING | trading_bot | Monitoreo fallido para cuenta Binance Demo: Notional insuficiente para SOLUSDT: 1.619000 < 5.000000
2026-07-06 08:53:20 | WARNING | trading_bot | Monitoreo fallido para cuenta Binance Demo: Notional insuficiente para SOLUSDT: 1.619000 < 5.000000
2026-07-06 08:53:48 | WARNING | trading_bot | Monitoreo fallido para cuenta Binance Demo: Notional insuficiente para SOLUSDT: 1.619000 < 5.000000
2026-07-06 08:54:21 | WARNING | trading_bot | Monitoreo fallido para cuenta Binance Demo: Notional insuficiente para SOLUSDT: 1.619000 < 5.000000
2026-07-06 08:54:49 | WARNING | trading_bot | Monitoreo fallido para cuenta Binance Demo: Notional insuficiente para SOLUSDT: 1.619000 < 5.000000
2026-07-06 08:55:19 | WARNING | trading_bot | Monitoreo fallido para cuenta Binance Demo: Notional insuficiente para SOLUSDT: 1.619000 < 5.000000
2026-07-06 08:55:50 | WARNING | trading_bot | Monitoreo fallido para cuenta Binance Demo: Notional insuficiente para SOLUSDT: 1.619000 < 5.000000
2026-07-06 08:56:18 | WARNING | trading_bot | Monitoreo fallido para cuenta Binance Demo: Notional insuficiente para SOLUSDT: 1.619000 < 5.000000
2026-07-06 08:56:50 | WARNING | trading_bot | Monitoreo fallido para cuenta Binance Demo: Notional insuficiente para SOLUSDT: 1.619000 < 5.000000
2026-07-06 08:57:18 | WARNING | trading_bot | Monitoreo fallido para cuenta Binance Demo: Notional insuficiente para SOLUSDT: 1.619000 < 5.000000
2026-07-06 08:57:49 | WARNING | trading_bot | Monitoreo fallido para cuenta Binance Demo: Notional insuficiente para SOLUSDT: 1.619000 < 5.000000
2026-07-06 08:58:18 | WARNING | trading_bot | Monitoreo fallido para cuenta Binance Demo: Notional insuficiente para SOLUSDT: 1.619000 < 5.000000
2026-07-06 08:58:50 | WARNING | trading_bot | Monitoreo fallido para cuenta Binance Demo: Notional insuficiente para SOLUSDT: 1.619000 < 5.000000
2026-07-06 08:59:19 | WARNING | trading_bot | Monitoreo fallido para cuenta Binance Demo: Notional insuficiente para SOLUSDT: 1.619000 < 5.000000
2026-07-06 08:59:49 | WARNING | trading_bot | Monitoreo fallido para cuenta Binance Demo: Notional insuficiente para SOLUSDT: 1.619000 < 5.000000
2026-07-06 09:00:18 | WARNING | trading_bot | Monitoreo fallido para cuenta Binance Demo: Notional insuficiente para SOLUSDT: 1.619000 < 5.000000
2026-07-06 09:00:49 | WARNING | trading_bot | Monitoreo fallido para cuenta Binance Demo: Notional insuficiente para SOLUSDT: 1.619000 < 5.000000
2026-07-06 09:01:18 | WARNING | trading_bot | Monitoreo fallido para cuenta Binance Demo: Notional insuficiente para SOLUSDT: 1.619000 < 5.000000
2026-07-06 09:01:50 | WARNING | trading_bot | Monitoreo fallido para cuenta Binance Demo: Notional insuficiente para SOLUSDT: 1.619000 < 5.000000
2026-07-06 09:02:19 | WARNING | trading_bot | Monitoreo fallido para cuenta Binance Demo: Notional insuficiente para SOLUSDT: 1.619000 < 5.000000
2026-07-06 09:02:49 | WARNING | trading_bot | Monitoreo fallido para cuenta Binance Demo: Notional insuficiente para SOLUSDT: 1.619000 < 5.000000
2026-07-06 09:03:20 | WARNING | trading_bot | Monitoreo fallido para cuenta Binance Demo: Notional insuficiente para SOLUSDT: 1.619000 < 5.000000
2026-07-06 09:03:48 | WARNING | trading_bot | Monitoreo fallido para cuenta Binance Demo: Notional insuficiente para SOLUSDT: 1.619000 < 5.000000
2026-07-06 09:04:20 | WARNING | trading_bot | Monitoreo fallido para cuenta Binance Demo: Notional insuficiente para SOLUSDT: 1.619000 < 5.000000
2026-07-06 09:04:48 | WARNING | trading_bot | Monitoreo fallido para cuenta Binance Demo: Notional insuficiente para SOLUSDT: 1.619000 < 5.000000
2026-07-06 09:05:19 | WARNING | trading_bot | Monitoreo fallido para cuenta Binance Demo: Notional insuficiente para SOLUSDT: 1.619000 < 5.000000
2026-07-06 09:05:48 | WARNING | trading_bot | Monitoreo fallido para cuenta Binance Demo: Notional insuficiente para SOLUSDT: 1.619000 < 5.000000
2026-07-06 09:06:19 | WARNING | trading_bot | Monitoreo fallido para cuenta Binance Demo: Notional insuficiente para SOLUSDT: 1.619000 < 5.000000
2026-07-06 09:06:48 | WARNING | trading_bot | Monitoreo fallido para cuenta Binance Demo: Notional insuficiente para SOLUSDT: 1.619000 < 5.000000
2026-07-06 09:07:20 | WARNING | trading_bot | Monitoreo fallido para cuenta Binance Demo: Notional insuficiente para SOLUSDT: 1.619000 < 5.000000
2026-07-06 09:07:49 | WARNING | trading_bot | Monitoreo fallido para cuenta Binance Demo: Notional insuficiente para SOLUSDT: 1.619000 < 5.000000
2026-07-06 09:08:19 | WARNING | trading_bot | Monitoreo fallido para cuenta Binance Demo: Notional insuficiente para SOLUSDT: 1.619000 < 5.000000
2026-07-06 09:08:49 | WARNING | trading_bot | Monitoreo fallido para cuenta Binance Demo: Notional insuficiente para SOLUSDT: 1.619000 < 5.000000
2026-07-06 09:09:18 | WARNING | trading_bot | Monitoreo fallido para cuenta Binance Demo: Notional insuficiente para SOLUSDT: 1.619000 < 5.000000
2026-07-06 09:09:50 | WARNING | trading_bot | Monitoreo fallido para cuenta Binance Demo: Notional insuficiente para SOLUSDT: 1.619000 < 5.000000
2026-07-06 09:10:18 | WARNING | trading_bot | Monitoreo fallido para cuenta Binance Demo: Notional insuficiente para SOLUSDT: 1.619000 < 5.000000
2026-07-06 09:10:50 | WARNING | trading_bot | Monitoreo fallido para cuenta Binance Demo: Notional insuficiente para SOLUSDT: 1.619000 < 5.000000
2026-07-06 09:11:19 | WARNING | trading_bot | Monitoreo fallido para cuenta Binance Demo: Notional insuficiente para SOLUSDT: 1.619000 < 5.000000
2026-07-06 09:11:48 | WARNING | trading_bot | Monitoreo fallido para cuenta Binance Demo: Notional insuficiente para SOLUSDT: 1.619000 < 5.000000
2026-07-06 09:12:20 | WARNING | trading_bot | Monitoreo fallido para cuenta Binance Demo: Notional insuficiente para SOLUSDT: 1.619000 < 5.000000
2026-07-06 09:12:49 | WARNING | trading_bot | Monitoreo fallido para cuenta Binance Demo: Notional insuficiente para SOLUSDT: 1.619000 < 5.000000
2026-07-06 09:13:20 | WARNING | trading_bot | Monitoreo fallido para cuenta Binance Demo: Notional insuficiente para SOLUSDT: 1.619000 < 5.000000
2026-07-06 09:13:48 | WARNING | trading_bot | Monitoreo fallido para cuenta Binance Demo: Notional insuficiente para SOLUSDT: 1.619000 < 5.000000
2026-07-06 09:14:20 | WARNING | trading_bot | Monitoreo fallido para cuenta Binance Demo: Notional insuficiente para SOLUSDT: 1.619000 < 5.000000
2026-07-06 09:14:48 | WARNING | trading_bot | Monitoreo fallido para cuenta Binance Demo: Notional insuficiente para SOLUSDT: 1.619000 < 5.000000
2026-07-06 09:15:19 | WARNING | trading_bot | Monitoreo fallido para cuenta Binance Demo: Notional insuficiente para SOLUSDT: 1.619000 < 5.000000
2026-07-06 09:15:48 | WARNING | trading_bot | Monitoreo fallido para cuenta Binance Demo: Notional insuficiente para SOLUSDT: 1.619000 < 5.000000
2026-07-06 09:16:19 | WARNING | trading_bot | Monitoreo fallido para cuenta Binance Demo: Notional insuficiente para SOLUSDT: 1.619000 < 5.000000
2026-07-06 09:16:48 | WARNING | trading_bot | Monitoreo fallido para cuenta Binance Demo: Notional insuficiente para SOLUSDT: 1.619000 < 5.000000
2026-07-06 09:17:20 | WARNING | trading_bot | Monitoreo fallido para cuenta Binance Demo: Notional insuficiente para SOLUSDT: 1.619000 < 5.000000
2026-07-06 09:17:48 | WARNING | trading_bot | Monitoreo fallido para cuenta Binance Demo: Notional insuficiente para SOLUSDT: 1.619000 < 5.000000
2026-07-06 09:18:20 | WARNING | trading_bot | Monitoreo fallido para cuenta Binance Demo: Notional insuficiente para SOLUSDT: 1.619000 < 5.000000
2026-07-06 09:18:48 | WARNING | trading_bot | Monitoreo fallido para cuenta Binance Demo: Notional insuficiente para SOLUSDT: 1.619000 < 5.000000
2026-07-06 09:19:20 | WARNING | trading_bot | Monitoreo fallido para cuenta Binance Demo: Notional insuficiente para SOLUSDT: 1.619000 < 5.000000
2026-07-06 09:19:50 | WARNING | trading_bot | Monitoreo fallido para cuenta Binance Demo: Notional insuficiente para SOLUSDT: 1.619000 < 5.000000
2026-07-06 09:20:18 | WARNING | trading_bot | Monitoreo fallido para cuenta Binance Demo: Notional insuficiente para SOLUSDT: 1.619000 < 5.000000
2026-07-06 09:20:49 | WARNING | trading_bot | Monitoreo fallido para cuenta Binance Demo: Notional insuficiente para SOLUSDT: 1.619000 < 5.000000
2026-07-06 09:21:19 | WARNING | trading_bot | Monitoreo fallido para cuenta Binance Demo: Notional insuficiente para SOLUSDT: 1.619000 < 5.000000
2026-07-06 09:21:50 | WARNING | trading_bot | Monitoreo fallido para cuenta Binance Demo: Notional insuficiente para SOLUSDT: 1.619000 < 5.000000
2026-07-06 09:22:18 | WARNING | trading_bot | Monitoreo fallido para cuenta Binance Demo: Notional insuficiente para SOLUSDT: 1.619000 < 5.000000
2026-07-06 09:22:49 | WARNING | trading_bot | Monitoreo fallido para cuenta Binance Demo: Notional insuficiente para SOLUSDT: 1.619000 < 5.000000
2026-07-06 09:23:18 | WARNING | trading_bot | Monitoreo fallido para cuenta Binance Demo: Notional insuficiente para SOLUSDT: 1.619000 < 5.000000
2026-07-06 09:23:49 | WARNING | trading_bot | Monitoreo fallido para cuenta Binance Demo: Notional insuficiente para SOLUSDT: 1.619000 < 5.000000
2026-07-06 09:24:19 | WARNING | trading_bot | Monitoreo fallido para cuenta Binance Demo: Notional insuficiente para SOLUSDT: 1.619000 < 5.000000
2026-07-06 09:24:49 | WARNING | trading_bot | Monitoreo fallido para cuenta Binance Demo: Notional insuficiente para SOLUSDT: 1.619000 < 5.000000
2026-07-06 09:25:20 | WARNING | trading_bot | Monitoreo fallido para cuenta Binance Demo: Notional insuficiente para SOLUSDT: 1.619000 < 5.000000
2026-07-06 09:25:49 | WARNING | trading_bot | Monitoreo fallido para cuenta Binance Demo: Notional insuficiente para SOLUSDT: 1.619000 < 5.000000
2026-07-06 09:26:20 | WARNING | trading_bot | Monitoreo fallido para cuenta Binance Demo: Notional insuficiente para SOLUSDT: 1.619000 < 5.000000
2026-07-06 09:26:50 | WARNING | trading_bot | Monitoreo fallido para cuenta Binance Demo: Notional insuficiente para SOLUSDT: 1.619000 < 5.000000
2026-07-06 09:27:19 | WARNING | trading_bot | Monitoreo fallido para cuenta Binance Demo: Notional insuficiente para SOLUSDT: 1.619000 < 5.000000
2026-07-06 09:27:50 | WARNING | trading_bot | Monitoreo fallido para cuenta Binance Demo: Notional insuficiente para SOLUSDT: 1.619000 < 5.000000
2026-07-06 09:28:18 | WARNING | trading_bot | Monitoreo fallido para cuenta Binance Demo: Notional insuficiente para SOLUSDT: 1.619000 < 5.000000
2026-07-06 09:28:50 | WARNING | trading_bot | Monitoreo fallido para cuenta Binance Demo: Notional insuficiente para SOLUSDT: 1.619000 < 5.000000
2026-07-06 09:29:18 | WARNING | trading_bot | Monitoreo fallido para cuenta Binance Demo: Notional insuficiente para SOLUSDT: 1.619000 < 5.000000
2026-07-06 09:29:50 | WARNING | trading_bot | Monitoreo fallido para cuenta Binance Demo: Notional insuficiente para SOLUSDT: 1.619000 < 5.000000
2026-07-06 09:30:18 | WARNING | trading_bot | Monitoreo fallido para cuenta Binance Demo: Notional insuficiente para SOLUSDT: 1.619000 < 5.000000
2026-07-06 09:30:49 | WARNING | trading_bot | Monitoreo fallido para cuenta Binance Demo: Notional insuficiente para SOLUSDT: 1.619000 < 5.000000
2026-07-06 09:31:21 | WARNING | trading_bot | Monitoreo fallido para cuenta Binance Demo: Notional insuficiente para SOLUSDT: 1.619000 < 5.000000
2026-07-06 09:31:48 | WARNING | trading_bot | Monitoreo fallido para cuenta Binance Demo: Notional insuficiente para SOLUSDT: 1.619000 < 5.000000
2026-07-06 09:32:20 | WARNING | trading_bot | Monitoreo fallido para cuenta Binance Demo: Notional insuficiente para SOLUSDT: 1.619000 < 5.000000
2026-07-06 09:32:48 | WARNING | trading_bot | Monitoreo fallido para cuenta Binance Demo: Notional insuficiente para SOLUSDT: 1.619000 < 5.000000
2026-07-06 09:33:20 | WARNING | trading_bot | Monitoreo fallido para cuenta Binance Demo: Notional insuficiente para SOLUSDT: 1.619000 < 5.000000
2026-07-06 09:33:49 | WARNING | trading_bot | Monitoreo fallido para cuenta Binance Demo: Notional insuficiente para SOLUSDT: 1.619000 < 5.000000
2026-07-06 09:34:20 | WARNING | trading_bot | Monitoreo fallido para cuenta Binance Demo: Notional insuficiente para SOLUSDT: 1.619000 < 5.000000
2026-07-06 09:34:48 | WARNING | trading_bot | Monitoreo fallido para cuenta Binance Demo: Notional insuficiente para SOLUSDT: 1.619000 < 5.000000
2026-07-06 09:35:21 | WARNING | trading_bot | Monitoreo fallido para cuenta Binance Demo: Notional insuficiente para SOLUSDT: 1.619000 < 5.000000
2026-07-06 09:35:49 | WARNING | trading_bot | Monitoreo fallido para cuenta Binance Demo: Notional insuficiente para SOLUSDT: 1.619000 < 5.000000
2026-07-06 09:36:20 | WARNING | trading_bot | Monitoreo fallido para cuenta Binance Demo: Notional insuficiente para SOLUSDT: 1.619000 < 5.000000
2026-07-06 09:36:50 | WARNING | trading_bot | Monitoreo fallido para cuenta Binance Demo: Notional insuficiente para SOLUSDT: 1.619000 < 5.000000
2026-07-06 09:37:19 | WARNING | trading_bot | Monitoreo fallido para cuenta Binance Demo: Notional insuficiente para SOLUSDT: 1.619000 < 5.000000
2026-07-06 09:37:50 | WARNING | trading_bot | Monitoreo fallido para cuenta Binance Demo: Notional insuficiente para SOLUSDT: 1.619000 < 5.000000
2026-07-06 09:38:18 | WARNING | trading_bot | Monitoreo fallido para cuenta Binance Demo: Notional insuficiente para SOLUSDT: 1.619000 < 5.000000
2026-07-06 09:38:49 | WARNING | trading_bot | Monitoreo fallido para cuenta Binance Demo: Notional insuficiente para SOLUSDT: 1.619000 < 5.000000
2026-07-06 09:39:18 | WARNING | trading_bot | Monitoreo fallido para cuenta Binance Demo: Notional insuficiente para SOLUSDT: 1.619000 < 5.000000
2026-07-06 09:39:50 | WARNING | trading_bot | Monitoreo fallido para cuenta Binance Demo: Notional insuficiente para SOLUSDT: 1.619000 < 5.000000
2026-07-06 09:40:18 | WARNING | trading_bot | Monitoreo fallido para cuenta Binance Demo: Notional insuficiente para SOLUSDT: 1.619000 < 5.000000
2026-07-06 09:40:50 | WARNING | trading_bot | Monitoreo fallido para cuenta Binance Demo: Notional insuficiente para SOLUSDT: 1.619000 < 5.000000
2026-07-06 09:41:19 | WARNING | trading_bot | Monitoreo fallido para cuenta Binance Demo: Notional insuficiente para SOLUSDT: 1.619000 < 5.000000
2026-07-06 09:41:49 | WARNING | trading_bot | Monitoreo fallido para cuenta Binance Demo: Notional insuficiente para SOLUSDT: 1.619000 < 5.000000
2026-07-06 09:42:18 | WARNING | trading_bot | Monitoreo fallido para cuenta Binance Demo: Notional insuficiente para SOLUSDT: 1.619000 < 5.000000
2026-07-06 09:42:50 | WARNING | trading_bot | Monitoreo fallido para cuenta Binance Demo: Notional insuficiente para SOLUSDT: 1.619000 < 5.000000
2026-07-06 09:43:19 | WARNING | trading_bot | Monitoreo fallido para cuenta Binance Demo: Notional insuficiente para SOLUSDT: 1.619000 < 5.000000
2026-07-06 09:43:49 | WARNING | trading_bot | Monitoreo fallido para cuenta Binance Demo: Notional insuficiente para SOLUSDT: 1.619000 < 5.000000
2026-07-06 09:44:19 | WARNING | trading_bot | Monitoreo fallido para cuenta Binance Demo: Notional insuficiente para SOLUSDT: 1.619000 < 5.000000
2026-07-06 09:44:49 | WARNING | trading_bot | Monitoreo fallido para cuenta Binance Demo: Notional insuficiente para SOLUSDT: 1.619000 < 5.000000
2026-07-06 09:45:18 | WARNING | trading_bot | Monitoreo fallido para cuenta Binance Demo: Notional insuficiente para SOLUSDT: 1.619000 < 5.000000
2026-07-06 09:45:49 | WARNING | trading_bot | Monitoreo fallido para cuenta Binance Demo: Notional insuficiente para SOLUSDT: 1.619000 < 5.000000
2026-07-06 09:46:18 | WARNING | trading_bot | CRYPTO AAVE/USD: Opening position with max_hold_time=30 minutes. Stop loss enabled.
2026-07-06 09:46:21 | WARNING | trading_bot | Monitoreo fallido para cuenta Binance Demo: Notional insuficiente para SOLUSDT: 1.619000 < 5.000000
2026-07-06 09:46:50 | WARNING | trading_bot | Monitoreo fallido para cuenta Binance Demo: Notional insuficiente para SOLUSDT: 1.619000 < 5.000000
2026-07-06 09:47:18 | WARNING | trading_bot | Monitoreo fallido para cuenta Binance Demo: Notional insuficiente para SOLUSDT: 1.619000 < 5.000000
2026-07-06 09:47:48 | WARNING | trading_bot | Monitoreo fallido para cuenta Binance Demo: Notional insuficiente para SOLUSDT: 1.619000 < 5.000000
2026-07-06 09:48:18 | WARNING | trading_bot | Monitoreo fallido para cuenta Binance Demo: Notional insuficiente para SOLUSDT: 1.619000 < 5.000000
2026-07-06 09:48:49 | WARNING | trading_bot | Monitoreo fallido para cuenta Binance Demo: Notional insuficiente para SOLUSDT: 1.619000 < 5.000000
2026-07-06 09:49:18 | WARNING | trading_bot | Monitoreo fallido para cuenta Binance Demo: Notional insuficiente para SOLUSDT: 1.619000 < 5.000000
2026-07-06 09:49:49 | WARNING | trading_bot | Monitoreo fallido para cuenta Binance Demo: Notional insuficiente para SOLUSDT: 1.619000 < 5.000000
2026-07-06 09:50:20 | WARNING | trading_bot | CRYPTO AAVE/USD: Opening position with max_hold_time=30 minutes. Stop loss enabled.
2026-07-06 09:50:22 | WARNING | trading_bot | Monitoreo fallido para cuenta Binance Demo: Notional insuficiente para SOLUSDT: 1.619000 < 5.000000
2026-07-06 09:50:50 | WARNING | trading_bot | Monitoreo fallido para cuenta Binance Demo: Notional insuficiente para SOLUSDT: 1.619000 < 5.000000
2026-07-06 09:51:18 | WARNING | trading_bot | Monitoreo fallido para cuenta Binance Demo: Notional insuficiente para SOLUSDT: 1.619000 < 5.000000
2026-07-06 09:51:50 | WARNING | trading_bot | Monitoreo fallido para cuenta Binance Demo: Notional insuficiente para SOLUSDT: 1.619000 < 5.000000
2026-07-06 09:52:18 | WARNING | trading_bot | Monitoreo fallido para cuenta Binance Demo: Notional insuficiente para SOLUSDT: 1.619000 < 5.000000
2026-07-06 09:52:49 | WARNING | trading_bot | Monitoreo fallido para cuenta Binance Demo: Notional insuficiente para SOLUSDT: 1.619000 < 5.000000
2026-07-06 09:53:20 | WARNING | trading_bot | Monitoreo fallido para cuenta Binance Demo: Notional insuficiente para SOLUSDT: 1.619000 < 5.000000
2026-07-06 09:53:48 | WARNING | trading_bot | Monitoreo fallido para cuenta Binance Demo: Notional insuficiente para SOLUSDT: 1.619000 < 5.000000
2026-07-06 09:54:19 | WARNING | trading_bot | Monitoreo fallido para cuenta Binance Demo: Notional insuficiente para SOLUSDT: 1.619000 < 5.000000
2026-07-06 09:54:49 | WARNING | trading_bot | Monitoreo fallido para cuenta Binance Demo: Notional insuficiente para SOLUSDT: 1.619000 < 5.000000
2026-07-06 09:55:18 | WARNING | trading_bot | Monitoreo fallido para cuenta Binance Demo: Notional insuficiente para SOLUSDT: 1.619000 < 5.000000
2026-07-06 09:55:48 | WARNING | trading_bot | Monitoreo fallido para cuenta Binance Demo: Notional insuficiente para SOLUSDT: 1.619000 < 5.000000
2026-07-06 11:10:49 | WARNING | trading_bot | CRYPTO AAVE/USD: Opening position with max_hold_time=30 minutes. Stop loss enabled.
2026-07-06 11:51:49 | WARNING | trading_bot | CRYPTO AAVE/USD: Opening position with max_hold_time=30 minutes. Stop loss enabled.
2026-07-06 12:25:49 | WARNING | trading_bot | Fallo de red/HTTP en market data (ConnectionError). Reintentando en 1.0 s
2026-07-06 13:30:40 | WARNING | trading_bot | WebSocket reconnect triggered by CryptoVolumeManager
2026-07-06 13:30:40 | WARNING | trading_bot | Using fallback REST bars for SOL/USD
2026-07-06 13:39:15 | WARNING | trading_bot | Forzando cierre de la aplicacion por solicitud del usuario.
2026-07-06 13:39:22 | WARNING | trading_bot | Fallo de red/HTTP en market data (ConnectionError). Reintentando en 1.0 s
2026-07-06 13:39:28 | WARNING | trading_bot | WebSocket reconnect triggered by CryptoVolumeManager
2026-07-06 13:39:29 | WARNING | trading_bot | Using fallback REST bars for AVAX/USD
2026-07-06 13:39:33 | WARNING | trading_bot | Using fallback REST bars for BTC/USD
2026-07-06 13:39:41 | WARNING | trading_bot | WebSocket reconnect triggered by CryptoVolumeManager
2026-07-06 13:39:41 | WARNING | trading_bot | Using fallback REST bars for DOGE/USD
2026-07-06 13:39:41 | WARNING | trading_bot | Monitoreo fallido para cuenta Binance Demo: ('Connection aborted.', RemoteDisconnected('Remote end closed connection without response'))
2026-07-06 13:39:41 | WARNING | trading_bot | Fallo de red/HTTP en market data (ReadTimeout). Reintentando en 1.0 s
2026-07-06 13:39:50 | WARNING | trading_bot | Using fallback REST bars for ETH/USD
2026-07-06 13:39:51 | WARNING | trading_bot | Fallo de red/HTTP en market data (ConnectionError). Reintentando en 1.0 s
2026-07-06 13:39:58 | WARNING | trading_bot | WebSocket reconnect triggered by CryptoVolumeManager
2026-07-06 13:39:58 | WARNING | trading_bot | Using fallback REST bars for LINK/USD
2026-07-06 13:40:04 | WARNING | trading_bot | Using fallback REST bars for SOL/USD
2026-07-06 13:40:09 | WARNING | trading_bot | WebSocket reconnect triggered by CryptoVolumeManager
2026-07-06 13:40:09 | WARNING | trading_bot | Using fallback REST bars for XRP/USD
2026-07-06 13:42:07 | WARNING | trading_bot | WebSocket reconnect triggered by CryptoVolumeManager
2026-07-06 13:42:08 | WARNING | trading_bot | Using fallback REST bars for AVAX/USD
2026-07-06 13:42:12 | WARNING | trading_bot | Using fallback REST bars for BTC/USD
2026-07-06 13:42:13 | WARNING | trading_bot | Using fallback REST bars for SOL/USD
2026-07-06 13:42:16 | WARNING | trading_bot | Using fallback REST bars for DOGE/USD
2026-07-06 13:42:21 | WARNING | trading_bot | WebSocket reconnect triggered by CryptoVolumeManager
2026-07-06 13:42:21 | WARNING | trading_bot | Using fallback REST bars for ETH/USD
2026-07-06 13:42:25 | WARNING | trading_bot | Using fallback REST bars for LINK/USD
2026-07-06 13:42:28 | WARNING | trading_bot | Using fallback REST bars for SOL/USD
2026-07-06 13:42:32 | WARNING | trading_bot | WebSocket reconnect triggered by CryptoVolumeManager
2026-07-06 13:42:32 | WARNING | trading_bot | Using fallback REST bars for XRP/USD
2026-07-06 13:43:12 | WARNING | trading_bot | WebSocket reconnect triggered by CryptoVolumeManager
2026-07-06 13:43:13 | WARNING | trading_bot | Using fallback REST bars for SOL/USD
2026-07-06 13:48:31 | WARNING | trading_bot | Forzando cierre de la aplicacion por solicitud del usuario.
2026-07-06 13:48:47 | WARNING | trading_bot | WebSocket reconnect triggered by CryptoVolumeManager
2026-07-06 13:48:47 | WARNING | trading_bot | Using fallback REST bars for AVAX/USD
2026-07-06 13:48:52 | WARNING | trading_bot | Using fallback REST bars for BTC/USD
2026-07-06 13:48:58 | WARNING | trading_bot | Using fallback REST bars for DOGE/USD
2026-07-06 13:49:02 | WARNING | trading_bot | WebSocket reconnect triggered by CryptoVolumeManager
2026-07-06 13:49:03 | WARNING | trading_bot | Using fallback REST bars for ETH/USD
2026-07-06 13:49:06 | WARNING | trading_bot | Using fallback REST bars for LINK/USD
2026-07-06 13:49:10 | WARNING | trading_bot | Using fallback REST bars for SOL/USD
2026-07-06 13:49:14 | WARNING | trading_bot | WebSocket reconnect triggered by CryptoVolumeManager
2026-07-06 13:49:15 | WARNING | trading_bot | Using fallback REST bars for XRP/USD
2026-07-06 13:52:14 | WARNING | trading_bot | Forzando cierre de la aplicacion por solicitud del usuario.
2026-07-06 13:52:23 | WARNING | trading_bot | WebSocket reconnect triggered by CryptoVolumeManager
2026-07-06 13:52:23 | WARNING | trading_bot | Using fallback REST bars for AVAX/USD
2026-07-06 13:52:28 | WARNING | trading_bot | Using fallback REST bars for BTC/USD
2026-07-06 13:52:33 | WARNING | trading_bot | WebSocket reconnect triggered by CryptoVolumeManager
2026-07-06 13:52:33 | WARNING | trading_bot | Using fallback REST bars for DOGE/USD
2026-07-06 13:52:38 | WARNING | trading_bot | Using fallback REST bars for ETH/USD
2026-07-06 13:52:44 | WARNING | trading_bot | WebSocket reconnect triggered by CryptoVolumeManager
2026-07-06 13:52:45 | WARNING | trading_bot | Using fallback REST bars for LINK/USD
2026-07-06 13:52:49 | WARNING | trading_bot | Using fallback REST bars for SOL/USD
2026-07-06 13:52:54 | WARNING | trading_bot | Using fallback REST bars for XRP/USD
2026-07-06 13:54:34 | WARNING | trading_bot | Forzando cierre de la aplicacion por solicitud del usuario.
2026-07-06 13:54:45 | WARNING | trading_bot | WebSocket reconnect triggered by CryptoVolumeManager
2026-07-06 13:54:46 | WARNING | trading_bot | Using fallback REST bars for AVAX/USD
2026-07-06 13:54:51 | WARNING | trading_bot | Using fallback REST bars for BTC/USD
2026-07-06 13:54:59 | WARNING | trading_bot | WebSocket reconnect triggered by CryptoVolumeManager
2026-07-06 13:55:00 | WARNING | trading_bot | Fallo de red/HTTP en market data (ReadTimeout). Reintentando en 1.0 s
2026-07-06 13:55:00 | WARNING | trading_bot | Using fallback REST bars for DOGE/USD
2026-07-06 13:55:00 | WARNING | trading_bot | Fallo de red/HTTP en market data (ReadTimeout). Reintentando en 1.0 s
2026-07-06 13:55:00 | WARNING | trading_bot | Monitoreo fallido para cuenta Binance Demo: ('Connection aborted.', RemoteDisconnected('Remote end closed connection without response'))
2026-07-06 13:55:05 | WARNING | trading_bot | Using fallback REST bars for ETH/USD
2026-07-06 13:55:09 | WARNING | trading_bot | Using fallback REST bars for LINK/USD
2026-07-06 13:55:11 | WARNING | trading_bot | Fallo de red/HTTP en market data (ConnectionError). Reintentando en 1.0 s
2026-07-06 13:55:12 | WARNING | trading_bot | WebSocket reconnect triggered by CryptoVolumeManager
2026-07-06 13:55:12 | WARNING | trading_bot | Using fallback REST bars for SOL/USD
2026-07-06 13:55:17 | WARNING | trading_bot | Using fallback REST bars for XRP/USD
2026-07-06 13:56:42 | WARNING | trading_bot | WebSocket reconnect triggered by CryptoVolumeManager
2026-07-06 13:56:42 | WARNING | trading_bot | Using fallback REST bars for SOL/USD
2026-07-06 14:03:19 | WARNING | trading_bot | Forzando cierre de la aplicacion por solicitud del usuario.
2026-07-06 14:03:37 | WARNING | trading_bot | WebSocket reconnect triggered by CryptoVolumeManager
2026-07-06 14:03:37 | WARNING | trading_bot | Using fallback REST bars for AVAX/USD
2026-07-06 14:03:43 | WARNING | trading_bot | Using fallback REST bars for BTC/USD
2026-07-06 14:03:45 | WARNING | trading_bot | Fallo de red/HTTP en market data (ReadTimeout). Reintentando en 1.0 s
2026-07-06 14:03:45 | WARNING | trading_bot | Fallo de red/HTTP en market data (ReadTimeout). Reintentando en 1.0 s
2026-07-06 14:03:45 | WARNING | trading_bot | Fallo de red/HTTP en market data (ReadTimeout). Reintentando en 1.0 s
2026-07-06 14:03:47 | WARNING | trading_bot | WebSocket reconnect triggered by CryptoVolumeManager
2026-07-06 14:03:48 | WARNING | trading_bot | Using fallback REST bars for DOGE/USD
2026-07-06 14:03:51 | WARNING | trading_bot | Using fallback REST bars for ETH/USD
2026-07-06 14:03:54 | WARNING | trading_bot | Using fallback REST bars for LINK/USD
2026-07-06 14:03:57 | WARNING | trading_bot | Monitoreo fallido para cuenta Binance Demo: ('Connection aborted.', RemoteDisconnected('Remote end closed connection without response'))
2026-07-06 14:04:37 | WARNING | trading_bot | Sin conexion durante monitoreo general (HTTPError). Reintentando automaticamente...
2026-07-06 14:04:37 | WARNING | trading_bot | Sin conexion durante monitoreo general (HTTPError). Reintentando automaticamente...
2026-07-06 14:04:47 | WARNING | trading_bot | WebSocket reconnect triggered by CryptoVolumeManager
2026-07-06 14:04:47 | WARNING | trading_bot | Using fallback REST bars for SOL/USD
2026-07-06 14:04:52 | WARNING | trading_bot | Using fallback REST bars for XRP/USD
2026-07-06 14:06:34 | WARNING | trading_bot | Sin conexion durante monitoreo general (HTTPError). Reintentando automaticamente...
2026-07-06 14:09:33 | WARNING | trading_bot | Sin conexion durante monitoreo general (HTTPError). Reintentando automaticamente...
2026-07-06 14:09:33 | WARNING | trading_bot | Sin conexion durante monitoreo general (HTTPError). Reintentando automaticamente...
2026-07-06 14:09:45 | WARNING | trading_bot | Forzando cierre de la aplicacion por solicitud del usuario.
2026-07-06 14:09:52 | WARNING | trading_bot | Fallo de red/HTTP en market data (ConnectionError). Reintentando en 1.0 s
2026-07-06 14:09:58 | WARNING | trading_bot | WebSocket reconnect triggered by CryptoVolumeManager
2026-07-06 14:09:59 | WARNING | trading_bot | Using fallback REST bars for AVAX/USD
2026-07-06 14:10:03 | WARNING | trading_bot | Using fallback REST bars for BTC/USD
2026-07-06 14:10:08 | WARNING | trading_bot | Using fallback REST bars for DOGE/USD
2026-07-06 14:10:11 | WARNING | trading_bot | Fallo de red/HTTP en market data (ReadTimeout). Reintentando en 1.0 s
2026-07-06 14:10:11 | WARNING | trading_bot | Fallo de red/HTTP en market data (ReadTimeout). Reintentando en 1.0 s
2026-07-06 14:10:13 | WARNING | trading_bot | WebSocket reconnect triggered by CryptoVolumeManager
2026-07-06 14:10:13 | WARNING | trading_bot | Using fallback REST bars for ETH/USD
2026-07-06 14:10:51 | WARNING | trading_bot | WebSocket reconnect triggered by CryptoVolumeManager
2026-07-06 14:10:52 | WARNING | trading_bot | Using fallback REST bars for LINK/USD
2026-07-06 14:11:03 | WARNING | trading_bot | WebSocket reconnect triggered by CryptoVolumeManager
2026-07-06 14:11:05 | WARNING | trading_bot | Using fallback REST bars for SOL/USD
2026-07-06 14:11:13 | WARNING | trading_bot | Using fallback REST bars for XRP/USD
2026-07-06 14:11:51 | WARNING | trading_bot | EMERGENCY MODE ACTIVADO: Health monitor detecto estado ERROR
2026-07-06 14:12:57 | WARNING | trading_bot | WebSocket reconnect triggered by CryptoVolumeManager
2026-07-06 14:12:59 | WARNING | trading_bot | Using fallback REST bars for SOL/USD
2026-07-06 14:13:01 | WARNING | trading_bot | Using fallback REST bars for SOL/USD
2026-07-06 14:13:03 | WARNING | trading_bot | Using fallback REST bars for SOL/USD
2026-07-06 14:14:51 | WARNING | trading_bot | EMERGENCY MODE ACTIVADO: Health monitor detecto estado ERROR
2026-07-06 14:19:51 | WARNING | trading_bot | EMERGENCY MODE ACTIVADO: Health monitor detecto estado ERROR
2026-07-06 14:23:51 | WARNING | trading_bot | EMERGENCY MODE ACTIVADO: Health monitor detecto estado ERROR
2026-07-06 14:25:51 | WARNING | trading_bot | EMERGENCY MODE ACTIVADO: Health monitor detecto estado ERROR
2026-07-06 14:27:51 | WARNING | trading_bot | EMERGENCY MODE ACTIVADO: Health monitor detecto estado ERROR
2026-07-06 14:28:51 | WARNING | trading_bot | EMERGENCY MODE ACTIVADO: Health monitor detecto estado ERROR
2026-07-06 14:30:51 | WARNING | trading_bot | EMERGENCY MODE ACTIVADO: Health monitor detecto estado ERROR
2026-07-06 14:30:51 | WARNING | trading_bot | Forzando cierre de la aplicacion por solicitud del usuario.
2026-07-06 14:47:25 | WARNING | trading_bot | No se pudo sincronizar posiciones al iniciar: HTTPSConnectionPool(host='testnet.binancefuture.com', port=443): Max retries exceeded with url: /fapi/v2/positionRisk?timestamp=1783363624998&recvWindow=5000&signature=23452738cadc11f32c0af48968bd975d8e6bc131eae4aa0a7fd28c87533486e3 (Caused by NameResolutionError("HTTPSConnection(host='testnet.binancefuture.com', port=443): Failed to resolve 'testnet.binancefuture.com' ([Errno -3] Temporary failure in name resolution)"))
2026-07-06 14:47:27 | WARNING | trading_bot | No se pudo sincronizar posiciones al iniciar: HTTPSConnectionPool(host='testnet.binancefuture.com', port=443): Max retries exceeded with url: /fapi/v2/positionRisk?timestamp=1783363627972&recvWindow=5000&signature=e7c5840f6059e23c615ed7d9cc25cfa63e40c567224bea29b10ea40fe71f0408 (Caused by NameResolutionError("HTTPSConnection(host='testnet.binancefuture.com', port=443): Failed to resolve 'testnet.binancefuture.com' ([Errno -3] Temporary failure in name resolution)"))
2026-07-06 14:47:33 | WARNING | trading_bot | No se pudo sincronizar posiciones al iniciar: HTTPSConnectionPool(host='testnet.binancefuture.com', port=443): Max retries exceeded with url: /fapi/v2/positionRisk?timestamp=1783363633218&recvWindow=5000&signature=620a870d1a6c7e9182c7ccab16c5423b623000a63137ba22ddad201350298679 (Caused by NameResolutionError("HTTPSConnection(host='testnet.binancefuture.com', port=443): Failed to resolve 'testnet.binancefuture.com' ([Errno -3] Temporary failure in name resolution)"))
2026-07-06 14:47:45 | WARNING | trading_bot | No se pudo refrescar lista de cryptos para enfoque IA: HTTPSConnectionPool(host='testnet.binancefuture.com', port=443): Max retries exceeded with url: /fapi/v1/exchangeInfo (Caused by NameResolutionError("HTTPSConnection(host='testnet.binancefuture.com', port=443): Failed to resolve 'testnet.binancefuture.com' ([Errno -3] Temporary failure in name resolution)"))
2026-07-06 14:47:48 | WARNING | trading_bot | No se pudo refrescar lista de cryptos para enfoque IA: HTTPSConnectionPool(host='testnet.binancefuture.com', port=443): Max retries exceeded with url: /fapi/v1/exchangeInfo (Caused by NameResolutionError("HTTPSConnection(host='testnet.binancefuture.com', port=443): Failed to resolve 'testnet.binancefuture.com' ([Errno -3] Temporary failure in name resolution)"))
2026-07-06 14:47:53 | WARNING | trading_bot | No se pudo refrescar lista de cryptos para enfoque IA: HTTPSConnectionPool(host='testnet.binancefuture.com', port=443): Max retries exceeded with url: /fapi/v1/exchangeInfo (Caused by NameResolutionError("HTTPSConnection(host='testnet.binancefuture.com', port=443): Failed to resolve 'testnet.binancefuture.com' ([Errno -3] Temporary failure in name resolution)"))
2026-07-06 14:48:08 | WARNING | trading_bot | No se pudo validar la cuenta Binance Demo: HTTPSConnectionPool(host='testnet.binancefuture.com', port=443): Max retries exceeded with url: /fapi/v2/positionRisk?timestamp=1783363668308&recvWindow=5000&signature=49a075ab3d1aaa0c1c78edec2cb22642940a0758a3ef3b714a8a32580ae50b3b (Caused by NameResolutionError("HTTPSConnection(host='testnet.binancefuture.com', port=443): Failed to resolve 'testnet.binancefuture.com' ([Errno -3] Temporary failure in name resolution)"))
2026-07-06 14:48:13 | WARNING | trading_bot | No se pudo validar la cuenta Binance Demo: HTTPSConnectionPool(host='testnet.binancefuture.com', port=443): Max retries exceeded with url: /fapi/v2/positionRisk?timestamp=1783363673584&recvWindow=5000&signature=7fed80626661952c316eaeea621bd0a3f1f23ef66c783e6c050aa919f4f59489 (Caused by NameResolutionError("HTTPSConnection(host='testnet.binancefuture.com', port=443): Failed to resolve 'testnet.binancefuture.com' ([Errno -3] Temporary failure in name resolution)"))
2026-07-06 14:53:30 | WARNING | trading_bot | Monitoreo fallido para cuenta Binance Demo: ('Connection aborted.', RemoteDisconnected('Remote end closed connection without response'))
2026-07-06 14:53:41 | WARNING | trading_bot | Fallo de red/HTTP en market data (ConnectionError). Reintentando en 1.0 s
2026-07-06 14:53:49 | WARNING | trading_bot | Fallo de red/HTTP en market data (ReadTimeout). Reintentando en 1.0 s
2026-07-06 14:53:54 | WARNING | trading_bot | WebSocket reconnect triggered by CryptoVolumeManager
2026-07-06 14:53:54 | WARNING | trading_bot | Using fallback REST bars for AVAX/USD
2026-07-06 14:53:59 | WARNING | trading_bot | Using fallback REST bars for BTC/USD
2026-07-06 14:54:03 | WARNING | trading_bot | Using fallback REST bars for DOGE/USD
2026-07-06 14:54:05 | WARNING | trading_bot | WebSocket reconnect triggered by CryptoVolumeManager
2026-07-06 14:54:05 | WARNING | trading_bot | Using fallback REST bars for ETH/USD
2026-07-06 14:54:57 | WARNING | trading_bot | WebSocket reconnect triggered by CryptoVolumeManager
2026-07-06 14:54:57 | WARNING | trading_bot | Using fallback REST bars for AVAX/USD
2026-07-06 14:55:37 | WARNING | trading_bot | No se pudo refrescar estado NYSE: ('Connection aborted.', ConnectionResetError(104, 'Connection reset by peer'))
2026-07-06 14:55:37 | WARNING | trading_bot | Fallo de red/HTTP en market data (ConnectionError). Reintentando en 1.0 s
2026-07-06 14:55:42 | WARNING | trading_bot | WebSocket reconnect triggered by CryptoVolumeManager
2026-07-06 14:55:42 | WARNING | trading_bot | Using fallback REST bars for AVAX/USD
2026-07-06 14:55:56 | WARNING | trading_bot | Fallo de red/HTTP en market data (ReadTimeout). Reintentando en 1.0 s
2026-07-06 14:55:56 | WARNING | trading_bot | Fallo de red/HTTP en market data (ReadTimeout). Reintentando en 1.0 s
2026-07-06 14:55:56 | WARNING | trading_bot | No se pudo verificar posicion abierta para pestana restaurada SOL/USD: HTTPSConnectionPool(host='testnet.binancefuture.com', port=443): Read timed out. (read timeout=20)
2026-07-06 14:57:11 | WARNING | trading_bot | Fallo de red/HTTP en market data (ConnectionError). Reintentando en 1.0 s
2026-07-06 14:57:16 | WARNING | trading_bot | WebSocket reconnect triggered by CryptoVolumeManager
2026-07-06 14:57:16 | WARNING | trading_bot | Using fallback REST bars for AVAX/USD
2026-07-06 14:57:21 | WARNING | trading_bot | Using fallback REST bars for BTC/USD
2026-07-06 14:57:26 | WARNING | trading_bot | WebSocket reconnect triggered by CryptoVolumeManager
2026-07-06 14:57:26 | WARNING | trading_bot | Using fallback REST bars for DOGE/USD
2026-07-06 17:05:10 | WARNING | trading_bot | Fallo de red/HTTP en market data (ConnectionError). Reintentando en 1.0 s
2026-07-06 17:05:20 | WARNING | trading_bot | WebSocket reconnect triggered by CryptoVolumeManager
2026-07-06 17:05:20 | WARNING | trading_bot | Using fallback REST bars for AVAX/USD
2026-07-06 17:05:25 | WARNING | trading_bot | Using fallback REST bars for BTC/USD
2026-07-06 17:05:29 | WARNING | trading_bot | Fallo de red/HTTP en market data (ReadTimeout). Reintentando en 1.0 s
2026-07-06 17:05:29 | WARNING | trading_bot | Fallo de red/HTTP en market data (ReadTimeout). Reintentando en 1.0 s
2026-07-06 17:05:29 | WARNING | trading_bot | Fallo de red/HTTP en market data (ReadTimeout). Reintentando en 1.0 s
2026-07-06 17:05:30 | WARNING | trading_bot | Fallo de red/HTTP en market data (ReadTimeout). Reintentando en 1.0 s
2026-07-06 17:05:32 | WARNING | trading_bot | Monitoreo fallido para cuenta Binance Demo: ('Connection aborted.', RemoteDisconnected('Remote end closed connection without response'))
2026-07-06 17:05:33 | WARNING | trading_bot | WebSocket reconnect triggered by CryptoVolumeManager
2026-07-06 17:05:34 | WARNING | trading_bot | Using fallback REST bars for DOGE/USD
2026-07-06 17:06:23 | WARNING | trading_bot | WebSocket reconnect triggered by CryptoVolumeManager
2026-07-06 17:06:24 | WARNING | trading_bot | Using fallback REST bars for ETH/USD
2026-07-06 17:06:33 | WARNING | trading_bot | Using fallback REST bars for LINK/USD
2026-07-06 17:07:24 | WARNING | trading_bot | Fallo de red/HTTP en market data (ReadTimeout). Reintentando en 1.0 s
2026-07-06 17:07:26 | WARNING | trading_bot | Fallo de red/HTTP en market data (ReadTimeout). Reintentando en 1.0 s
2026-07-06 17:07:27 | WARNING | trading_bot | Fallo de red/HTTP en market data (ReadTimeout). Reintentando en 1.0 s
2026-07-06 17:07:32 | WARNING | trading_bot | Fallo de red/HTTP en market data (ConnectionError). Reintentando en 1.0 s
2026-07-06 17:07:38 | WARNING | trading_bot | WebSocket reconnect triggered by CryptoVolumeManager
2026-07-06 17:07:39 | WARNING | trading_bot | Using fallback REST bars for SOL/USD
2026-07-06 17:07:43 | WARNING | trading_bot | Using fallback REST bars for XRP/USD
2026-07-06 17:08:06 | WARNING | trading_bot | Fallo de red/HTTP en market data (ReadTimeout). Reintentando en 1.0 s
2026-07-06 17:08:06 | WARNING | trading_bot | Fallo de red/HTTP en market data (ReadTimeout). Reintentando en 1.0 s
2026-07-06 17:08:06 | WARNING | trading_bot | Internet caido durante monitoreo de posicion (DOGE/USD). Reintentando en 30s...
2026-07-06 17:08:25 | WARNING | trading_bot | Sin conexion durante monitoreo general (ConnectionError). Reintentando automaticamente...
2026-07-06 17:08:25 | WARNING | trading_bot | Sin conexion durante monitoreo general (ConnectionError). Reintentando automaticamente...
2026-07-06 17:08:51 | WARNING | trading_bot | Internet caido durante monitoreo de posicion (SOL/USD). Reintentando en 30s...
2026-07-06 17:08:51 | WARNING | trading_bot | Fallo de red/HTTP en market data (ReadTimeout). Reintentando en 1.0 s
2026-07-06 17:08:52 | WARNING | trading_bot | Fallo de red/HTTP en market data (ReadTimeout). Reintentando en 1.0 s
2026-07-06 17:09:09 | WARNING | trading_bot | Fallo de red/HTTP en market data (ConnectionError). Reintentando en 1.0 s
2026-07-06 17:09:41 | WARNING | trading_bot | Fallo de red/HTTP en market data (ReadTimeout). Reintentando en 1.0 s
2026-07-06 17:09:41 | WARNING | trading_bot | Fallo de red/HTTP en market data (ReadTimeout). Reintentando en 1.0 s
2026-07-06 17:09:58 | WARNING | trading_bot | Fallo de red/HTTP en market data (ConnectionError). Reintentando en 1.0 s
2026-07-06 17:09:59 | WARNING | trading_bot | Sin conexion durante monitoreo general (ReadTimeout). Reintentando automaticamente...
2026-07-06 17:10:29 | WARNING | trading_bot | Fallo de red/HTTP en market data (ReadTimeout). Reintentando en 1.0 s
2026-07-06 17:10:29 | WARNING | trading_bot | Sin conexion durante monitoreo general (ReadTimeout). Reintentando automaticamente...
2026-07-06 17:10:44 | WARNING | trading_bot | Fallo de red/HTTP en market data (ConnectionError). Reintentando en 1.0 s
2026-07-06 17:10:48 | WARNING | trading_bot | Fallo de red/HTTP en market data (ConnectionError). Reintentando en 2.0 s
2026-07-06 17:11:20 | WARNING | trading_bot | Internet caido durante monitoreo de posicion (ZIL/USD). Reintentando en 30s...
2026-07-06 17:11:20 | WARNING | trading_bot | Fallo de red/HTTP en market data (ReadTimeout). Reintentando en 1.0 s
2026-07-06 17:11:20 | WARNING | trading_bot | Fallo de red/HTTP en market data (ReadTimeout). Reintentando en 1.0 s
2026-07-06 17:11:33 | WARNING | trading_bot | Sin conexion durante monitoreo general (ConnectionError). Reintentando automaticamente...
2026-07-06 17:11:33 | WARNING | trading_bot | Sin conexion durante monitoreo general (ConnectionError). Reintentando automaticamente...
2026-07-06 17:12:05 | WARNING | trading_bot | Fallo de red/HTTP en market data (ReadTimeout). Reintentando en 1.0 s
2026-07-06 17:12:05 | WARNING | trading_bot | Fallo de red/HTTP en market data (ReadTimeout). Reintentando en 1.0 s
2026-07-06 17:12:52 | WARNING | trading_bot | Fallo de red/HTTP en market data (ReadTimeout). Reintentando en 1.0 s
2026-07-06 17:12:52 | WARNING | trading_bot | Internet caido durante monitoreo de posicion (DOGE/USD). Reintentando en 30s...
2026-07-06 17:12:52 | WARNING | trading_bot | Fallo de red/HTTP en market data (ReadTimeout). Reintentando en 1.0 s
2026-07-06 17:13:38 | WARNING | trading_bot | Fallo de red/HTTP en market data (ReadTimeout). Reintentando en 1.0 s
2026-07-06 17:13:41 | WARNING | trading_bot | Fallo de red/HTTP en market data (ReadTimeout). Reintentando en 1.0 s
2026-07-06 17:13:51 | WARNING | trading_bot | Fallo de red/HTTP en market data (ConnectionError). Reintentando en 1.0 s
2026-07-06 17:13:52 | WARNING | trading_bot | Fallo de red/HTTP en market data (ConnectionError). Reintentando en 1.0 s
2026-07-06 17:14:21 | WARNING | trading_bot | Internet caido durante monitoreo de posicion (SOL/USD). Reintentando en 30s...
2026-07-06 17:14:24 | WARNING | trading_bot | Fallo de red/HTTP en market data (ReadTimeout). Reintentando en 1.0 s
2026-07-06 17:14:27 | WARNING | trading_bot | Fallo de red/HTTP en market data (ReadTimeout). Reintentando en 1.0 s
2026-07-06 17:14:34 | WARNING | trading_bot | Sin conexion durante monitoreo general (ConnectionError). Reintentando automaticamente...
2026-07-06 17:15:09 | WARNING | trading_bot | Fallo de red/HTTP en market data (ReadTimeout). Reintentando en 1.0 s
2026-07-06 17:15:09 | WARNING | trading_bot | Fallo de red/HTTP en market data (ReadTimeout). Reintentando en 1.0 s
2026-07-06 17:15:10 | WARNING | trading_bot | Internet caido durante monitoreo de posicion (ZIL/USD). Reintentando en 30s...
2026-07-06 17:15:26 | WARNING | trading_bot | Fallo de red/HTTP en market data (ConnectionError). Reintentando en 1.0 s
2026-07-06 17:15:54 | WARNING | trading_bot | Fallo de red/HTTP en market data (ReadTimeout). Reintentando en 1.0 s
2026-07-06 17:15:55 | WARNING | trading_bot | Internet caido durante monitoreo de posicion (SOL/USD). Reintentando en 30s...
2026-07-06 17:15:57 | WARNING | trading_bot | Fallo de red/HTTP en market data (ReadTimeout). Reintentando en 1.0 s
2026-07-06 17:16:39 | WARNING | trading_bot | Fallo de red/HTTP en market data (ReadTimeout). Reintentando en 1.0 s
2026-07-06 17:16:39 | WARNING | trading_bot | Fallo de red/HTTP en market data (ReadTimeout). Reintentando en 1.0 s
2026-07-06 17:16:45 | WARNING | trading_bot | Fallo de red/HTTP en market data (ReadTimeout). Reintentando en 1.0 s
2026-07-06 17:16:50 | WARNING | trading_bot | Internet caido durante monitoreo de posicion (ZIL/USD). Reintentando en 30s...
2026-07-06 17:17:35 | WARNING | trading_bot | Monitoreo fallido para cuenta Binance Demo: HTTPSConnectionPool(host='testnet.binancefuture.com', port=443): Read timed out. (read timeout=20)
2026-07-06 17:17:35 | WARNING | trading_bot | Fallo de red/HTTP en market data (ReadTimeout). Reintentando en 1.0 s
2026-07-06 17:17:35 | WARNING | trading_bot | Fallo de red/HTTP en market data (ReadTimeout). Reintentando en 1.0 s
2026-07-06 17:17:35 | WARNING | trading_bot | Internet caido durante monitoreo de posicion (SOL/USD). Reintentando en 30s...
2026-07-06 17:17:53 | WARNING | trading_bot | Fallo de red/HTTP en market data (ConnectionError). Reintentando en 1.0 s
2026-07-06 17:18:17 | WARNING | trading_bot | Fallo de red/HTTP en market data (ReadTimeout). Reintentando en 1.0 s
2026-07-06 17:18:17 | WARNING | trading_bot | Fallo de red/HTTP en market data (ReadTimeout). Reintentando en 1.0 s
2026-07-06 17:18:38 | WARNING | trading_bot | Fallo de red/HTTP en market data (ConnectionError). Reintentando en 2.0 s
2026-07-06 17:18:38 | WARNING | trading_bot | Fallo de red/HTTP en market data (ConnectionError). Reintentando en 2.0 s
2026-07-06 17:18:58 | WARNING | trading_bot | Fallo de red/HTTP en market data (ConnectionError). Reintentando en 1.0 s
2026-07-06 17:19:25 | WARNING | trading_bot | Fallo de red/HTTP en market data (ReadTimeout). Reintentando en 1.0 s
2026-07-06 17:19:25 | WARNING | trading_bot | Fallo de red/HTTP en market data (ReadTimeout). Reintentando en 1.0 s
2026-07-06 17:19:26 | WARNING | trading_bot | Internet caido durante monitoreo de posicion (DOGE/USD). Reintentando en 30s...
2026-07-06 17:19:34 | WARNING | trading_bot | Sin conexion durante monitoreo general (ReadTimeout). Reintentando automaticamente...
2026-07-06 17:20:16 | WARNING | trading_bot | Internet caido durante monitoreo de posicion (ZIL/USD). Reintentando en 30s...
2026-07-06 17:20:17 | WARNING | trading_bot | Fallo de red/HTTP en market data (ReadTimeout). Reintentando en 1.0 s
2026-07-06 17:20:17 | WARNING | trading_bot | Fallo de red/HTTP en market data (ReadTimeout). Reintentando en 1.0 s
2026-07-06 17:20:59 | WARNING | trading_bot | Fallo de red/HTTP en market data (ReadTimeout). Reintentando en 1.0 s
2026-07-06 17:20:59 | WARNING | trading_bot | Fallo de red/HTTP en market data (ReadTimeout). Reintentando en 1.0 s
2026-07-06 17:21:00 | WARNING | trading_bot | Internet caido durante monitoreo de posicion (SOL/USD). Reintentando en 30s...
2026-07-06 17:21:53 | WARNING | trading_bot | Fallo de red/HTTP en market data (ReadTimeout). Reintentando en 1.0 s
2026-07-06 17:21:53 | WARNING | trading_bot | Fallo de red/HTTP en market data (ReadTimeout). Reintentando en 1.0 s
2026-07-06 17:21:55 | WARNING | trading_bot | Internet caido durante monitoreo de posicion (ZIL/USD). Reintentando en 30s...
2026-07-06 17:22:11 | WARNING | trading_bot | Fallo de red/HTTP en market data (ConnectionError). Reintentando en 1.0 s
2026-07-06 17:22:38 | WARNING | trading_bot | Fallo de red/HTTP en market data (ReadTimeout). Reintentando en 1.0 s
2026-07-06 17:22:39 | WARNING | trading_bot | Fallo de red/HTTP en market data (ReadTimeout). Reintentando en 1.0 s
2026-07-06 17:22:39 | WARNING | trading_bot | Internet caido durante monitoreo de posicion (LTC/USD). Reintentando en 30s...
2026-07-06 17:23:29 | WARNING | trading_bot | Fallo de red/HTTP en market data (ReadTimeout). Reintentando en 1.0 s
2026-07-06 17:23:30 | WARNING | trading_bot | Fallo de red/HTTP en market data (ReadTimeout). Reintentando en 1.0 s
2026-07-06 17:24:25 | WARNING | trading_bot | Internet caido durante monitoreo de posicion (SOL/USD). Reintentando en 30s...
2026-07-06 17:24:30 | WARNING | trading_bot | Fallo de red/HTTP en market data (ReadTimeout). Reintentando en 1.0 s
2026-07-06 17:24:30 | WARNING | trading_bot | Fallo de red/HTTP en market data (ReadTimeout). Reintentando en 1.0 s
2026-07-06 17:24:34 | WARNING | trading_bot | Sin conexion durante monitoreo general (ReadTimeout). Reintentando automaticamente...
2026-07-06 17:24:44 | WARNING | trading_bot | Fallo de red/HTTP en market data (ConnectionError). Reintentando en 1.0 s
2026-07-06 17:25:14 | WARNING | trading_bot | Fallo de red/HTTP en market data (ReadTimeout). Reintentando en 1.0 s
2026-07-06 17:25:14 | WARNING | trading_bot | Fallo de red/HTTP en market data (ReadTimeout). Reintentando en 1.0 s
2026-07-06 17:25:15 | WARNING | trading_bot | Internet caido durante monitoreo de posicion (SOL/USD). Reintentando en 30s...
2026-07-06 17:25:29 | WARNING | trading_bot | Fallo de red/HTTP en market data (ConnectionError). Reintentando en 1.0 s
2026-07-06 17:25:56 | WARNING | trading_bot | Internet caido durante monitoreo de posicion (DOGE/USD). Reintentando en 30s...
2026-07-06 17:25:59 | WARNING | trading_bot | Fallo de red/HTTP en market data (ReadTimeout). Reintentando en 1.0 s
2026-07-06 17:26:00 | WARNING | trading_bot | Fallo de red/HTTP en market data (ReadTimeout). Reintentando en 1.0 s
2026-07-06 17:26:01 | WARNING | trading_bot | Fallo de red/HTTP en market data (ReadTimeout). Reintentando en 1.0 s
2026-07-06 17:26:36 | WARNING | trading_bot | Fallo de red/HTTP en market data (ReadTimeout). Reintentando en 1.0 s
2026-07-06 17:26:36 | WARNING | trading_bot | Fallo de red/HTTP en market data (ReadTimeout). Reintentando en 1.0 s
2026-07-06 17:26:46 | WARNING | trading_bot | Internet caido durante monitoreo de posicion (DOGE/USD). Reintentando en 30s...
2026-07-06 17:27:22 | WARNING | trading_bot | Fallo de red/HTTP en market data (ReadTimeout). Reintentando en 1.0 s
2026-07-06 17:27:22 | WARNING | trading_bot | Internet caido durante monitoreo de posicion (SOL/USD). Reintentando en 30s...
2026-07-06 17:27:24 | WARNING | trading_bot | Fallo de red/HTTP en market data (ReadTimeout). Reintentando en 1.0 s
2026-07-06 17:28:08 | WARNING | trading_bot | Fallo de red/HTTP en market data (ReadTimeout). Reintentando en 1.0 s
2026-07-06 17:28:08 | WARNING | trading_bot | Fallo de red/HTTP en market data (ReadTimeout). Reintentando en 1.0 s
2026-07-06 17:28:08 | WARNING | trading_bot | Internet caido durante monitoreo de posicion (DOGE/USD). Reintentando en 30s...
2026-07-06 17:28:22 | WARNING | trading_bot | Fallo de red/HTTP en market data (ConnectionError). Reintentando en 1.0 s
2026-07-06 17:28:24 | WARNING | trading_bot | Fallo de red/HTTP en market data (ConnectionError). Reintentando en 1.0 s
2026-07-06 17:28:54 | WARNING | trading_bot | Fallo de red/HTTP en market data (ReadTimeout). Reintentando en 1.0 s
2026-07-06 17:28:55 | WARNING | trading_bot | Fallo de red/HTTP en market data (ReadTimeout). Reintentando en 1.0 s
2026-07-06 17:28:55 | WARNING | trading_bot | Internet caido durante monitoreo de posicion (LTC/USD). Reintentando en 30s...
2026-07-06 17:28:55 | WARNING | trading_bot | Fallo de red/HTTP en market data (ReadTimeout). Reintentando en 1.0 s
2026-07-06 17:29:38 | WARNING | trading_bot | Internet caido durante monitoreo de posicion (ZIL/USD). Reintentando en 30s...
2026-07-06 17:29:39 | WARNING | trading_bot | Fallo de red/HTTP en market data (ReadTimeout). Reintentando en 1.0 s
2026-07-06 17:29:39 | WARNING | trading_bot | Fallo de red/HTTP en market data (ReadTimeout). Reintentando en 1.0 s
2026-07-06 17:29:53 | WARNING | trading_bot | Sin conexion durante monitoreo general (ConnectionError). Reintentando automaticamente...
2026-07-06 17:30:23 | WARNING | trading_bot | Internet caido durante monitoreo de posicion (SOL/USD). Reintentando en 30s...
2026-07-06 17:30:24 | WARNING | trading_bot | Fallo de red/HTTP en market data (ReadTimeout). Reintentando en 1.0 s
2026-07-06 17:30:24 | WARNING | trading_bot | Fallo de red/HTTP en market data (ReadTimeout). Reintentando en 1.0 s
2026-07-06 17:30:45 | WARNING | trading_bot | Fallo de red/HTTP en market data (ConnectionError). Reintentando en 1.0 s
2026-07-06 17:31:11 | WARNING | trading_bot | Internet caido durante monitoreo de posicion (ZIL/USD). Reintentando en 30s...
2026-07-06 17:31:13 | WARNING | trading_bot | Fallo de red/HTTP en market data (ReadTimeout). Reintentando en 1.0 s
2026-07-06 17:31:13 | WARNING | trading_bot | Fallo de red/HTTP en market data (ReadTimeout). Reintentando en 1.0 s
2026-07-06 17:31:31 | WARNING | trading_bot | Fallo de red/HTTP en market data (ReadTimeout). Reintentando en 1.0 s
2026-07-06 17:31:34 | WARNING | trading_bot | Fallo de red/HTTP en market data (ConnectionError). Reintentando en 2.0 s
2026-07-06 17:31:34 | WARNING | trading_bot | Fallo de red/HTTP en market data (ConnectionError). Reintentando en 2.0 s
2026-07-06 17:31:52 | WARNING | trading_bot | Fallo de red/HTTP en market data (ConnectionError). Reintentando en 2.0 s
2026-07-06 17:31:58 | WARNING | trading_bot | Fallo de red/HTTP en market data (ConnectionError). Reintentando en 1.0 s
2026-07-06 17:32:21 | WARNING | trading_bot | Fallo de red/HTTP en market data (ReadTimeout). Reintentando en 1.0 s
2026-07-06 17:32:21 | WARNING | trading_bot | Internet caido durante monitoreo de posicion (LTC/USD). Reintentando en 30s...
2026-07-06 17:32:24 | WARNING | trading_bot | Fallo de red/HTTP en market data (ReadTimeout). Reintentando en 1.0 s
2026-07-06 17:33:11 | WARNING | trading_bot | Fallo de red/HTTP en market data (ReadTimeout). Reintentando en 1.0 s
2026-07-06 17:33:11 | WARNING | trading_bot | Fallo de red/HTTP en market data (ReadTimeout). Reintentando en 1.0 s
2026-07-06 17:33:15 | WARNING | trading_bot | Internet caido durante monitoreo de posicion (SOL/USD). Reintentando en 30s...
2026-07-06 17:33:58 | WARNING | trading_bot | Fallo de red/HTTP en market data (ReadTimeout). Reintentando en 1.0 s
2026-07-06 17:33:59 | WARNING | trading_bot | Fallo de red/HTTP en market data (ReadTimeout). Reintentando en 1.0 s
2026-07-06 17:33:59 | WARNING | trading_bot | Fallo de red/HTTP en market data (ReadTimeout). Reintentando en 1.0 s
2026-07-06 17:33:59 | WARNING | trading_bot | Internet caido durante monitoreo de posicion (LTC/USD). Reintentando en 30s...
2026-07-06 17:34:34 | WARNING | trading_bot | Sin conexion durante monitoreo general (ReadTimeout). Reintentando automaticamente...
2026-07-06 17:34:35 | WARNING | trading_bot | Fallo de red/HTTP en market data (ReadTimeout). Reintentando en 1.0 s
2026-07-06 17:34:35 | WARNING | trading_bot | Fallo de red/HTTP en market data (ReadTimeout). Reintentando en 1.0 s
2026-07-06 17:34:56 | WARNING | trading_bot | Fallo de red/HTTP en market data (ConnectionError). Reintentando en 2.0 s
2026-07-06 17:34:56 | WARNING | trading_bot | Fallo de red/HTTP en market data (ConnectionError). Reintentando en 2.0 s
2026-07-06 17:35:04 | WARNING | trading_bot | Sin conexion durante monitoreo general (ConnectionError). Reintentando automaticamente...
2026-07-06 17:35:18 | WARNING | trading_bot | DataCollectorWorker error MAV/USD: HTTPSConnectionPool(host='testnet.binancefuture.com', port=443): Max retries exceeded with url: /fapi/v1/klines?symbol=MAVUSDT&interval=15m&limit=60 (Caused by NameResolutionError("HTTPSConnection(host='testnet.binancefuture.com', port=443): Failed to resolve 'testnet.binancefuture.com' ([Errno -3] Temporary failure in name resolution)"))
2026-07-06 17:35:32 | WARNING | trading_bot | Forzando cierre de la aplicacion por solicitud del usuario.
2026-07-06 17:37:48 | WARNING | trading_bot | VPN bootstrap script failed rc=2: Error: VPN no conectada.
2026-07-06 17:37:53 | WARNING | trading_bot | VPN bootstrap script failed rc=2: Error: VPN no conectada.
2026-07-06 17:37:56 | WARNING | trading_bot | Fallo de red/HTTP en market data (ReadTimeout). Reintentando en 1.0 s
2026-07-06 17:37:56 | WARNING | trading_bot | Internet caido durante monitoreo de posicion (ZIL/USD). Reintentando en 30s...
2026-07-06 17:37:56 | WARNING | trading_bot | Fallo de red/HTTP en market data (ReadTimeout). Reintentando en 1.0 s
2026-07-06 17:37:57 | WARNING | trading_bot | Internet caido durante monitoreo de posicion (DOGE/USD). Reintentando en 30s...
2026-07-06 17:38:05 | WARNING | trading_bot | No se pudo ejecutar script VPN de inicio: Command '['/home/fbautista/Documents/Alpaca/trading_bot/scripts/nordvpn_connect_do.sh', '--non-interactive']' timed out after 30 seconds
2026-07-06 17:38:05 | WARNING | trading_bot | VPN bootstrap script failed rc=2: Error: VPN no conectada.
2026-07-06 17:38:17 | WARNING | trading_bot | Fallo de red/HTTP en market data (ConnectionError). Reintentando en 2.0 s
2026-07-06 17:38:17 | WARNING | trading_bot | Fallo de red/HTTP en market data (ConnectionError). Reintentando en 2.0 s
2026-07-06 17:38:23 | WARNING | trading_bot | Sin conexion durante monitoreo general (ReadTimeout). Reintentando automaticamente...
2026-07-06 17:38:30 | WARNING | trading_bot | VPN bootstrap script failed rc=2: Error: VPN no conectada.
2026-07-06 17:38:36 | WARNING | trading_bot | Fallo de red/HTTP en market data (ConnectionError). Reintentando en 1.0 s
2026-07-06 17:38:43 | WARNING | trading_bot | No se pudo ejecutar script VPN de inicio: Command '['/home/fbautista/Documents/Alpaca/trading_bot/scripts/nordvpn_connect_do.sh', '--non-interactive']' timed out after 30 seconds
2026-07-06 17:38:50 | WARNING | trading_bot | VPN bootstrap script failed rc=2: Error: VPN no conectada.
2026-07-06 17:38:57 | WARNING | trading_bot | Helper de emergencia inactivo. Relanzando...
2026-07-06 17:38:57 | WARNING | trading_bot | Fallo de red/HTTP en market data (ConnectionError). Reintentando en 2.0 s
2026-07-06 17:38:59 | WARNING | trading_bot | WebSocket reconnect triggered by CryptoVolumeManager
2026-07-06 17:39:01 | WARNING | trading_bot | Helper de emergencia inactivo. Relanzando...
2026-07-06 17:39:02 | WARNING | trading_bot | Helper de emergencia inactivo. Relanzando...
2026-07-06 17:39:06 | WARNING | trading_bot | Helper de emergencia inactivo. Relanzando...
2026-07-06 17:39:09 | WARNING | trading_bot | Helper de emergencia inactivo. Relanzando...
2026-07-06 17:39:10 | WARNING | trading_bot | VPN bootstrap script failed rc=2: Error: VPN no conectada.
2026-07-06 17:39:52 | WARNING | trading_bot | No se pudo sincronizar posiciones al iniciar: HTTPSConnectionPool(host='testnet.binancefuture.com', port=443): Max retries exceeded with url: /fapi/v2/positionRisk?timestamp=1783373972671&recvWindow=5000&signature=2a77353f72902acecb78eb51cea40516dacd2842083e94f822d4e680631af063 (Caused by NameResolutionError("HTTPSConnection(host='testnet.binancefuture.com', port=443): Failed to resolve 'testnet.binancefuture.com' ([Errno -3] Temporary failure in name resolution)"))
2026-07-06 17:39:56 | WARNING | trading_bot | No se pudo sincronizar posiciones al iniciar: HTTPSConnectionPool(host='testnet.binancefuture.com', port=443): Max retries exceeded with url: /fapi/v2/positionRisk?timestamp=1783373976327&recvWindow=5000&signature=580054f0fc9127c879ceefb8a6cc25cf39557f55db1bfb3d775d875a82b864a4 (Caused by NameResolutionError("HTTPSConnection(host='testnet.binancefuture.com', port=443): Failed to resolve 'testnet.binancefuture.com' ([Errno -3] Temporary failure in name resolution)"))
2026-07-06 17:40:12 | WARNING | trading_bot | No se pudo refrescar lista de cryptos para enfoque IA: HTTPSConnectionPool(host='testnet.binancefuture.com', port=443): Max retries exceeded with url: /fapi/v1/exchangeInfo (Caused by NameResolutionError("HTTPSConnection(host='testnet.binancefuture.com', port=443): Failed to resolve 'testnet.binancefuture.com' ([Errno -3] Temporary failure in name resolution)"))
2026-07-06 17:40:16 | WARNING | trading_bot | No se pudo refrescar lista de cryptos para enfoque IA: HTTPSConnectionPool(host='testnet.binancefuture.com', port=443): Max retries exceeded with url: /fapi/v1/exchangeInfo (Caused by NameResolutionError("HTTPSConnection(host='testnet.binancefuture.com', port=443): Failed to resolve 'testnet.binancefuture.com' ([Errno -3] Temporary failure in name resolution)"))
2026-07-06 17:40:32 | WARNING | trading_bot | No se pudo validar la cuenta Binance Demo: HTTPSConnectionPool(host='testnet.binancefuture.com', port=443): Max retries exceeded with url: /fapi/v2/positionRisk?timestamp=1783374012942&recvWindow=5000&signature=7711ca30c03a37da7e45a994476e97f3a62b796247d2c6d1ffd709899375cc89 (Caused by NameResolutionError("HTTPSConnection(host='testnet.binancefuture.com', port=443): Failed to resolve 'testnet.binancefuture.com' ([Errno -3] Temporary failure in name resolution)"))
2026-07-06 17:40:36 | WARNING | trading_bot | No se pudo validar la cuenta Binance Demo: HTTPSConnectionPool(host='testnet.binancefuture.com', port=443): Max retries exceeded with url: /fapi/v2/positionRisk?timestamp=1783374016601&recvWindow=5000&signature=34e7a468b697f0a86ccbe022da5e97d09b91f157172704bc62b36239b7fb14ea (Caused by NameResolutionError("HTTPSConnection(host='testnet.binancefuture.com', port=443): Failed to resolve 'testnet.binancefuture.com' ([Errno -3] Temporary failure in name resolution)"))
2026-07-06 17:41:13 | WARNING | trading_bot | AI dashboard sin sincronizacion en vivo para Binance Demo: HTTPSConnectionPool(host='testnet.binancefuture.com', port=443): Max retries exceeded with url: /fapi/v2/positionRisk?timestamp=1783374053742&recvWindow=5000&signature=1eaaab2158e4018b2b00e933f1d807eeb7b045018136d00ab3d9d0e0d234b249 (Caused by NameResolutionError("HTTPSConnection(host='testnet.binancefuture.com', port=443): Failed to resolve 'testnet.binancefuture.com' ([Errno -3] Temporary failure in name resolution)")). Usando datos persistidos.
2026-07-06 17:41:17 | WARNING | trading_bot | AI dashboard sin sincronizacion en vivo para Binance Demo: HTTPSConnectionPool(host='testnet.binancefuture.com', port=443): Max retries exceeded with url: /fapi/v2/positionRisk?timestamp=1783374057496&recvWindow=5000&signature=2ae3898105b72908a26cbbc95a2ce6bba7118ec9e602ac2aa76d323fb93cf2b9 (Caused by NameResolutionError("HTTPSConnection(host='testnet.binancefuture.com', port=443): Failed to resolve 'testnet.binancefuture.com' ([Errno -3] Temporary failure in name resolution)")). Usando datos persistidos.
2026-07-06 17:42:46 | WARNING | trading_bot | No se pudo sincronizar posiciones al iniciar: HTTPSConnectionPool(host='testnet.binancefuture.com', port=443): Max retries exceeded with url: /fapi/v2/positionRisk?timestamp=1783374146389&recvWindow=5000&signature=82e27e819b43a280bf274f48fd20a97dd8a221d135f0640f1e2b922d66419bfa (Caused by NameResolutionError("HTTPSConnection(host='testnet.binancefuture.com', port=443): Failed to resolve 'testnet.binancefuture.com' ([Errno -3] Temporary failure in name resolution)"))
2026-07-06 17:42:50 | WARNING | trading_bot | No se pudo sincronizar posiciones al iniciar: HTTPSConnectionPool(host='testnet.binancefuture.com', port=443): Max retries exceeded with url: /fapi/v2/positionRisk?timestamp=1783374150074&recvWindow=5000&signature=429bbc8593e19f817f19d160d672b2ba2057ba9b3f47fd4d70f3385f4f33c112 (Caused by NameResolutionError("HTTPSConnection(host='testnet.binancefuture.com', port=443): Failed to resolve 'testnet.binancefuture.com' ([Errno -3] Temporary failure in name resolution)"))
2026-07-06 17:43:06 | WARNING | trading_bot | No se pudo refrescar lista de cryptos para enfoque IA: HTTPSConnectionPool(host='testnet.binancefuture.com', port=443): Max retries exceeded with url: /fapi/v1/exchangeInfo (Caused by NameResolutionError("HTTPSConnection(host='testnet.binancefuture.com', port=443): Failed to resolve 'testnet.binancefuture.com' ([Errno -3] Temporary failure in name resolution)"))
2026-07-06 17:43:10 | WARNING | trading_bot | No se pudo refrescar lista de cryptos para enfoque IA: HTTPSConnectionPool(host='testnet.binancefuture.com', port=443): Max retries exceeded with url: /fapi/v1/exchangeInfo (Caused by NameResolutionError("HTTPSConnection(host='testnet.binancefuture.com', port=443): Failed to resolve 'testnet.binancefuture.com' ([Errno -3] Temporary failure in name resolution)"))
2026-07-06 17:43:26 | WARNING | trading_bot | No se pudo validar la cuenta Binance Demo: HTTPSConnectionPool(host='testnet.binancefuture.com', port=443): Max retries exceeded with url: /fapi/v2/positionRisk?timestamp=1783374186643&recvWindow=5000&signature=74837a4f8cbd70490739660df7cc7ad3aae254c4f2cad09f8ea508325d0176ca (Caused by NameResolutionError("HTTPSConnection(host='testnet.binancefuture.com', port=443): Failed to resolve 'testnet.binancefuture.com' ([Errno -3] Temporary failure in name resolution)"))
2026-07-06 17:43:30 | WARNING | trading_bot | No se pudo validar la cuenta Binance Demo: HTTPSConnectionPool(host='testnet.binancefuture.com', port=443): Max retries exceeded with url: /fapi/v2/positionRisk?timestamp=1783374190346&recvWindow=5000&signature=1c147d09062fe46678fddaa18bd4c9462becfe4918a5b4fbb8ffc632ecf4af0a (Caused by NameResolutionError("HTTPSConnection(host='testnet.binancefuture.com', port=443): Failed to resolve 'testnet.binancefuture.com' ([Errno -3] Temporary failure in name resolution)"))
2026-07-06 17:44:07 | WARNING | trading_bot | AI dashboard sin sincronizacion en vivo para Binance Demo: HTTPSConnectionPool(host='testnet.binancefuture.com', port=443): Max retries exceeded with url: /fapi/v2/positionRisk?timestamp=1783374227418&recvWindow=5000&signature=afacb3e906a3bbec13c3fd3634802b44851bbee79a22c567176a291a77222877 (Caused by NameResolutionError("HTTPSConnection(host='testnet.binancefuture.com', port=443): Failed to resolve 'testnet.binancefuture.com' ([Errno -3] Temporary failure in name resolution)")). Usando datos persistidos.
2026-07-06 17:44:11 | WARNING | trading_bot | AI dashboard sin sincronizacion en vivo para Binance Demo: HTTPSConnectionPool(host='testnet.binancefuture.com', port=443): Max retries exceeded with url: /fapi/v2/positionRisk?timestamp=1783374231321&recvWindow=5000&signature=1a3feab92a89a8b81db7a9cb64428b0021fdc61529c809d78febf73aa1a3b275 (Caused by NameResolutionError("HTTPSConnection(host='testnet.binancefuture.com', port=443): Failed to resolve 'testnet.binancefuture.com' ([Errno -3] Temporary failure in name resolution)")). Usando datos persistidos.
2026-07-06 17:45:40 | WARNING | trading_bot | No se pudo sincronizar posiciones al iniciar: HTTPSConnectionPool(host='testnet.binancefuture.com', port=443): Max retries exceeded with url: /fapi/v2/positionRisk?timestamp=1783374320083&recvWindow=5000&signature=2e2907cb6ce37b53f5ebceb2f7659b502fb67b8f83892a095f6d72888e65b842 (Caused by NameResolutionError("HTTPSConnection(host='testnet.binancefuture.com', port=443): Failed to resolve 'testnet.binancefuture.com' ([Errno -3] Temporary failure in name resolution)"))
2026-07-06 17:45:43 | WARNING | trading_bot | No se pudo sincronizar posiciones al iniciar: HTTPSConnectionPool(host='testnet.binancefuture.com', port=443): Max retries exceeded with url: /fapi/v2/positionRisk?timestamp=1783374323848&recvWindow=5000&signature=69372ff7d0bef41c3aac6e652c31b88aa85fd9da39c847d110679c224c84562d (Caused by NameResolutionError("HTTPSConnection(host='testnet.binancefuture.com', port=443): Failed to resolve 'testnet.binancefuture.com' ([Errno -3] Temporary failure in name resolution)"))
2026-07-06 17:46:00 | WARNING | trading_bot | No se pudo refrescar lista de cryptos para enfoque IA: HTTPSConnectionPool(host='testnet.binancefuture.com', port=443): Max retries exceeded with url: /fapi/v1/exchangeInfo (Caused by NameResolutionError("HTTPSConnection(host='testnet.binancefuture.com', port=443): Failed to resolve 'testnet.binancefuture.com' ([Errno -3] Temporary failure in name resolution)"))
2026-07-06 17:46:04 | WARNING | trading_bot | No se pudo refrescar lista de cryptos para enfoque IA: HTTPSConnectionPool(host='testnet.binancefuture.com', port=443): Max retries exceeded with url: /fapi/v1/exchangeInfo (Caused by NameResolutionError("HTTPSConnection(host='testnet.binancefuture.com', port=443): Failed to resolve 'testnet.binancefuture.com' ([Errno -3] Temporary failure in name resolution)"))
2026-07-06 17:46:20 | WARNING | trading_bot | No se pudo validar la cuenta Binance Demo: HTTPSConnectionPool(host='testnet.binancefuture.com', port=443): Max retries exceeded with url: /fapi/v2/positionRisk?timestamp=1783374360328&recvWindow=5000&signature=50cf39f7ff3e9c0a763209aab2553919466cc1bc4baf4edfaba8ec97623fccc2 (Caused by NameResolutionError("HTTPSConnection(host='testnet.binancefuture.com', port=443): Failed to resolve 'testnet.binancefuture.com' ([Errno -3] Temporary failure in name resolution)"))
2026-07-06 17:46:24 | WARNING | trading_bot | No se pudo validar la cuenta Binance Demo: HTTPSConnectionPool(host='testnet.binancefuture.com', port=443): Max retries exceeded with url: /fapi/v2/positionRisk?timestamp=1783374364105&recvWindow=5000&signature=99d35f74a4b9a60c84cfb976a1ffcb66e3d7e481c754b31210d9b0696d9c8820 (Caused by NameResolutionError("HTTPSConnection(host='testnet.binancefuture.com', port=443): Failed to resolve 'testnet.binancefuture.com' ([Errno -3] Temporary failure in name resolution)"))
2026-07-06 17:47:01 | WARNING | trading_bot | AI dashboard sin sincronizacion en vivo para Binance Demo: HTTPSConnectionPool(host='testnet.binancefuture.com', port=443): Max retries exceeded with url: /fapi/v2/positionRisk?timestamp=1783374401390&recvWindow=5000&signature=00229711b8388d2cf6d5c700f235f15f37ce3513c10de2ce23fb6e03dece7568 (Caused by NameResolutionError("HTTPSConnection(host='testnet.binancefuture.com', port=443): Failed to resolve 'testnet.binancefuture.com' ([Errno -3] Temporary failure in name resolution)")). Usando datos persistidos.
2026-07-06 17:47:04 | WARNING | trading_bot | AI dashboard sin sincronizacion en vivo para Binance Demo: HTTPSConnectionPool(host='testnet.binancefuture.com', port=443): Max retries exceeded with url: /fapi/v2/positionRisk?timestamp=1783374404879&recvWindow=5000&signature=ab043927989d46a814224b8537ff45fbc306203b115fca15deb2d53c0a9cca1e (Caused by NameResolutionError("HTTPSConnection(host='testnet.binancefuture.com', port=443): Failed to resolve 'testnet.binancefuture.com' ([Errno -3] Temporary failure in name resolution)")). Usando datos persistidos.
2026-07-06 17:48:33 | WARNING | trading_bot | No se pudo sincronizar posiciones al iniciar: HTTPSConnectionPool(host='testnet.binancefuture.com', port=443): Max retries exceeded with url: /fapi/v2/positionRisk?timestamp=1783374493763&recvWindow=5000&signature=cc72131600a2f54e1793e43184e1ddd3c444a5cb9885458b4fa72f6bd3aeb39b (Caused by NameResolutionError("HTTPSConnection(host='testnet.binancefuture.com', port=443): Failed to resolve 'testnet.binancefuture.com' ([Errno -3] Temporary failure in name resolution)"))
2026-07-06 17:48:37 | WARNING | trading_bot | No se pudo sincronizar posiciones al iniciar: HTTPSConnectionPool(host='testnet.binancefuture.com', port=443): Max retries exceeded with url: /fapi/v2/positionRisk?timestamp=1783374497587&recvWindow=5000&signature=65e614bc49ed2351bbe2391a290c06cd9d37b86dbd712e8a598d19d1b8d9721e (Caused by NameResolutionError("HTTPSConnection(host='testnet.binancefuture.com', port=443): Failed to resolve 'testnet.binancefuture.com' ([Errno -3] Temporary failure in name resolution)"))
2026-07-06 17:48:54 | WARNING | trading_bot | No se pudo refrescar lista de cryptos para enfoque IA: HTTPSConnectionPool(host='testnet.binancefuture.com', port=443): Max retries exceeded with url: /fapi/v1/exchangeInfo (Caused by NameResolutionError("HTTPSConnection(host='testnet.binancefuture.com', port=443): Failed to resolve 'testnet.binancefuture.com' ([Errno -3] Temporary failure in name resolution)"))
2026-07-06 17:48:57 | WARNING | trading_bot | No se pudo refrescar lista de cryptos para enfoque IA: HTTPSConnectionPool(host='testnet.binancefuture.com', port=443): Max retries exceeded with url: /fapi/v1/exchangeInfo (Caused by NameResolutionError("HTTPSConnection(host='testnet.binancefuture.com', port=443): Failed to resolve 'testnet.binancefuture.com' ([Errno -3] Temporary failure in name resolution)"))
2026-07-06 17:49:14 | WARNING | trading_bot | No se pudo validar la cuenta Binance Demo: HTTPSConnectionPool(host='testnet.binancefuture.com', port=443): Max retries exceeded with url: /fapi/v2/positionRisk?timestamp=1783374534029&recvWindow=5000&signature=279e3c2e6420a235690a61fe978c19b8dda5a45d0073f7696f75d03c67acac83 (Caused by NameResolutionError("HTTPSConnection(host='testnet.binancefuture.com', port=443): Failed to resolve 'testnet.binancefuture.com' ([Errno -3] Temporary failure in name resolution)"))
2026-07-06 17:49:17 | WARNING | trading_bot | No se pudo validar la cuenta Binance Demo: HTTPSConnectionPool(host='testnet.binancefuture.com', port=443): Max retries exceeded with url: /fapi/v2/positionRisk?timestamp=1783374537860&recvWindow=5000&signature=b9f84cf422b5929b99919537963e4c9201bd0577873db71b6812577e55ffea67 (Caused by NameResolutionError("HTTPSConnection(host='testnet.binancefuture.com', port=443): Failed to resolve 'testnet.binancefuture.com' ([Errno -3] Temporary failure in name resolution)"))
2026-07-06 17:49:54 | WARNING | trading_bot | AI dashboard sin sincronizacion en vivo para Binance Demo: HTTPSConnectionPool(host='testnet.binancefuture.com', port=443): Max retries exceeded with url: /fapi/v2/positionRisk?timestamp=1783374574763&recvWindow=5000&signature=b1697037a922c6786a323382b022c422afe1ff0f40223a529dbc607df5fc6a3e (Caused by NameResolutionError("HTTPSConnection(host='testnet.binancefuture.com', port=443): Failed to resolve 'testnet.binancefuture.com' ([Errno -3] Temporary failure in name resolution)")). Usando datos persistidos.
2026-07-06 17:49:59 | WARNING | trading_bot | AI dashboard sin sincronizacion en vivo para Binance Demo: HTTPSConnectionPool(host='testnet.binancefuture.com', port=443): Max retries exceeded with url: /fapi/v2/positionRisk?timestamp=1783374579084&recvWindow=5000&signature=ddf9cb547e19b52254045e103b8693e0d1345d2e9bd1a7f291c12dae7ca93d3a (Caused by NameResolutionError("HTTPSConnection(host='testnet.binancefuture.com', port=443): Failed to resolve 'testnet.binancefuture.com' ([Errno -3] Temporary failure in name resolution)")). Usando datos persistidos.
2026-07-06 17:51:27 | WARNING | trading_bot | No se pudo sincronizar posiciones al iniciar: HTTPSConnectionPool(host='testnet.binancefuture.com', port=443): Max retries exceeded with url: /fapi/v2/positionRisk?timestamp=1783374667455&recvWindow=5000&signature=a175e93dbce441ebc8a9e88da7386b10331c78f1e216dc7afa266d0f479e7dc9 (Caused by NameResolutionError("HTTPSConnection(host='testnet.binancefuture.com', port=443): Failed to resolve 'testnet.binancefuture.com' ([Errno -3] Temporary failure in name resolution)"))
2026-07-06 17:51:31 | WARNING | trading_bot | No se pudo sincronizar posiciones al iniciar: HTTPSConnectionPool(host='testnet.binancefuture.com', port=443): Max retries exceeded with url: /fapi/v2/positionRisk?timestamp=1783374671357&recvWindow=5000&signature=dcd1b639925b72d6c2f1879ccd01bac0178c3db15024bb0b8545b2429d022e9c (Caused by NameResolutionError("HTTPSConnection(host='testnet.binancefuture.com', port=443): Failed to resolve 'testnet.binancefuture.com' ([Errno -3] Temporary failure in name resolution)"))
2026-07-06 17:51:38 | WARNING | trading_bot | No se pudo refrescar lista de cryptos para enfoque IA: HTTPSConnectionPool(host='testnet.binancefuture.com', port=443): Max retries exceeded with url: /fapi/v1/exchangeInfo (Caused by NameResolutionError("HTTPSConnection(host='testnet.binancefuture.com', port=443): Failed to resolve 'testnet.binancefuture.com' ([Errno -3] Temporary failure in name resolution)"))
2026-07-06 17:51:44 | WARNING | trading_bot | No se pudo refrescar lista de cryptos para enfoque IA: HTTPSConnectionPool(host='testnet.binancefuture.com', port=443): Max retries exceeded with url: /fapi/v1/exchangeInfo (Caused by NameResolutionError("HTTPSConnection(host='testnet.binancefuture.com', port=443): Failed to resolve 'testnet.binancefuture.com' ([Errno -3] Temporary failure in name resolution)"))
2026-07-06 18:52:11 | WARNING | trading_bot | WebSocket reconnect triggered by CryptoVolumeManager
2026-07-06 18:52:12 | WARNING | trading_bot | Using fallback REST bars for AVAX/USD
2026-07-06 18:52:16 | WARNING | trading_bot | Using fallback REST bars for BTC/USD
2026-07-06 18:52:19 | WARNING | trading_bot | Using fallback REST bars for DOGE/USD
2026-07-06 18:52:50 | WARNING | trading_bot | WebSocket reconnect triggered by CryptoVolumeManager
2026-07-06 18:52:50 | WARNING | trading_bot | Using fallback REST bars for AVAX/USD
2026-07-06 18:52:54 | WARNING | trading_bot | Using fallback REST bars for BTC/USD
2026-07-06 18:52:58 | WARNING | trading_bot | Using fallback REST bars for DOGE/USD
2026-07-06 18:53:02 | WARNING | trading_bot | WebSocket reconnect triggered by CryptoVolumeManager
2026-07-06 18:53:02 | WARNING | trading_bot | Using fallback REST bars for ETH/USD
2026-07-06 18:53:03 | WARNING | trading_bot | Forzando cierre de la aplicacion por solicitud del usuario.
2026-07-06 21:08:54 | WARNING | trading_bot | No se pudo sincronizar posiciones al iniciar: HTTPSConnectionPool(host='testnet.binancefuture.com', port=443): Max retries exceeded with url: /fapi/v2/positionRisk?timestamp=1783386514691&recvWindow=5000&signature=636236db9b1e543f6ab2879e7ad64d6df032d3a34b547e057dd146514585111b (Caused by NameResolutionError("HTTPSConnection(host='testnet.binancefuture.com', port=443): Failed to resolve 'testnet.binancefuture.com' ([Errno -3] Temporary failure in name resolution)"))
2026-07-06 21:08:56 | WARNING | trading_bot | No se pudo sincronizar posiciones al iniciar: HTTPSConnectionPool(host='testnet.binancefuture.com', port=443): Max retries exceeded with url: /fapi/v2/positionRisk?timestamp=1783386516463&recvWindow=5000&signature=9462914e7fc7361687c8fce694b750ec58fd8311e1cdc2d3ff67c0d6c292637f (Caused by NameResolutionError("HTTPSConnection(host='testnet.binancefuture.com', port=443): Failed to resolve 'testnet.binancefuture.com' ([Errno -3] Temporary failure in name resolution)"))
2026-07-06 21:08:58 | WARNING | trading_bot | No se pudo sincronizar posiciones al iniciar: HTTPSConnectionPool(host='testnet.binancefuture.com', port=443): Max retries exceeded with url: /fapi/v2/positionRisk?timestamp=1783386518313&recvWindow=5000&signature=d9ff537c08d131eca159b8063a1d0d78030a4c9b8739b9e4f66d45da01e66663 (Caused by NameResolutionError("HTTPSConnection(host='testnet.binancefuture.com', port=443): Failed to resolve 'testnet.binancefuture.com' ([Errno -3] Temporary failure in name resolution)"))
2026-07-06 21:09:15 | WARNING | trading_bot | No se pudo refrescar lista de cryptos para enfoque IA: HTTPSConnectionPool(host='testnet.binancefuture.com', port=443): Max retries exceeded with url: /fapi/v1/exchangeInfo (Caused by NameResolutionError("HTTPSConnection(host='testnet.binancefuture.com', port=443): Failed to resolve 'testnet.binancefuture.com' ([Errno -3] Temporary failure in name resolution)"))
2026-07-06 21:09:16 | WARNING | trading_bot | No se pudo refrescar lista de cryptos para enfoque IA: HTTPSConnectionPool(host='testnet.binancefuture.com', port=443): Max retries exceeded with url: /fapi/v1/exchangeInfo (Caused by NameResolutionError("HTTPSConnection(host='testnet.binancefuture.com', port=443): Failed to resolve 'testnet.binancefuture.com' ([Errno -3] Temporary failure in name resolution)"))
2026-07-06 21:09:18 | WARNING | trading_bot | No se pudo refrescar lista de cryptos para enfoque IA: HTTPSConnectionPool(host='testnet.binancefuture.com', port=443): Max retries exceeded with url: /fapi/v1/exchangeInfo (Caused by NameResolutionError("HTTPSConnection(host='testnet.binancefuture.com', port=443): Failed to resolve 'testnet.binancefuture.com' ([Errno -3] Temporary failure in name resolution)"))
2026-07-06 21:09:22 | WARNING | trading_bot | No se pudo sincronizar posiciones al iniciar: HTTPSConnectionPool(host='testnet.binancefuture.com', port=443): Max retries exceeded with url: /fapi/v2/positionRisk?timestamp=1783386542111&recvWindow=5000&signature=7dc456b66e2ef58fec9b3bace80c79471fe0ae06aa199ccffcb39e73a5031d94 (Caused by NameResolutionError("HTTPSConnection(host='testnet.binancefuture.com', port=443): Failed to resolve 'testnet.binancefuture.com' ([Errno -3] Temporary failure in name resolution)"))
2026-07-06 21:09:35 | WARNING | trading_bot | No se pudo validar la cuenta Binance Demo: HTTPSConnectionPool(host='testnet.binancefuture.com', port=443): Max retries exceeded with url: /fapi/v2/positionRisk?timestamp=1783386555955&recvWindow=5000&signature=af1674ae68ecea3cbd4d77dfd529cbbd536a2d735a78ef41d0eff1b32dd72a88 (Caused by NameResolutionError("HTTPSConnection(host='testnet.binancefuture.com', port=443): Failed to resolve 'testnet.binancefuture.com' ([Errno -3] Temporary failure in name resolution)"))
2026-07-06 21:09:36 | WARNING | trading_bot | No se pudo validar la cuenta Binance Demo: HTTPSConnectionPool(host='testnet.binancefuture.com', port=443): Max retries exceeded with url: /fapi/v2/positionRisk?timestamp=1783386556835&recvWindow=5000&signature=0f994c35bfad751d2fe303066a0775d1eb14966545e6ce338a4b94cd7e2caaab (Caused by NameResolutionError("HTTPSConnection(host='testnet.binancefuture.com', port=443): Failed to resolve 'testnet.binancefuture.com' ([Errno -3] Temporary failure in name resolution)"))
2026-07-06 21:09:38 | WARNING | trading_bot | No se pudo validar la cuenta Binance Demo: HTTPSConnectionPool(host='testnet.binancefuture.com', port=443): Max retries exceeded with url: /fapi/v2/positionRisk?timestamp=1783386558631&recvWindow=5000&signature=7dfbabe8c539b263650fa26182fad321cc6f1fd31fa1f288def85928d14032a1 (Caused by NameResolutionError("HTTPSConnection(host='testnet.binancefuture.com', port=443): Failed to resolve 'testnet.binancefuture.com' ([Errno -3] Temporary failure in name resolution)"))
2026-07-06 21:11:18 | WARNING | trading_bot | Forzando cierre de la aplicacion por solicitud del usuario.
2026-07-06 21:11:18 | WARNING | trading_bot | Forzando cierre de la aplicacion por solicitud del usuario.
2026-07-06 21:11:18 | WARNING | trading_bot | WireGuard bootstrap failed rc=1: sudo: a password is required
2026-07-06 21:11:20 | WARNING | trading_bot | Helper de emergencia inactivo. Relanzando...
2026-07-06 21:11:20 | WARNING | trading_bot | No se pudo refrescar estado NYSE: HTTPSConnectionPool(host='www.nyse.com', port=443): Max retries exceeded with url: /markets/hours-calendars (Caused by NameResolutionError("HTTPSConnection(host='www.nyse.com', port=443): Failed to resolve 'www.nyse.com' ([Errno -3] Temporary failure in name resolution)"))
2026-07-06 21:11:20 | WARNING | trading_bot | No se pudo refrescar estado NYSE: HTTPSConnectionPool(host='www.nyse.com', port=443): Max retries exceeded with url: /markets/hours-calendars (Caused by NameResolutionError("HTTPSConnection(host='www.nyse.com', port=443): Failed to resolve 'www.nyse.com' ([Errno -3] Temporary failure in name resolution)"))
2026-07-06 21:11:28 | WARNING | trading_bot | WebSocket reconnect triggered by CryptoVolumeManager
2026-07-06 21:11:28 | WARNING | trading_bot | Using fallback REST bars for AVAX/USD
2026-07-06 21:11:32 | WARNING | trading_bot | Using fallback REST bars for BTC/USD
2026-07-06 21:11:37 | WARNING | trading_bot | Using fallback REST bars for DOGE/USD
2026-07-06 21:11:40 | WARNING | trading_bot | WebSocket reconnect triggered by CryptoVolumeManager
2026-07-06 21:11:57 | WARNING | trading_bot | Using fallback REST bars for ETH/USD
2026-07-06 21:12:27 | WARNING | trading_bot | WebSocket reconnect triggered by CryptoVolumeManager
2026-07-06 21:12:28 | WARNING | trading_bot | Using fallback REST bars for LINK/USD
2026-07-06 21:12:35 | WARNING | trading_bot | Using fallback REST bars for SOL/USD
2026-07-06 21:12:40 | WARNING | trading_bot | WebSocket reconnect triggered by CryptoVolumeManager
2026-07-06 21:12:40 | WARNING | trading_bot | Using fallback REST bars for XRP/USD
2026-07-06 21:22:37 | WARNING | trading_bot | Internet caido durante monitoreo de posicion (ZIL/USD). Reintentando en 30s...
2026-07-06 21:22:40 | WARNING | trading_bot | Fallo de red/HTTP en market data (ReadTimeout). Reintentando en 1.0 s
2026-07-06 21:22:41 | WARNING | trading_bot | Fallo de red/HTTP en market data (ReadTimeout). Reintentando en 1.0 s
2026-07-06 21:23:01 | WARNING | trading_bot | Fallo de red/HTTP en market data (ConnectionError). Reintentando en 1.0 s
2026-07-06 21:23:01 | WARNING | trading_bot | Fallo de red/HTTP en market data (ConnectionError). Reintentando en 2.0 s
2026-07-06 21:23:02 | WARNING | trading_bot | Fallo de red/HTTP en market data (ReadTimeout). Reintentando en 2.0 s
2026-07-06 21:23:02 | WARNING | trading_bot | Fallo de red/HTTP en market data (ReadTimeout). Reintentando en 1.0 s
2026-07-06 21:23:20 | WARNING | trading_bot | Fallo de red/HTTP en market data (ConnectionError). Reintentando en 2.0 s
2026-07-06 21:23:20 | WARNING | trading_bot | Fallo de red/HTTP en market data (ConnectionError). Reintentando en 2.0 s
2026-07-06 21:23:20 | WARNING | trading_bot | DataCollectorWorker error SSV/USD: HTTPSConnectionPool(host='testnet.binancefuture.com', port=443): Max retries exceeded with url: /fapi/v1/klines?symbol=SSVUSDT&interval=5m&limit=60 (Caused by NameResolutionError("HTTPSConnection(host='testnet.binancefuture.com', port=443): Failed to resolve 'testnet.binancefuture.com' ([Errno -3] Temporary failure in name resolution)"))
2026-07-06 21:24:18 | WARNING | trading_bot | Monitoreo fallido para cuenta Binance Demo: HTTPSConnectionPool(host='testnet.binancefuture.com', port=443): Max retries exceeded with url: /fapi/v2/positionRisk?timestamp=1783387448736&recvWindow=5000&signature=5098b814cce38a945a91ba36d36e0e3a409f0f41624cf0d99bd31b8c54b5bc71 (Caused by NameResolutionError("HTTPSConnection(host='testnet.binancefuture.com', port=443): Failed to resolve 'testnet.binancefuture.com' ([Errno -3] Temporary failure in name resolution)"))
2026-07-06 21:24:40 | WARNING | trading_bot | Sin conexion durante monitoreo general (ConnectionError). Reintentando automaticamente...
2026-07-06 21:24:40 | WARNING | trading_bot | Sin conexion durante monitoreo general (ConnectionError). Reintentando automaticamente...
2026-07-06 21:24:40 | WARNING | trading_bot | Fallo de red/HTTP en market data (ConnectTimeout). Reintentando en 1.0 s
2026-07-06 21:24:40 | WARNING | trading_bot | Fallo de red/HTTP en market data (ConnectTimeout). Reintentando en 1.0 s
2026-07-06 21:24:48 | WARNING | trading_bot | Fallo de red/HTTP en market data (ConnectionError). Reintentando en 2.0 s
2026-07-06 21:24:48 | WARNING | trading_bot | Fallo de red/HTTP en market data (ConnectionError). Reintentando en 2.0 s
2026-07-06 21:25:10 | WARNING | trading_bot | DataCollectorWorker error CKB/USD: HTTPSConnectionPool(host='testnet.binancefuture.com', port=443): Max retries exceeded with url: /fapi/v1/klines?symbol=CKBUSDT&interval=1m&limit=60 (Caused by NameResolutionError("HTTPSConnection(host='testnet.binancefuture.com', port=443): Failed to resolve 'testnet.binancefuture.com' ([Errno -3] Temporary failure in name resolution)"))
2026-07-06 21:25:38 | WARNING | trading_bot | Fallo de red/HTTP en market data (ReadTimeout). Reintentando en 1.0 s
2026-07-06 21:25:38 | WARNING | trading_bot | Fallo de red/HTTP en market data (ReadTimeout). Reintentando en 1.0 s
2026-07-06 21:25:59 | WARNING | trading_bot | Fallo de red/HTTP en market data (ConnectionError). Reintentando en 2.0 s
2026-07-06 21:25:59 | WARNING | trading_bot | Fallo de red/HTTP en market data (ConnectionError). Reintentando en 2.0 s
2026-07-06 21:26:08 | WARNING | trading_bot | DataCollectorWorker error LQTY/USD: HTTPSConnectionPool(host='testnet.binancefuture.com', port=443): Max retries exceeded with url: /fapi/v1/klines?symbol=LQTYUSDT&interval=1m&limit=60 (Caused by NameResolutionError("HTTPSConnection(host='testnet.binancefuture.com', port=443): Failed to resolve 'testnet.binancefuture.com' ([Errno -3] Temporary failure in name resolution)"))
2026-07-06 21:26:28 | WARNING | trading_bot | Fallo de red/HTTP en market data (ConnectionError). Reintentando en 1.0 s
2026-07-06 21:26:28 | WARNING | trading_bot | Fallo de red/HTTP en market data (ConnectionError). Reintentando en 1.0 s
2026-07-06 21:26:59 | WARNING | trading_bot | Fallo de red/HTTP en market data (ReadTimeout). Reintentando en 2.0 s
2026-07-06 21:26:59 | WARNING | trading_bot | Fallo de red/HTTP en market data (ReadTimeout). Reintentando en 2.0 s
2026-07-06 21:27:08 | WARNING | trading_bot | Sin conexion durante monitoreo general (ConnectionError). Reintentando automaticamente...
2026-07-06 21:27:28 | WARNING | trading_bot | DataCollectorWorker error USDC/USD: HTTPSConnectionPool(host='testnet.binancefuture.com', port=443): Read timed out. (read timeout=20)
2026-07-06 21:27:38 | WARNING | trading_bot | Fallo de red/HTTP en market data (ConnectionError). Reintentando en 1.0 s
2026-07-06 21:27:38 | WARNING | trading_bot | Fallo de red/HTTP en market data (ConnectionError). Reintentando en 1.0 s
2026-07-06 21:27:59 | WARNING | trading_bot | Fallo de red/HTTP en market data (ConnectionError). Reintentando en 2.0 s
2026-07-06 21:27:59 | WARNING | trading_bot | Fallo de red/HTTP en market data (ConnectionError). Reintentando en 2.0 s
2026-07-06 21:28:28 | WARNING | trading_bot | DataCollectorWorker error ARB/USD: HTTPSConnectionPool(host='testnet.binancefuture.com', port=443): Read timed out. (read timeout=20)
2026-07-06 21:28:28 | WARNING | trading_bot | Fallo de red/HTTP en market data (ConnectionError). Reintentando en 1.0 s
2026-07-06 21:28:48 | WARNING | trading_bot | Fallo de red/HTTP en market data (ConnectionError). Reintentando en 1.0 s
2026-07-06 21:28:49 | WARNING | trading_bot | Fallo de red/HTTP en market data (ConnectionError). Reintentando en 2.0 s
2026-07-06 21:28:58 | WARNING | trading_bot | DataCollectorWorker error ID/USD: HTTPSConnectionPool(host='testnet.binancefuture.com', port=443): Max retries exceeded with url: /fapi/v1/klines?symbol=IDUSDT&interval=1m&limit=60 (Caused by NameResolutionError("HTTPSConnection(host='testnet.binancefuture.com', port=443): Failed to resolve 'testnet.binancefuture.com' ([Errno -3] Temporary failure in name resolution)"))
2026-07-06 21:28:58 | WARNING | trading_bot | Fallo de red/HTTP en market data (ConnectionError). Reintentando en 2.0 s
2026-07-06 21:28:58 | WARNING | trading_bot | Fallo de red/HTTP en market data (ConnectionError). Reintentando en 1.0 s
2026-07-06 21:29:19 | WARNING | trading_bot | Fallo de red/HTTP en market data (ConnectionError). Reintentando en 2.0 s
2026-07-06 21:29:28 | WARNING | trading_bot | Sin conexion durante monitoreo general (ConnectionError). Reintentando automaticamente...
2026-07-06 21:29:28 | WARNING | trading_bot | DataCollectorWorker error JOE/USD: HTTPSConnectionPool(host='testnet.binancefuture.com', port=443): Max retries exceeded with url: /fapi/v1/klines?symbol=JOEUSDT&interval=1m&limit=60 (Caused by NameResolutionError("HTTPSConnection(host='testnet.binancefuture.com', port=443): Failed to resolve 'testnet.binancefuture.com' ([Errno -3] Temporary failure in name resolution)"))
2026-07-06 21:29:28 | WARNING | trading_bot | Fallo de red/HTTP en market data (ConnectionError). Reintentando en 1.0 s
2026-07-06 21:29:48 | WARNING | trading_bot | Fallo de red/HTTP en market data (ConnectionError). Reintentando en 2.0 s
2026-07-06 21:29:48 | WARNING | trading_bot | Fallo de red/HTTP en market data (ConnectionError). Reintentando en 1.0 s
2026-07-06 21:30:09 | WARNING | trading_bot | Fallo de red/HTTP en market data (ConnectionError). Reintentando en 2.0 s
2026-07-06 21:30:18 | WARNING | trading_bot | DataCollectorWorker error TRU/USD: HTTPSConnectionPool(host='testnet.binancefuture.com', port=443): Max retries exceeded with url: /fapi/v1/klines?symbol=TRUUSDT&interval=1m&limit=60 (Caused by NameResolutionError("HTTPSConnection(host='testnet.binancefuture.com', port=443): Failed to resolve 'testnet.binancefuture.com' ([Errno -3] Temporary failure in name resolution)"))
2026-07-06 21:30:18 | WARNING | trading_bot | Fallo de red/HTTP en market data (ConnectionError). Reintentando en 1.0 s
2026-07-06 21:30:38 | WARNING | trading_bot | Fallo de red/HTTP en market data (ConnectionError). Reintentando en 1.0 s
2026-07-06 21:30:39 | WARNING | trading_bot | Fallo de red/HTTP en market data (ConnectionError). Reintentando en 2.0 s
2026-07-06 21:30:48 | WARNING | trading_bot | Fallo de red/HTTP en market data (ConnectionError). Reintentando en 2.0 s
2026-07-06 22:12:26 | WARNING | trading_bot | DataCollectorWorker error RDNT/USD: HTTPSConnectionPool(host='testnet.binancefuture.com', port=443): Max retries exceeded with url: /fapi/v1/klines?symbol=RDNTUSDT&interval=1m&limit=60 (Caused by NameResolutionError("HTTPSConnection(host='testnet.binancefuture.com', port=443): Failed to resolve 'testnet.binancefuture.com' ([Errno -3] Temporary failure in name resolution)"))
2026-07-06 22:12:26 | WARNING | trading_bot | Fallo de red/HTTP en market data (ConnectionError). Reintentando en 1.0 s
2026-07-06 22:12:26 | WARNING | trading_bot | VPN guard check failed: Command '['/usr/bin/curl', '-4', '--silent', '--show-error', '--max-time', '8', 'https://ifconfig.me']' timed out after 10 seconds
2026-07-06 22:12:44 | WARNING | trading_bot | Sin conexion durante monitoreo general (ConnectionError). Reintentando automaticamente...
2026-07-06 22:12:44 | WARNING | trading_bot | Fallo de red/HTTP en market data (ConnectionError). Reintentando en 1.0 s
2026-07-06 22:12:47 | WARNING | trading_bot | Fallo de red/HTTP en market data (ConnectionError). Reintentando en 2.0 s
2026-07-06 22:13:05 | WARNING | trading_bot | Fallo de red/HTTP en market data (ConnectionError). Reintentando en 2.0 s
2026-07-06 22:13:27 | WARNING | trading_bot | DataCollectorWorker error HFT/USD: HTTPSConnectionPool(host='testnet.binancefuture.com', port=443): Max retries exceeded with url: /fapi/v1/klines?symbol=HFTUSDT&interval=1m&limit=60 (Caused by NameResolutionError("HTTPSConnection(host='testnet.binancefuture.com', port=443): Failed to resolve 'testnet.binancefuture.com' ([Errno -3] Temporary failure in name resolution)"))
2026-07-06 22:13:29 | WARNING | trading_bot | Fallo de red/HTTP en market data (ConnectionError). Reintentando en 1.0 s
2026-07-06 22:13:47 | WARNING | trading_bot | Fallo de red/HTTP en market data (ConnectionError). Reintentando en 1.0 s
2026-07-06 22:13:50 | WARNING | trading_bot | Fallo de red/HTTP en market data (ConnectionError). Reintentando en 2.0 s
2026-07-06 22:14:08 | WARNING | trading_bot | Fallo de red/HTTP en market data (ConnectionError). Reintentando en 2.0 s
2026-07-06 22:14:30 | WARNING | trading_bot | DataCollectorWorker error XVS/USD: HTTPSConnectionPool(host='testnet.binancefuture.com', port=443): Max retries exceeded with url: /fapi/v1/klines?symbol=XVSUSDT&interval=1m&limit=60 (Caused by NameResolutionError("HTTPSConnection(host='testnet.binancefuture.com', port=443): Failed to resolve 'testnet.binancefuture.com' ([Errno -3] Temporary failure in name resolution)"))
2026-07-06 22:14:32 | WARNING | trading_bot | Fallo de red/HTTP en market data (ConnectionError). Reintentando en 1.0 s
2026-07-06 22:14:46 | WARNING | trading_bot | Sin conexion durante monitoreo general (ConnectionError). Reintentando automaticamente...
2026-07-06 22:14:50 | WARNING | trading_bot | Fallo de red/HTTP en market data (ConnectionError). Reintentando en 1.0 s
2026-07-06 22:14:53 | WARNING | trading_bot | Fallo de red/HTTP en market data (ConnectionError). Reintentando en 2.0 s
2026-07-06 22:15:11 | WARNING | trading_bot | Fallo de red/HTTP en market data (ConnectionError). Reintentando en 2.0 s
2026-07-06 22:15:29 | WARNING | trading_bot | DataCollectorWorker error BLUR/USD: HTTPSConnectionPool(host='testnet.binancefuture.com', port=443): Max retries exceeded with url: /fapi/v1/klines?symbol=BLURUSDT&interval=1m&limit=60 (Caused by NameResolutionError("HTTPSConnection(host='testnet.binancefuture.com', port=443): Failed to resolve 'testnet.binancefuture.com' ([Errno -3] Temporary failure in name resolution)"))
2026-07-06 22:15:34 | WARNING | trading_bot | Fallo de red/HTTP en market data (ConnectionError). Reintentando en 1.0 s
2026-07-06 22:15:49 | WARNING | trading_bot | Fallo de red/HTTP en market data (ConnectionError). Reintentando en 1.0 s
2026-07-06 22:15:55 | WARNING | trading_bot | Fallo de red/HTTP en market data (ConnectionError). Reintentando en 2.0 s
2026-07-06 22:16:10 | WARNING | trading_bot | Fallo de red/HTTP en market data (ConnectionError). Reintentando en 2.0 s
2026-07-06 22:16:32 | WARNING | trading_bot | DataCollectorWorker error EDU/USD: HTTPSConnectionPool(host='testnet.binancefuture.com', port=443): Max retries exceeded with url: /fapi/v1/klines?symbol=EDUUSDT&interval=1m&limit=60 (Caused by NameResolutionError("HTTPSConnection(host='testnet.binancefuture.com', port=443): Failed to resolve 'testnet.binancefuture.com' ([Errno -3] Temporary failure in name resolution)"))
2026-07-06 22:16:37 | WARNING | trading_bot | Fallo de red/HTTP en market data (ConnectionError). Reintentando en 1.0 s
2026-07-06 22:16:46 | WARNING | trading_bot | Sin conexion durante monitoreo general (ConnectionError). Reintentando automaticamente...
2026-07-06 22:16:52 | WARNING | trading_bot | Fallo de red/HTTP en market data (ConnectionError). Reintentando en 1.0 s
2026-07-06 22:16:58 | WARNING | trading_bot | Fallo de red/HTTP en market data (ConnectionError). Reintentando en 2.0 s
2026-07-06 22:17:13 | WARNING | trading_bot | Fallo de red/HTTP en market data (ConnectionError). Reintentando en 2.0 s
2026-07-06 22:17:36 | WARNING | trading_bot | Fallo de red/HTTP en market data (ConnectionError). Reintentando en 1.0 s
2026-07-06 22:17:42 | WARNING | trading_bot | Helper de emergencia inactivo. Relanzando...
2026-07-06 22:20:13 | WARNING | trading_bot | Fallo de red/HTTP en market data (ReadTimeout). Reintentando en 1.0 s
2026-07-06 22:20:27 | WARNING | trading_bot | Fallo de red/HTTP en market data (ReadTimeout). Reintentando en 1.0 s
2026-07-06 22:21:22 | WARNING | trading_bot | No se pudo iniciar la automatizacion IA automaticamente: Automation start blocked by VPN policy [PUBLIC_IP_CHECK_ERROR]: Unable to verify public IPv4: curl: (28) Connection timed out after 8001 milliseconds
2026-07-06 22:21:35 | WARNING | trading_bot | No se pudo aplicar leverage 1x en VANRY/USD: HTTPSConnectionPool(host='testnet.binancefuture.com', port=443): Read timed out. (read timeout=20)
2026-07-06 22:29:08 | WARNING | trading_bot | Internet caido durante monitoreo de posicion (ZIL/USD). Reintentando en 30s...
2026-07-06 22:29:09 | WARNING | trading_bot | Fallo de red/HTTP en market data (ReadTimeout). Reintentando en 1.0 s
2026-07-06 22:29:29 | WARNING | trading_bot | Fallo de red/HTTP en market data (ReadTimeout). Reintentando en 1.0 s
2026-07-06 22:29:30 | WARNING | trading_bot | Fallo de red/HTTP en market data (ConnectionError). Reintentando en 2.0 s
2026-07-06 22:29:50 | WARNING | trading_bot | Fallo de red/HTTP en market data (ConnectionError). Reintentando en 2.0 s
2026-07-06 22:29:52 | WARNING | trading_bot | DataCollectorWorker error D/USD: HTTPSConnectionPool(host='testnet.binancefuture.com', port=443): Max retries exceeded with url: /fapi/v1/klines?symbol=DUSDT&interval=1m&limit=60 (Caused by NameResolutionError("HTTPSConnection(host='testnet.binancefuture.com', port=443): Failed to resolve 'testnet.binancefuture.com' ([Errno -3] Temporary failure in name resolution)"))
2026-07-06 22:29:59 | WARNING | trading_bot | Fallo de red/HTTP en market data (ConnectionError). Reintentando en 1.0 s
2026-07-06 22:29:59 | WARNING | trading_bot | Sin conexion durante monitoreo general (ConnectionError). Reintentando automaticamente...
2026-07-06 22:30:20 | WARNING | trading_bot | Fallo de red/HTTP en market data (ConnectionError). Reintentando en 2.0 s
2026-07-06 22:30:27 | WARNING | trading_bot | DataCollectorWorker error PROM/USD: HTTPSConnectionPool(host='testnet.binancefuture.com', port=443): Max retries exceeded with url: /fapi/v1/klines?symbol=PROMUSDT&interval=1m&limit=60 (Caused by NameResolutionError("HTTPSConnection(host='testnet.binancefuture.com', port=443): Failed to resolve 'testnet.binancefuture.com' ([Errno -3] Temporary failure in name resolution)"))
2026-07-06 22:30:47 | WARNING | trading_bot | Fallo de red/HTTP en market data (ConnectionError). Reintentando en 1.0 s
2026-07-06 22:30:47 | WARNING | trading_bot | Fallo de red/HTTP en market data (ConnectionError). Reintentando en 1.0 s
2026-07-06 22:31:07 | WARNING | trading_bot | Fallo de red/HTTP en market data (ConnectionError). Reintentando en 2.0 s
2026-07-06 22:31:07 | WARNING | trading_bot | Fallo de red/HTTP en market data (ConnectionError). Reintentando en 2.0 s
2026-07-06 22:31:27 | WARNING | trading_bot | DataCollectorWorker error S/USD: HTTPSConnectionPool(host='testnet.binancefuture.com', port=443): Max retries exceeded with url: /fapi/v1/klines?symbol=SUSDT&interval=1m&limit=60 (Caused by NameResolutionError("HTTPSConnection(host='testnet.binancefuture.com', port=443): Failed to resolve 'testnet.binancefuture.com' ([Errno -3] Temporary failure in name resolution)"))
2026-07-06 22:31:27 | WARNING | trading_bot | Fallo de red/HTTP en market data (ConnectionError). Reintentando en 1.0 s
2026-07-06 22:44:27 | WARNING | trading_bot | No se pudo refrescar estado NYSE: HTTPSConnectionPool(host='www.nyse.com', port=443): Max retries exceeded with url: /markets/hours-calendars (Caused by NameResolutionError("HTTPSConnection(host='www.nyse.com', port=443): Failed to resolve 'www.nyse.com' ([Errno -3] Temporary failure in name resolution)"))
2026-07-06 22:44:30 | WARNING | trading_bot | WebSocket reconnect triggered by CryptoVolumeManager
2026-07-06 22:44:31 | WARNING | trading_bot | Using fallback REST bars for AVAX/USD
2026-07-06 22:44:33 | WARNING | trading_bot | Binance LIMIT rechazada (400 Client Error: Bad Request for url: https://testnet.binancefuture.com/fapi/v1/order?symbol=DOGEUSDT&side=SELL&type=LIMIT&timeInForce=GTC&quantity=3264&price=0.07658&timestamp=1783392273786&recvWindow=5000&signature=cb51b61584cbd3aad94314a25d5659499053558dba618707a01d5740a44a0470 | response={"code":-2019,"msg":"Margin is insufficient."}). Reintentando MARKET para DOGEUSDT qty=3264
2026-07-06 22:44:34 | WARNING | trading_bot | Using fallback REST bars for BTC/USD
2026-07-06 22:44:37 | WARNING | trading_bot | Using fallback REST bars for DOGE/USD
2026-07-06 22:45:30 | WARNING | trading_bot | WebSocket reconnect triggered by CryptoVolumeManager
2026-07-06 22:45:30 | WARNING | trading_bot | Using fallback REST bars for ETH/USD
2026-07-06 22:45:36 | WARNING | trading_bot | Using fallback REST bars for LINK/USD
2026-07-06 22:46:27 | WARNING | trading_bot | WebSocket reconnect triggered by CryptoVolumeManager
2026-07-06 22:46:28 | WARNING | trading_bot | Using fallback REST bars for SOL/USD
2026-07-06 22:46:34 | WARNING | trading_bot | Using fallback REST bars for XRP/USD
2026-07-06 22:50:29 | WARNING | trading_bot | WebSocket reconnect triggered by CryptoVolumeManager
2026-07-06 22:50:29 | WARNING | trading_bot | Using fallback REST bars for AVAX/USD
2026-07-06 22:50:38 | WARNING | trading_bot | Using fallback REST bars for BTC/USD
2026-07-06 22:51:29 | WARNING | trading_bot | WebSocket reconnect triggered by CryptoVolumeManager
2026-07-06 22:51:30 | WARNING | trading_bot | Using fallback REST bars for DOGE/USD
2026-07-06 22:51:39 | WARNING | trading_bot | Using fallback REST bars for ETH/USD
2026-07-06 22:52:23 | WARNING | trading_bot | WebSocket reconnect triggered by CryptoVolumeManager
2026-07-06 22:52:24 | WARNING | trading_bot | Using fallback REST bars for LINK/USD
2026-07-06 22:52:35 | WARNING | trading_bot | WebSocket reconnect triggered by CryptoVolumeManager
2026-07-06 22:52:36 | WARNING | trading_bot | Using fallback REST bars for SOL/USD
2026-07-06 22:53:27 | WARNING | trading_bot | WebSocket reconnect triggered by CryptoVolumeManager
2026-07-06 22:53:28 | WARNING | trading_bot | Using fallback REST bars for XRP/USD
2026-07-06 22:56:39 | WARNING | trading_bot | WebSocket reconnect triggered by CryptoVolumeManager
2026-07-06 22:56:39 | WARNING | trading_bot | Using fallback REST bars for AVAX/USD
2026-07-06 22:57:30 | WARNING | trading_bot | WebSocket reconnect triggered by CryptoVolumeManager
2026-07-06 22:57:31 | WARNING | trading_bot | Using fallback REST bars for BTC/USD
2026-07-06 22:57:39 | WARNING | trading_bot | Using fallback REST bars for DOGE/USD
2026-07-06 22:58:03 | WARNING | trading_bot | No se pudo refrescar estado NYSE: HTTPSConnectionPool(host='www.nyse.com', port=443): Max retries exceeded with url: /markets/hours-calendars (Caused by NameResolutionError("HTTPSConnection(host='www.nyse.com', port=443): Failed to resolve 'www.nyse.com' ([Errno -3] Temporary failure in name resolution)"))
2026-07-06 22:58:08 | WARNING | trading_bot | WebSocket reconnect triggered by CryptoVolumeManager
2026-07-06 22:58:08 | WARNING | trading_bot | Using fallback REST bars for AVAX/USD
2026-07-06 22:58:12 | WARNING | trading_bot | Using fallback REST bars for BTC/USD
2026-07-06 22:58:14 | WARNING | trading_bot | Using fallback REST bars for DOGE/USD
2026-07-06 22:58:18 | WARNING | trading_bot | Using fallback REST bars for ETH/USD
2026-07-06 22:59:04 | WARNING | trading_bot | EMERGENCY MODE ACTIVADO: Health monitor detecto estado ERROR
2026-07-06 22:59:08 | WARNING | trading_bot | WebSocket reconnect triggered by CryptoVolumeManager
2026-07-06 22:59:08 | WARNING | trading_bot | Using fallback REST bars for LINK/USD
2026-07-06 22:59:14 | WARNING | trading_bot | Using fallback REST bars for SOL/USD
2026-07-06 22:59:19 | WARNING | trading_bot | WebSocket reconnect triggered by CryptoVolumeManager
2026-07-06 22:59:19 | WARNING | trading_bot | Using fallback REST bars for XRP/USD
2026-07-06 23:00:04 | WARNING | trading_bot | EMERGENCY MODE ACTIVADO: Health monitor detecto estado ERROR
2026-07-06 23:01:04 | WARNING | trading_bot | EMERGENCY MODE ACTIVADO: Health monitor detecto estado ERROR
2026-07-06 23:02:04 | WARNING | trading_bot | EMERGENCY MODE ACTIVADO: Health monitor detecto estado ERROR
2026-07-06 23:03:04 | WARNING | trading_bot | EMERGENCY MODE ACTIVADO: Health monitor detecto estado ERROR
2026-07-06 23:04:04 | WARNING | trading_bot | EMERGENCY MODE ACTIVADO: Health monitor detecto estado ERROR
2026-07-06 23:04:05 | WARNING | trading_bot | Forzando cierre de la aplicacion por solicitud del usuario.
2026-07-06 23:06:21 | WARNING | trading_bot | Forzando cierre de la aplicacion por solicitud del usuario.
2026-07-06 23:06:22 | WARNING | trading_bot | WebSocket reconnect triggered by CryptoVolumeManager
2026-07-06 23:06:23 | WARNING | trading_bot | Using fallback REST bars for AVAX/USD
2026-07-06 23:06:26 | WARNING | trading_bot | Using fallback REST bars for BTC/USD
2026-07-06 23:06:29 | WARNING | trading_bot | UI callback error: invalid command name ".!frame.!notebook.!frame5.!frame.!frame4.!button"
2026-07-06 23:06:29 | WARNING | trading_bot | Using fallback REST bars for DOGE/USD
2026-07-06 23:06:39 | WARNING | trading_bot | No se pudo refrescar estado NYSE: HTTPSConnectionPool(host='www.nyse.com', port=443): Read timed out. (read timeout=20)
2026-07-06 23:07:24 | WARNING | trading_bot | WebSocket reconnect triggered by CryptoVolumeManager
2026-07-06 23:07:24 | WARNING | trading_bot | Using fallback REST bars for ETH/USD
2026-07-06 23:07:29 | WARNING | trading_bot | Using fallback REST bars for LINK/USD
2026-07-06 23:08:19 | WARNING | trading_bot | WebSocket reconnect triggered by CryptoVolumeManager
2026-07-06 23:08:19 | WARNING | trading_bot | Using fallback REST bars for AVAX/USD
2026-07-06 23:08:23 | WARNING | trading_bot | Using fallback REST bars for BTC/USD
2026-07-06 23:08:27 | WARNING | trading_bot | Using fallback REST bars for DOGE/USD
2026-07-06 23:08:34 | WARNING | trading_bot | No se pudo refrescar estado NYSE: HTTPSConnectionPool(host='www.nyse.com', port=443): Read timed out. (read timeout=20)
2026-07-06 23:09:16 | WARNING | trading_bot | WebSocket reconnect triggered by CryptoVolumeManager
2026-07-06 23:09:17 | WARNING | trading_bot | Using fallback REST bars for ETH/USD
2026-07-06 23:09:24 | WARNING | trading_bot | Using fallback REST bars for LINK/USD
2026-07-06 23:09:29 | WARNING | trading_bot | WebSocket reconnect triggered by CryptoVolumeManager
2026-07-06 23:09:29 | WARNING | trading_bot | Using fallback REST bars for SOL/USD
2026-07-06 23:10:24 | WARNING | trading_bot | WebSocket reconnect triggered by CryptoVolumeManager
2026-07-06 23:10:25 | WARNING | trading_bot | Using fallback REST bars for XRP/USD
2026-07-06 23:14:27 | WARNING | trading_bot | WebSocket reconnect triggered by CryptoVolumeManager
2026-07-06 23:14:28 | WARNING | trading_bot | Using fallback REST bars for AVAX/USD
2026-07-06 23:14:31 | WARNING | trading_bot | Using fallback REST bars for BTC/USD
2026-07-06 23:14:34 | WARNING | trading_bot | Using fallback REST bars for DOGE/USD
2026-07-06 23:14:42 | WARNING | trading_bot | No se pudo refrescar estado NYSE: HTTPSConnectionPool(host='www.nyse.com', port=443): Read timed out. (read timeout=20)
2026-07-06 23:15:20 | WARNING | trading_bot | WebSocket reconnect triggered by CryptoVolumeManager
2026-07-06 23:15:23 | WARNING | trading_bot | EMERGENCY MODE ACTIVADO: Health monitor detecto estado ERROR
2026-07-06 23:15:25 | WARNING | trading_bot | Using fallback REST bars for ETH/USD
2026-07-06 23:15:30 | WARNING | trading_bot | WebSocket reconnect triggered by CryptoVolumeManager
2026-07-06 23:15:31 | WARNING | trading_bot | Using fallback REST bars for LINK/USD
2026-07-06 23:15:35 | WARNING | trading_bot | Using fallback REST bars for SOL/USD
2026-07-06 23:16:29 | WARNING | trading_bot | WebSocket reconnect triggered by CryptoVolumeManager
2026-07-06 23:16:29 | WARNING | trading_bot | Using fallback REST bars for XRP/USD
2026-07-06 23:21:22 | WARNING | trading_bot | WebSocket reconnect triggered by CryptoVolumeManager
2026-07-06 23:21:22 | WARNING | trading_bot | Using fallback REST bars for AVAX/USD
2026-07-06 23:21:25 | WARNING | trading_bot | Using fallback REST bars for BTC/USD
2026-07-06 23:21:29 | WARNING | trading_bot | Using fallback REST bars for DOGE/USD
2026-07-06 23:21:37 | WARNING | trading_bot | No se pudo refrescar estado NYSE: HTTPSConnectionPool(host='www.nyse.com', port=443): Read timed out. (read timeout=20)
2026-07-06 23:22:19 | WARNING | trading_bot | WebSocket reconnect triggered by CryptoVolumeManager
2026-07-06 23:22:20 | WARNING | trading_bot | Using fallback REST bars for ETH/USD
2026-07-06 23:22:26 | WARNING | trading_bot | Using fallback REST bars for LINK/USD
2026-07-06 23:22:29 | WARNING | trading_bot | WebSocket reconnect triggered by CryptoVolumeManager
2026-07-06 23:22:30 | WARNING | trading_bot | Using fallback REST bars for SOL/USD
2026-07-06 23:23:22 | WARNING | trading_bot | WebSocket reconnect triggered by CryptoVolumeManager
2026-07-06 23:23:22 | WARNING | trading_bot | Using fallback REST bars for XRP/USD
2026-07-06 23:23:31 | WARNING | trading_bot | Helper de emergencia inactivo. Relanzando...
2026-07-06 23:23:35 | WARNING | trading_bot | Helper de emergencia inactivo. Relanzando...
2026-07-06 23:25:07 | WARNING | trading_bot | Internet caido durante monitoreo de posicion (CHZ/USD). Reintentando en 30s...
2026-07-06 23:25:33 | WARNING | trading_bot | Fallo de red/HTTP en market data (ReadTimeout). Reintentando en 1.0 s
2026-07-06 23:25:33 | WARNING | trading_bot | Fallo de red/HTTP en market data (ReadTimeout). Reintentando en 1.0 s
2026-07-06 23:25:35 | WARNING | trading_bot | Sin conexion durante monitoreo general (ReadTimeout). Reintentando automaticamente...
2026-07-06 23:25:54 | WARNING | trading_bot | Fallo de red/HTTP en market data (ConnectionError). Reintentando en 2.0 s
2026-07-06 23:25:54 | WARNING | trading_bot | Fallo de red/HTTP en market data (ConnectionError). Reintentando en 2.0 s
2026-07-06 23:26:16 | WARNING | trading_bot | DataCollectorWorker error KNC/USD: HTTPSConnectionPool(host='testnet.binancefuture.com', port=443): Max retries exceeded with url: /fapi/v1/klines?symbol=KNCUSDT&interval=5m&limit=60 (Caused by NameResolutionError("HTTPSConnection(host='testnet.binancefuture.com', port=443): Failed to resolve 'testnet.binancefuture.com' ([Errno -3] Temporary failure in name resolution)"))
2026-07-06 23:26:16 | WARNING | trading_bot | Fallo de red/HTTP en market data (ConnectionError). Reintentando en 1.0 s
2026-07-06 23:26:16 | WARNING | trading_bot | Fallo de red/HTTP en market data (ConnectionError). Reintentando en 1.0 s
2026-07-06 23:26:22 | WARNING | trading_bot | No se pudo iniciar la automatizacion IA automaticamente: Automation start blocked by VPN policy [PUBLIC_IP_CHECK_ERROR]: Unable to verify public IPv4: curl: (28) Connection timed out after 8002 milliseconds
2026-07-06 23:26:24 | WARNING | trading_bot | No se pudo iniciar la automatizacion IA automaticamente: Automation start blocked by VPN policy [PUBLIC_IP_CHECK_ERROR]: Unable to verify public IPv4: curl: (28) Resolving timed out after 8001 milliseconds
2026-07-06 23:26:37 | WARNING | trading_bot | Fallo de red/HTTP en market data (ConnectionError). Reintentando en 2.0 s
2026-07-06 23:26:37 | WARNING | trading_bot | Fallo de red/HTTP en market data (ConnectionError). Reintentando en 2.0 s
2026-07-06 23:26:56 | WARNING | trading_bot | DataCollectorWorker error ZRX/USD: HTTPSConnectionPool(host='testnet.binancefuture.com', port=443): Max retries exceeded with url: /fapi/v1/klines?symbol=ZRXUSDT&interval=1m&limit=60 (Caused by NameResolutionError("HTTPSConnection(host='testnet.binancefuture.com', port=443): Failed to resolve 'testnet.binancefuture.com' ([Errno -3] Temporary failure in name resolution)"))
2026-07-06 23:27:16 | WARNING | trading_bot | Fallo de red/HTTP en market data (ConnectionError). Reintentando en 1.0 s
2026-07-06 23:27:16 | WARNING | trading_bot | Fallo de red/HTTP en market data (ReadTimeout). Reintentando en 1.0 s
2026-07-06 23:27:41 | WARNING | trading_bot | Fallo de red/HTTP en market data (ReadTimeout). Reintentando en 2.0 s
2026-07-06 23:27:41 | WARNING | trading_bot | Fallo de red/HTTP en market data (ReadTimeout). Reintentando en 2.0 s
2026-07-06 23:27:47 | WARNING | trading_bot | Sin conexion durante monitoreo general (ConnectionError). Reintentando automaticamente...
2026-07-06 23:27:47 | WARNING | trading_bot | DataCollectorWorker error COMP/USD: HTTPSConnectionPool(host='testnet.binancefuture.com', port=443): Max retries exceeded with url: /fapi/v1/klines?symbol=COMPUSDT&interval=1m&limit=60 (Caused by NameResolutionError("HTTPSConnection(host='testnet.binancefuture.com', port=443): Failed to resolve 'testnet.binancefuture.com' ([Errno -3] Temporary failure in name resolution)"))
2026-07-06 23:28:07 | WARNING | trading_bot | Fallo de red/HTTP en market data (ConnectionError). Reintentando en 1.0 s
2026-07-06 23:28:07 | WARNING | trading_bot | Fallo de red/HTTP en market data (ConnectionError). Reintentando en 1.0 s
2026-07-06 23:28:28 | WARNING | trading_bot | Fallo de red/HTTP en market data (ConnectionError). Reintentando en 2.0 s
2026-07-06 23:28:28 | WARNING | trading_bot | Fallo de red/HTTP en market data (ConnectionError). Reintentando en 2.0 s
2026-07-06 23:28:52 | WARNING | trading_bot | DataCollectorWorker error SXP/USD: HTTPSConnectionPool(host='testnet.binancefuture.com', port=443): Read timed out. (read timeout=20)
2026-07-06 23:28:57 | WARNING | trading_bot | Fallo de red/HTTP en market data (ConnectionError). Reintentando en 1.0 s
2026-07-06 23:28:57 | WARNING | trading_bot | Fallo de red/HTTP en market data (ConnectionError). Reintentando en 1.0 s
2026-07-06 23:29:17 | WARNING | trading_bot | Fallo de red/HTTP en market data (ConnectionError). Reintentando en 2.0 s
2026-07-06 23:29:17 | WARNING | trading_bot | Fallo de red/HTTP en market data (ConnectionError). Reintentando en 2.0 s
2026-07-06 23:29:39 | WARNING | trading_bot | DataCollectorWorker error KAVA/USD: HTTPSConnectionPool(host='testnet.binancefuture.com', port=443): Max retries exceeded with url: /fapi/v1/klines?symbol=KAVAUSDT&interval=1m&limit=60 (Caused by NameResolutionError("HTTPSConnection(host='testnet.binancefuture.com', port=443): Failed to resolve 'testnet.binancefuture.com' ([Errno -3] Temporary failure in name resolution)"))
2026-07-06 23:30:03 | WARNING | trading_bot | Fallo de red/HTTP en market data (ReadTimeout). Reintentando en 1.0 s
2026-07-06 23:30:28 | WARNING | trading_bot | Fallo de red/HTTP en market data (ReadTimeout). Reintentando en 2.0 s
2026-07-06 23:31:03 | WARNING | trading_bot | Fallo de red/HTTP en market data (ConnectTimeout). Reintentando en 1.0 s
2026-07-06 23:31:13 | WARNING | trading_bot | Fallo de red/HTTP en market data (ConnectionError). Reintentando en 2.0 s
2026-07-06 23:31:13 | WARNING | trading_bot | Sin conexion durante monitoreo general (ConnectionError). Reintentando automaticamente...
2026-07-06 23:31:35 | WARNING | trading_bot | DataCollectorWorker error BAND/USD: HTTPSConnectionPool(host='testnet.binancefuture.com', port=443): Max retries exceeded with url: /fapi/v1/klines?symbol=BANDUSDT&interval=1m&limit=60 (Caused by NameResolutionError("HTTPSConnection(host='testnet.binancefuture.com', port=443): Failed to resolve 'testnet.binancefuture.com' ([Errno -3] Temporary failure in name resolution)"))
2026-07-06 23:31:55 | WARNING | trading_bot | Fallo de red/HTTP en market data (ConnectionError). Reintentando en 1.0 s
2026-07-06 23:32:03 | WARNING | trading_bot | Fallo de red/HTTP en market data (ConnectionError). Reintentando en 1.0 s
2026-07-06 23:32:03 | WARNING | trading_bot | Fallo de red/HTTP en market data (ConnectionError). Reintentando en 2.0 s
2026-07-06 23:32:23 | WARNING | trading_bot | Fallo de red/HTTP en market data (ConnectionError). Reintentando en 2.0 s
2026-07-06 23:32:23 | WARNING | trading_bot | DataCollectorWorker error RLC/USD: HTTPSConnectionPool(host='testnet.binancefuture.com', port=443): Max retries exceeded with url: /fapi/v1/klines?symbol=RLCUSDT&interval=1m&limit=60 (Caused by NameResolutionError("HTTPSConnection(host='testnet.binancefuture.com', port=443): Failed to resolve 'testnet.binancefuture.com' ([Errno -3] Temporary failure in name resolution)"))
2026-07-06 23:32:23 | WARNING | trading_bot | Fallo de red/HTTP en market data (ConnectionError). Reintentando en 1.0 s
2026-07-06 23:32:44 | WARNING | trading_bot | Fallo de red/HTTP en market data (ConnectionError). Reintentando en 2.0 s
2026-07-06 23:33:06 | WARNING | trading_bot | Fallo de red/HTTP en market data (ConnectionError). Reintentando en 1.0 s
2026-07-06 23:33:07 | WARNING | trading_bot | DataCollectorWorker error SNX/USD: HTTPSConnectionPool(host='testnet.binancefuture.com', port=443): Max retries exceeded with url: /fapi/v1/klines?symbol=SNXUSDT&interval=1m&limit=60 (Caused by NameResolutionError("HTTPSConnection(host='testnet.binancefuture.com', port=443): Failed to resolve 'testnet.binancefuture.com' ([Errno -3] Temporary failure in name resolution)"))
2026-07-06 23:33:19 | WARNING | trading_bot | Fallo de red/HTTP en market data (ConnectionError). Reintentando en 2.0 s
2026-07-06 23:33:19 | WARNING | trading_bot | Fallo de red/HTTP en market data (ConnectionError). Reintentando en 1.0 s
2026-07-06 23:33:19 | WARNING | trading_bot | Sin conexion durante monitoreo general (ConnectionError). Reintentando automaticamente...
2026-07-06 23:33:40 | WARNING | trading_bot | Fallo de red/HTTP en market data (ConnectionError). Reintentando en 2.0 s
2026-07-06 23:34:01 | WARNING | trading_bot | Fallo de red/HTTP en market data (ConnectionError). Reintentando en 1.0 s
2026-07-06 23:34:02 | WARNING | trading_bot | DataCollectorWorker error DOT/USD: HTTPSConnectionPool(host='testnet.binancefuture.com', port=443): Max retries exceeded with url: /fapi/v1/klines?symbol=DOTUSDT&interval=1m&limit=60 (Caused by NameResolutionError("HTTPSConnection(host='testnet.binancefuture.com', port=443): Failed to resolve 'testnet.binancefuture.com' ([Errno -3] Temporary failure in name resolution)"))
2026-07-06 23:34:09 | WARNING | trading_bot | Fallo de red/HTTP en market data (ConnectionError). Reintentando en 2.0 s
2026-07-06 23:34:09 | WARNING | trading_bot | Fallo de red/HTTP en market data (ConnectionError). Reintentando en 1.0 s
2026-07-06 23:34:30 | WARNING | trading_bot | Fallo de red/HTTP en market data (ConnectionError). Reintentando en 2.0 s
2026-07-06 23:34:40 | WARNING | trading_bot | Fallo de red/HTTP en market data (ConnectionError). Reintentando en 1.0 s
2026-07-06 23:35:44 | WARNING | trading_bot | Fallo de red/HTTP en market data (ConnectionError). Reintentando en 1.0 s
2026-07-06 23:38:42 | WARNING | trading_bot | Fallo de red/HTTP en market data (ConnectionError). Reintentando en 1.0 s
2026-07-06 23:40:15 | WARNING | trading_bot | No se pudo refrescar estado NYSE: HTTPSConnectionPool(host='www.nyse.com', port=443): Max retries exceeded with url: /markets/hours-calendars (Caused by NameResolutionError("HTTPSConnection(host='www.nyse.com', port=443): Failed to resolve 'www.nyse.com' ([Errno -3] Temporary failure in name resolution)"))
2026-07-06 23:40:19 | WARNING | trading_bot | WebSocket reconnect triggered by CryptoVolumeManager
2026-07-06 23:40:20 | WARNING | trading_bot | Using fallback REST bars for AVAX/USD
2026-07-06 23:40:23 | WARNING | trading_bot | Using fallback REST bars for BTC/USD
2026-07-06 23:40:27 | WARNING | trading_bot | Using fallback REST bars for DOGE/USD
2026-07-06 23:41:16 | WARNING | trading_bot | Using fallback REST bars for ETH/USD
2026-07-06 23:41:23 | WARNING | trading_bot | WebSocket reconnect triggered by CryptoVolumeManager
2026-07-06 23:41:23 | WARNING | trading_bot | Using fallback REST bars for LINK/USD
2026-07-06 23:41:28 | WARNING | trading_bot | Using fallback REST bars for SOL/USD
2026-07-06 23:42:21 | WARNING | trading_bot | WebSocket reconnect triggered by CryptoVolumeManager
2026-07-06 23:42:22 | WARNING | trading_bot | Using fallback REST bars for XRP/USD
2026-07-06 23:44:30 | WARNING | trading_bot | WebSocket reconnect triggered by CryptoVolumeManager
2026-07-06 23:44:30 | WARNING | trading_bot | Using fallback REST bars for AVAX/USD
2026-07-06 23:45:23 | WARNING | trading_bot | WebSocket reconnect triggered by CryptoVolumeManager
2026-07-06 23:45:23 | WARNING | trading_bot | Using fallback REST bars for BTC/USD
2026-07-06 23:45:32 | WARNING | trading_bot | Using fallback REST bars for DOGE/USD
2026-07-06 23:46:15 | WARNING | trading_bot | EMERGENCY MODE ACTIVADO: Health monitor detecto estado ERROR
2026-07-06 23:46:24 | WARNING | trading_bot | WebSocket reconnect triggered by CryptoVolumeManager
2026-07-06 23:46:24 | WARNING | trading_bot | Using fallback REST bars for ETH/USD
2026-07-06 23:46:32 | WARNING | trading_bot | Using fallback REST bars for LINK/USD
2026-07-06 23:47:15 | WARNING | trading_bot | EMERGENCY MODE ACTIVADO: Health monitor detecto estado ERROR
2026-07-06 23:47:23 | WARNING | trading_bot | WebSocket reconnect triggered by CryptoVolumeManager
2026-07-06 23:47:23 | WARNING | trading_bot | Using fallback REST bars for SOL/USD
2026-07-06 23:47:31 | WARNING | trading_bot | Using fallback REST bars for XRP/USD
2026-07-06 23:50:15 | WARNING | trading_bot | EMERGENCY MODE ACTIVADO: Health monitor detecto estado ERROR
2026-07-06 23:54:15 | WARNING | trading_bot | EMERGENCY MODE ACTIVADO: Health monitor detecto estado ERROR
2026-07-06 23:55:02 | WARNING | trading_bot | No se pudo refrescar estado NYSE: HTTPSConnectionPool(host='www.nyse.com', port=443): Max retries exceeded with url: /markets/hours-calendars (Caused by NameResolutionError("HTTPSConnection(host='www.nyse.com', port=443): Failed to resolve 'www.nyse.com' ([Errno -3] Temporary failure in name resolution)"))
2026-07-06 23:55:07 | WARNING | trading_bot | WebSocket reconnect triggered by CryptoVolumeManager
2026-07-06 23:55:07 | WARNING | trading_bot | Using fallback REST bars for AVAX/USD
2026-07-06 23:55:11 | WARNING | trading_bot | Using fallback REST bars for BTC/USD
2026-07-06 23:55:15 | WARNING | trading_bot | Using fallback REST bars for DOGE/USD
2026-07-06 23:56:01 | WARNING | trading_bot | EMERGENCY MODE ACTIVADO: Health monitor detecto estado ERROR
2026-07-06 23:56:02 | WARNING | trading_bot | WebSocket reconnect triggered by CryptoVolumeManager
2026-07-06 23:56:03 | WARNING | trading_bot | Using fallback REST bars for ETH/USD
2026-07-06 23:56:09 | WARNING | trading_bot | Using fallback REST bars for LINK/USD
2026-07-06 23:56:17 | WARNING | trading_bot | WebSocket reconnect triggered by CryptoVolumeManager
2026-07-06 23:56:18 | WARNING | trading_bot | Using fallback REST bars for SOL/USD
2026-07-06 23:56:24 | WARNING | trading_bot | Helper de emergencia inactivo. Relanzando...
2026-07-06 23:57:01 | WARNING | trading_bot | EMERGENCY MODE ACTIVADO: Health monitor detecto estado ERROR
2026-07-06 23:57:04 | WARNING | trading_bot | WebSocket reconnect triggered by CryptoVolumeManager
2026-07-06 23:57:04 | WARNING | trading_bot | Using fallback REST bars for XRP/USD
2026-07-06 23:57:05 | WARNING | trading_bot | Helper de emergencia inactivo. Relanzando...
2026-07-06 23:58:01 | WARNING | trading_bot | EMERGENCY MODE ACTIVADO: Health monitor detecto estado ERROR
2026-07-06 23:59:01 | WARNING | trading_bot | EMERGENCY MODE ACTIVADO: Health monitor detecto estado ERROR
2026-07-07 00:00:01 | WARNING | trading_bot | EMERGENCY MODE ACTIVADO: Health monitor detecto estado ERROR
2026-07-07 00:01:01 | WARNING | trading_bot | EMERGENCY MODE ACTIVADO: Health monitor detecto estado ERROR
2026-07-07 00:01:10 | WARNING | trading_bot | Binance LIMIT rechazada (400 Client Error: Bad Request for url: https://testnet.binancefuture.com/fapi/v1/order?symbol=CELRUSDT&side=SELL&type=LIMIT&timeInForce=GTC&quantity=268528&price=0.001862&timestamp=1783396869946&recvWindow=5000&signature=dc3cc3cc94dbdd77dbf04d6a08f5fc50ed2e690373ff7d3b6412c8665c736d99 | response={"code":-2019,"msg":"Margin is insufficient."}). Reintentando MARKET para CELRUSDT qty=268528
2026-07-07 00:01:23 | WARNING | trading_bot | Binance LIMIT rechazada (400 Client Error: Bad Request for url: https://testnet.binancefuture.com/fapi/v1/order?symbol=1000SHIBUSDT&side=SELL&type=LIMIT&timeInForce=GTC&quantity=115500&price=0.004329&timestamp=1783396882826&recvWindow=5000&signature=8ba60d8eff9d856777442ad1ac5c8e954b1d1b9905288d26a808170ba814e26b | response={"code":-2019,"msg":"Margin is insufficient."}). Reintentando MARKET para 1000SHIBUSDT qty=115500
2026-07-07 00:02:01 | WARNING | trading_bot | EMERGENCY MODE ACTIVADO: Health monitor detecto estado ERROR
2026-07-07 00:02:24 | WARNING | trading_bot | Binance LIMIT rechazada (400 Client Error: Bad Request for url: https://testnet.binancefuture.com/fapi/v1/order?symbol=CTSIUSDT&side=SELL&type=LIMIT&timeInForce=GTC&quantity=21303&price=0.02347&timestamp=1783396944043&recvWindow=5000&signature=e3fae153117e36d4ae52c23104fb00989b2ede7ffe0b3b72774579f9e6a285e3 | response={"code":-2019,"msg":"Margin is insufficient."}). Reintentando MARKET para CTSIUSDT qty=21303
2026-07-07 00:03:01 | WARNING | trading_bot | EMERGENCY MODE ACTIVADO: Health monitor detecto estado ERROR
2026-07-07 00:04:01 | WARNING | trading_bot | EMERGENCY MODE ACTIVADO: Health monitor detecto estado ERROR
2026-07-07 00:05:01 | WARNING | trading_bot | EMERGENCY MODE ACTIVADO: Health monitor detecto estado ERROR
2026-07-07 00:05:24 | WARNING | trading_bot | Binance LIMIT rechazada (400 Client Error: Bad Request for url: https://testnet.binancefuture.com/fapi/v1/order?symbol=JOEUSDT&side=SELL&type=LIMIT&timeInForce=GTC&quantity=16539&price=0.03023&timestamp=1783397124068&recvWindow=5000&signature=1a90487bcde6351f07b760c9bf64efe83b6a9e0bf4c7000805901ff909e90bc2 | response={"code":-2019,"msg":"Margin is insufficient."}). Reintentando MARKET para JOEUSDT qty=16539
2026-07-07 00:06:01 | WARNING | trading_bot | EMERGENCY MODE ACTIVADO: Health monitor detecto estado ERROR
2026-07-07 00:06:13 | WARNING | trading_bot | Binance LIMIT rechazada (400 Client Error: Bad Request for url: https://testnet.binancefuture.com/fapi/v1/order?symbol=1000PEPEUSDT&side=SELL&type=LIMIT&timeInForce=GTC&quantity=184162&price=0.002715&timestamp=1783397172645&recvWindow=5000&signature=b32523ad93244cd0d2b76bdf22ee8257408a3c5964cd4aa092c05031198a637d | response={"code":-2019,"msg":"Margin is insufficient."}). Reintentando MARKET para 1000PEPEUSDT qty=184162
2026-07-07 00:07:01 | WARNING | trading_bot | EMERGENCY MODE ACTIVADO: Health monitor detecto estado ERROR
2026-07-07 00:07:29 | WARNING | trading_bot | Binance LIMIT rechazada (400 Client Error: Bad Request for url: https://testnet.binancefuture.com/fapi/v1/order?symbol=POLYXUSDT&side=SELL&type=LIMIT&timeInForce=GTC&quantity=13182&price=0.03793&timestamp=1783397248904&recvWindow=5000&signature=c9a37d9b060b9f5aea4ae2ea241d758cd58896774a6d01b8544e9d170b5adca8 | response={"code":-2019,"msg":"Margin is insufficient."}). Reintentando MARKET para POLYXUSDT qty=13182
2026-07-07 00:08:01 | WARNING | trading_bot | EMERGENCY MODE ACTIVADO: Health monitor detecto estado ERROR
2026-07-07 00:09:01 | WARNING | trading_bot | EMERGENCY MODE ACTIVADO: Health monitor detecto estado ERROR
2026-07-07 00:09:11 | WARNING | trading_bot | Broker/API no disponible (HTTP 400). Reintentando en 8.0s...
2026-07-07 00:10:01 | WARNING | trading_bot | EMERGENCY MODE ACTIVADO: Health monitor detecto estado ERROR
2026-07-07 00:10:24 | WARNING | trading_bot | Binance LIMIT rechazada (400 Client Error: Bad Request for url: https://testnet.binancefuture.com/fapi/v1/order?symbol=DYMUSDT&side=SELL&type=LIMIT&timeInForce=GTC&quantity=30750.3&price=0.01626&timestamp=1783397424029&recvWindow=5000&signature=c86121b3e21ad9ca774d639cecb72e6cc21d99fbb44ea42a575b5251f77d5a99 | response={"code":-2019,"msg":"Margin is insufficient."}). Reintentando MARKET para DYMUSDT qty=30750.3
2026-07-07 00:11:01 | WARNING | trading_bot | EMERGENCY MODE ACTIVADO: Health monitor detecto estado ERROR
2026-07-07 00:11:15 | WARNING | trading_bot | Binance LIMIT rechazada (400 Client Error: Bad Request for url: https://testnet.binancefuture.com/fapi/v1/order?symbol=AEVOUSDT&side=SELL&type=LIMIT&timeInForce=GTC&quantity=26469&price=0.01889&timestamp=1783397474694&recvWindow=5000&signature=d8e77d3ce043db5f10aaf9a453501b9680ce4e75f111fc313d98dab38085ed31 | response={"code":-2019,"msg":"Margin is insufficient."}). Reintentando MARKET para AEVOUSDT qty=26469
2026-07-07 00:11:22 | WARNING | trading_bot | Binance LIMIT rechazada (400 Client Error: Bad Request for url: https://testnet.binancefuture.com/fapi/v1/order?symbol=VANRYUSDT&side=SELL&type=LIMIT&timeInForce=GTC&quantity=62656&price=0.00798&timestamp=1783397482031&recvWindow=5000&signature=18365622191b26c3ee053d6249a03d204cecd03aa05846d01ded23d214167279 | response={"code":-2019,"msg":"Margin is insufficient."}). Reintentando MARKET para VANRYUSDT qty=62656
2026-07-07 00:12:01 | WARNING | trading_bot | EMERGENCY MODE ACTIVADO: Health monitor detecto estado ERROR
2026-07-07 00:12:17 | WARNING | trading_bot | Binance LIMIT rechazada (400 Client Error: Bad Request for url: https://testnet.binancefuture.com/fapi/v1/order?symbol=NOTUSDT&side=SELL&type=LIMIT&timeInForce=GTC&quantity=1198753&price=0.0004171&timestamp=1783397536442&recvWindow=5000&signature=608d010efdcb91501e7f82cf645e317303e621dca5fc2c6215cb25a3535a17d0 | response={"code":-2019,"msg":"Margin is insufficient."}). Reintentando MARKET para NOTUSDT qty=1198753
2026-07-07 00:12:29 | WARNING | trading_bot | Binance LIMIT rechazada (400 Client Error: Bad Request for url: https://testnet.binancefuture.com/fapi/v1/order?symbol=ZKUSDT&side=SELL&type=LIMIT&timeInForce=GTC&quantity=46554&price=0.01074&timestamp=1783397548567&recvWindow=5000&signature=672bd902b79e7ea726e8c347e2197fbb4a27eada509e453a1c701346352235f1 | response={"code":-2019,"msg":"Margin is insufficient."}). Reintentando MARKET para ZKUSDT qty=46554
2026-07-07 00:13:01 | WARNING | trading_bot | EMERGENCY MODE ACTIVADO: Health monitor detecto estado ERROR
2026-07-07 00:13:19 | WARNING | trading_bot | Broker/API no disponible (HTTP 400). Reintentando en 8.0s...
2026-07-07 00:13:22 | WARNING | trading_bot | Binance LIMIT rechazada (400 Client Error: Bad Request for url: https://testnet.binancefuture.com/fapi/v1/order?symbol=BRETTUSDT&side=SELL&type=LIMIT&timeInForce=GTC&quantity=89285&price=0.0056&timestamp=1783397601540&recvWindow=5000&signature=c09bea789f018ee5f04b122a1936fd2fc540b5027be4d005c5b1b2026efaf60e | response={"code":-2019,"msg":"Margin is insufficient."}). Reintentando MARKET para BRETTUSDT qty=89285
2026-07-07 00:14:01 | WARNING | trading_bot | EMERGENCY MODE ACTIVADO: Health monitor detecto estado ERROR
2026-07-07 00:14:04 | WARNING | trading_bot | Binance LIMIT rechazada (400 Client Error: Bad Request for url: https://testnet.binancefuture.com/fapi/v1/order?symbol=DOGSUSDT&side=SELL&type=LIMIT&timeInForce=GTC&quantity=11462631&price=0.00004362&timestamp=1783397643557&recvWindow=5000&signature=b09be37e4c4889b8092eec94f9fd5d707ac95a282614cdb9bbc2df49caf46087 | response={"code":-2019,"msg":"Margin is insufficient."}). Reintentando MARKET para DOGSUSDT qty=11462631
2026-07-07 00:14:19 | WARNING | trading_bot | Binance LIMIT rechazada (400 Client Error: Bad Request for url: https://testnet.binancefuture.com/fapi/v1/order?symbol=NEIROUSDT&side=SELL&type=LIMIT&timeInForce=GTC&quantity=7587253&price=0.0000659&timestamp=1783397658629&recvWindow=5000&signature=96adb0abb18f35ec1258c606fc9ba4b1379b100ab0da664599dc8341609384bf | response={"code":-2019,"msg":"Margin is insufficient."}). Reintentando MARKET para NEIROUSDT qty=7587253
2026-07-07 00:15:01 | WARNING | trading_bot | EMERGENCY MODE ACTIVADO: Health monitor detecto estado ERROR
2026-07-07 00:15:05 | WARNING | trading_bot | Binance LIMIT rechazada (400 Client Error: Bad Request for url: https://testnet.binancefuture.com/fapi/v1/order?symbol=CATIUSDT&side=SELL&type=LIMIT&timeInForce=GTC&quantity=10979&price=0.04554&timestamp=1783397704559&recvWindow=5000&signature=152d72db49bdd294b159335367402a75ab4350f7dcdc37c75ef15275912fe2aa | response={"code":-2019,"msg":"Margin is insufficient."}). Reintentando MARKET para CATIUSDT qty=10979
2026-07-07 00:16:01 | WARNING | trading_bot | EMERGENCY MODE ACTIVADO: Health monitor detecto estado ERROR
2026-07-07 00:16:25 | WARNING | trading_bot | Binance LIMIT rechazada (400 Client Error: Bad Request for url: https://testnet.binancefuture.com/fapi/v1/order?symbol=ACTUSDT&side=SELL&type=LIMIT&timeInForce=GTC&quantity=55126&price=0.00907&timestamp=1783397783876&recvWindow=5000&signature=e94a0d89129ff3c2cf9065a79392c97f399a81f5bfd613ee69bb900cae874016 | response={"code":-2019,"msg":"Margin is insufficient."}). Reintentando MARKET para ACTUSDT qty=55126
2026-07-07 00:17:02 | WARNING | trading_bot | EMERGENCY MODE ACTIVADO: Health monitor detecto estado ERROR
2026-07-07 00:17:13 | WARNING | trading_bot | Broker/API no disponible (HTTP 400). Reintentando en 8.0s...
2026-07-07 00:17:57 | WARNING | trading_bot | Binance LIMIT rechazada (400 Client Error: Bad Request for url: https://testnet.binancefuture.com/fapi/v1/order?symbol=ACXUSDT&side=SELL&type=LIMIT&timeInForce=GTC&quantity=11870.8&price=0.04212&timestamp=1783397877079&recvWindow=5000&signature=2103c5257291f12bc1cc9c339f5f5e4fffe309c11dbf5b9eeaafd30743e43acf | response={"code":-2019,"msg":"Margin is insufficient."}). Reintentando MARKET para ACXUSDT qty=11870.8
2026-07-07 00:18:02 | WARNING | trading_bot | EMERGENCY MODE ACTIVADO: Health monitor detecto estado ERROR
2026-07-07 00:22:49 | WARNING | trading_bot | Fallo de red/HTTP en market data (ReadTimeout). Reintentando en 1.0 s
2026-07-07 00:22:49 | WARNING | trading_bot | Fallo de red/HTTP en market data (ReadTimeout). Reintentando en 1.0 s
2026-07-07 00:22:50 | WARNING | trading_bot | Internet caido durante monitoreo de posicion (ONT/USD). Reintentando en 30s...
2026-07-07 00:22:50 | WARNING | trading_bot | Fallo de red/HTTP en market data (ReadTimeout). Reintentando en 1.0 s
2026-07-07 00:22:50 | WARNING | trading_bot | Fallo de red/HTTP en market data (ReadTimeout). Reintentando en 1.0 s
2026-07-07 00:23:10 | WARNING | trading_bot | Fallo de red/HTTP en market data (ConnectionError). Reintentando en 2.0 s
2026-07-07 00:23:10 | WARNING | trading_bot | Fallo de red/HTTP en market data (ConnectionError). Reintentando en 2.0 s
2026-07-07 00:23:11 | WARNING | trading_bot | Fallo de red/HTTP en market data (ConnectionError). Reintentando en 2.0 s
2026-07-07 00:23:11 | WARNING | trading_bot | Fallo de red/HTTP en market data (ConnectionError). Reintentando en 2.0 s
2026-07-07 00:23:32 | WARNING | trading_bot | Sin conexion durante monitoreo general (ConnectionError). Reintentando automaticamente...
2026-07-07 00:23:33 | WARNING | trading_bot | DataCollectorWorker error SYN/USD: HTTPSConnectionPool(host='testnet.binancefuture.com', port=443): Max retries exceeded with url: /fapi/v1/klines?symbol=SYNUSDT&interval=5m&limit=60 (Caused by NameResolutionError("HTTPSConnection(host='testnet.binancefuture.com', port=443): Failed to resolve 'testnet.binancefuture.com' ([Errno -3] Temporary failure in name resolution)"))
2026-07-07 00:23:53 | WARNING | trading_bot | Fallo de red/HTTP en market data (ConnectionError). Reintentando en 1.0 s
2026-07-07 00:23:53 | WARNING | trading_bot | Fallo de red/HTTP en market data (ConnectionError). Reintentando en 1.0 s
2026-07-07 00:24:14 | WARNING | trading_bot | Fallo de red/HTTP en market data (ConnectionError). Reintentando en 2.0 s
2026-07-07 00:24:14 | WARNING | trading_bot | Fallo de red/HTTP en market data (ConnectionError). Reintentando en 2.0 s
2026-07-07 00:24:36 | WARNING | trading_bot | DataCollectorWorker error SYS/USD: HTTPSConnectionPool(host='testnet.binancefuture.com', port=443): Max retries exceeded with url: /fapi/v1/klines?symbol=SYSUSDT&interval=1m&limit=60 (Caused by NameResolutionError("HTTPSConnection(host='testnet.binancefuture.com', port=443): Failed to resolve 'testnet.binancefuture.com' ([Errno -3] Temporary failure in name resolution)"))
2026-07-07 00:24:56 | WARNING | trading_bot | Fallo de red/HTTP en market data (ConnectionError). Reintentando en 1.0 s
2026-07-07 00:24:56 | WARNING | trading_bot | Fallo de red/HTTP en market data (ConnectionError). Reintentando en 1.0 s
2026-07-07 00:24:58 | WARNING | trading_bot | Forzando cierre de la aplicacion por solicitud del usuario.
2026-07-07 00:28:12 | WARNING | trading_bot | Helper de emergencia inactivo. Relanzando...
2026-07-07 00:28:14 | WARNING | trading_bot | WebSocket reconnect triggered by CryptoVolumeManager
2026-07-07 00:28:14 | WARNING | trading_bot | Using fallback REST bars for AVAX/USD
2026-07-07 00:28:17 | WARNING | trading_bot | Using fallback REST bars for BTC/USD
2026-07-07 00:28:19 | WARNING | trading_bot | Using fallback REST bars for DOGE/USD
2026-07-07 00:28:22 | WARNING | trading_bot | Using fallback REST bars for ETH/USD
2026-07-07 00:29:09 | WARNING | trading_bot | EMERGENCY MODE ACTIVADO: Health monitor detecto estado ERROR
2026-07-07 00:29:15 | WARNING | trading_bot | WebSocket reconnect triggered by CryptoVolumeManager
2026-07-07 00:29:15 | WARNING | trading_bot | Using fallback REST bars for LINK/USD
2026-07-07 00:29:19 | WARNING | trading_bot | Using fallback REST bars for SOL/USD
2026-07-07 00:30:08 | WARNING | trading_bot | WebSocket reconnect triggered by CryptoVolumeManager
2026-07-07 00:30:09 | WARNING | trading_bot | Using fallback REST bars for XRP/USD
2026-07-07 00:30:09 | WARNING | trading_bot | EMERGENCY MODE ACTIVADO: Health monitor detecto estado ERROR
2026-07-07 00:31:09 | WARNING | trading_bot | EMERGENCY MODE ACTIVADO: Health monitor detecto estado ERROR
2026-07-07 00:32:58 | WARNING | trading_bot | WebSocket reconnect triggered by CryptoVolumeManager
2026-07-07 00:32:58 | WARNING | trading_bot | Using fallback REST bars for AVAX/USD
2026-07-07 00:33:02 | WARNING | trading_bot | Using fallback REST bars for BTC/USD
2026-07-07 00:33:05 | WARNING | trading_bot | Binance LIMIT rechazada (400 Client Error: Bad Request for url: https://testnet.binancefuture.com/fapi/v1/order?symbol=JOEUSDT&side=SELL&type=LIMIT&timeInForce=GTC&quantity=16989&price=0.02943&timestamp=1783398785420&recvWindow=5000&signature=8e458b81564a8f914c2e16c577e97611f62094c8831e6d1390d0e34d0e61e718 | response={"code":-2019,"msg":"Margin is insufficient."}). Reintentando MARKET para JOEUSDT qty=16989
2026-07-07 00:33:05 | WARNING | trading_bot | Using fallback REST bars for DOGE/USD
2026-07-07 00:33:14 | WARNING | trading_bot | No se pudo refrescar estado NYSE: HTTPSConnectionPool(host='www.nyse.com', port=443): Read timed out. (read timeout=20)
2026-07-07 00:33:52 | WARNING | trading_bot | EMERGENCY MODE ACTIVADO: Health monitor detecto estado ERROR
2026-07-07 00:33:58 | WARNING | trading_bot | WebSocket reconnect triggered by CryptoVolumeManager
2026-07-07 00:33:58 | WARNING | trading_bot | Using fallback REST bars for ETH/USD
2026-07-07 00:34:03 | WARNING | trading_bot | Using fallback REST bars for LINK/USD
2026-07-07 00:34:52 | WARNING | trading_bot | EMERGENCY MODE ACTIVADO: Health monitor detecto estado ERROR
2026-07-07 00:34:54 | WARNING | trading_bot | WebSocket reconnect triggered by CryptoVolumeManager
2026-07-07 00:34:54 | WARNING | trading_bot | Using fallback REST bars for SOL/USD
2026-07-07 00:35:00 | WARNING | trading_bot | Using fallback REST bars for XRP/USD
2026-07-07 00:35:05 | WARNING | trading_bot | Binance LIMIT rechazada (400 Client Error: Bad Request for url: https://testnet.binancefuture.com/fapi/v1/order?symbol=IOSTUSDT&side=SELL&type=LIMIT&timeInForce=GTC&quantity=709219&price=0.000705&timestamp=1783398905538&recvWindow=5000&signature=68209c85e6ffac091fddf91edd60c236f7f9532dc7287ebf52f95356b12dc9d2 | response={"code":-2019,"msg":"Margin is insufficient."}). Reintentando MARKET para IOSTUSDT qty=709219
2026-07-07 00:35:52 | WARNING | trading_bot | EMERGENCY MODE ACTIVADO: Health monitor detecto estado ERROR
2026-07-07 00:36:52 | WARNING | trading_bot | EMERGENCY MODE ACTIVADO: Health monitor detecto estado ERROR
2026-07-07 00:37:52 | WARNING | trading_bot | EMERGENCY MODE ACTIVADO: Health monitor detecto estado ERROR
2026-07-07 00:38:10 | WARNING | trading_bot | Binance LIMIT rechazada (400 Client Error: Bad Request for url: https://testnet.binancefuture.com/fapi/v1/order?symbol=CELRUSDT&side=SELL&type=LIMIT&timeInForce=GTC&quantity=268672&price=0.001861&timestamp=1783399090937&recvWindow=5000&signature=f2fec1f85e403faff339224f6936a55a44210d708498de28e11cda6fb3e6c924 | response={"code":-2019,"msg":"Margin is insufficient."}). Reintentando MARKET para CELRUSDT qty=268672
2026-07-07 00:38:52 | WARNING | trading_bot | EMERGENCY MODE ACTIVADO: Health monitor detecto estado ERROR
2026-07-07 00:39:02 | WARNING | trading_bot | WebSocket reconnect triggered by CryptoVolumeManager
2026-07-07 00:39:03 | WARNING | trading_bot | Using fallback REST bars for AVAX/USD
2026-07-07 00:39:10 | WARNING | trading_bot | Using fallback REST bars for BTC/USD
2026-07-07 00:39:52 | WARNING | trading_bot | EMERGENCY MODE ACTIVADO: Health monitor detecto estado ERROR
2026-07-07 00:40:01 | WARNING | trading_bot | WebSocket reconnect triggered by CryptoVolumeManager
2026-07-07 00:40:01 | WARNING | trading_bot | Using fallback REST bars for DOGE/USD
2026-07-07 00:40:09 | WARNING | trading_bot | Using fallback REST bars for ETH/USD
2026-07-07 00:40:52 | WARNING | trading_bot | EMERGENCY MODE ACTIVADO: Health monitor detecto estado ERROR
2026-07-07 00:41:00 | WARNING | trading_bot | WebSocket reconnect triggered by CryptoVolumeManager
2026-07-07 00:41:00 | WARNING | trading_bot | Using fallback REST bars for LINK/USD
2026-07-07 00:41:08 | WARNING | trading_bot | Binance LIMIT rechazada (400 Client Error: Bad Request for url: https://testnet.binancefuture.com/fapi/v1/order?symbol=JASMYUSDT&side=SELL&type=LIMIT&timeInForce=GTC&quantity=93599&price=0.004514&timestamp=1783399268331&recvWindow=5000&signature=a6fb81c53654a2e276ec06a22d91bf02dd1d966c3e14b9cfb4a10cfe04ca8c31 | response={"code":-2019,"msg":"Margin is insufficient."}). Reintentando MARKET para JASMYUSDT qty=93599
2026-07-07 00:41:08 | WARNING | trading_bot | Using fallback REST bars for SOL/USD
2026-07-07 00:41:58 | WARNING | trading_bot | No se pudo refrescar estado NYSE: HTTPSConnectionPool(host='www.nyse.com', port=443): Max retries exceeded with url: /markets/hours-calendars (Caused by NameResolutionError("HTTPSConnection(host='www.nyse.com', port=443): Failed to resolve 'www.nyse.com' ([Errno -3] Temporary failure in name resolution)"))
2026-07-07 00:42:02 | WARNING | trading_bot | WebSocket reconnect triggered by CryptoVolumeManager
2026-07-07 00:42:03 | WARNING | trading_bot | Using fallback REST bars for AVAX/USD
2026-07-07 00:42:05 | WARNING | trading_bot | Using fallback REST bars for BTC/USD
2026-07-07 00:42:08 | WARNING | trading_bot | Using fallback REST bars for DOGE/USD
2026-07-07 00:42:11 | WARNING | trading_bot | Using fallback REST bars for ETH/USD
2026-07-07 00:43:02 | WARNING | trading_bot | WebSocket reconnect triggered by CryptoVolumeManager
2026-07-07 00:43:02 | WARNING | trading_bot | Binance LIMIT rechazada (400 Client Error: Bad Request for url: https://testnet.binancefuture.com/fapi/v1/order?symbol=ONTUSDT&side=SELL&type=LIMIT&timeInForce=GTC&quantity=7102.7&price=0.04593&timestamp=1783399381678&recvWindow=5000&signature=091bab4fc16f37c687752c127fcb2351e07c35697020f7a0335150a7c24bd4a7 | response={"code":-2019,"msg":"Margin is insufficient."}). Reintentando MARKET para ONTUSDT qty=7102.7
2026-07-07 00:43:02 | WARNING | trading_bot | Using fallback REST bars for LINK/USD
2026-07-07 00:43:07 | WARNING | trading_bot | Using fallback REST bars for SOL/USD
2026-07-07 00:43:12 | WARNING | trading_bot | Using fallback REST bars for XRP/USD
2026-07-07 00:43:58 | WARNING | trading_bot | EMERGENCY MODE ACTIVADO: Health monitor detecto estado ERROR
2026-07-07 00:45:58 | WARNING | trading_bot | EMERGENCY MODE ACTIVADO: Health monitor detecto estado ERROR
2026-07-07 00:50:58 | WARNING | trading_bot | EMERGENCY MODE ACTIVADO: Health monitor detecto estado ERROR
2026-07-07 00:54:42 | WARNING | trading_bot | No se pudo refrescar estado NYSE: HTTPSConnectionPool(host='www.nyse.com', port=443): Max retries exceeded with url: /markets/hours-calendars (Caused by NameResolutionError("HTTPSConnection(host='www.nyse.com', port=443): Failed to resolve 'www.nyse.com' ([Errno -3] Temporary failure in name resolution)"))
2026-07-07 00:55:01 | WARNING | trading_bot | WebSocket reconnect triggered by CryptoVolumeManager
2026-07-07 00:55:01 | WARNING | trading_bot | Using fallback REST bars for AVAX/USD
2026-07-07 00:55:04 | WARNING | trading_bot | Using fallback REST bars for BTC/USD
2026-07-07 00:55:07 | WARNING | trading_bot | Using fallback REST bars for DOGE/USD
2026-07-07 00:55:08 | WARNING | trading_bot | Binance LIMIT rechazada (400 Client Error: Bad Request for url: https://testnet.binancefuture.com/fapi/v1/order?symbol=MANAUSDT&side=SELL&type=LIMIT&timeInForce=GTC&quantity=7204&price=0.0694&timestamp=1783400108495&recvWindow=5000&signature=1ba84afd4f5589c0c5de2b4659aa2c80be1f2771565253a354024c538ffa5af6 | response={"code":-2019,"msg":"Margin is insufficient."}). Reintentando MARKET para MANAUSDT qty=7204
2026-07-07 00:55:18 | WARNING | trading_bot | No se pudo refrescar estado NYSE: HTTPSConnectionPool(host='www.nyse.com', port=443): Read timed out. (read timeout=20)
2026-07-07 00:55:59 | WARNING | trading_bot | WebSocket reconnect triggered by CryptoVolumeManager
2026-07-07 00:56:00 | WARNING | trading_bot | Using fallback REST bars for ETH/USD
2026-07-07 00:56:06 | WARNING | trading_bot | Using fallback REST bars for LINK/USD
2026-07-07 00:56:50 | WARNING | trading_bot | Binance LIMIT rechazada (400 Client Error: Bad Request for url: https://testnet.binancefuture.com/fapi/v1/order?symbol=DOGEUSDT&side=SELL&type=LIMIT&timeInForce=GTC&quantity=6698&price=0.07464&timestamp=1783400209797&recvWindow=5000&signature=947fd2988dcb7c51db56cef836d44393f6fd9ece3c212d612cf4e4cb9351e153 | response={"code":-2019,"msg":"Margin is insufficient."}). Reintentando MARKET para DOGEUSDT qty=6698
2026-07-07 00:56:51 | WARNING | trading_bot | WebSocket reconnect triggered by CryptoVolumeManager
2026-07-07 00:56:51 | WARNING | trading_bot | Using fallback REST bars for AVAX/USD
2026-07-07 00:56:54 | WARNING | trading_bot | Using fallback REST bars for BTC/USD
2026-07-07 00:56:56 | WARNING | trading_bot | Binance LIMIT rechazada (400 Client Error: Bad Request for url: https://testnet.binancefuture.com/fapi/v1/order?symbol=MANAUSDT&side=SELL&type=LIMIT&timeInForce=GTC&quantity=7204&price=0.0694&timestamp=1783400216499&recvWindow=5000&signature=37449dd7870f1a06cfb688149a2ffa181898eeedd3978391be81ed6f22f16978 | response={"code":-2019,"msg":"Margin is insufficient."}). Reintentando MARKET para MANAUSDT qty=7204
2026-07-07 00:56:57 | WARNING | trading_bot | Using fallback REST bars for DOGE/USD
2026-07-07 00:57:20 | WARNING | trading_bot | WebSocket reconnect triggered by CryptoVolumeManager
2026-07-07 00:57:21 | WARNING | trading_bot | Using fallback REST bars for AVAX/USD
2026-07-07 00:57:24 | WARNING | trading_bot | Using fallback REST bars for BTC/USD
2026-07-07 00:57:27 | WARNING | trading_bot | Using fallback REST bars for DOGE/USD
2026-07-07 00:57:27 | WARNING | trading_bot | Binance LIMIT rechazada (400 Client Error: Bad Request for url: https://testnet.binancefuture.com/fapi/v1/order?symbol=KAVAUSDT&side=SELL&type=LIMIT&timeInForce=GTC&quantity=11093.8&price=0.04507&timestamp=1783400246722&recvWindow=5000&signature=034ab38acff7e49a77fc9031df5d13512554644bfb49f7b1e729a9ab0b5c62b3 | response={"code":-2019,"msg":"Margin is insufficient."}). Reintentando MARKET para KAVAUSDT qty=11093.8
2026-07-07 00:58:22 | WARNING | trading_bot | WebSocket reconnect triggered by CryptoVolumeManager
2026-07-07 00:58:23 | WARNING | trading_bot | Using fallback REST bars for ETH/USD
2026-07-07 00:58:23 | WARNING | trading_bot | Binance LIMIT rechazada (400 Client Error: Bad Request for url: https://testnet.binancefuture.com/fapi/v1/order?symbol=1000SHIBUSDT&side=SELL&type=LIMIT&timeInForce=GTC&quantity=115580&price=0.004326&timestamp=1783400302401&recvWindow=5000&signature=2ddcd0780a6be482c178cdf3e2faed424b09108727af06cb4a4e588efde6e0c8 | response={"code":-2019,"msg":"Margin is insufficient."}). Reintentando MARKET para 1000SHIBUSDT qty=115580
2026-07-07 00:58:26 | WARNING | trading_bot | Using fallback REST bars for LINK/USD
2026-07-07 00:59:17 | WARNING | trading_bot | Binance LIMIT rechazada (400 Client Error: Bad Request for url: https://testnet.binancefuture.com/fapi/v1/order?symbol=ONTUSDT&side=SELL&type=LIMIT&timeInForce=GTC&quantity=10905.1&price=0.04585&timestamp=1783400356151&recvWindow=5000&signature=787ea244ac530058a26d237e048dd681942176968994aa306167fc8aac16253c | response={"code":-2019,"msg":"Margin is insufficient."}). Reintentando MARKET para ONTUSDT qty=10905.1
2026-07-07 00:59:20 | WARNING | trading_bot | WebSocket reconnect triggered by CryptoVolumeManager
2026-07-07 00:59:21 | WARNING | trading_bot | Using fallback REST bars for SOL/USD
2026-07-07 00:59:25 | WARNING | trading_bot | Using fallback REST bars for XRP/USD
2026-07-07 01:02:21 | WARNING | trading_bot | No se pudo refrescar estado NYSE: HTTPSConnectionPool(host='www.nyse.com', port=443): Max retries exceeded with url: /markets/hours-calendars (Caused by NameResolutionError("HTTPSConnection(host='www.nyse.com', port=443): Failed to resolve 'www.nyse.com' ([Errno -3] Temporary failure in name resolution)"))
2026-07-07 01:02:25 | WARNING | trading_bot | WebSocket reconnect triggered by CryptoVolumeManager
2026-07-07 01:02:25 | WARNING | trading_bot | Using fallback REST bars for AVAX/USD
2026-07-07 01:02:28 | WARNING | trading_bot | Using fallback REST bars for BTC/USD
2026-07-07 01:03:05 | WARNING | trading_bot | WebSocket reconnect triggered by CryptoVolumeManager
2026-07-07 01:03:05 | WARNING | trading_bot | Using fallback REST bars for AVAX/USD
2026-07-07 01:03:08 | WARNING | trading_bot | Using fallback REST bars for BTC/USD
2026-07-07 01:03:10 | WARNING | trading_bot | Using fallback REST bars for DOGE/USD
2026-07-07 01:03:21 | WARNING | trading_bot | No se pudo refrescar estado NYSE: HTTPSConnectionPool(host='www.nyse.com', port=443): Read timed out. (read timeout=20)
2026-07-07 01:04:05 | WARNING | trading_bot | WebSocket reconnect triggered by CryptoVolumeManager
2026-07-07 01:04:05 | WARNING | trading_bot | Using fallback REST bars for ETH/USD
2026-07-07 01:04:10 | WARNING | trading_bot | Using fallback REST bars for LINK/USD
2026-07-07 01:05:42 | WARNING | trading_bot | WebSocket reconnect triggered by CryptoVolumeManager
2026-07-07 01:05:42 | WARNING | trading_bot | Using fallback REST bars for AVAX/USD
2026-07-07 01:05:45 | WARNING | trading_bot | Using fallback REST bars for BTC/USD
2026-07-07 01:05:48 | WARNING | trading_bot | Using fallback REST bars for DOGE/USD
2026-07-07 01:05:59 | WARNING | trading_bot | No se pudo refrescar estado NYSE: HTTPSConnectionPool(host='www.nyse.com', port=443): Read timed out. (read timeout=20)
2026-07-07 01:06:36 | WARNING | trading_bot | WebSocket reconnect triggered by CryptoVolumeManager
2026-07-07 01:06:37 | WARNING | trading_bot | Using fallback REST bars for ETH/USD
2026-07-07 01:06:45 | WARNING | trading_bot | Using fallback REST bars for LINK/USD
2026-07-07 01:06:49 | WARNING | trading_bot | WebSocket reconnect triggered by CryptoVolumeManager
2026-07-07 01:06:49 | WARNING | trading_bot | Using fallback REST bars for SOL/USD
2026-07-07 01:07:36 | WARNING | trading_bot | EMERGENCY MODE ACTIVADO: Health monitor detecto estado ERROR
2026-07-07 01:07:40 | WARNING | trading_bot | WebSocket reconnect triggered by CryptoVolumeManager
2026-07-07 01:07:41 | WARNING | trading_bot | Using fallback REST bars for XRP/USD
2026-07-07 01:09:43 | WARNING | trading_bot | WebSocket reconnect triggered by CryptoVolumeManager
2026-07-07 01:09:43 | WARNING | trading_bot | Using fallback REST bars for SOL/USD
2026-07-07 01:13:33 | WARNING | trading_bot | WebSocket reconnect triggered by CryptoVolumeManager
2026-07-07 01:13:34 | WARNING | trading_bot | Using fallback REST bars for AVAX/USD
2026-07-07 01:13:38 | WARNING | trading_bot | Using fallback REST bars for BTC/USD
2026-07-07 01:13:41 | WARNING | trading_bot | Using fallback REST bars for DOGE/USD
2026-07-07 01:13:49 | WARNING | trading_bot | No se pudo refrescar estado NYSE: HTTPSConnectionPool(host='www.nyse.com', port=443): Read timed out. (read timeout=20)
2026-07-07 01:14:35 | WARNING | trading_bot | WebSocket reconnect triggered by CryptoVolumeManager
2026-07-07 01:14:36 | WARNING | trading_bot | Using fallback REST bars for ETH/USD
2026-07-07 01:14:40 | WARNING | trading_bot | Using fallback REST bars for LINK/USD
2026-07-07 01:15:33 | WARNING | trading_bot | WebSocket reconnect triggered by CryptoVolumeManager
2026-07-07 01:15:34 | WARNING | trading_bot | Using fallback REST bars for SOL/USD
2026-07-07 01:15:39 | WARNING | trading_bot | Using fallback REST bars for XRP/USD
2026-07-07 01:16:29 | WARNING | trading_bot | EMERGENCY MODE ACTIVADO: Health monitor detecto estado ERROR
2026-07-07 01:16:36 | WARNING | trading_bot | WebSocket reconnect triggered by CryptoVolumeManager
2026-07-07 01:16:37 | WARNING | trading_bot | Using fallback REST bars for AVAX/USD
2026-07-07 01:16:42 | WARNING | trading_bot | Using fallback REST bars for BTC/USD
2026-07-07 01:17:29 | WARNING | trading_bot | EMERGENCY MODE ACTIVADO: Health monitor detecto estado ERROR
2026-07-07 01:17:34 | WARNING | trading_bot | WebSocket reconnect triggered by CryptoVolumeManager
2026-07-07 01:17:34 | WARNING | trading_bot | Using fallback REST bars for DOGE/USD
2026-07-07 01:17:40 | WARNING | trading_bot | Using fallback REST bars for ETH/USD
2026-07-07 01:18:34 | WARNING | trading_bot | WebSocket reconnect triggered by CryptoVolumeManager
2026-07-07 01:18:35 | WARNING | trading_bot | Using fallback REST bars for LINK/USD
2026-07-07 01:18:40 | WARNING | trading_bot | Using fallback REST bars for SOL/USD
2026-07-07 01:19:36 | WARNING | trading_bot | WebSocket reconnect triggered by CryptoVolumeManager
2026-07-07 01:19:36 | WARNING | trading_bot | Using fallback REST bars for XRP/USD
2026-07-07 01:43:29 | WARNING | trading_bot | Fallo de red/HTTP en market data (HTTPError). Reintentando en 1.0 s
2026-07-07 01:43:29 | WARNING | trading_bot | Fallo de red/HTTP en market data (HTTPError). Reintentando en 1.0 s
2026-07-07 01:43:30 | WARNING | trading_bot | Fallo de red/HTTP en market data (HTTPError). Reintentando en 2.0 s
2026-07-07 01:43:31 | WARNING | trading_bot | Fallo de red/HTTP en market data (HTTPError). Reintentando en 2.0 s
2026-07-07 01:43:32 | WARNING | trading_bot | Fallo de red/HTTP en market data (HTTPError). Reintentando en 1.0 s
2026-07-07 01:43:34 | WARNING | trading_bot | Fallo de red/HTTP en market data (HTTPError). Reintentando en 2.0 s
2026-07-07 01:43:35 | WARNING | trading_bot | Fallo de red/HTTP en market data (HTTPError). Reintentando en 1.0 s
2026-07-07 01:43:36 | WARNING | trading_bot | Monitoreo fallido para cuenta Binance Demo: 502 Server Error: Bad Gateway for url: https://testnet.binancefuture.com/fapi/v1/ticker/price?symbol=VETUSDT
2026-07-07 01:43:36 | WARNING | trading_bot | Fallo de red/HTTP en market data (HTTPError). Reintentando en 1.0 s
2026-07-07 01:43:36 | WARNING | trading_bot | Fallo de red/HTTP en market data (HTTPError). Reintentando en 2.0 s
2026-07-07 01:43:37 | WARNING | trading_bot | Fallo de red/HTTP en market data (HTTPError). Reintentando en 2.0 s
2026-07-07 01:43:38 | WARNING | trading_bot | Fallo de red/HTTP en market data (HTTPError). Reintentando en 1.0 s
2026-07-07 01:43:39 | WARNING | trading_bot | DataCollectorWorker error MOODENG/USD: 502 Server Error: Bad Gateway for url: https://testnet.binancefuture.com/fapi/v1/ticker/price?symbol=MOODENGUSDT
2026-07-07 01:43:39 | WARNING | trading_bot | Fallo de red/HTTP en market data (HTTPError). Reintentando en 2.0 s
2026-07-07 01:43:40 | WARNING | trading_bot | Fallo de red/HTTP en market data (HTTPError). Reintentando en 1.0 s
2026-07-07 01:43:41 | WARNING | trading_bot | Fallo de red/HTTP en market data (HTTPError). Reintentando en 2.0 s
2026-07-07 01:43:44 | WARNING | trading_bot | DataCollectorWorker error SAFE/USD: 502 Server Error: Bad Gateway for url: https://testnet.binancefuture.com/fapi/v1/ticker/price?symbol=SAFEUSDT
2026-07-07 01:43:45 | WARNING | trading_bot | Fallo de red/HTTP en market data (HTTPError). Reintentando en 1.0 s
2026-07-07 01:43:46 | WARNING | trading_bot | Fallo de red/HTTP en market data (HTTPError). Reintentando en 2.0 s
2026-07-07 01:43:48 | WARNING | trading_bot | DataCollectorWorker error SANTOS/USD: 502 Server Error: Bad Gateway for url: https://testnet.binancefuture.com/fapi/v1/ticker/price?symbol=SANTOSUSDT
2026-07-07 01:43:49 | WARNING | trading_bot | Fallo de red/HTTP en market data (HTTPError). Reintentando en 1.0 s
2026-07-07 01:44:03 | WARNING | trading_bot | Fallo de red/HTTP en market data (HTTPError). Reintentando en 1.0 s
2026-07-07 01:44:04 | WARNING | trading_bot | Fallo de red/HTTP en market data (HTTPError). Reintentando en 2.0 s
2026-07-07 01:44:06 | WARNING | trading_bot | Monitoreo fallido para cuenta Binance Demo: 502 Server Error: Bad Gateway for url: https://testnet.binancefuture.com/fapi/v1/ticker/price?symbol=VETUSDT
2026-07-07 01:44:29 | WARNING | trading_bot | Fallo de red/HTTP en market data (HTTPError). Reintentando en 1.0 s
2026-07-07 01:44:30 | WARNING | trading_bot | Fallo de red/HTTP en market data (HTTPError). Reintentando en 2.0 s
2026-07-07 01:44:31 | WARNING | trading_bot | Fallo de red/HTTP en market data (HTTPError). Reintentando en 2.0 s
2026-07-07 01:44:32 | WARNING | trading_bot | DataCollectorWorker error PONKE/USD: 502 Server Error: Bad Gateway for url: https://testnet.binancefuture.com/fapi/v1/ticker/price?symbol=PONKEUSDT
2026-07-07 01:44:32 | WARNING | trading_bot | Fallo de red/HTTP en market data (HTTPError). Reintentando en 1.0 s
2026-07-07 01:44:33 | WARNING | trading_bot | Fallo de red/HTTP en market data (HTTPError). Reintentando en 1.0 s
2026-07-07 01:44:34 | WARNING | trading_bot | Fallo de red/HTTP en market data (HTTPError). Reintentando en 2.0 s
2026-07-07 01:44:35 | WARNING | trading_bot | Fallo de red/HTTP en market data (HTTPError). Reintentando en 2.0 s
2026-07-07 01:44:36 | WARNING | trading_bot | Monitoreo fallido para cuenta Binance Demo: 502 Server Error: Bad Gateway for url: https://testnet.binancefuture.com/fapi/v1/ticker/price?symbol=VETUSDT
2026-07-07 01:44:36 | WARNING | trading_bot | Fallo de red/HTTP en market data (HTTPError). Reintentando en 1.0 s
2026-07-07 01:44:37 | WARNING | trading_bot | DataCollectorWorker error CETUS/USD: 502 Server Error: Bad Gateway for url: https://testnet.binancefuture.com/fapi/v1/ticker/price?symbol=CETUSUSDT
2026-07-07 01:44:38 | WARNING | trading_bot | Fallo de red/HTTP en market data (HTTPError). Reintentando en 2.0 s
2026-07-07 01:44:38 | WARNING | trading_bot | Fallo de red/HTTP en market data (HTTPError). Reintentando en 1.0 s
2026-07-07 01:44:39 | WARNING | trading_bot | Fallo de red/HTTP en market data (HTTPError). Reintentando en 2.0 s
2026-07-07 01:44:41 | WARNING | trading_bot | DataCollectorWorker error COW/USD: 502 Server Error: Bad Gateway for url: https://testnet.binancefuture.com/fapi/v1/ticker/price?symbol=COWUSDT
2026-07-07 01:44:43 | WARNING | trading_bot | Fallo de red/HTTP en market data (HTTPError). Reintentando en 1.0 s
2026-07-07 01:44:44 | WARNING | trading_bot | Fallo de red/HTTP en market data (HTTPError). Reintentando en 2.0 s
2026-07-07 01:44:46 | WARNING | trading_bot | DataCollectorWorker error 1000000MOG/USD: 502 Server Error: Bad Gateway for url: https://testnet.binancefuture.com/fapi/v1/ticker/price?symbol=1000000MOGUSDT
2026-07-07 01:44:47 | WARNING | trading_bot | Fallo de red/HTTP en market data (HTTPError). Reintentando en 1.0 s
2026-07-07 01:44:48 | WARNING | trading_bot | Fallo de red/HTTP en market data (HTTPError). Reintentando en 2.0 s
2026-07-07 01:44:51 | WARNING | trading_bot | DataCollectorWorker error GRASS/USD: 502 Server Error: Bad Gateway for url: https://testnet.binancefuture.com/fapi/v1/ticker/price?symbol=GRASSUSDT
2026-07-07 01:45:02 | WARNING | trading_bot | Fallo de red/HTTP en market data (HTTPError). Reintentando en 1.0 s
2026-07-07 01:45:04 | WARNING | trading_bot | Fallo de red/HTTP en market data (HTTPError). Reintentando en 2.0 s
2026-07-07 01:45:06 | WARNING | trading_bot | Monitoreo fallido para cuenta Binance Demo: 502 Server Error: Bad Gateway for url: https://testnet.binancefuture.com/fapi/v1/ticker/price?symbol=VETUSDT
2026-07-07 01:45:30 | WARNING | trading_bot | Fallo de red/HTTP en market data (HTTPError). Reintentando en 1.0 s
2026-07-07 01:45:31 | WARNING | trading_bot | Fallo de red/HTTP en market data (HTTPError). Reintentando en 2.0 s
2026-07-07 01:45:31 | WARNING | trading_bot | Fallo de red/HTTP en market data (HTTPError). Reintentando en 1.0 s
2026-07-07 01:45:32 | WARNING | trading_bot | Fallo de red/HTTP en market data (HTTPError). Reintentando en 1.0 s
2026-07-07 01:45:33 | WARNING | trading_bot | Fallo de red/HTTP en market data (HTTPError). Reintentando en 2.0 s
2026-07-07 01:45:34 | WARNING | trading_bot | Fallo de red/HTTP en market data (HTTPError). Reintentando en 2.0 s
2026-07-07 01:45:35 | WARNING | trading_bot | DataCollectorWorker error DRIFT/USD: 502 Server Error: Bad Gateway for url: https://testnet.binancefuture.com/fapi/v1/ticker/price?symbol=DRIFTUSDT
2026-07-07 01:45:36 | WARNING | trading_bot | Fallo de red/HTTP en market data (HTTPError). Reintentando en 1.0 s
2026-07-07 01:45:36 | WARNING | trading_bot | Monitoreo fallido para cuenta Binance Demo: 502 Server Error: Bad Gateway for url: https://testnet.binancefuture.com/fapi/v1/ticker/price?symbol=VETUSDT
2026-07-07 01:45:36 | WARNING | trading_bot | Fallo de red/HTTP en market data (HTTPError). Reintentando en 1.0 s
2026-07-07 01:45:37 | WARNING | trading_bot | Fallo de red/HTTP en market data (HTTPError). Reintentando en 2.0 s
2026-07-07 01:45:37 | WARNING | trading_bot | Fallo de red/HTTP en market data (HTTPError). Reintentando en 2.0 s
2026-07-07 01:45:40 | WARNING | trading_bot | DataCollectorWorker error SWELL/USD: 502 Server Error: Bad Gateway for url: https://testnet.binancefuture.com/fapi/v1/ticker/price?symbol=SWELLUSDT
2026-07-07 01:45:41 | WARNING | trading_bot | Fallo de red/HTTP en market data (HTTPError). Reintentando en 1.0 s
2026-07-07 01:45:42 | WARNING | trading_bot | Fallo de red/HTTP en market data (HTTPError). Reintentando en 2.0 s
2026-07-07 01:45:45 | WARNING | trading_bot | DataCollectorWorker error PNUT/USD: 502 Server Error: Bad Gateway for url: https://testnet.binancefuture.com/fapi/v1/ticker/price?symbol=PNUTUSDT
2026-07-07 01:45:46 | WARNING | trading_bot | Fallo de red/HTTP en market data (HTTPError). Reintentando en 1.0 s
2026-07-07 01:45:47 | WARNING | trading_bot | Fallo de red/HTTP en market data (HTTPError). Reintentando en 2.0 s
2026-07-07 01:45:49 | WARNING | trading_bot | DataCollectorWorker error ACT/USD: 502 Server Error: Bad Gateway for url: https://testnet.binancefuture.com/fapi/v1/ticker/price?symbol=ACTUSDT
2026-07-07 01:45:51 | WARNING | trading_bot | Fallo de red/HTTP en market data (HTTPError). Reintentando en 1.0 s
2026-07-07 01:45:52 | WARNING | trading_bot | Fallo de red/HTTP en market data (HTTPError). Reintentando en 2.0 s
2026-07-07 01:46:02 | WARNING | trading_bot | Fallo de red/HTTP en market data (HTTPError). Reintentando en 1.0 s
2026-07-07 01:46:04 | WARNING | trading_bot | Fallo de red/HTTP en market data (HTTPError). Reintentando en 2.0 s
2026-07-07 01:46:06 | WARNING | trading_bot | Monitoreo fallido para cuenta Binance Demo: 502 Server Error: Bad Gateway for url: https://testnet.binancefuture.com/fapi/v1/ticker/price?symbol=VETUSDT
2026-07-07 01:46:31 | WARNING | trading_bot | DataCollectorWorker error HIPPO/USD: 502 Server Error: Bad Gateway for url: https://testnet.binancefuture.com/fapi/v1/ticker/price?symbol=HIPPOUSDT
2026-07-07 01:46:31 | WARNING | trading_bot | Fallo de red/HTTP en market data (HTTPError). Reintentando en 1.0 s
2026-07-07 01:46:32 | WARNING | trading_bot | Fallo de red/HTTP en market data (HTTPError). Reintentando en 1.0 s
2026-07-07 01:46:33 | WARNING | trading_bot | Fallo de red/HTTP en market data (HTTPError). Reintentando en 2.0 s
2026-07-07 01:46:33 | WARNING | trading_bot | Fallo de red/HTTP en market data (HTTPError). Reintentando en 1.0 s
2026-07-07 01:46:34 | WARNING | trading_bot | Fallo de red/HTTP en market data (HTTPError). Reintentando en 2.0 s
2026-07-07 01:46:34 | WARNING | trading_bot | Fallo de red/HTTP en market data (HTTPError). Reintentando en 2.0 s
2026-07-07 01:46:36 | WARNING | trading_bot | Monitoreo fallido para cuenta Binance Demo: 502 Server Error: Bad Gateway for url: https://testnet.binancefuture.com/fapi/v1/ticker/price?symbol=VETUSDT
2026-07-07 01:46:36 | WARNING | trading_bot | DataCollectorWorker error 1000X/USD: 502 Server Error: Bad Gateway for url: https://testnet.binancefuture.com/fapi/v1/ticker/price?symbol=1000XUSDT
2026-07-07 01:46:37 | WARNING | trading_bot | Fallo de red/HTTP en market data (HTTPError). Reintentando en 1.0 s
2026-07-07 01:46:38 | WARNING | trading_bot | Fallo de red/HTTP en market data (HTTPError). Reintentando en 2.0 s
2026-07-07 01:46:39 | WARNING | trading_bot | Fallo de red/HTTP en market data (HTTPError). Reintentando en 1.0 s
2026-07-07 01:46:40 | WARNING | trading_bot | Fallo de red/HTTP en market data (HTTPError). Reintentando en 2.0 s
2026-07-07 01:46:42 | WARNING | trading_bot | DataCollectorWorker error DEGEN/USD: 502 Server Error: Bad Gateway for url: https://testnet.binancefuture.com/fapi/v1/ticker/price?symbol=DEGENUSDT
2026-07-07 01:46:45 | WARNING | trading_bot | Fallo de red/HTTP en market data (HTTPError). Reintentando en 1.0 s
2026-07-07 01:46:46 | WARNING | trading_bot | Fallo de red/HTTP en market data (HTTPError). Reintentando en 2.0 s
2026-07-07 01:46:48 | WARNING | trading_bot | DataCollectorWorker error BAN/USD: 502 Server Error: Bad Gateway for url: https://testnet.binancefuture.com/fapi/v1/ticker/price?symbol=BANUSDT
2026-07-07 01:46:49 | WARNING | trading_bot | Fallo de red/HTTP en market data (HTTPError). Reintentando en 1.0 s
2026-07-07 01:46:50 | WARNING | trading_bot | Fallo de red/HTTP en market data (HTTPError). Reintentando en 2.0 s
2026-07-07 01:47:02 | WARNING | trading_bot | Fallo de red/HTTP en market data (HTTPError). Reintentando en 1.0 s
2026-07-07 01:47:04 | WARNING | trading_bot | Fallo de red/HTTP en market data (HTTPError). Reintentando en 2.0 s
2026-07-07 01:47:06 | WARNING | trading_bot | Monitoreo fallido para cuenta Binance Demo: 502 Server Error: Bad Gateway for url: https://testnet.binancefuture.com/fapi/v1/ticker/price?symbol=VETUSDT
2026-07-07 01:47:30 | WARNING | trading_bot | Fallo de red/HTTP en market data (HTTPError). Reintentando en 1.0 s
2026-07-07 01:47:30 | WARNING | trading_bot | DataCollectorWorker error AKT/USD: 502 Server Error: Bad Gateway for url: https://testnet.binancefuture.com/fapi/v1/ticker/price?symbol=AKTUSDT
2026-07-07 01:47:31 | WARNING | trading_bot | Fallo de red/HTTP en market data (HTTPError). Reintentando en 2.0 s
2026-07-07 01:47:33 | WARNING | trading_bot | Fallo de red/HTTP en market data (HTTPError). Reintentando en 1.0 s
2026-07-07 01:47:33 | WARNING | trading_bot | Fallo de red/HTTP en market data (HTTPError). Reintentando en 1.0 s
2026-07-07 01:47:34 | WARNING | trading_bot | Fallo de red/HTTP en market data (HTTPError). Reintentando en 2.0 s
2026-07-07 01:47:35 | WARNING | trading_bot | Fallo de red/HTTP en market data (HTTPError). Reintentando en 2.0 s
2026-07-07 01:47:36 | WARNING | trading_bot | Monitoreo fallido para cuenta Binance Demo: 502 Server Error: Bad Gateway for url: https://testnet.binancefuture.com/fapi/v1/ticker/price?symbol=VETUSDT
2026-07-07 01:47:36 | WARNING | trading_bot | Fallo de red/HTTP en market data (HTTPError). Reintentando en 1.0 s
2026-07-07 01:47:37 | WARNING | trading_bot | DataCollectorWorker error SLERF/USD: 502 Server Error: Bad Gateway for url: https://testnet.binancefuture.com/fapi/v1/ticker/price?symbol=SLERFUSDT
2026-07-07 01:47:38 | WARNING | trading_bot | Fallo de red/HTTP en market data (HTTPError). Reintentando en 2.0 s
2026-07-07 01:47:38 | WARNING | trading_bot | Fallo de red/HTTP en market data (HTTPError). Reintentando en 1.0 s
2026-07-07 01:47:40 | WARNING | trading_bot | Fallo de red/HTTP en market data (HTTPError). Reintentando en 2.0 s
2026-07-07 01:47:42 | WARNING | trading_bot | DataCollectorWorker error SCRT/USD: 502 Server Error: Bad Gateway for url: https://testnet.binancefuture.com/fapi/v1/ticker/price?symbol=SCRTUSDT
2026-07-07 01:47:43 | WARNING | trading_bot | Fallo de red/HTTP en market data (HTTPError). Reintentando en 1.0 s
2026-07-07 01:47:44 | WARNING | trading_bot | Fallo de red/HTTP en market data (HTTPError). Reintentando en 2.0 s
2026-07-07 01:47:47 | WARNING | trading_bot | DataCollectorWorker error 1000WHY/USD: 502 Server Error: Bad Gateway for url: https://testnet.binancefuture.com/fapi/v1/ticker/price?symbol=1000WHYUSDT
2026-07-07 01:47:49 | WARNING | trading_bot | Fallo de red/HTTP en market data (HTTPError). Reintentando en 1.0 s
2026-07-07 01:47:50 | WARNING | trading_bot | Fallo de red/HTTP en market data (HTTPError). Reintentando en 2.0 s
2026-07-07 01:47:52 | WARNING | trading_bot | DataCollectorWorker error 1000CHEEMS/USD: 502 Server Error: Bad Gateway for url: https://testnet.binancefuture.com/fapi/v1/ticker/price?symbol=1000CHEEMSUSDT
2026-07-07 01:48:02 | WARNING | trading_bot | Fallo de red/HTTP en market data (HTTPError). Reintentando en 1.0 s
2026-07-07 01:48:04 | WARNING | trading_bot | Fallo de red/HTTP en market data (HTTPError). Reintentando en 2.0 s
2026-07-07 01:48:06 | WARNING | trading_bot | Monitoreo fallido para cuenta Binance Demo: 502 Server Error: Bad Gateway for url: https://testnet.binancefuture.com/fapi/v1/ticker/price?symbol=VETUSDT
2026-07-07 01:48:28 | WARNING | trading_bot | Fallo de red/HTTP en market data (HTTPError). Reintentando en 1.0 s
2026-07-07 01:48:30 | WARNING | trading_bot | Fallo de red/HTTP en market data (HTTPError). Reintentando en 2.0 s
2026-07-07 01:48:31 | WARNING | trading_bot | Fallo de red/HTTP en market data (HTTPError). Reintentando en 1.0 s
2026-07-07 01:48:32 | WARNING | trading_bot | Fallo de red/HTTP en market data (HTTPError). Reintentando en 1.0 s
2026-07-07 01:48:33 | WARNING | trading_bot | Fallo de red/HTTP en market data (HTTPError). Reintentando en 2.0 s
2026-07-07 01:48:33 | WARNING | trading_bot | DataCollectorWorker error THE/USD: 502 Server Error: Bad Gateway for url: https://testnet.binancefuture.com/fapi/v1/ticker/price?symbol=THEUSDT
2026-07-07 01:48:34 | WARNING | trading_bot | Fallo de red/HTTP en market data (HTTPError). Reintentando en 2.0 s
2026-07-07 01:48:36 | WARNING | trading_bot | Monitoreo fallido para cuenta Binance Demo: 502 Server Error: Bad Gateway for url: https://testnet.binancefuture.com/fapi/v1/ticker/price?symbol=VETUSDT
2026-07-07 01:48:37 | WARNING | trading_bot | Fallo de red/HTTP en market data (HTTPError). Reintentando en 1.0 s
2026-07-07 01:48:37 | WARNING | trading_bot | Fallo de red/HTTP en market data (HTTPError). Reintentando en 1.0 s
2026-07-07 01:48:38 | WARNING | trading_bot | Fallo de red/HTTP en market data (HTTPError). Reintentando en 2.0 s
2026-07-07 01:48:38 | WARNING | trading_bot | Fallo de red/HTTP en market data (HTTPError). Reintentando en 2.0 s
2026-07-07 01:48:40 | WARNING | trading_bot | DataCollectorWorker error MORPHO/USD: 502 Server Error: Bad Gateway for url: https://testnet.binancefuture.com/fapi/v1/ticker/price?symbol=MORPHOUSDT
2026-07-07 01:48:42 | WARNING | trading_bot | Fallo de red/HTTP en market data (HTTPError). Reintentando en 1.0 s
2026-07-07 01:48:43 | WARNING | trading_bot | Fallo de red/HTTP en market data (HTTPError). Reintentando en 2.0 s
2026-07-07 01:48:45 | WARNING | trading_bot | DataCollectorWorker error CHILLGUY/USD: 502 Server Error: Bad Gateway for url: https://testnet.binancefuture.com/fapi/v1/ticker/price?symbol=CHILLGUYUSDT
2026-07-07 01:48:48 | WARNING | trading_bot | Fallo de red/HTTP en market data (HTTPError). Reintentando en 1.0 s
2026-07-07 01:48:49 | WARNING | trading_bot | Fallo de red/HTTP en market data (HTTPError). Reintentando en 2.0 s
2026-07-07 02:54:43 | WARNING | trading_bot | Fallo de red/HTTP en market data (HTTPError). Reintentando en 1.0 s
2026-07-07 02:54:44 | WARNING | trading_bot | Fallo de red/HTTP en market data (HTTPError). Reintentando en 2.0 s
2026-07-07 02:54:47 | WARNING | trading_bot | DataCollectorWorker error COOKIE/USD: 502 Server Error: Bad Gateway for url: https://testnet.binancefuture.com/fapi/v1/ticker/price?symbol=COOKIEUSDT
2026-07-07 02:54:48 | WARNING | trading_bot | Fallo de red/HTTP en market data (HTTPError). Reintentando en 1.0 s
2026-07-07 02:54:49 | WARNING | trading_bot | Fallo de red/HTTP en market data (HTTPError). Reintentando en 2.0 s
2026-07-07 02:54:52 | WARNING | trading_bot | DataCollectorWorker error ALCH/USD: 502 Server Error: Bad Gateway for url: https://testnet.binancefuture.com/fapi/v1/ticker/price?symbol=ALCHUSDT
2026-07-07 02:54:55 | WARNING | trading_bot | Fallo de red/HTTP en market data (HTTPError). Reintentando en 1.0 s
2026-07-07 02:54:57 | WARNING | trading_bot | Fallo de red/HTTP en market data (HTTPError). Reintentando en 2.0 s
2026-07-07 02:55:03 | WARNING | trading_bot | Fallo de red/HTTP en market data (HTTPError). Reintentando en 1.0 s
2026-07-07 02:55:04 | WARNING | trading_bot | Fallo de red/HTTP en market data (HTTPError). Reintentando en 2.0 s
2026-07-07 02:55:06 | WARNING | trading_bot | Monitoreo fallido para cuenta Binance Demo: 502 Server Error: Bad Gateway for url: https://testnet.binancefuture.com/fapi/v1/ticker/price?symbol=VETUSDT
2026-07-07 02:55:31 | WARNING | trading_bot | Fallo de red/HTTP en market data (HTTPError). Reintentando en 1.0 s
2026-07-07 02:55:32 | WARNING | trading_bot | DataCollectorWorker error SWARMS/USD: 502 Server Error: Bad Gateway for url: https://testnet.binancefuture.com/fapi/v1/ticker/price?symbol=SWARMSUSDT
2026-07-07 02:55:32 | WARNING | trading_bot | Fallo de red/HTTP en market data (HTTPError). Reintentando en 1.0 s
2026-07-07 02:55:33 | WARNING | trading_bot | Fallo de red/HTTP en market data (HTTPError). Reintentando en 2.0 s
2026-07-07 02:55:34 | WARNING | trading_bot | Fallo de red/HTTP en market data (HTTPError). Reintentando en 2.0 s
2026-07-07 02:55:34 | WARNING | trading_bot | Fallo de red/HTTP en market data (HTTPError). Reintentando en 1.0 s
2026-07-07 02:55:36 | WARNING | trading_bot | Fallo de red/HTTP en market data (HTTPError). Reintentando en 2.0 s
2026-07-07 02:55:36 | WARNING | trading_bot | Monitoreo fallido para cuenta Binance Demo: 502 Server Error: Bad Gateway for url: https://testnet.binancefuture.com/fapi/v1/ticker/price?symbol=VETUSDT
2026-07-07 02:55:37 | WARNING | trading_bot | Fallo de red/HTTP en market data (HTTPError). Reintentando en 1.0 s
2026-07-07 02:55:38 | WARNING | trading_bot | DataCollectorWorker error SONIC/USD: 502 Server Error: Bad Gateway for url: https://testnet.binancefuture.com/fapi/v1/ticker/price?symbol=SONICUSDT
2026-07-07 02:55:38 | WARNING | trading_bot | Fallo de red/HTTP en market data (HTTPError). Reintentando en 2.0 s
2026-07-07 02:55:42 | WARNING | trading_bot | Fallo de red/HTTP en market data (HTTPError). Reintentando en 1.0 s
2026-07-07 02:55:43 | WARNING | trading_bot | Fallo de red/HTTP en market data (HTTPError). Reintentando en 2.0 s
2026-07-07 02:55:45 | WARNING | trading_bot | DataCollectorWorker error D/USD: 502 Server Error: Bad Gateway for url: https://testnet.binancefuture.com/fapi/v1/ticker/price?symbol=DUSDT
2026-07-07 02:55:47 | WARNING | trading_bot | Fallo de red/HTTP en market data (HTTPError). Reintentando en 1.0 s
2026-07-07 02:55:49 | WARNING | trading_bot | Fallo de red/HTTP en market data (HTTPError). Reintentando en 2.0 s
2026-07-07 02:55:51 | WARNING | trading_bot | DataCollectorWorker error PROM/USD: 502 Server Error: Bad Gateway for url: https://testnet.binancefuture.com/fapi/v1/ticker/price?symbol=PROMUSDT
2026-07-07 02:55:54 | WARNING | trading_bot | Fallo de red/HTTP en market data (HTTPError). Reintentando en 1.0 s
2026-07-07 02:55:56 | WARNING | trading_bot | Fallo de red/HTTP en market data (HTTPError). Reintentando en 2.0 s
2026-07-07 02:56:03 | WARNING | trading_bot | Fallo de red/HTTP en market data (HTTPError). Reintentando en 1.0 s
2026-07-07 02:56:04 | WARNING | trading_bot | Fallo de red/HTTP en market data (HTTPError). Reintentando en 2.0 s
2026-07-07 02:56:06 | WARNING | trading_bot | Monitoreo fallido para cuenta Binance Demo: 502 Server Error: Bad Gateway for url: https://testnet.binancefuture.com/fapi/v1/ticker/price?symbol=VETUSDT
2026-07-07 02:56:28 | WARNING | trading_bot | Fallo de red/HTTP en market data (HTTPError). Reintentando en 1.0 s
2026-07-07 02:56:31 | WARNING | trading_bot | Fallo de red/HTTP en market data (HTTPError). Reintentando en 2.0 s
2026-07-07 02:56:31 | WARNING | trading_bot | DataCollectorWorker error S/USD: 502 Server Error: Bad Gateway for url: https://testnet.binancefuture.com/fapi/v1/ticker/price?symbol=SUSDT
2026-07-07 02:56:32 | WARNING | trading_bot | Fallo de red/HTTP en market data (HTTPError). Reintentando en 1.0 s
2026-07-07 02:56:33 | WARNING | trading_bot | Fallo de red/HTTP en market data (HTTPError). Reintentando en 1.0 s
2026-07-07 02:56:34 | WARNING | trading_bot | Fallo de red/HTTP en market data (HTTPError). Reintentando en 2.0 s
2026-07-07 02:56:34 | WARNING | trading_bot | Fallo de red/HTTP en market data (HTTPError). Reintentando en 2.0 s
2026-07-07 02:56:36 | WARNING | trading_bot | Monitoreo fallido para cuenta Binance Demo: 502 Server Error: Bad Gateway for url: https://testnet.binancefuture.com/fapi/v1/ticker/price?symbol=VETUSDT
2026-07-07 02:56:36 | WARNING | trading_bot | Fallo de red/HTTP en market data (HTTPError). Reintentando en 1.0 s
2026-07-07 02:56:37 | WARNING | trading_bot | DataCollectorWorker error SOLV/USD: 502 Server Error: Bad Gateway for url: https://testnet.binancefuture.com/fapi/v1/ticker/price?symbol=SOLVUSDT
2026-07-07 02:56:38 | WARNING | trading_bot | Fallo de red/HTTP en market data (HTTPError). Reintentando en 2.0 s
2026-07-07 02:56:40 | WARNING | trading_bot | Fallo de red/HTTP en market data (HTTPError). Reintentando en 1.0 s
2026-07-07 02:56:42 | WARNING | trading_bot | Fallo de red/HTTP en market data (HTTPError). Reintentando en 2.0 s
2026-07-07 02:56:44 | WARNING | trading_bot | DataCollectorWorker error ARC/USD: 502 Server Error: Bad Gateway for url: https://testnet.binancefuture.com/fapi/v1/ticker/price?symbol=ARCUSDT
2026-07-07 02:56:47 | WARNING | trading_bot | Fallo de red/HTTP en market data (HTTPError). Reintentando en 1.0 s
2026-07-07 02:56:48 | WARNING | trading_bot | Fallo de red/HTTP en market data (HTTPError). Reintentando en 2.0 s
2026-07-07 02:56:50 | WARNING | trading_bot | DataCollectorWorker error AVAAI/USD: 502 Server Error: Bad Gateway for url: https://testnet.binancefuture.com/fapi/v1/ticker/price?symbol=AVAAIUSDT
2026-07-07 02:56:52 | WARNING | trading_bot | Fallo de red/HTTP en market data (HTTPError). Reintentando en 1.0 s
2026-07-07 02:56:53 | WARNING | trading_bot | Fallo de red/HTTP en market data (HTTPError). Reintentando en 2.0 s
2026-07-07 02:56:56 | WARNING | trading_bot | DataCollectorWorker error TRUMP/USD: 502 Server Error: Bad Gateway for url: https://testnet.binancefuture.com/fapi/v1/ticker/price?symbol=TRUMPUSDT
2026-07-07 02:56:58 | WARNING | trading_bot | Fallo de red/HTTP en market data (HTTPError). Reintentando en 1.0 s
2026-07-07 02:57:02 | WARNING | trading_bot | Fallo de red/HTTP en market data (HTTPError). Reintentando en 1.0 s
2026-07-07 02:57:03 | WARNING | trading_bot | Fallo de red/HTTP en market data (HTTPError). Reintentando en 2.0 s
2026-07-07 02:57:05 | WARNING | trading_bot | Monitoreo fallido para cuenta Binance Demo: 502 Server Error: Bad Gateway for url: https://testnet.binancefuture.com/fapi/v1/ticker/price?symbol=VETUSDT
2026-07-07 02:57:31 | WARNING | trading_bot | Fallo de red/HTTP en market data (HTTPError). Reintentando en 2.0 s
2026-07-07 02:57:32 | WARNING | trading_bot | Fallo de red/HTTP en market data (HTTPError). Reintentando en 1.0 s
2026-07-07 02:57:32 | WARNING | trading_bot | Fallo de red/HTTP en market data (HTTPError). Reintentando en 1.0 s
2026-07-07 02:57:33 | WARNING | trading_bot | Fallo de red/HTTP en market data (HTTPError). Reintentando en 2.0 s
2026-07-07 02:57:33 | WARNING | trading_bot | Fallo de red/HTTP en market data (HTTPError). Reintentando en 2.0 s
2026-07-07 02:57:33 | WARNING | trading_bot | DataCollectorWorker error MELANIA/USD: 502 Server Error: Bad Gateway for url: https://testnet.binancefuture.com/fapi/v1/ticker/price?symbol=MELANIAUSDT
2026-07-07 02:57:35 | WARNING | trading_bot | Monitoreo fallido para cuenta Binance Demo: 502 Server Error: Bad Gateway for url: https://testnet.binancefuture.com/fapi/v1/ticker/price?symbol=VETUSDT
2026-07-07 02:57:36 | WARNING | trading_bot | Fallo de red/HTTP en market data (HTTPError). Reintentando en 1.0 s
2026-07-07 02:57:37 | WARNING | trading_bot | Fallo de red/HTTP en market data (HTTPError). Reintentando en 1.0 s
2026-07-07 02:57:37 | WARNING | trading_bot | Fallo de red/HTTP en market data (HTTPError). Reintentando en 2.0 s
2026-07-07 02:57:39 | WARNING | trading_bot | Fallo de red/HTTP en market data (HTTPError). Reintentando en 2.0 s
2026-07-07 02:57:41 | WARNING | trading_bot | DataCollectorWorker error VTHO/USD: 502 Server Error: Bad Gateway for url: https://testnet.binancefuture.com/fapi/v1/ticker/price?symbol=VTHOUSDT
2026-07-07 02:57:43 | WARNING | trading_bot | Fallo de red/HTTP en market data (HTTPError). Reintentando en 1.0 s
2026-07-07 02:57:44 | WARNING | trading_bot | Fallo de red/HTTP en market data (HTTPError). Reintentando en 2.0 s
2026-07-07 02:57:47 | WARNING | trading_bot | DataCollectorWorker error ANIME/USD: 502 Server Error: Bad Gateway for url: https://testnet.binancefuture.com/fapi/v1/ticker/price?symbol=ANIMEUSDT
2026-07-07 02:57:48 | WARNING | trading_bot | Fallo de red/HTTP en market data (HTTPError). Reintentando en 1.0 s
2026-07-07 02:57:50 | WARNING | trading_bot | Fallo de red/HTTP en market data (HTTPError). Reintentando en 2.0 s
2026-07-07 02:57:52 | WARNING | trading_bot | DataCollectorWorker error PIPPIN/USD: 502 Server Error: Bad Gateway for url: https://testnet.binancefuture.com/fapi/v1/ticker/price?symbol=PIPPINUSDT
2026-07-07 02:57:55 | WARNING | trading_bot | Fallo de red/HTTP en market data (HTTPError). Reintentando en 1.0 s
2026-07-07 02:57:57 | WARNING | trading_bot | Fallo de red/HTTP en market data (HTTPError). Reintentando en 2.0 s
2026-07-07 02:58:02 | WARNING | trading_bot | Fallo de red/HTTP en market data (HTTPError). Reintentando en 1.0 s
2026-07-07 02:58:03 | WARNING | trading_bot | Fallo de red/HTTP en market data (HTTPError). Reintentando en 2.0 s
2026-07-07 02:58:05 | WARNING | trading_bot | Monitoreo fallido para cuenta Binance Demo: 502 Server Error: Bad Gateway for url: https://testnet.binancefuture.com/fapi/v1/ticker/price?symbol=VETUSDT
2026-07-07 02:58:29 | WARNING | trading_bot | DataCollectorWorker error VINE/USD: 502 Server Error: Bad Gateway for url: https://testnet.binancefuture.com/fapi/v1/ticker/price?symbol=VINEUSDT
2026-07-07 02:58:32 | WARNING | trading_bot | Fallo de red/HTTP en market data (HTTPError). Reintentando en 1.0 s
2026-07-07 02:58:32 | WARNING | trading_bot | Fallo de red/HTTP en market data (HTTPError). Reintentando en 1.0 s
2026-07-07 02:58:33 | WARNING | trading_bot | Fallo de red/HTTP en market data (HTTPError). Reintentando en 2.0 s
2026-07-07 02:58:33 | WARNING | trading_bot | Fallo de red/HTTP en market data (HTTPError). Reintentando en 2.0 s
2026-07-07 02:58:33 | WARNING | trading_bot | Fallo de red/HTTP en market data (HTTPError). Reintentando en 1.0 s
2026-07-07 02:58:35 | WARNING | trading_bot | Fallo de red/HTTP en market data (HTTPError). Reintentando en 2.0 s
2026-07-07 02:58:35 | WARNING | trading_bot | Monitoreo fallido para cuenta Binance Demo: 502 Server Error: Bad Gateway for url: https://testnet.binancefuture.com/fapi/v1/ticker/price?symbol=VETUSDT
2026-07-07 02:58:36 | WARNING | trading_bot | Fallo de red/HTTP en market data (HTTPError). Reintentando en 1.0 s
2026-07-07 02:58:37 | WARNING | trading_bot | DataCollectorWorker error VVV/USD: 502 Server Error: Bad Gateway for url: https://testnet.binancefuture.com/fapi/v1/ticker/price?symbol=VVVUSDT
2026-07-07 02:58:37 | WARNING | trading_bot | Fallo de red/HTTP en market data (HTTPError). Reintentando en 2.0 s
2026-07-07 02:58:41 | WARNING | trading_bot | Fallo de red/HTTP en market data (HTTPError). Reintentando en 1.0 s
2026-07-07 02:58:43 | WARNING | trading_bot | Fallo de red/HTTP en market data (HTTPError). Reintentando en 2.0 s
2026-07-07 02:58:45 | WARNING | trading_bot | DataCollectorWorker error BERA/USD: 502 Server Error: Bad Gateway for url: https://testnet.binancefuture.com/fapi/v1/ticker/price?symbol=BERAUSDT
2026-07-07 02:58:48 | WARNING | trading_bot | Fallo de red/HTTP en market data (HTTPError). Reintentando en 1.0 s
2026-07-07 02:58:51 | WARNING | trading_bot | Fallo de red/HTTP en market data (HTTPError). Reintentando en 2.0 s
2026-07-07 02:58:54 | WARNING | trading_bot | DataCollectorWorker error TST/USD: 502 Server Error: Bad Gateway for url: https://testnet.binancefuture.com/fapi/v1/ticker/price?symbol=TSTUSDT
2026-07-07 02:59:02 | WARNING | trading_bot | Fallo de red/HTTP en market data (HTTPError). Reintentando en 1.0 s
2026-07-07 02:59:03 | WARNING | trading_bot | Fallo de red/HTTP en market data (HTTPError). Reintentando en 2.0 s
2026-07-07 02:59:05 | WARNING | trading_bot | Monitoreo fallido para cuenta Binance Demo: 502 Server Error: Bad Gateway for url: https://testnet.binancefuture.com/fapi/v1/ticker/price?symbol=VETUSDT
2026-07-07 02:59:32 | WARNING | trading_bot | Fallo de red/HTTP en market data (HTTPError). Reintentando en 1.0 s
2026-07-07 02:59:32 | WARNING | trading_bot | Fallo de red/HTTP en market data (HTTPError). Reintentando en 1.0 s
2026-07-07 02:59:32 | WARNING | trading_bot | Fallo de red/HTTP en market data (HTTPError). Reintentando en 1.0 s
2026-07-07 02:59:33 | WARNING | trading_bot | Fallo de red/HTTP en market data (HTTPError). Reintentando en 2.0 s
2026-07-07 02:59:33 | WARNING | trading_bot | Fallo de red/HTTP en market data (HTTPError). Reintentando en 2.0 s
2026-07-07 02:59:34 | WARNING | trading_bot | Fallo de red/HTTP en market data (HTTPError). Reintentando en 2.0 s
2026-07-07 02:59:35 | WARNING | trading_bot | Monitoreo fallido para cuenta Binance Demo: 502 Server Error: Bad Gateway for url: https://testnet.binancefuture.com/fapi/v1/ticker/price?symbol=VETUSDT
2026-07-07 02:59:36 | WARNING | trading_bot | DataCollectorWorker error LAYER/USD: 502 Server Error: Bad Gateway for url: https://testnet.binancefuture.com/fapi/v1/ticker/price?symbol=LAYERUSDT
2026-07-07 02:59:36 | WARNING | trading_bot | Fallo de red/HTTP en market data (HTTPError). Reintentando en 1.0 s
2026-07-07 02:59:38 | WARNING | trading_bot | Fallo de red/HTTP en market data (HTTPError). Reintentando en 2.0 s
2026-07-07 02:59:38 | WARNING | trading_bot | Fallo de red/HTTP en market data (HTTPError). Reintentando en 1.0 s
2026-07-07 02:59:41 | WARNING | trading_bot | Fallo de red/HTTP en market data (HTTPError). Reintentando en 2.0 s
2026-07-07 02:59:44 | WARNING | trading_bot | DataCollectorWorker error HEI/USD: 502 Server Error: Bad Gateway for url: https://testnet.binancefuture.com/fapi/v1/ticker/price?symbol=HEIUSDT
2026-07-07 02:59:46 | WARNING | trading_bot | Fallo de red/HTTP en market data (HTTPError). Reintentando en 1.0 s
2026-07-07 02:59:47 | WARNING | trading_bot | Fallo de red/HTTP en market data (HTTPError). Reintentando en 2.0 s
2026-07-07 02:59:50 | WARNING | trading_bot | DataCollectorWorker error IP/USD: 502 Server Error: Bad Gateway for url: https://testnet.binancefuture.com/fapi/v1/ticker/price?symbol=IPUSDT
2026-07-07 02:59:52 | WARNING | trading_bot | Fallo de red/HTTP en market data (HTTPError). Reintentando en 1.0 s
2026-07-07 02:59:54 | WARNING | trading_bot | Fallo de red/HTTP en market data (HTTPError). Reintentando en 2.0 s
2026-07-07 02:59:56 | WARNING | trading_bot | DataCollectorWorker error GPS/USD: 502 Server Error: Bad Gateway for url: https://testnet.binancefuture.com/fapi/v1/ticker/price?symbol=GPSUSDT
2026-07-07 03:00:02 | WARNING | trading_bot | Fallo de red/HTTP en market data (HTTPError). Reintentando en 1.0 s
2026-07-07 03:00:03 | WARNING | trading_bot | Fallo de red/HTTP en market data (HTTPError). Reintentando en 2.0 s
2026-07-07 03:00:05 | WARNING | trading_bot | Monitoreo fallido para cuenta Binance Demo: 502 Server Error: Bad Gateway for url: https://testnet.binancefuture.com/fapi/v1/ticker/price?symbol=VETUSDT
2026-07-07 04:21:46 | WARNING | trading_bot | Fallo de red/HTTP en market data (HTTPError). Reintentando en 1.0 s
2026-07-07 04:24:34 | WARNING | trading_bot | Fallo de red/HTTP en market data (ConnectionError). Reintentando en 1.0 s
2026-07-07 06:07:38 | WARNING | trading_bot | WebSocket reconnect triggered by CryptoVolumeManager
2026-07-07 06:07:38 | WARNING | trading_bot | Using fallback REST bars for AVAX/USD
2026-07-07 06:07:42 | WARNING | trading_bot | Using fallback REST bars for BTC/USD
2026-07-07 06:07:44 | WARNING | trading_bot | Using fallback REST bars for DOGE/USD
2026-07-07 06:07:48 | WARNING | trading_bot | Using fallback REST bars for ETH/USD
2026-07-07 06:08:42 | WARNING | trading_bot | WebSocket reconnect triggered by CryptoVolumeManager
2026-07-07 06:08:43 | WARNING | trading_bot | Using fallback REST bars for LINK/USD
2026-07-07 06:08:48 | WARNING | trading_bot | Using fallback REST bars for SOL/USD
2026-07-07 06:09:42 | WARNING | trading_bot | WebSocket reconnect triggered by CryptoVolumeManager
2026-07-07 06:09:42 | WARNING | trading_bot | Using fallback REST bars for XRP/USD
2026-07-07 06:13:54 | WARNING | trading_bot | Broker/API no disponible (HTTP 400). Reintentando en 8.0s...
2026-07-07 06:14:33 | WARNING | trading_bot | EMERGENCY MODE ACTIVADO: Health monitor detecto estado ERROR
2026-07-07 06:17:03 | WARNING | trading_bot | EMERGENCY MODE ACTIVADO: Health monitor detecto estado ERROR
2026-07-07 06:17:18 | WARNING | trading_bot | Broker/API no disponible (HTTP 400). Reintentando en 8.0s...
2026-07-07 06:18:03 | WARNING | trading_bot | Broker/API no disponible (HTTP 400). Reintentando en 8.0s...
2026-07-07 06:18:49 | WARNING | trading_bot | Broker/API no disponible (HTTP 400). Reintentando en 8.0s...
2026-07-07 06:19:47 | WARNING | trading_bot | Broker/API no disponible (HTTP 400). Reintentando en 8.0s...
2026-07-07 06:21:03 | WARNING | trading_bot | EMERGENCY MODE ACTIVADO: Health monitor detecto estado ERROR
2026-07-07 06:21:33 | WARNING | trading_bot | EMERGENCY MODE ACTIVADO: Health monitor detecto estado ERROR
2026-07-07 06:21:57 | WARNING | trading_bot | Fallo de red/HTTP en market data (ConnectionError). Reintentando en 1.0 s
2026-07-07 06:22:03 | WARNING | trading_bot | WebSocket reconnect triggered by CryptoVolumeManager
2026-07-07 06:22:03 | WARNING | trading_bot | Using fallback REST bars for AVAX/USD
2026-07-07 06:22:06 | WARNING | trading_bot | Using fallback REST bars for BTC/USD
2026-07-07 06:22:09 | WARNING | trading_bot | Using fallback REST bars for DOGE/USD
2026-07-07 06:22:17 | WARNING | trading_bot | No se pudo refrescar estado NYSE: HTTPSConnectionPool(host='www.nyse.com', port=443): Read timed out. (read timeout=20)
2026-07-07 06:22:59 | WARNING | trading_bot | WebSocket reconnect triggered by CryptoVolumeManager
2026-07-07 06:23:00 | WARNING | trading_bot | Using fallback REST bars for ETH/USD
2026-07-07 06:23:05 | WARNING | trading_bot | Using fallback REST bars for LINK/USD
2026-07-07 06:23:08 | WARNING | trading_bot | Using fallback REST bars for SOL/USD
2026-07-07 06:23:54 | WARNING | trading_bot | WebSocket reconnect triggered by CryptoVolumeManager
2026-07-07 06:23:56 | WARNING | trading_bot | Using fallback REST bars for XRP/USD
2026-07-07 06:23:59 | WARNING | trading_bot | EMERGENCY MODE ACTIVADO: Health monitor detecto estado ERROR
2026-07-07 06:35:10 | WARNING | trading_bot | No se pudo refrescar estado NYSE: HTTPSConnectionPool(host='www.nyse.com', port=443): Max retries exceeded with url: /markets/hours-calendars (Caused by NameResolutionError("HTTPSConnection(host='www.nyse.com', port=443): Failed to resolve 'www.nyse.com' ([Errno -3] Temporary failure in name resolution)"))
2026-07-07 06:35:14 | WARNING | trading_bot | WebSocket reconnect triggered by CryptoVolumeManager
2026-07-07 06:35:15 | WARNING | trading_bot | Using fallback REST bars for AVAX/USD
2026-07-07 06:35:18 | WARNING | trading_bot | Using fallback REST bars for BTC/USD
2026-07-07 06:35:21 | WARNING | trading_bot | Using fallback REST bars for DOGE/USD
2026-07-07 06:36:08 | WARNING | trading_bot | EMERGENCY MODE ACTIVADO: Health monitor detecto estado ERROR
2026-07-07 06:36:08 | WARNING | trading_bot | WebSocket reconnect triggered by CryptoVolumeManager
2026-07-07 06:36:09 | WARNING | trading_bot | Using fallback REST bars for ETH/USD
2026-07-07 06:36:14 | WARNING | trading_bot | Using fallback REST bars for LINK/USD
2026-07-07 06:36:19 | WARNING | trading_bot | WebSocket reconnect triggered by CryptoVolumeManager
2026-07-07 06:36:20 | WARNING | trading_bot | Using fallback REST bars for SOL/USD
2026-07-07 06:37:07 | WARNING | trading_bot | WebSocket reconnect triggered by CryptoVolumeManager
2026-07-07 06:37:08 | WARNING | trading_bot | EMERGENCY MODE ACTIVADO: Health monitor detecto estado ERROR
2026-07-07 06:37:08 | WARNING | trading_bot | Using fallback REST bars for XRP/USD
2026-07-07 06:38:08 | WARNING | trading_bot | EMERGENCY MODE ACTIVADO: Health monitor detecto estado ERROR
2026-07-07 06:39:08 | WARNING | trading_bot | EMERGENCY MODE ACTIVADO: Health monitor detecto estado ERROR
2026-07-07 06:40:08 | WARNING | trading_bot | EMERGENCY MODE ACTIVADO: Health monitor detecto estado ERROR
2026-07-07 06:41:08 | WARNING | trading_bot | EMERGENCY MODE ACTIVADO: Health monitor detecto estado ERROR
2026-07-07 06:42:08 | WARNING | trading_bot | EMERGENCY MODE ACTIVADO: Health monitor detecto estado ERROR
2026-07-07 06:43:08 | WARNING | trading_bot | EMERGENCY MODE ACTIVADO: Health monitor detecto estado ERROR
2026-07-07 06:44:08 | WARNING | trading_bot | EMERGENCY MODE ACTIVADO: Health monitor detecto estado ERROR
2026-07-07 06:45:08 | WARNING | trading_bot | EMERGENCY MODE ACTIVADO: Health monitor detecto estado ERROR
2026-07-07 06:46:08 | WARNING | trading_bot | EMERGENCY MODE ACTIVADO: Health monitor detecto estado ERROR
2026-07-07 06:47:08 | WARNING | trading_bot | EMERGENCY MODE ACTIVADO: Health monitor detecto estado ERROR
2026-07-07 06:48:08 | WARNING | trading_bot | EMERGENCY MODE ACTIVADO: Health monitor detecto estado ERROR
2026-07-07 06:49:08 | WARNING | trading_bot | EMERGENCY MODE ACTIVADO: Health monitor detecto estado ERROR
2026-07-07 06:50:08 | WARNING | trading_bot | EMERGENCY MODE ACTIVADO: Health monitor detecto estado ERROR
2026-07-07 06:51:08 | WARNING | trading_bot | EMERGENCY MODE ACTIVADO: Health monitor detecto estado ERROR
2026-07-07 06:52:08 | WARNING | trading_bot | EMERGENCY MODE ACTIVADO: Health monitor detecto estado ERROR
2026-07-07 06:53:08 | WARNING | trading_bot | EMERGENCY MODE ACTIVADO: Health monitor detecto estado ERROR
2026-07-07 06:53:11 | WARNING | trading_bot | Forzando cierre de la aplicacion por solicitud del usuario.
2026-07-07 06:53:45 | WARNING | trading_bot | WebSocket reconnect triggered by CryptoVolumeManager
2026-07-07 06:53:45 | WARNING | trading_bot | Using fallback REST bars for AVAX/USD
2026-07-07 06:53:48 | WARNING | trading_bot | Using fallback REST bars for BTC/USD
2026-07-07 06:54:23 | WARNING | trading_bot | WebSocket reconnect triggered by CryptoVolumeManager
2026-07-07 06:54:23 | WARNING | trading_bot | Using fallback REST bars for AVAX/USD
2026-07-07 06:54:26 | WARNING | trading_bot | Using fallback REST bars for BTC/USD
2026-07-07 06:54:27 | WARNING | trading_bot | WebSocket reconnect triggered by CryptoVolumeManager
2026-07-07 06:54:27 | WARNING | trading_bot | Using fallback REST bars for AVAX/USD
2026-07-07 06:54:28 | WARNING | trading_bot | Using fallback REST bars for DOGE/USD
2026-07-07 06:54:30 | WARNING | trading_bot | Using fallback REST bars for BTC/USD
2026-07-07 06:55:01 | WARNING | trading_bot | WebSocket reconnect triggered by CryptoVolumeManager
2026-07-07 06:55:01 | WARNING | trading_bot | Using fallback REST bars for AVAX/USD
2026-07-07 06:55:04 | WARNING | trading_bot | Using fallback REST bars for BTC/USD
2026-07-07 06:55:05 | WARNING | trading_bot | WebSocket reconnect triggered by CryptoVolumeManager
2026-07-07 06:55:05 | WARNING | trading_bot | Using fallback REST bars for AVAX/USD
2026-07-07 06:55:08 | WARNING | trading_bot | Using fallback REST bars for BTC/USD
2026-07-07 06:55:38 | WARNING | trading_bot | WebSocket reconnect triggered by CryptoVolumeManager
2026-07-07 06:55:38 | WARNING | trading_bot | Using fallback REST bars for AVAX/USD
2026-07-07 06:55:41 | WARNING | trading_bot | Using fallback REST bars for BTC/USD
2026-07-07 06:55:44 | WARNING | trading_bot | Using fallback REST bars for DOGE/USD
2026-07-07 06:55:45 | WARNING | trading_bot | WebSocket reconnect triggered by CryptoVolumeManager
2026-07-07 06:55:45 | WARNING | trading_bot | Using fallback REST bars for AVAX/USD
2026-07-07 06:55:48 | WARNING | trading_bot | Using fallback REST bars for BTC/USD
2026-07-07 06:56:16 | WARNING | trading_bot | WebSocket reconnect triggered by CryptoVolumeManager
2026-07-07 06:56:17 | WARNING | trading_bot | Using fallback REST bars for AVAX/USD
2026-07-07 06:56:19 | WARNING | trading_bot | Using fallback REST bars for BTC/USD
2026-07-07 06:56:22 | WARNING | trading_bot | WebSocket reconnect triggered by CryptoVolumeManager
2026-07-07 06:56:23 | WARNING | trading_bot | Using fallback REST bars for AVAX/USD
2026-07-07 06:56:26 | WARNING | trading_bot | Using fallback REST bars for BTC/USD
2026-07-07 06:56:57 | WARNING | trading_bot | WebSocket reconnect triggered by CryptoVolumeManager
2026-07-07 06:56:57 | WARNING | trading_bot | Using fallback REST bars for AVAX/USD
2026-07-07 06:56:58 | WARNING | trading_bot | Forzando cierre de la aplicacion por solicitud del usuario.
2026-07-07 06:57:00 | WARNING | trading_bot | Forzando cierre de la aplicacion por solicitud del usuario.
2026-07-07 06:57:00 | WARNING | trading_bot | Using fallback REST bars for BTC/USD
2026-07-07 06:58:27 | WARNING | trading_bot | WebSocket reconnect triggered by CryptoVolumeManager
2026-07-07 06:58:27 | WARNING | trading_bot | Using fallback REST bars for AVAX/USD
2026-07-07 06:58:30 | WARNING | trading_bot | Using fallback REST bars for BTC/USD
2026-07-07 06:58:50 | WARNING | trading_bot | Otra instancia del bot ya está activa. Cancelando segundo arranque.
2026-07-07 06:59:06 | WARNING | trading_bot | WebSocket reconnect triggered by CryptoVolumeManager
2026-07-07 06:59:06 | WARNING | trading_bot | Using fallback REST bars for AVAX/USD
2026-07-07 06:59:09 | WARNING | trading_bot | Using fallback REST bars for BTC/USD
2026-07-07 06:59:12 | WARNING | trading_bot | Using fallback REST bars for DOGE/USD
2026-07-07 06:59:53 | WARNING | trading_bot | WebSocket reconnect triggered by CryptoVolumeManager
2026-07-07 06:59:53 | WARNING | trading_bot | Using fallback REST bars for AVAX/USD
2026-07-07 06:59:56 | WARNING | trading_bot | Using fallback REST bars for BTC/USD
2026-07-07 06:59:59 | WARNING | trading_bot | Using fallback REST bars for DOGE/USD
2026-07-07 07:00:51 | WARNING | trading_bot | Binance LIMIT rechazada (400 Client Error: Bad Request for url: https://testnet.binancefuture.com/fapi/v1/order?symbol=DOGEUSDT&side=SELL&type=LIMIT&timeInForce=GTC&quantity=6702&price=0.0746&timestamp=1783422051025&recvWindow=5000&signature=696f5afb5b207ef5d46ea44804e94710d93c394cccd408d883498e6812b5e7e3 | response={"code":-2019,"msg":"Margin is insufficient."}). Reintentando MARKET para DOGEUSDT qty=6702
2026-07-07 07:00:52 | WARNING | trading_bot | WebSocket reconnect triggered by CryptoVolumeManager
2026-07-07 07:00:52 | WARNING | trading_bot | Using fallback REST bars for AVAX/USD
2026-07-07 07:00:55 | WARNING | trading_bot | Using fallback REST bars for BTC/USD
2026-07-07 07:00:57 | WARNING | trading_bot | Using fallback REST bars for DOGE/USD
2026-07-07 07:01:39 | WARNING | trading_bot | WebSocket reconnect triggered by CryptoVolumeManager
2026-07-07 07:01:40 | WARNING | trading_bot | Using fallback REST bars for AVAX/USD
2026-07-07 07:01:40 | WARNING | trading_bot | Binance LIMIT rechazada (400 Client Error: Bad Request for url: https://testnet.binancefuture.com/fapi/v1/order?symbol=DOGEUSDT&side=SELL&type=LIMIT&timeInForce=GTC&quantity=6705&price=0.07457&timestamp=1783422100185&recvWindow=5000&signature=55619cdf27d3bfbbdd11b65e6aaa49f41ae16d42f8e658a39f140e18aa44ef50 | response={"code":-2019,"msg":"Margin is insufficient."}). Reintentando MARKET para DOGEUSDT qty=6705
2026-07-07 07:01:43 | WARNING | trading_bot | Using fallback REST bars for BTC/USD
2026-07-07 07:01:46 | WARNING | trading_bot | Using fallback REST bars for DOGE/USD
2026-07-07 07:01:47 | WARNING | trading_bot | No se pudo aplicar leverage 2x en ZIL/USD: 400 Client Error: Bad Request for url: https://testnet.binancefuture.com/fapi/v1/leverage?symbol=ZILUSDT&leverage=2&timestamp=1783422107531&recvWindow=5000&signature=dacf444a94fc322c4ab249be2f3914ffa108e31f142053060e5e915ca6dfc60f | response={"code":-2028,"msg":"Leverage is smaller than permitted: insufficient margin balance."}
2026-07-07 07:01:59 | WARNING | trading_bot | WebSocket reconnect triggered by CryptoVolumeManager
2026-07-07 07:02:00 | WARNING | trading_bot | Using fallback REST bars for AVAX/USD
2026-07-07 07:02:01 | WARNING | trading_bot | Binance LIMIT rechazada (400 Client Error: Bad Request for url: https://testnet.binancefuture.com/fapi/v1/order?symbol=DOGEUSDT&side=SELL&type=LIMIT&timeInForce=GTC&quantity=6706&price=0.07456&timestamp=1783422120842&recvWindow=5000&signature=2a5645a25453fa78e5d157d7eeaf5ff5199a8a5f5287fa9406e7d8bcc7f0c53a | response={"code":-2019,"msg":"Margin is insufficient."}). Reintentando MARKET para DOGEUSDT qty=6706
2026-07-07 07:02:03 | WARNING | trading_bot | Using fallback REST bars for BTC/USD
2026-07-07 07:02:06 | WARNING | trading_bot | Using fallback REST bars for DOGE/USD
2026-07-07 07:03:48 | WARNING | trading_bot | WebSocket reconnect triggered by CryptoVolumeManager
2026-07-07 07:03:48 | WARNING | trading_bot | Using fallback REST bars for AVAX/USD
2026-07-07 07:03:51 | WARNING | trading_bot | Binance LIMIT rechazada (400 Client Error: Bad Request for url: https://testnet.binancefuture.com/fapi/v1/order?symbol=DOGEUSDT&side=SELL&type=LIMIT&timeInForce=GTC&quantity=6705&price=0.07457&timestamp=1783422231286&recvWindow=5000&signature=cbe902357e2c33e069014da26cd0938f2a96de68fa0936d49dcd891c5d964462 | response={"code":-2019,"msg":"Margin is insufficient."}). Reintentando MARKET para DOGEUSDT qty=6705
2026-07-07 07:03:51 | WARNING | trading_bot | Using fallback REST bars for BTC/USD
2026-07-07 07:03:54 | WARNING | trading_bot | Using fallback REST bars for DOGE/USD
2026-07-07 07:03:56 | WARNING | trading_bot | Binance LIMIT rechazada (400 Client Error: Bad Request for url: https://testnet.binancefuture.com/fapi/v1/order?symbol=SOLUSDT&side=SELL&type=LIMIT&timeInForce=GTC&quantity=6.18&price=80.87&timestamp=1783422236651&recvWindow=5000&signature=7c56da1d27d0036b5c3aca88951e16271d7c40626e223954f2d585c95632cd61 | response={"code":-2019,"msg":"Margin is insufficient."}). Reintentando MARKET para SOLUSDT qty=6.18
2026-07-07 07:03:58 | WARNING | trading_bot | Using fallback REST bars for ETH/USD
2026-07-07 07:04:48 | WARNING | trading_bot | WebSocket reconnect triggered by CryptoVolumeManager
2026-07-07 07:04:48 | WARNING | trading_bot | Using fallback REST bars for LINK/USD
2026-07-07 07:04:52 | WARNING | trading_bot | Using fallback REST bars for SOL/USD
2026-07-07 07:04:57 | WARNING | trading_bot | Using fallback REST bars for XRP/USD
2026-07-07 07:06:16 | WARNING | trading_bot | WebSocket reconnect triggered by CryptoVolumeManager
2026-07-07 07:06:16 | WARNING | trading_bot | Using fallback REST bars for AVAX/USD
2026-07-07 07:06:19 | WARNING | trading_bot | Using fallback REST bars for BTC/USD
2026-07-07 07:06:22 | WARNING | trading_bot | Using fallback REST bars for DOGE/USD
2026-07-07 07:06:25 | WARNING | trading_bot | Using fallback REST bars for ETH/USD
2026-07-07 07:07:21 | WARNING | trading_bot | WebSocket reconnect triggered by CryptoVolumeManager
2026-07-07 07:07:22 | WARNING | trading_bot | Using fallback REST bars for AVAX/USD
2026-07-07 07:07:25 | WARNING | trading_bot | Using fallback REST bars for BTC/USD
2026-07-07 07:07:28 | WARNING | trading_bot | Using fallback REST bars for DOGE/USD
2026-07-07 07:07:31 | WARNING | trading_bot | Using fallback REST bars for ETH/USD
2026-07-07 07:07:58 | WARNING | trading_bot | WebSocket reconnect triggered by CryptoVolumeManager
2026-07-07 07:07:58 | WARNING | trading_bot | Using fallback REST bars for AVAX/USD
2026-07-07 07:08:01 | WARNING | trading_bot | Using fallback REST bars for BTC/USD
2026-07-07 07:08:04 | WARNING | trading_bot | Using fallback REST bars for DOGE/USD
2026-07-07 07:08:04 | WARNING | trading_bot | Binance LIMIT rechazada (400 Client Error: Bad Request for url: https://testnet.binancefuture.com/fapi/v1/order?symbol=SOLUSDT&side=SELL&type=LIMIT&timeInForce=GTC&quantity=3.08&price=80.92&timestamp=1783422484326&recvWindow=5000&signature=f72683013063f74ee3b258a48983016b86556c14d8ef7356da0c9b7728486948 | response={"code":-2019,"msg":"Margin is insufficient."}). Reintentando MARKET para SOLUSDT qty=3.08
2026-07-07 07:08:07 | WARNING | trading_bot | Using fallback REST bars for ETH/USD
2026-07-07 07:08:08 | WARNING | trading_bot | Binance LIMIT rechazada (400 Client Error: Bad Request for url: https://testnet.binancefuture.com/fapi/v1/order?symbol=ZILUSDT&side=SELL&type=LIMIT&timeInForce=GTC&quantity=81940&price=0.003043&timestamp=1783422487776&recvWindow=5000&signature=29fe75235f7f66a0869e5edad2b29ac23a7305cca20b071f7fd305a603bb97a1 | response={"code":-2019,"msg":"Margin is insufficient."}). Reintentando MARKET para ZILUSDT qty=81940
2026-07-07 07:08:57 | WARNING | trading_bot | WebSocket reconnect triggered by CryptoVolumeManager
2026-07-07 07:08:58 | WARNING | trading_bot | Using fallback REST bars for LINK/USD
2026-07-07 07:09:02 | WARNING | trading_bot | Using fallback REST bars for SOL/USD
2026-07-07 07:09:06 | WARNING | trading_bot | Using fallback REST bars for XRP/USD
2026-07-07 07:09:57 | WARNING | trading_bot | Binance LIMIT rechazada (400 Client Error: Bad Request for url: https://testnet.binancefuture.com/fapi/v1/order?symbol=IOTAUSDT&side=SELL&type=LIMIT&timeInForce=GTC&quantity=6808.9&price=0.03662&timestamp=1783422597012&recvWindow=5000&signature=f30db20ab736a01f6c773700cce3b3a7f216015b9694564eb4f0f12c92c36909 | response={"code":-2019,"msg":"Margin is insufficient."}). Reintentando MARKET para IOTAUSDT qty=6808.9
2026-07-07 07:10:05 | WARNING | trading_bot | Binance LIMIT rechazada (400 Client Error: Bad Request for url: https://testnet.binancefuture.com/fapi/v1/order?symbol=IOSTUSDT&side=SELL&type=LIMIT&timeInForce=GTC&quantity=353680&price=0.000705&timestamp=1783422605001&recvWindow=5000&signature=7694fbf677a8a69f2b97d4e1fdfb6af5d5ca1b23bbe2cce2d859d5173e9745e7 | response={"code":-2019,"msg":"Margin is insufficient."}). Reintentando MARKET para IOSTUSDT qty=353680
2026-07-07 07:10:58 | WARNING | trading_bot | WebSocket reconnect triggered by CryptoVolumeManager
2026-07-07 07:10:58 | WARNING | trading_bot | Using fallback REST bars for SOL/USD
2026-07-07 07:11:11 | WARNING | trading_bot | Binance LIMIT rechazada (400 Client Error: Bad Request for url: https://testnet.binancefuture.com/fapi/v1/order?symbol=UNIUSDT&side=SELL&type=LIMIT&timeInForce=GTC&quantity=78&price=3.161&timestamp=1783422670901&recvWindow=5000&signature=270fa324c653ef2a55b6a487637d6e0c232bdd51315e49dffedf5449889d37c6 | response={"code":-2019,"msg":"Margin is insufficient."}). Reintentando MARKET para UNIUSDT qty=78
2026-07-07 07:11:14 | WARNING | trading_bot | Binance LIMIT rechazada (400 Client Error: Bad Request for url: https://testnet.binancefuture.com/fapi/v1/order?symbol=ENJUSDT&side=SELL&type=LIMIT&timeInForce=GTC&quantity=8322&price=0.02996&timestamp=1783422673956&recvWindow=5000&signature=fbfa9781e84411368b4ef5b7622c853b0e539c2b4719c1cdc290e4622de314c0 | response={"code":-2019,"msg":"Margin is insufficient."}). Reintentando MARKET para ENJUSDT qty=8322
2026-07-07 07:13:55 | WARNING | trading_bot | Binance LIMIT rechazada (400 Client Error: Bad Request for url: https://testnet.binancefuture.com/fapi/v1/order?symbol=IOTXUSDT&side=SELL&type=LIMIT&timeInForce=GTC&quantity=93492&price=0.002667&timestamp=1783422833849&recvWindow=5000&signature=97b824f1bf7a5cb3c337adfb4b67b9bd3ed6d4511b34ec5dae36b8412fe497d2 | response={"code":-2019,"msg":"Margin is insufficient."}). Reintentando MARKET para IOTXUSDT qty=93492
2026-07-07 07:15:56 | WARNING | trading_bot | WebSocket reconnect triggered by CryptoVolumeManager
2026-07-07 07:15:57 | WARNING | trading_bot | Using fallback REST bars for AVAX/USD
2026-07-07 07:15:58 | WARNING | trading_bot | No se pudo forzar marginType=ISOLATED para DOGEUSDT: 400 Client Error: Bad Request for url: https://testnet.binancefuture.com/fapi/v1/marginType?symbol=DOGEUSDT&marginType=ISOLATED&timestamp=1783422958062&recvWindow=5000&signature=43b3a03c462b15ffb52012249187519eb6a2b4042ee8c0a2a71f75257c34b292
2026-07-07 07:15:58 | WARNING | trading_bot | No se pudo forzar marginType=ISOLATED para DOGEUSDT: 400 Client Error: Bad Request for url: https://testnet.binancefuture.com/fapi/v1/marginType?symbol=DOGEUSDT&marginType=ISOLATED&timestamp=1783422958578&recvWindow=5000&signature=9a2090c074e9e4fbcc5ce607107672c238fd706c9ed3ffb1e2780a3b1cefb12d
2026-07-07 07:15:59 | WARNING | trading_bot | Binance LIMIT rechazada (400 Client Error: Bad Request for url: https://testnet.binancefuture.com/fapi/v1/order?symbol=DOGEUSDT&side=SELL&type=LIMIT&timeInForce=GTC&quantity=6710&price=0.07451&timestamp=1783422959205&recvWindow=5000&signature=226af6f9609c5e64da883bfb451472cad83a4727516b525dfd10cc1ce08b5c7d | response={"code":-2019,"msg":"Margin is insufficient."}). Reintentando MARKET para DOGEUSDT qty=6710
2026-07-07 07:15:59 | WARNING | trading_bot | No se pudo forzar marginType=ISOLATED para DOGEUSDT: 400 Client Error: Bad Request for url: https://testnet.binancefuture.com/fapi/v1/marginType?symbol=DOGEUSDT&marginType=ISOLATED&timestamp=1783422959418&recvWindow=5000&signature=f474cf319e99a8b206043c2a24274b8ffdbbe3cf0db3e69826dfacb1feaf3397
2026-07-07 07:16:00 | WARNING | trading_bot | Using fallback REST bars for BTC/USD
2026-07-07 07:16:02 | WARNING | trading_bot | Using fallback REST bars for DOGE/USD
2026-07-07 07:16:05 | WARNING | trading_bot | No se pudo forzar marginType=ISOLATED para SOLUSDT: 400 Client Error: Bad Request for url: https://testnet.binancefuture.com/fapi/v1/marginType?symbol=SOLUSDT&marginType=ISOLATED&timestamp=1783422964826&recvWindow=5000&signature=5866c6b6b7f108e583627f80837caabd419eac5e7a736e86a44531213fb76893
2026-07-07 07:16:05 | WARNING | trading_bot | No se pudo forzar marginType=ISOLATED para SOLUSDT: 400 Client Error: Bad Request for url: https://testnet.binancefuture.com/fapi/v1/marginType?symbol=SOLUSDT&marginType=ISOLATED&timestamp=1783422965263&recvWindow=5000&signature=ffcec5eebc0d7bee152a9af3a3fd6e4760207c61f0787d87b2856487556a002c
2026-07-07 07:16:05 | WARNING | trading_bot | Using fallback REST bars for ETH/USD
2026-07-07 07:16:06 | WARNING | trading_bot | Binance LIMIT rechazada (400 Client Error: Bad Request for url: https://testnet.binancefuture.com/fapi/v1/order?symbol=SOLUSDT&side=SELL&type=LIMIT&timeInForce=GTC&quantity=6.17&price=80.95&timestamp=1783422965890&recvWindow=5000&signature=423fa32148593bf7f861012ab772a3530fc695c52f8473c70f833a08ed7f5272 | response={"code":-2019,"msg":"Margin is insufficient."}). Reintentando MARKET para SOLUSDT qty=6.17
2026-07-07 07:16:06 | WARNING | trading_bot | No se pudo forzar marginType=ISOLATED para SOLUSDT: 400 Client Error: Bad Request for url: https://testnet.binancefuture.com/fapi/v1/marginType?symbol=SOLUSDT&marginType=ISOLATED&timestamp=1783422966112&recvWindow=5000&signature=4e4441fefbb449c49291496207509c61ce7260c8aa6b827e5546dcf447ef10be
2026-07-07 07:21:51 | WARNING | trading_bot | WebSocket reconnect triggered by CryptoVolumeManager
2026-07-07 07:21:52 | WARNING | trading_bot | Using fallback REST bars for AVAX/USD
2026-07-07 07:21:55 | WARNING | trading_bot | Using fallback REST bars for BTC/USD
2026-07-07 07:21:59 | WARNING | trading_bot | Using fallback REST bars for DOGE/USD
2026-07-07 07:22:01 | WARNING | trading_bot | Using fallback REST bars for ETH/USD
2026-07-07 07:22:45 | WARNING | trading_bot | WebSocket reconnect triggered by CryptoVolumeManager
2026-07-07 07:22:47 | WARNING | trading_bot | Using fallback REST bars for LINK/USD
2026-07-07 07:22:52 | WARNING | trading_bot | No se pudo forzar marginType=ISOLATED para SOLUSDT: 400 Client Error: Bad Request for url: https://testnet.binancefuture.com/fapi/v1/marginType?symbol=SOLUSDT&marginType=ISOLATED&timestamp=1783423370775&recvWindow=5000&signature=a7b03996f8f5b88b70d221423e2014c2a15022e59b02cf9f9b346523dae25c5a | body={"code":-4047,"msg":"Margin type cannot be changed if there exists open orders."}
2026-07-07 07:22:52 | WARNING | trading_bot | marginType=ISOLATED sigue sin confirmar para SOLUSDT (code=-4047). Bloqueando entradas nuevas.
2026-07-07 07:22:54 | WARNING | trading_bot | Using fallback REST bars for SOL/USD
2026-07-07 07:22:56 | WARNING | trading_bot | No se pudo forzar marginType=ISOLATED para ZILUSDT: 400 Client Error: Bad Request for url: https://testnet.binancefuture.com/fapi/v1/marginType?symbol=ZILUSDT&marginType=ISOLATED&timestamp=1783423376376&recvWindow=5000&signature=6baa6f3ba8f5d4c1d6357d24abb13cd4440848772549ed3a937e5215b21b9ef8 | body={"code":-4047,"msg":"Margin type cannot be changed if there exists open orders."}
2026-07-07 07:22:57 | WARNING | trading_bot | marginType=ISOLATED sigue sin confirmar para ZILUSDT (code=-4047). Bloqueando entradas nuevas.
2026-07-07 07:22:59 | WARNING | trading_bot | WebSocket reconnect triggered by CryptoVolumeManager
2026-07-07 07:22:59 | WARNING | trading_bot | No se pudo forzar marginType=ISOLATED para RVNUSDT: 400 Client Error: Bad Request for url: https://testnet.binancefuture.com/fapi/v1/marginType?symbol=RVNUSDT&marginType=ISOLATED&timestamp=1783423379349&recvWindow=5000&signature=cc4f1d69de39cb74b3ed58dae69dcc1f90a7cd747a95ddfb7cbe13d46b66097c | body={"code":-4047,"msg":"Margin type cannot be changed if there exists open orders."}
2026-07-07 07:22:59 | WARNING | trading_bot | Using fallback REST bars for XRP/USD
2026-07-07 07:23:00 | WARNING | trading_bot | marginType=ISOLATED sigue sin confirmar para RVNUSDT (code=-4047). Bloqueando entradas nuevas.
2026-07-07 07:23:02 | WARNING | trading_bot | No se pudo forzar marginType=ISOLATED para CTSIUSDT: 400 Client Error: Bad Request for url: https://testnet.binancefuture.com/fapi/v1/marginType?symbol=CTSIUSDT&marginType=ISOLATED&timestamp=1783423382485&recvWindow=5000&signature=3dfdd59abd97cbb45719b5242bba10a9aa76c1710cdaa60dcc49a15ac5401d1d | body={"code":-4047,"msg":"Margin type cannot be changed if there exists open orders."}
2026-07-07 07:30:56 | WARNING | trading_bot | WebSocket reconnect triggered by CryptoVolumeManager
2026-07-07 07:30:56 | WARNING | trading_bot | Using fallback REST bars for AVAX/USD
2026-07-07 07:30:59 | WARNING | trading_bot | Using fallback REST bars for BTC/USD
2026-07-07 07:31:02 | WARNING | trading_bot | Using fallback REST bars for DOGE/USD
2026-07-07 07:31:05 | WARNING | trading_bot | Using fallback REST bars for ETH/USD
2026-07-07 07:31:49 | WARNING | trading_bot | WebSocket reconnect triggered by CryptoVolumeManager
2026-07-07 07:31:50 | WARNING | trading_bot | Using fallback REST bars for LINK/USD
2026-07-07 07:31:57 | WARNING | trading_bot | Using fallback REST bars for SOL/USD
2026-07-07 07:32:01 | WARNING | trading_bot | WebSocket reconnect triggered by CryptoVolumeManager
2026-07-07 07:32:02 | WARNING | trading_bot | Using fallback REST bars for XRP/USD
2026-07-07 07:44:06 | WARNING | trading_bot | WebSocket reconnect triggered by CryptoVolumeManager
2026-07-07 07:44:07 | WARNING | trading_bot | Using fallback REST bars for AVAX/USD
2026-07-07 07:44:10 | WARNING | trading_bot | Using fallback REST bars for BTC/USD
2026-07-07 07:44:13 | WARNING | trading_bot | Using fallback REST bars for DOGE/USD
2026-07-07 07:44:16 | WARNING | trading_bot | Using fallback REST bars for ETH/USD
2026-07-07 07:45:03 | WARNING | trading_bot | WebSocket reconnect triggered by CryptoVolumeManager
2026-07-07 07:45:04 | WARNING | trading_bot | Using fallback REST bars for LINK/USD
2026-07-07 07:45:08 | WARNING | trading_bot | Using fallback REST bars for SOL/USD
2026-07-07 07:45:12 | WARNING | trading_bot | Using fallback REST bars for XRP/USD
2026-07-07 07:46:04 | WARNING | trading_bot | WebSocket reconnect triggered by CryptoVolumeManager
2026-07-07 07:46:04 | WARNING | trading_bot | Using fallback REST bars for AVAX/USD
2026-07-07 07:46:08 | WARNING | trading_bot | Using fallback REST bars for BTC/USD
2026-07-07 07:46:11 | WARNING | trading_bot | Using fallback REST bars for DOGE/USD
2026-07-07 07:46:15 | WARNING | trading_bot | WebSocket reconnect triggered by CryptoVolumeManager
2026-07-07 07:46:15 | WARNING | trading_bot | Using fallback REST bars for ETH/USD
2026-07-07 07:46:22 | WARNING | trading_bot | No se pudo refrescar estado NYSE: HTTPSConnectionPool(host='www.nyse.com', port=443): Read timed out. (read timeout=20)
2026-07-07 07:47:05 | WARNING | trading_bot | WebSocket reconnect triggered by CryptoVolumeManager
2026-07-07 07:47:06 | WARNING | trading_bot | Using fallback REST bars for LINK/USD
2026-07-07 07:47:06 | WARNING | trading_bot | Using fallback REST bars for SOL/USD
2026-07-07 07:47:09 | WARNING | trading_bot | Using fallback REST bars for SOL/USD
2026-07-07 07:47:14 | WARNING | trading_bot | Using fallback REST bars for XRP/USD
2026-07-07 11:21:47 | WARNING | trading_bot | Fallo de red/HTTP en market data (HTTPError). Reintentando en 1.0 s
2026-07-07 14:15:37 | WARNING | trading_bot | Fallo de red/HTTP en market data (ConnectionError). Reintentando en 1.0 s
2026-07-07 14:15:39 | WARNING | trading_bot | WebSocket reconnect triggered by CryptoVolumeManager
2026-07-07 14:15:39 | WARNING | trading_bot | Using fallback REST bars for AVAX/USD
2026-07-07 14:15:43 | WARNING | trading_bot | Using fallback REST bars for BTC/USD
2026-07-07 14:15:45 | WARNING | trading_bot | Using fallback REST bars for DOGE/USD
2026-07-07 14:15:48 | WARNING | trading_bot | Using fallback REST bars for ETH/USD
2026-07-07 14:15:57 | WARNING | trading_bot | No se pudo refrescar estado NYSE: HTTPSConnectionPool(host='www.nyse.com', port=443): Read timed out. (read timeout=20)
2026-07-07 14:16:33 | WARNING | trading_bot | WebSocket reconnect triggered by CryptoVolumeManager
2026-07-07 14:16:35 | WARNING | trading_bot | Using fallback REST bars for LINK/USD
2026-07-07 14:16:41 | WARNING | trading_bot | Using fallback REST bars for SOL/USD
2026-07-07 14:16:45 | WARNING | trading_bot | WebSocket reconnect triggered by CryptoVolumeManager
2026-07-07 14:16:45 | WARNING | trading_bot | Using fallback REST bars for XRP/USD
2026-07-07 14:27:54 | WARNING | trading_bot | Otra instancia del bot ya está activa. Cancelando segundo arranque.
2026-07-07 14:27:56 | WARNING | trading_bot | Fallo de red/HTTP en market data (ConnectionError). Reintentando en 1.0 s
2026-07-07 14:28:00 | WARNING | trading_bot | WebSocket reconnect triggered by CryptoVolumeManager
2026-07-07 14:28:00 | WARNING | trading_bot | Using fallback REST bars for AVAX/USD
2026-07-07 14:28:03 | WARNING | trading_bot | Using fallback REST bars for BTC/USD
2026-07-07 14:28:06 | WARNING | trading_bot | Using fallback REST bars for DOGE/USD
2026-07-07 14:28:10 | WARNING | trading_bot | Using fallback REST bars for ETH/USD
2026-07-07 14:28:16 | WARNING | trading_bot | No se pudo refrescar estado NYSE: HTTPSConnectionPool(host='www.nyse.com', port=443): Read timed out. (read timeout=20)
2026-07-07 14:28:56 | WARNING | trading_bot | WebSocket reconnect triggered by CryptoVolumeManager
2026-07-07 14:28:56 | WARNING | trading_bot | Using fallback REST bars for LINK/USD
2026-07-07 14:29:02 | WARNING | trading_bot | Using fallback REST bars for SOL/USD
2026-07-07 14:29:06 | WARNING | trading_bot | WebSocket reconnect triggered by CryptoVolumeManager
2026-07-07 14:29:06 | WARNING | trading_bot | Using fallback REST bars for XRP/USD
2026-07-07 14:29:30 | WARNING | trading_bot | WebSocket reconnect triggered by CryptoVolumeManager
2026-07-07 14:29:31 | WARNING | trading_bot | Using fallback REST bars for AVAX/USD
2026-07-07 14:29:33 | WARNING | trading_bot | Using fallback REST bars for BTC/USD
2026-07-07 14:29:37 | WARNING | trading_bot | Using fallback REST bars for DOGE/USD
2026-07-07 14:29:41 | WARNING | trading_bot | WebSocket reconnect triggered by CryptoVolumeManager
2026-07-07 14:29:41 | WARNING | trading_bot | Using fallback REST bars for ETH/USD
2026-07-07 14:30:28 | WARNING | trading_bot | WebSocket reconnect triggered by CryptoVolumeManager
2026-07-07 14:30:30 | WARNING | trading_bot | Using fallback REST bars for LINK/USD
2026-07-07 14:30:33 | WARNING | trading_bot | Using fallback REST bars for SOL/USD
2026-07-07 14:30:37 | WARNING | trading_bot | Using fallback REST bars for XRP/USD
2026-07-07 15:23:54 | WARNING | trading_bot | WebSocket reconnect triggered by CryptoVolumeManager
2026-07-07 15:23:56 | WARNING | trading_bot | Using fallback REST bars for AVAX/USD
2026-07-07 15:24:07 | WARNING | trading_bot | Fallo de red/HTTP en market data (ConnectionError). Reintentando en 1.0 s
2026-07-07 15:24:09 | WARNING | trading_bot | WebSocket reconnect triggered by CryptoVolumeManager
2026-07-07 15:24:10 | WARNING | trading_bot | Using fallback REST bars for AVAX/USD
2026-07-07 15:24:12 | WARNING | trading_bot | Using fallback REST bars for BTC/USD
2026-07-07 15:24:16 | WARNING | trading_bot | Using fallback REST bars for DOGE/USD
2026-07-07 15:24:19 | WARNING | trading_bot | Using fallback REST bars for ETH/USD
2026-07-07 15:24:27 | WARNING | trading_bot | No se pudo refrescar estado NYSE: HTTPSConnectionPool(host='www.nyse.com', port=443): Read timed out. (read timeout=20)
2026-07-07 15:25:08 | WARNING | trading_bot | WebSocket reconnect triggered by CryptoVolumeManager
2026-07-07 15:25:09 | WARNING | trading_bot | Using fallback REST bars for LINK/USD
2026-07-07 15:25:13 | WARNING | trading_bot | Using fallback REST bars for SOL/USD
2026-07-07 15:25:18 | WARNING | trading_bot | Using fallback REST bars for XRP/USD
2026-07-07 15:27:17 | WARNING | trading_bot | WebSocket reconnect triggered by CryptoVolumeManager
2026-07-07 15:27:17 | WARNING | trading_bot | Using fallback REST bars for AVAX/USD
2026-07-07 15:27:24 | WARNING | trading_bot | Using fallback REST bars for BTC/USD
2026-07-07 15:28:10 | WARNING | trading_bot | WebSocket reconnect triggered by CryptoVolumeManager
2026-07-07 15:28:10 | WARNING | trading_bot | Using fallback REST bars for DOGE/USD
2026-07-07 15:28:17 | WARNING | trading_bot | Using fallback REST bars for ETH/USD
2026-07-07 15:28:23 | WARNING | trading_bot | WebSocket reconnect triggered by CryptoVolumeManager
2026-07-07 15:28:23 | WARNING | trading_bot | Using fallback REST bars for LINK/USD
2026-07-07 15:29:09 | WARNING | trading_bot | WebSocket reconnect triggered by CryptoVolumeManager
2026-07-07 15:29:09 | WARNING | trading_bot | Using fallback REST bars for SOL/USD
2026-07-07 15:29:16 | WARNING | trading_bot | Using fallback REST bars for XRP/USD
2026-07-07 16:21:43 | WARNING | trading_bot | Fallo de red/HTTP en market data (HTTPError). Reintentando en 1.0 s
2026-07-07 17:05:03 | WARNING | trading_bot | Forzando cierre de la aplicacion por solicitud del usuario.
