2026-07-05 14:14:49 | INFO | trading_bot | Auto-ejecucion IA | BTC/USD | BUY_SMALL | score=63.53 | result=emergency_mode
2026-07-05 14:14:49 | INFO | trading_bot | Auto-ejecucion IA | ETH/USD | BUY_SMALL | score=72.82 | result=emergency_mode
2026-07-05 14:14:56 | INFO | trading_bot | Auto-ejecucion IA | SOL/USD | BUY_SMALL | score=72.39 | result=emergency_mode
2026-07-05 14:15:58 | WARNING | trading_bot | WebSocket stale detectado (trade_updates). Forzando reconexion controlada.
2026-07-05 14:15:58 | INFO | trading_bot | Alpaca stream trade_updates closed for Paper: status=None msg=None
2026-07-05 14:16:48 | WARNING | trading_bot | WebSocket stale detectado (trade_updates). Forzando reconexion controlada.
2026-07-05 14:16:48 | INFO | trading_bot | Alpaca stream trade_updates closed for Paper: status=None msg=None
2026-07-05 14:17:38 | WARNING | trading_bot | WebSocket stale detectado (trade_updates). Forzando reconexion controlada.
2026-07-05 14:17:38 | INFO | trading_bot | Alpaca stream trade_updates closed for Paper: status=None msg=None
2026-07-05 14:17:53 | WARNING | trading_bot | CRYPTO SOLUSD: Opening position with max_hold_time=30 minutes. Stop loss enabled.
2026-07-05 14:17:53 | WARNING | trading_bot | No se pudo crear salida inmediata para SOLUSD: 403 Client Error: Forbidden for url: https://paper-api.alpaca.markets/v2/orders
2026-07-05 14:18:28 | WARNING | trading_bot | WebSocket stale detectado (trade_updates). Forzando reconexion controlada.
2026-07-05 14:18:29 | INFO | trading_bot | Alpaca stream trade_updates closed for Paper: status=None msg=None
2026-07-05 14:19:19 | WARNING | trading_bot | WebSocket stale detectado (trade_updates). Forzando reconexion controlada.
2026-07-05 14:19:19 | INFO | trading_bot | Alpaca stream trade_updates closed for Paper: status=None msg=None
2026-07-05 14:20:09 | WARNING | trading_bot | WebSocket stale detectado (trade_updates). Forzando reconexion controlada.
2026-07-05 14:20:09 | INFO | trading_bot | Alpaca stream trade_updates closed for Paper: status=None msg=None
2026-07-05 14:20:59 | WARNING | trading_bot | WebSocket stale detectado (trade_updates). Forzando reconexion controlada.
2026-07-05 14:20:59 | INFO | trading_bot | Alpaca stream trade_updates closed for Paper: status=None msg=None
2026-07-05 14:21:49 | WARNING | trading_bot | WebSocket stale detectado (trade_updates). Forzando reconexion controlada.
2026-07-05 14:21:50 | INFO | trading_bot | Alpaca stream trade_updates closed for Paper: status=None msg=None
2026-07-05 14:22:39 | WARNING | trading_bot | WebSocket stale detectado (trade_updates). Forzando reconexion controlada.
2026-07-05 14:22:39 | INFO | trading_bot | Alpaca stream trade_updates closed for Paper: status=None msg=None
2026-07-05 14:23:29 | WARNING | trading_bot | WebSocket stale detectado (trade_updates). Forzando reconexion controlada.
2026-07-05 14:23:29 | INFO | trading_bot | Alpaca stream trade_updates closed for Paper: status=None msg=None
2026-07-05 14:24:19 | WARNING | trading_bot | WebSocket stale detectado (trade_updates). Forzando reconexion controlada.
2026-07-05 14:24:19 | INFO | trading_bot | Alpaca stream trade_updates closed for Paper: status=None msg=None
2026-07-05 14:25:09 | WARNING | trading_bot | WebSocket stale detectado (trade_updates). Forzando reconexion controlada.
2026-07-05 14:25:09 | INFO | trading_bot | Alpaca stream trade_updates closed for Paper: status=None msg=None
2026-07-05 14:25:21 | WARNING | trading_bot | CRYPTO SOLUSD: Opening position with max_hold_time=30 minutes. Stop loss enabled.
2026-07-05 14:25:21 | WARNING | trading_bot | No se pudo crear salida inmediata para SOLUSD: 403 Client Error: Forbidden for url: https://paper-api.alpaca.markets/v2/orders
2026-07-05 14:25:59 | WARNING | trading_bot | WebSocket stale detectado (trade_updates). Forzando reconexion controlada.
2026-07-05 14:25:59 | INFO | trading_bot | Alpaca stream trade_updates closed for Paper: status=None msg=None
2026-07-05 14:26:49 | WARNING | trading_bot | WebSocket stale detectado (trade_updates). Forzando reconexion controlada.
2026-07-05 14:26:50 | INFO | trading_bot | Alpaca stream trade_updates closed for Paper: status=None msg=None
2026-07-05 14:27:39 | WARNING | trading_bot | WebSocket stale detectado (trade_updates). Forzando reconexion controlada.
2026-07-05 14:27:39 | INFO | trading_bot | Alpaca stream trade_updates closed for Paper: status=None msg=None
2026-07-05 14:28:29 | WARNING | trading_bot | WebSocket stale detectado (trade_updates). Forzando reconexion controlada.
2026-07-05 14:28:29 | INFO | trading_bot | Alpaca stream trade_updates closed for Paper: status=None msg=None
2026-07-05 14:29:19 | WARNING | trading_bot | WebSocket stale detectado (trade_updates). Forzando reconexion controlada.
2026-07-05 14:29:19 | INFO | trading_bot | Alpaca stream trade_updates closed for Paper: status=None msg=None
2026-07-05 14:30:09 | WARNING | trading_bot | WebSocket stale detectado (trade_updates). Forzando reconexion controlada.
2026-07-05 14:30:09 | INFO | trading_bot | Alpaca stream trade_updates closed for Paper: status=None msg=None
2026-07-05 14:30:59 | WARNING | trading_bot | WebSocket stale detectado (trade_updates). Forzando reconexion controlada.
2026-07-05 14:30:59 | INFO | trading_bot | Alpaca stream trade_updates closed for Paper: status=None msg=None
2026-07-05 14:31:50 | WARNING | trading_bot | WebSocket stale detectado (trade_updates). Forzando reconexion controlada.
2026-07-05 14:31:51 | INFO | trading_bot | Alpaca stream trade_updates closed for Paper: status=None msg=None
2026-07-05 14:32:40 | WARNING | trading_bot | WebSocket stale detectado (trade_updates). Forzando reconexion controlada.
2026-07-05 14:32:40 | INFO | trading_bot | Alpaca stream trade_updates closed for Paper: status=None msg=None
2026-07-05 14:32:48 | WARNING | trading_bot | CRYPTO SOLUSD: Opening position with max_hold_time=30 minutes. Stop loss enabled.
2026-07-05 14:32:48 | WARNING | trading_bot | No se pudo crear salida inmediata para SOLUSD: 403 Client Error: Forbidden for url: https://paper-api.alpaca.markets/v2/orders
2026-07-05 14:33:30 | WARNING | trading_bot | WebSocket stale detectado (trade_updates). Forzando reconexion controlada.
2026-07-05 14:33:30 | INFO | trading_bot | Alpaca stream trade_updates closed for Paper: status=None msg=None
2026-07-05 14:34:20 | WARNING | trading_bot | WebSocket stale detectado (trade_updates). Forzando reconexion controlada.
2026-07-05 14:34:20 | INFO | trading_bot | Alpaca stream trade_updates closed for Paper: status=None msg=None
2026-07-05 14:35:10 | WARNING | trading_bot | WebSocket stale detectado (trade_updates). Forzando reconexion controlada.
2026-07-05 14:35:10 | INFO | trading_bot | Alpaca stream trade_updates closed for Paper: status=None msg=None
2026-07-05 14:36:00 | WARNING | trading_bot | WebSocket stale detectado (trade_updates). Forzando reconexion controlada.
2026-07-05 14:36:00 | INFO | trading_bot | Alpaca stream trade_updates closed for Paper: status=None msg=None
2026-07-05 14:36:50 | WARNING | trading_bot | WebSocket stale detectado (trade_updates). Forzando reconexion controlada.
2026-07-05 14:36:50 | INFO | trading_bot | Alpaca stream trade_updates closed for Paper: status=None msg=None
2026-07-05 14:37:40 | WARNING | trading_bot | WebSocket stale detectado (trade_updates). Forzando reconexion controlada.
2026-07-05 14:37:41 | INFO | trading_bot | Alpaca stream trade_updates closed for Paper: status=None msg=None
2026-07-05 14:38:30 | WARNING | trading_bot | WebSocket stale detectado (trade_updates). Forzando reconexion controlada.
2026-07-05 14:38:30 | INFO | trading_bot | Alpaca stream trade_updates closed for Paper: status=None msg=None
2026-07-05 14:39:20 | WARNING | trading_bot | WebSocket stale detectado (trade_updates). Forzando reconexion controlada.
2026-07-05 14:39:20 | INFO | trading_bot | Alpaca stream trade_updates closed for Paper: status=None msg=None
2026-07-05 14:40:10 | WARNING | trading_bot | WebSocket stale detectado (trade_updates). Forzando reconexion controlada.
2026-07-05 14:40:10 | INFO | trading_bot | Alpaca stream trade_updates closed for Paper: status=None msg=None
2026-07-05 14:40:16 | WARNING | trading_bot | CRYPTO SOLUSD: Opening position with max_hold_time=30 minutes. Stop loss enabled.
2026-07-05 14:40:16 | WARNING | trading_bot | No se pudo crear salida inmediata para SOLUSD: 403 Client Error: Forbidden for url: https://paper-api.alpaca.markets/v2/orders
2026-07-05 14:41:00 | WARNING | trading_bot | WebSocket stale detectado (trade_updates). Forzando reconexion controlada.
2026-07-05 14:41:00 | INFO | trading_bot | Alpaca stream trade_updates closed for Paper: status=None msg=None
2026-07-05 14:41:50 | WARNING | trading_bot | WebSocket stale detectado (trade_updates). Forzando reconexion controlada.
2026-07-05 14:41:50 | INFO | trading_bot | Alpaca stream trade_updates closed for Paper: status=None msg=None
2026-07-05 14:42:40 | WARNING | trading_bot | WebSocket stale detectado (trade_updates). Forzando reconexion controlada.
2026-07-05 14:42:40 | INFO | trading_bot | Alpaca stream trade_updates closed for Paper: status=None msg=None
2026-07-05 14:43:30 | WARNING | trading_bot | WebSocket stale detectado (trade_updates). Forzando reconexion controlada.
2026-07-05 14:43:30 | INFO | trading_bot | Alpaca stream trade_updates closed for Paper: status=None msg=None
2026-07-05 14:44:20 | WARNING | trading_bot | WebSocket stale detectado (trade_updates). Forzando reconexion controlada.
2026-07-05 14:44:21 | INFO | trading_bot | Alpaca stream trade_updates closed for Paper: status=None msg=None
2026-07-05 14:45:01 | WARNING | trading_bot | CRYPTO SOLUSD: Opening position with max_hold_time=30 minutes. Stop loss enabled.
2026-07-05 14:45:01 | WARNING | trading_bot | No se pudo crear salida inmediata para SOLUSD: 403 Client Error: Forbidden for url: https://paper-api.alpaca.markets/v2/orders
2026-07-05 14:45:11 | WARNING | trading_bot | WebSocket stale detectado (trade_updates). Forzando reconexion controlada.
2026-07-05 14:45:11 | INFO | trading_bot | Alpaca stream trade_updates closed for Paper: status=None msg=None
2026-07-05 14:46:05 | WARNING | trading_bot | WebSocket stale detectado (trade_updates). Forzando reconexion controlada.
2026-07-05 14:46:05 | INFO | trading_bot | Alpaca stream trade_updates closed for Paper: status=None msg=None
2026-07-05 14:46:55 | WARNING | trading_bot | WebSocket stale detectado (trade_updates). Forzando reconexion controlada.
2026-07-05 14:46:55 | INFO | trading_bot | Alpaca stream trade_updates closed for Paper: status=None msg=None
2026-07-05 14:47:45 | WARNING | trading_bot | WebSocket stale detectado (trade_updates). Forzando reconexion controlada.
2026-07-05 14:47:46 | INFO | trading_bot | Alpaca stream trade_updates closed for Paper: status=None msg=None
2026-07-05 14:48:35 | WARNING | trading_bot | WebSocket stale detectado (trade_updates). Forzando reconexion controlada.
2026-07-05 14:48:35 | INFO | trading_bot | Alpaca stream trade_updates closed for Paper: status=None msg=None
2026-07-05 14:49:25 | WARNING | trading_bot | WebSocket stale detectado (trade_updates). Forzando reconexion controlada.
2026-07-05 14:49:25 | INFO | trading_bot | Alpaca stream trade_updates closed for Paper: status=None msg=None
2026-07-05 14:50:15 | WARNING | trading_bot | WebSocket stale detectado (trade_updates). Forzando reconexion controlada.
2026-07-05 14:50:15 | INFO | trading_bot | Alpaca stream trade_updates closed for Paper: status=None msg=None
2026-07-05 14:51:06 | WARNING | trading_bot | WebSocket stale detectado (trade_updates). Forzando reconexion controlada.
2026-07-05 14:51:06 | INFO | trading_bot | Alpaca stream trade_updates closed for Paper: status=None msg=None
2026-07-05 14:51:56 | WARNING | trading_bot | WebSocket stale detectado (trade_updates). Forzando reconexion controlada.
2026-07-05 14:51:56 | INFO | trading_bot | Alpaca stream trade_updates closed for Paper: status=None msg=None
2026-07-05 14:52:46 | WARNING | trading_bot | WebSocket stale detectado (trade_updates). Forzando reconexion controlada.
2026-07-05 14:52:47 | INFO | trading_bot | Alpaca stream trade_updates closed for Paper: status=None msg=None
2026-07-05 14:53:36 | WARNING | trading_bot | WebSocket stale detectado (trade_updates). Forzando reconexion controlada.
2026-07-05 14:53:36 | INFO | trading_bot | Alpaca stream trade_updates closed for Paper: status=None msg=None
2026-07-05 14:54:04 | WARNING | trading_bot | CRYPTO SOLUSD: Opening position with max_hold_time=30 minutes. Stop loss enabled.
2026-07-05 14:54:04 | WARNING | trading_bot | No se pudo crear salida inmediata para SOLUSD: 403 Client Error: Forbidden for url: https://paper-api.alpaca.markets/v2/orders
2026-07-05 14:54:26 | WARNING | trading_bot | WebSocket stale detectado (trade_updates). Forzando reconexion controlada.
2026-07-05 14:54:27 | INFO | trading_bot | Alpaca stream trade_updates closed for Paper: status=None msg=None
2026-07-05 14:55:16 | WARNING | trading_bot | WebSocket stale detectado (trade_updates). Forzando reconexion controlada.
2026-07-05 14:55:18 | INFO | trading_bot | Alpaca stream trade_updates closed for Paper: status=None msg=None
2026-07-05 14:56:06 | WARNING | trading_bot | WebSocket stale detectado (trade_updates). Forzando reconexion controlada.
2026-07-05 14:56:06 | INFO | trading_bot | Alpaca stream trade_updates closed for Paper: status=None msg=None
2026-07-05 14:56:56 | WARNING | trading_bot | WebSocket stale detectado (trade_updates). Forzando reconexion controlada.
2026-07-05 14:56:56 | INFO | trading_bot | Alpaca stream trade_updates closed for Paper: status=None msg=None
2026-07-05 14:57:46 | WARNING | trading_bot | WebSocket stale detectado (trade_updates). Forzando reconexion controlada.
2026-07-05 14:57:46 | INFO | trading_bot | Alpaca stream trade_updates closed for Paper: status=None msg=None
2026-07-05 14:59:29 | WARNING | trading_bot | WebSocket stale detectado (trade_updates). Forzando reconexion controlada.
2026-07-05 14:59:29 | INFO | trading_bot | Alpaca stream trade_updates closed for Paper: status=None msg=None
2026-07-05 14:59:41 | WARNING | trading_bot | No se pudo reconciliar salida limit faltante para SOLUSD: 403 Client Error: Forbidden for url: https://paper-api.alpaca.markets/v2/orders
2026-07-05 14:59:41 | WARNING | trading_bot | No se pudo reconciliar salida limit faltante para SOLUSD: 403 Client Error: Forbidden for url: https://paper-api.alpaca.markets/v2/orders
2026-07-05 14:59:42 | WARNING | trading_bot | CRYPTO SOLUSD: Opening position with max_hold_time=30 minutes. Stop loss enabled.
2026-07-05 14:59:42 | WARNING | trading_bot | No se pudo crear salida inmediata para SOLUSD: 403 Client Error: Forbidden for url: https://paper-api.alpaca.markets/v2/orders
2026-07-05 15:00:19 | WARNING | trading_bot | WebSocket stale detectado (trade_updates). Forzando reconexion controlada.
2026-07-05 15:00:20 | INFO | trading_bot | Alpaca stream trade_updates closed for Paper: status=None msg=None
2026-07-05 15:01:09 | WARNING | trading_bot | WebSocket stale detectado (trade_updates). Forzando reconexion controlada.
2026-07-05 15:01:09 | INFO | trading_bot | Alpaca stream trade_updates closed for Paper: status=None msg=None
2026-07-05 15:01:59 | WARNING | trading_bot | WebSocket stale detectado (trade_updates). Forzando reconexion controlada.
2026-07-05 15:01:59 | INFO | trading_bot | Alpaca stream trade_updates closed for Paper: status=None msg=None
2026-07-05 15:02:49 | WARNING | trading_bot | WebSocket stale detectado (trade_updates). Forzando reconexion controlada.
2026-07-05 15:02:49 | INFO | trading_bot | Alpaca stream trade_updates closed for Paper: status=None msg=None
2026-07-05 15:03:39 | WARNING | trading_bot | WebSocket stale detectado (trade_updates). Forzando reconexion controlada.
2026-07-05 15:03:39 | INFO | trading_bot | Alpaca stream trade_updates closed for Paper: status=None msg=None
2026-07-05 15:04:29 | WARNING | trading_bot | WebSocket stale detectado (trade_updates). Forzando reconexion controlada.
2026-07-05 15:04:29 | INFO | trading_bot | Alpaca stream trade_updates closed for Paper: status=None msg=None
2026-07-05 15:05:19 | WARNING | trading_bot | WebSocket stale detectado (trade_updates). Forzando reconexion controlada.
2026-07-05 15:05:19 | INFO | trading_bot | Alpaca stream trade_updates closed for Paper: status=None msg=None
2026-07-05 15:05:56 | WARNING | trading_bot | CRYPTO SOLUSD: Opening position with max_hold_time=30 minutes. Stop loss enabled.
2026-07-05 15:05:56 | WARNING | trading_bot | No se pudo crear salida inmediata para SOLUSD: 403 Client Error: Forbidden for url: https://paper-api.alpaca.markets/v2/orders
2026-07-05 15:06:09 | WARNING | trading_bot | WebSocket stale detectado (trade_updates). Forzando reconexion controlada.
2026-07-05 15:06:09 | INFO | trading_bot | Alpaca stream trade_updates closed for Paper: status=None msg=None
2026-07-05 15:06:59 | WARNING | trading_bot | WebSocket stale detectado (trade_updates). Forzando reconexion controlada.
2026-07-05 15:06:59 | INFO | trading_bot | Alpaca stream trade_updates closed for Paper: status=None msg=None
2026-07-05 15:07:49 | WARNING | trading_bot | WebSocket stale detectado (trade_updates). Forzando reconexion controlada.
2026-07-05 15:07:49 | INFO | trading_bot | Alpaca stream trade_updates closed for Paper: status=None msg=None
2026-07-05 15:08:39 | WARNING | trading_bot | WebSocket stale detectado (trade_updates). Forzando reconexion controlada.
2026-07-05 15:08:39 | INFO | trading_bot | Alpaca stream trade_updates closed for Paper: status=None msg=None
2026-07-05 15:09:29 | WARNING | trading_bot | WebSocket stale detectado (trade_updates). Forzando reconexion controlada.
2026-07-05 15:09:29 | INFO | trading_bot | Alpaca stream trade_updates closed for Paper: status=None msg=None
2026-07-05 15:10:19 | WARNING | trading_bot | WebSocket stale detectado (trade_updates). Forzando reconexion controlada.
2026-07-05 15:10:19 | INFO | trading_bot | Alpaca stream trade_updates closed for Paper: status=None msg=None
2026-07-05 15:11:09 | WARNING | trading_bot | WebSocket stale detectado (trade_updates). Forzando reconexion controlada.
2026-07-05 15:11:09 | INFO | trading_bot | Alpaca stream trade_updates closed for Paper: status=None msg=None
2026-07-05 15:12:00 | WARNING | trading_bot | WebSocket stale detectado (trade_updates). Forzando reconexion controlada.
2026-07-05 15:12:00 | INFO | trading_bot | Alpaca stream trade_updates closed for Paper: status=None msg=None
2026-07-05 15:12:50 | WARNING | trading_bot | WebSocket stale detectado (trade_updates). Forzando reconexion controlada.
2026-07-05 15:12:50 | INFO | trading_bot | Alpaca stream trade_updates closed for Paper: status=None msg=None
2026-07-05 15:13:03 | WARNING | trading_bot | CRYPTO SOLUSD: Opening position with max_hold_time=30 minutes. Stop loss enabled.
2026-07-05 15:13:03 | WARNING | trading_bot | No se pudo crear salida inmediata para SOLUSD: 403 Client Error: Forbidden for url: https://paper-api.alpaca.markets/v2/orders
2026-07-05 15:13:40 | WARNING | trading_bot | WebSocket stale detectado (trade_updates). Forzando reconexion controlada.
2026-07-05 15:13:40 | INFO | trading_bot | Alpaca stream trade_updates closed for Paper: status=None msg=None
2026-07-05 15:14:30 | WARNING | trading_bot | WebSocket stale detectado (trade_updates). Forzando reconexion controlada.
2026-07-05 15:14:30 | INFO | trading_bot | Alpaca stream trade_updates closed for Paper: status=None msg=None
2026-07-05 15:15:20 | WARNING | trading_bot | WebSocket stale detectado (trade_updates). Forzando reconexion controlada.
2026-07-05 15:15:20 | INFO | trading_bot | Alpaca stream trade_updates closed for Paper: status=None msg=None
2026-07-05 15:16:10 | WARNING | trading_bot | WebSocket stale detectado (trade_updates). Forzando reconexion controlada.
2026-07-05 15:16:10 | INFO | trading_bot | Alpaca stream trade_updates closed for Paper: status=None msg=None
2026-07-05 15:17:00 | WARNING | trading_bot | WebSocket stale detectado (trade_updates). Forzando reconexion controlada.
2026-07-05 15:17:00 | INFO | trading_bot | Alpaca stream trade_updates closed for Paper: status=None msg=None
2026-07-05 15:17:50 | WARNING | trading_bot | WebSocket stale detectado (trade_updates). Forzando reconexion controlada.
2026-07-05 15:17:50 | INFO | trading_bot | Alpaca stream trade_updates closed for Paper: status=None msg=None
2026-07-05 15:18:08 | WARNING | trading_bot | CRYPTO SOLUSD: Opening position with max_hold_time=30 minutes. Stop loss enabled.
2026-07-05 15:18:08 | WARNING | trading_bot | No se pudo crear salida inmediata para SOLUSD: 403 Client Error: Forbidden for url: https://paper-api.alpaca.markets/v2/orders
2026-07-05 15:18:40 | WARNING | trading_bot | WebSocket stale detectado (trade_updates). Forzando reconexion controlada.
2026-07-05 15:18:40 | INFO | trading_bot | Alpaca stream trade_updates closed for Paper: status=None msg=None
2026-07-05 15:19:30 | WARNING | trading_bot | WebSocket stale detectado (trade_updates). Forzando reconexion controlada.
2026-07-05 15:19:30 | INFO | trading_bot | Alpaca stream trade_updates closed for Paper: status=None msg=None
2026-07-05 15:20:20 | WARNING | trading_bot | WebSocket stale detectado (trade_updates). Forzando reconexion controlada.
2026-07-05 15:20:20 | INFO | trading_bot | Alpaca stream trade_updates closed for Paper: status=None msg=None
2026-07-05 15:21:10 | WARNING | trading_bot | WebSocket stale detectado (trade_updates). Forzando reconexion controlada.
2026-07-05 15:21:10 | INFO | trading_bot | Alpaca stream trade_updates closed for Paper: status=None msg=None
2026-07-05 15:22:00 | WARNING | trading_bot | WebSocket stale detectado (trade_updates). Forzando reconexion controlada.
2026-07-05 15:22:00 | INFO | trading_bot | Alpaca stream trade_updates closed for Paper: status=None msg=None
2026-07-05 15:22:50 | WARNING | trading_bot | WebSocket stale detectado (trade_updates). Forzando reconexion controlada.
2026-07-05 15:22:50 | INFO | trading_bot | Alpaca stream trade_updates closed for Paper: status=None msg=None
2026-07-05 15:23:40 | WARNING | trading_bot | WebSocket stale detectado (trade_updates). Forzando reconexion controlada.
2026-07-05 15:23:40 | INFO | trading_bot | Alpaca stream trade_updates closed for Paper: status=None msg=None
2026-07-05 15:24:30 | WARNING | trading_bot | WebSocket stale detectado (trade_updates). Forzando reconexion controlada.
2026-07-05 15:24:30 | INFO | trading_bot | Alpaca stream trade_updates closed for Paper: status=None msg=None
2026-07-05 15:25:21 | WARNING | trading_bot | WebSocket stale detectado (trade_updates). Forzando reconexion controlada.
2026-07-05 15:25:22 | INFO | trading_bot | Alpaca stream trade_updates closed for Paper: status=None msg=None
2026-07-05 15:26:35 | WARNING | trading_bot | WebSocket stale detectado (trade_updates). Forzando reconexion controlada.
2026-07-05 15:26:35 | INFO | trading_bot | Alpaca stream trade_updates closed for Paper: status=None msg=None
2026-07-05 15:27:25 | WARNING | trading_bot | WebSocket stale detectado (trade_updates). Forzando reconexion controlada.
2026-07-05 15:27:26 | INFO | trading_bot | Alpaca stream trade_updates closed for Paper: status=None msg=None
2026-07-05 15:27:49 | WARNING | trading_bot | CRYPTO SOLUSD: Opening position with max_hold_time=30 minutes. Stop loss enabled.
2026-07-05 15:27:49 | WARNING | trading_bot | No se pudo crear salida inmediata para SOLUSD: 403 Client Error: Forbidden for url: https://paper-api.alpaca.markets/v2/orders
2026-07-05 15:28:15 | WARNING | trading_bot | WebSocket stale detectado (trade_updates). Forzando reconexion controlada.
2026-07-05 15:28:15 | INFO | trading_bot | Alpaca stream trade_updates closed for Paper: status=None msg=None
2026-07-05 15:29:05 | WARNING | trading_bot | WebSocket stale detectado (trade_updates). Forzando reconexion controlada.
2026-07-05 15:29:05 | INFO | trading_bot | Alpaca stream trade_updates closed for Paper: status=None msg=None
2026-07-05 15:29:55 | WARNING | trading_bot | WebSocket stale detectado (trade_updates). Forzando reconexion controlada.
2026-07-05 15:29:55 | INFO | trading_bot | Alpaca stream trade_updates closed for Paper: status=None msg=None
2026-07-05 15:30:45 | WARNING | trading_bot | WebSocket stale detectado (trade_updates). Forzando reconexion controlada.
2026-07-05 15:30:45 | INFO | trading_bot | Alpaca stream trade_updates closed for Paper: status=None msg=None
2026-07-05 15:31:35 | WARNING | trading_bot | WebSocket stale detectado (trade_updates). Forzando reconexion controlada.
2026-07-05 15:31:35 | INFO | trading_bot | Alpaca stream trade_updates closed for Paper: status=None msg=None
2026-07-05 15:32:25 | WARNING | trading_bot | WebSocket stale detectado (trade_updates). Forzando reconexion controlada.
2026-07-05 15:32:25 | INFO | trading_bot | Alpaca stream trade_updates closed for Paper: status=None msg=None
2026-07-05 15:33:17 | WARNING | trading_bot | WebSocket stale detectado (trade_updates). Forzando reconexion controlada.
2026-07-05 15:33:17 | INFO | trading_bot | Alpaca stream trade_updates closed for Paper: status=None msg=None
2026-07-05 15:34:07 | WARNING | trading_bot | WebSocket stale detectado (trade_updates). Forzando reconexion controlada.
2026-07-05 15:34:08 | INFO | trading_bot | Alpaca stream trade_updates closed for Paper: status=None msg=None
2026-07-05 15:34:52 | WARNING | trading_bot | CRYPTO SOLUSD: Opening position with max_hold_time=30 minutes. Stop loss enabled.
2026-07-05 15:34:52 | WARNING | trading_bot | No se pudo crear salida inmediata para SOLUSD: 403 Client Error: Forbidden for url: https://paper-api.alpaca.markets/v2/orders
2026-07-05 15:34:57 | WARNING | trading_bot | WebSocket stale detectado (trade_updates). Forzando reconexion controlada.
2026-07-05 15:35:00 | INFO | trading_bot | Alpaca stream trade_updates closed for Paper: status=None msg=None
2026-07-05 15:35:47 | WARNING | trading_bot | WebSocket stale detectado (trade_updates). Forzando reconexion controlada.
2026-07-05 15:35:47 | INFO | trading_bot | Alpaca stream trade_updates closed for Paper: status=None msg=None
2026-07-05 15:36:37 | WARNING | trading_bot | WebSocket stale detectado (trade_updates). Forzando reconexion controlada.
2026-07-05 15:36:37 | INFO | trading_bot | Alpaca stream trade_updates closed for Paper: status=None msg=None
2026-07-05 15:37:27 | WARNING | trading_bot | WebSocket stale detectado (trade_updates). Forzando reconexion controlada.
2026-07-05 15:37:27 | INFO | trading_bot | Alpaca stream trade_updates closed for Paper: status=None msg=None
2026-07-05 15:38:18 | WARNING | trading_bot | WebSocket stale detectado (trade_updates). Forzando reconexion controlada.
2026-07-05 15:38:18 | INFO | trading_bot | Alpaca stream trade_updates closed for Paper: status=None msg=None
2026-07-05 15:39:08 | WARNING | trading_bot | WebSocket stale detectado (trade_updates). Forzando reconexion controlada.
2026-07-05 15:39:08 | INFO | trading_bot | Alpaca stream trade_updates closed for Paper: status=None msg=None
2026-07-05 15:39:58 | WARNING | trading_bot | WebSocket stale detectado (trade_updates). Forzando reconexion controlada.
2026-07-05 15:39:58 | INFO | trading_bot | Alpaca stream trade_updates closed for Paper: status=None msg=None
2026-07-05 15:40:48 | WARNING | trading_bot | WebSocket stale detectado (trade_updates). Forzando reconexion controlada.
2026-07-05 15:40:49 | INFO | trading_bot | Alpaca stream trade_updates closed for Paper: status=None msg=None
2026-07-05 15:41:38 | WARNING | trading_bot | WebSocket stale detectado (trade_updates). Forzando reconexion controlada.
2026-07-05 15:41:38 | INFO | trading_bot | Alpaca stream trade_updates closed for Paper: status=None msg=None
2026-07-05 15:42:06 | WARNING | trading_bot | CRYPTO SOLUSD: Opening position with max_hold_time=30 minutes. Stop loss enabled.
2026-07-05 15:42:06 | WARNING | trading_bot | No se pudo crear salida inmediata para SOLUSD: 403 Client Error: Forbidden for url: https://paper-api.alpaca.markets/v2/orders
2026-07-05 15:42:28 | WARNING | trading_bot | WebSocket stale detectado (trade_updates). Forzando reconexion controlada.
2026-07-05 15:42:29 | INFO | trading_bot | Alpaca stream trade_updates closed for Paper: status=None msg=None
2026-07-05 15:43:18 | WARNING | trading_bot | WebSocket stale detectado (trade_updates). Forzando reconexion controlada.
2026-07-05 15:43:18 | INFO | trading_bot | Alpaca stream trade_updates closed for Paper: status=None msg=None
2026-07-05 15:44:08 | WARNING | trading_bot | WebSocket stale detectado (trade_updates). Forzando reconexion controlada.
2026-07-05 15:44:09 | INFO | trading_bot | Alpaca stream trade_updates closed for Paper: status=None msg=None
2026-07-05 15:44:58 | WARNING | trading_bot | WebSocket stale detectado (trade_updates). Forzando reconexion controlada.
2026-07-05 15:44:58 | INFO | trading_bot | Alpaca stream trade_updates closed for Paper: status=None msg=None
2026-07-05 15:45:48 | WARNING | trading_bot | WebSocket stale detectado (trade_updates). Forzando reconexion controlada.
2026-07-05 15:45:48 | INFO | trading_bot | Alpaca stream trade_updates closed for Paper: status=None msg=None
2026-07-05 15:47:16 | WARNING | trading_bot | WebSocket stale detectado (trade_updates). Forzando reconexion controlada.
2026-07-05 15:47:16 | INFO | trading_bot | Alpaca stream trade_updates closed for Paper: status=None msg=None
2026-07-05 15:48:06 | WARNING | trading_bot | WebSocket stale detectado (trade_updates). Forzando reconexion controlada.
2026-07-05 15:48:06 | INFO | trading_bot | Alpaca stream trade_updates closed for Paper: status=None msg=None
2026-07-05 15:49:38 | WARNING | trading_bot | CRYPTO SOLUSD: Opening position with max_hold_time=30 minutes. Stop loss enabled.
2026-07-05 15:49:39 | WARNING | trading_bot | No se pudo crear salida inmediata para SOLUSD: 403 Client Error: Forbidden for url: https://paper-api.alpaca.markets/v2/orders
2026-07-05 15:49:45 | WARNING | trading_bot | WebSocket stale detectado (trade_updates). Forzando reconexion controlada.
2026-07-05 15:49:46 | INFO | trading_bot | Alpaca stream trade_updates closed for Paper: status=None msg=None
2026-07-05 15:50:36 | WARNING | trading_bot | WebSocket stale detectado (trade_updates). Forzando reconexion controlada.
2026-07-05 15:50:37 | INFO | trading_bot | Alpaca stream trade_updates closed for Paper: status=None msg=None
2026-07-05 15:51:26 | WARNING | trading_bot | WebSocket stale detectado (trade_updates). Forzando reconexion controlada.
2026-07-05 15:51:26 | INFO | trading_bot | Alpaca stream trade_updates closed for Paper: status=None msg=None
2026-07-05 15:52:16 | WARNING | trading_bot | WebSocket stale detectado (trade_updates). Forzando reconexion controlada.
2026-07-05 15:52:16 | INFO | trading_bot | Alpaca stream trade_updates closed for Paper: status=None msg=None
2026-07-05 15:53:06 | WARNING | trading_bot | WebSocket stale detectado (trade_updates). Forzando reconexion controlada.
2026-07-05 15:53:06 | INFO | trading_bot | Alpaca stream trade_updates closed for Paper: status=None msg=None
2026-07-05 15:53:56 | WARNING | trading_bot | WebSocket stale detectado (trade_updates). Forzando reconexion controlada.
2026-07-05 15:53:56 | INFO | trading_bot | Alpaca stream trade_updates closed for Paper: status=None msg=None
2026-07-05 15:54:46 | WARNING | trading_bot | WebSocket stale detectado (trade_updates). Forzando reconexion controlada.
2026-07-05 15:54:46 | INFO | trading_bot | Alpaca stream trade_updates closed for Paper: status=None msg=None
2026-07-05 15:55:36 | WARNING | trading_bot | WebSocket stale detectado (trade_updates). Forzando reconexion controlada.
2026-07-05 15:55:36 | INFO | trading_bot | Alpaca stream trade_updates closed for Paper: status=None msg=None
2026-07-05 15:57:16 | WARNING | trading_bot | CRYPTO SOLUSD: Opening position with max_hold_time=30 minutes. Stop loss enabled.
2026-07-05 15:57:17 | WARNING | trading_bot | No se pudo crear salida inmediata para SOLUSD: 403 Client Error: Forbidden for url: https://paper-api.alpaca.markets/v2/orders
2026-07-05 15:57:23 | WARNING | trading_bot | WebSocket stale detectado (trade_updates). Forzando reconexion controlada.
2026-07-05 15:57:23 | INFO | trading_bot | Alpaca stream trade_updates closed for Paper: status=None msg=None
2026-07-05 15:58:13 | WARNING | trading_bot | WebSocket stale detectado (trade_updates). Forzando reconexion controlada.
2026-07-05 15:58:13 | INFO | trading_bot | Alpaca stream trade_updates closed for Paper: status=None msg=None
2026-07-05 15:59:03 | WARNING | trading_bot | WebSocket stale detectado (trade_updates). Forzando reconexion controlada.
2026-07-05 15:59:03 | INFO | trading_bot | Alpaca stream trade_updates closed for Paper: status=None msg=None
2026-07-05 15:59:53 | WARNING | trading_bot | WebSocket stale detectado (trade_updates). Forzando reconexion controlada.
2026-07-05 15:59:53 | INFO | trading_bot | Alpaca stream trade_updates closed for Paper: status=None msg=None
2026-07-05 16:00:43 | WARNING | trading_bot | WebSocket stale detectado (trade_updates). Forzando reconexion controlada.
2026-07-05 16:00:43 | INFO | trading_bot | Alpaca stream trade_updates closed for Paper: status=None msg=None
2026-07-05 16:02:08 | WARNING | trading_bot | WebSocket stale detectado (trade_updates). Forzando reconexion controlada.
2026-07-05 16:02:08 | INFO | trading_bot | Alpaca stream trade_updates closed for Paper: status=None msg=None
2026-07-05 16:02:58 | WARNING | trading_bot | WebSocket stale detectado (trade_updates). Forzando reconexion controlada.
2026-07-05 16:02:58 | INFO | trading_bot | Alpaca stream trade_updates closed for Paper: status=None msg=None
2026-07-05 16:03:48 | WARNING | trading_bot | WebSocket stale detectado (trade_updates). Forzando reconexion controlada.
2026-07-05 16:03:49 | INFO | trading_bot | Alpaca stream trade_updates closed for Paper: status=None msg=None
2026-07-05 16:04:38 | WARNING | trading_bot | WebSocket stale detectado (trade_updates). Forzando reconexion controlada.
2026-07-05 16:04:38 | INFO | trading_bot | Alpaca stream trade_updates closed for Paper: status=None msg=None
2026-07-05 16:05:04 | WARNING | trading_bot | CRYPTO SOLUSD: Opening position with max_hold_time=30 minutes. Stop loss enabled.
2026-07-05 16:05:04 | WARNING | trading_bot | No se pudo crear salida inmediata para SOLUSD: 403 Client Error: Forbidden for url: https://paper-api.alpaca.markets/v2/orders
2026-07-05 16:05:28 | WARNING | trading_bot | WebSocket stale detectado (trade_updates). Forzando reconexion controlada.
2026-07-05 16:05:28 | INFO | trading_bot | Alpaca stream trade_updates closed for Paper: status=None msg=None
2026-07-05 16:06:18 | WARNING | trading_bot | WebSocket stale detectado (trade_updates). Forzando reconexion controlada.
2026-07-05 16:06:18 | INFO | trading_bot | Alpaca stream trade_updates closed for Paper: status=None msg=None
2026-07-05 16:07:08 | WARNING | trading_bot | WebSocket stale detectado (trade_updates). Forzando reconexion controlada.
2026-07-05 16:07:08 | INFO | trading_bot | Alpaca stream trade_updates closed for Paper: status=None msg=None
2026-07-05 16:08:14 | WARNING | trading_bot | WebSocket stale detectado (trade_updates). Forzando reconexion controlada.
2026-07-05 16:08:14 | INFO | trading_bot | Alpaca stream trade_updates closed for Paper: status=None msg=None
2026-07-05 16:09:04 | WARNING | trading_bot | WebSocket stale detectado (trade_updates). Forzando reconexion controlada.
2026-07-05 16:09:05 | INFO | trading_bot | Alpaca stream trade_updates closed for Paper: status=None msg=None
2026-07-05 16:09:54 | WARNING | trading_bot | WebSocket stale detectado (trade_updates). Forzando reconexion controlada.
2026-07-05 16:09:56 | INFO | trading_bot | Alpaca stream trade_updates closed for Paper: status=None msg=None
2026-07-05 16:10:44 | WARNING | trading_bot | WebSocket stale detectado (trade_updates). Forzando reconexion controlada.
2026-07-05 16:10:44 | INFO | trading_bot | Alpaca stream trade_updates closed for Paper: status=None msg=None
2026-07-05 16:10:49 | WARNING | trading_bot | CRYPTO SOLUSD: Opening position with max_hold_time=30 minutes. Stop loss enabled.
2026-07-05 16:10:50 | WARNING | trading_bot | No se pudo crear salida inmediata para SOLUSD: 403 Client Error: Forbidden for url: https://paper-api.alpaca.markets/v2/orders
2026-07-05 16:11:34 | WARNING | trading_bot | WebSocket stale detectado (trade_updates). Forzando reconexion controlada.
2026-07-05 16:11:34 | INFO | trading_bot | Alpaca stream trade_updates closed for Paper: status=None msg=None
2026-07-05 16:12:24 | WARNING | trading_bot | WebSocket stale detectado (trade_updates). Forzando reconexion controlada.
2026-07-05 16:12:25 | INFO | trading_bot | Alpaca stream trade_updates closed for Paper: status=None msg=None
2026-07-05 16:13:14 | WARNING | trading_bot | WebSocket stale detectado (trade_updates). Forzando reconexion controlada.
2026-07-05 16:13:14 | INFO | trading_bot | Alpaca stream trade_updates closed for Paper: status=None msg=None
2026-07-05 16:14:04 | WARNING | trading_bot | WebSocket stale detectado (trade_updates). Forzando reconexion controlada.
2026-07-05 16:14:04 | INFO | trading_bot | Alpaca stream trade_updates closed for Paper: status=None msg=None
2026-07-05 16:14:54 | WARNING | trading_bot | WebSocket stale detectado (trade_updates). Forzando reconexion controlada.
2026-07-05 16:14:54 | INFO | trading_bot | Alpaca stream trade_updates closed for Paper: status=None msg=None
2026-07-05 16:15:44 | WARNING | trading_bot | WebSocket stale detectado (trade_updates). Forzando reconexion controlada.
2026-07-05 16:15:44 | INFO | trading_bot | Alpaca stream trade_updates closed for Paper: status=None msg=None
2026-07-05 16:16:34 | WARNING | trading_bot | WebSocket stale detectado (trade_updates). Forzando reconexion controlada.
2026-07-05 16:16:34 | INFO | trading_bot | Alpaca stream trade_updates closed for Paper: status=None msg=None
2026-07-05 16:17:24 | WARNING | trading_bot | WebSocket stale detectado (trade_updates). Forzando reconexion controlada.
2026-07-05 16:17:24 | INFO | trading_bot | Alpaca stream trade_updates closed for Paper: status=None msg=None
2026-07-05 16:17:36 | WARNING | trading_bot | CRYPTO SOLUSD: Opening position with max_hold_time=30 minutes. Stop loss enabled.
2026-07-05 16:17:36 | WARNING | trading_bot | No se pudo crear salida inmediata para SOLUSD: 403 Client Error: Forbidden for url: https://paper-api.alpaca.markets/v2/orders
2026-07-05 16:18:14 | WARNING | trading_bot | WebSocket stale detectado (trade_updates). Forzando reconexion controlada.
2026-07-05 16:18:14 | INFO | trading_bot | Alpaca stream trade_updates closed for Paper: status=None msg=None
2026-07-05 16:19:05 | WARNING | trading_bot | WebSocket stale detectado (trade_updates). Forzando reconexion controlada.
2026-07-05 16:19:06 | INFO | trading_bot | Alpaca stream trade_updates closed for Paper: status=None msg=None
2026-07-05 16:19:55 | WARNING | trading_bot | WebSocket stale detectado (trade_updates). Forzando reconexion controlada.
2026-07-05 16:19:57 | INFO | trading_bot | Alpaca stream trade_updates closed for Paper: status=None msg=None
2026-07-05 16:20:45 | WARNING | trading_bot | WebSocket stale detectado (trade_updates). Forzando reconexion controlada.
2026-07-05 16:20:48 | INFO | trading_bot | Alpaca stream trade_updates closed for Paper: status=None msg=None
2026-07-05 16:21:35 | WARNING | trading_bot | WebSocket stale detectado (trade_updates). Forzando reconexion controlada.
2026-07-05 16:21:39 | INFO | trading_bot | Alpaca stream trade_updates closed for Paper: status=None msg=None
2026-07-05 16:22:30 | WARNING | trading_bot | WebSocket stale detectado (trade_updates). Forzando reconexion controlada.
2026-07-05 16:22:30 | INFO | trading_bot | Alpaca stream trade_updates closed for Paper: status=None msg=None
2026-07-05 16:23:52 | WARNING | trading_bot | WebSocket stale detectado (trade_updates). Forzando reconexion controlada.
2026-07-05 16:23:53 | INFO | trading_bot | Alpaca stream trade_updates closed for Paper: status=None msg=None
2026-07-05 16:24:42 | WARNING | trading_bot | WebSocket stale detectado (trade_updates). Forzando reconexion controlada.
2026-07-05 16:24:42 | INFO | trading_bot | Alpaca stream trade_updates closed for Paper: status=None msg=None
2026-07-05 16:25:07 | WARNING | trading_bot | CRYPTO SOLUSD: Opening position with max_hold_time=30 minutes. Stop loss enabled.
2026-07-05 16:25:07 | WARNING | trading_bot | No se pudo crear salida inmediata para SOLUSD: 403 Client Error: Forbidden for url: https://paper-api.alpaca.markets/v2/orders
2026-07-05 16:25:32 | WARNING | trading_bot | WebSocket stale detectado (trade_updates). Forzando reconexion controlada.
2026-07-05 16:25:33 | INFO | trading_bot | Alpaca stream trade_updates closed for Paper: status=None msg=None
2026-07-05 16:26:22 | WARNING | trading_bot | WebSocket stale detectado (trade_updates). Forzando reconexion controlada.
2026-07-05 16:26:22 | INFO | trading_bot | Alpaca stream trade_updates closed for Paper: status=None msg=None
2026-07-05 16:27:12 | WARNING | trading_bot | WebSocket stale detectado (trade_updates). Forzando reconexion controlada.
2026-07-05 16:27:12 | INFO | trading_bot | Alpaca stream trade_updates closed for Paper: status=None msg=None
2026-07-05 16:28:03 | WARNING | trading_bot | WebSocket stale detectado (trade_updates). Forzando reconexion controlada.
2026-07-05 16:28:03 | INFO | trading_bot | Alpaca stream trade_updates closed for Paper: status=None msg=None
2026-07-05 16:28:53 | WARNING | trading_bot | WebSocket stale detectado (trade_updates). Forzando reconexion controlada.
2026-07-05 16:28:53 | INFO | trading_bot | Alpaca stream trade_updates closed for Paper: status=None msg=None
2026-07-05 16:29:43 | WARNING | trading_bot | WebSocket stale detectado (trade_updates). Forzando reconexion controlada.
2026-07-05 16:29:43 | INFO | trading_bot | Alpaca stream trade_updates closed for Paper: status=None msg=None
2026-07-05 16:30:33 | WARNING | trading_bot | WebSocket stale detectado (trade_updates). Forzando reconexion controlada.
2026-07-05 16:30:33 | INFO | trading_bot | Alpaca stream trade_updates closed for Paper: status=None msg=None
2026-07-05 16:31:23 | WARNING | trading_bot | WebSocket stale detectado (trade_updates). Forzando reconexion controlada.
2026-07-05 16:31:23 | INFO | trading_bot | Alpaca stream trade_updates closed for Paper: status=None msg=None
2026-07-05 16:32:13 | WARNING | trading_bot | WebSocket stale detectado (trade_updates). Forzando reconexion controlada.
2026-07-05 16:32:13 | INFO | trading_bot | Alpaca stream trade_updates closed for Paper: status=None msg=None
2026-07-05 16:33:03 | WARNING | trading_bot | WebSocket stale detectado (trade_updates). Forzando reconexion controlada.
2026-07-05 16:33:03 | INFO | trading_bot | Alpaca stream trade_updates closed for Paper: status=None msg=None
2026-07-05 16:33:53 | WARNING | trading_bot | WebSocket stale detectado (trade_updates). Forzando reconexion controlada.
2026-07-05 16:33:53 | INFO | trading_bot | Alpaca stream trade_updates closed for Paper: status=None msg=None
2026-07-05 16:33:56 | WARNING | trading_bot | CRYPTO SOLUSD: Opening position with max_hold_time=30 minutes. Stop loss enabled.
2026-07-05 16:33:56 | WARNING | trading_bot | No se pudo crear salida inmediata para SOLUSD: 403 Client Error: Forbidden for url: https://paper-api.alpaca.markets/v2/orders
2026-07-05 16:34:43 | WARNING | trading_bot | WebSocket stale detectado (trade_updates). Forzando reconexion controlada.
2026-07-05 16:34:43 | INFO | trading_bot | Alpaca stream trade_updates closed for Paper: status=None msg=None
2026-07-05 16:35:33 | WARNING | trading_bot | WebSocket stale detectado (trade_updates). Forzando reconexion controlada.
2026-07-05 16:35:33 | INFO | trading_bot | Alpaca stream trade_updates closed for Paper: status=None msg=None
2026-07-05 16:37:07 | WARNING | trading_bot | WebSocket stale detectado (trade_updates). Forzando reconexion controlada.
2026-07-05 16:37:07 | INFO | trading_bot | Alpaca stream trade_updates closed for Paper: status=None msg=None
2026-07-05 16:37:57 | WARNING | trading_bot | WebSocket stale detectado (trade_updates). Forzando reconexion controlada.
2026-07-05 16:37:58 | INFO | trading_bot | Alpaca stream trade_updates closed for Paper: status=None msg=None
2026-07-05 16:38:47 | WARNING | trading_bot | WebSocket stale detectado (trade_updates). Forzando reconexion controlada.
2026-07-05 16:38:47 | INFO | trading_bot | Alpaca stream trade_updates closed for Paper: status=None msg=None
2026-07-05 16:40:08 | WARNING | trading_bot | WebSocket stale detectado (trade_updates). Forzando reconexion controlada.
2026-07-05 16:40:09 | INFO | trading_bot | Alpaca stream trade_updates closed for Paper: status=None msg=None
2026-07-05 16:40:23 | WARNING | trading_bot | No se pudo reconciliar salida limit faltante para SOLUSD: 403 Client Error: Forbidden for url: https://paper-api.alpaca.markets/v2/orders
2026-07-05 16:40:23 | WARNING | trading_bot | No se pudo reconciliar salida limit faltante para SOLUSD: 403 Client Error: Forbidden for url: https://paper-api.alpaca.markets/v2/orders
2026-07-05 16:40:24 | WARNING | trading_bot | CRYPTO SOLUSD: Opening position with max_hold_time=30 minutes. Stop loss enabled.
2026-07-05 16:40:24 | WARNING | trading_bot | No se pudo crear salida inmediata para SOLUSD: 403 Client Error: Forbidden for url: https://paper-api.alpaca.markets/v2/orders
2026-07-05 16:40:59 | WARNING | trading_bot | WebSocket stale detectado (trade_updates). Forzando reconexion controlada.
2026-07-05 16:40:59 | INFO | trading_bot | Alpaca stream trade_updates closed for Paper: status=None msg=None
2026-07-05 16:41:49 | WARNING | trading_bot | WebSocket stale detectado (trade_updates). Forzando reconexion controlada.
2026-07-05 16:41:49 | INFO | trading_bot | Alpaca stream trade_updates closed for Paper: status=None msg=None
2026-07-05 16:42:39 | WARNING | trading_bot | WebSocket stale detectado (trade_updates). Forzando reconexion controlada.
2026-07-05 16:42:39 | INFO | trading_bot | Alpaca stream trade_updates closed for Paper: status=None msg=None
2026-07-05 16:43:29 | WARNING | trading_bot | WebSocket stale detectado (trade_updates). Forzando reconexion controlada.
2026-07-05 16:43:29 | INFO | trading_bot | Alpaca stream trade_updates closed for Paper: status=None msg=None
2026-07-05 16:44:19 | WARNING | trading_bot | WebSocket stale detectado (trade_updates). Forzando reconexion controlada.
2026-07-05 16:44:19 | INFO | trading_bot | Alpaca stream trade_updates closed for Paper: status=None msg=None
2026-07-05 16:44:57 | WARNING | trading_bot | CRYPTO SOLUSD: Opening position with max_hold_time=30 minutes. Stop loss enabled.
2026-07-05 16:44:57 | WARNING | trading_bot | No se pudo crear salida inmediata para SOLUSD: 403 Client Error: Forbidden for url: https://paper-api.alpaca.markets/v2/orders
2026-07-05 16:45:09 | WARNING | trading_bot | WebSocket stale detectado (trade_updates). Forzando reconexion controlada.
2026-07-05 16:45:09 | INFO | trading_bot | Alpaca stream trade_updates closed for Paper: status=None msg=None
2026-07-05 16:45:59 | WARNING | trading_bot | WebSocket stale detectado (trade_updates). Forzando reconexion controlada.
2026-07-05 16:45:59 | INFO | trading_bot | Alpaca stream trade_updates closed for Paper: status=None msg=None
2026-07-05 16:46:49 | WARNING | trading_bot | WebSocket stale detectado (trade_updates). Forzando reconexion controlada.
2026-07-05 16:46:49 | INFO | trading_bot | Alpaca stream trade_updates closed for Paper: status=None msg=None
2026-07-05 16:47:39 | WARNING | trading_bot | WebSocket stale detectado (trade_updates). Forzando reconexion controlada.
2026-07-05 16:47:39 | INFO | trading_bot | Alpaca stream trade_updates closed for Paper: status=None msg=None
2026-07-05 16:48:29 | WARNING | trading_bot | WebSocket stale detectado (trade_updates). Forzando reconexion controlada.
2026-07-05 16:48:29 | INFO | trading_bot | Alpaca stream trade_updates closed for Paper: status=None msg=None
2026-07-05 16:49:19 | WARNING | trading_bot | WebSocket stale detectado (trade_updates). Forzando reconexion controlada.
2026-07-05 16:49:19 | INFO | trading_bot | Alpaca stream trade_updates closed for Paper: status=None msg=None
2026-07-05 16:50:09 | WARNING | trading_bot | WebSocket stale detectado (trade_updates). Forzando reconexion controlada.
2026-07-05 16:50:10 | INFO | trading_bot | Alpaca stream trade_updates closed for Paper: status=None msg=None
2026-07-05 16:50:59 | WARNING | trading_bot | WebSocket stale detectado (trade_updates). Forzando reconexion controlada.
2026-07-05 16:50:59 | INFO | trading_bot | Alpaca stream trade_updates closed for Paper: status=None msg=None
2026-07-05 16:51:53 | WARNING | trading_bot | WebSocket stale detectado (trade_updates). Forzando reconexion controlada.
2026-07-05 16:51:53 | INFO | trading_bot | Alpaca stream trade_updates closed for Paper: status=None msg=None
2026-07-05 16:52:43 | WARNING | trading_bot | WebSocket stale detectado (trade_updates). Forzando reconexion controlada.
2026-07-05 16:52:43 | INFO | trading_bot | Alpaca stream trade_updates closed for Paper: status=None msg=None
2026-07-05 16:53:33 | WARNING | trading_bot | WebSocket stale detectado (trade_updates). Forzando reconexion controlada.
2026-07-05 16:53:33 | INFO | trading_bot | Alpaca stream trade_updates closed for Paper: status=None msg=None
2026-07-05 16:54:23 | WARNING | trading_bot | WebSocket stale detectado (trade_updates). Forzando reconexion controlada.
2026-07-05 16:54:23 | INFO | trading_bot | Alpaca stream trade_updates closed for Paper: status=None msg=None
2026-07-05 16:55:11 | WARNING | trading_bot | CRYPTO SOLUSD: Opening position with max_hold_time=30 minutes. Stop loss enabled.
2026-07-05 16:55:12 | WARNING | trading_bot | No se pudo crear salida inmediata para SOLUSD: 403 Client Error: Forbidden for url: https://paper-api.alpaca.markets/v2/orders
2026-07-05 16:55:13 | WARNING | trading_bot | WebSocket stale detectado (trade_updates). Forzando reconexion controlada.
2026-07-05 16:55:13 | INFO | trading_bot | Alpaca stream trade_updates closed for Paper: status=None msg=None
2026-07-05 16:56:03 | WARNING | trading_bot | WebSocket stale detectado (trade_updates). Forzando reconexion controlada.
2026-07-05 16:56:03 | INFO | trading_bot | Alpaca stream trade_updates closed for Paper: status=None msg=None
2026-07-05 16:56:53 | WARNING | trading_bot | WebSocket stale detectado (trade_updates). Forzando reconexion controlada.
2026-07-05 16:56:54 | INFO | trading_bot | Alpaca stream trade_updates closed for Paper: status=None msg=None
2026-07-05 16:57:43 | WARNING | trading_bot | WebSocket stale detectado (trade_updates). Forzando reconexion controlada.
2026-07-05 16:57:43 | INFO | trading_bot | Alpaca stream trade_updates closed for Paper: status=None msg=None
2026-07-05 16:58:33 | WARNING | trading_bot | WebSocket stale detectado (trade_updates). Forzando reconexion controlada.
2026-07-05 16:58:34 | INFO | trading_bot | Alpaca stream trade_updates closed for Paper: status=None msg=None
2026-07-05 16:59:24 | WARNING | trading_bot | WebSocket stale detectado (trade_updates). Forzando reconexion controlada.
2026-07-05 16:59:25 | INFO | trading_bot | Alpaca stream trade_updates closed for Paper: status=None msg=None
2026-07-05 17:00:41 | WARNING | trading_bot | WebSocket stale detectado (trade_updates). Forzando reconexion controlada.
2026-07-05 17:00:41 | INFO | trading_bot | Alpaca stream trade_updates closed for Paper: status=None msg=None
2026-07-05 17:01:32 | WARNING | trading_bot | WebSocket stale detectado (trade_updates). Forzando reconexion controlada.
2026-07-05 17:01:32 | INFO | trading_bot | Alpaca stream trade_updates closed for Paper: status=None msg=None
2026-07-05 17:02:22 | WARNING | trading_bot | WebSocket stale detectado (trade_updates). Forzando reconexion controlada.
2026-07-05 17:02:22 | INFO | trading_bot | Alpaca stream trade_updates closed for Paper: status=None msg=None
2026-07-05 17:03:12 | WARNING | trading_bot | WebSocket stale detectado (trade_updates). Forzando reconexion controlada.
2026-07-05 17:03:12 | INFO | trading_bot | Alpaca stream trade_updates closed for Paper: status=None msg=None
2026-07-05 17:04:02 | WARNING | trading_bot | WebSocket stale detectado (trade_updates). Forzando reconexion controlada.
2026-07-05 17:04:02 | INFO | trading_bot | Alpaca stream trade_updates closed for Paper: status=None msg=None
2026-07-05 17:04:52 | WARNING | trading_bot | WebSocket stale detectado (trade_updates). Forzando reconexion controlada.
2026-07-05 17:04:53 | INFO | trading_bot | Alpaca stream trade_updates closed for Paper: status=None msg=None
2026-07-05 17:05:20 | WARNING | trading_bot | CRYPTO SOLUSD: Opening position with max_hold_time=30 minutes. Stop loss enabled.
2026-07-05 17:05:21 | WARNING | trading_bot | No se pudo crear salida inmediata para SOLUSD: 403 Client Error: Forbidden for url: https://paper-api.alpaca.markets/v2/orders
2026-07-05 17:05:42 | WARNING | trading_bot | WebSocket stale detectado (trade_updates). Forzando reconexion controlada.
2026-07-05 17:05:42 | INFO | trading_bot | Alpaca stream trade_updates closed for Paper: status=None msg=None
2026-07-05 17:06:32 | WARNING | trading_bot | WebSocket stale detectado (trade_updates). Forzando reconexion controlada.
2026-07-05 17:06:32 | INFO | trading_bot | Alpaca stream trade_updates closed for Paper: status=None msg=None
2026-07-05 17:07:22 | WARNING | trading_bot | WebSocket stale detectado (trade_updates). Forzando reconexion controlada.
2026-07-05 17:07:22 | INFO | trading_bot | Alpaca stream trade_updates closed for Paper: status=None msg=None
2026-07-05 17:08:31 | WARNING | trading_bot | WebSocket stale detectado (trade_updates). Forzando reconexion controlada.
2026-07-05 17:08:32 | INFO | trading_bot | Alpaca stream trade_updates closed for Paper: status=None msg=None
2026-07-05 17:09:22 | WARNING | trading_bot | WebSocket stale detectado (trade_updates). Forzando reconexion controlada.
2026-07-05 17:09:22 | INFO | trading_bot | Alpaca stream trade_updates closed for Paper: status=None msg=None
2026-07-05 17:10:12 | WARNING | trading_bot | WebSocket stale detectado (trade_updates). Forzando reconexion controlada.
2026-07-05 17:10:13 | INFO | trading_bot | Alpaca stream trade_updates closed for Paper: status=None msg=None
2026-07-05 17:11:02 | WARNING | trading_bot | WebSocket stale detectado (trade_updates). Forzando reconexion controlada.
2026-07-05 17:11:04 | INFO | trading_bot | Alpaca stream trade_updates closed for Paper: status=None msg=None
2026-07-05 17:12:05 | WARNING | trading_bot | CRYPTO SOLUSD: Opening position with max_hold_time=30 minutes. Stop loss enabled.
2026-07-05 17:12:06 | WARNING | trading_bot | No se pudo crear salida inmediata para SOLUSD: 403 Client Error: Forbidden for url: https://paper-api.alpaca.markets/v2/orders
2026-07-05 17:12:30 | WARNING | trading_bot | WebSocket stale detectado (trade_updates). Forzando reconexion controlada.
2026-07-05 17:12:30 | INFO | trading_bot | Alpaca stream trade_updates closed for Paper: status=None msg=None
2026-07-05 17:14:10 | WARNING | trading_bot | WebSocket stale detectado (trade_updates). Forzando reconexion controlada.
2026-07-05 17:14:10 | INFO | trading_bot | Alpaca stream trade_updates closed for Paper: status=None msg=None
2026-07-05 17:15:00 | WARNING | trading_bot | WebSocket stale detectado (trade_updates). Forzando reconexion controlada.
2026-07-05 17:15:00 | INFO | trading_bot | Alpaca stream trade_updates closed for Paper: status=None msg=None
2026-07-05 17:15:51 | WARNING | trading_bot | WebSocket stale detectado (trade_updates). Forzando reconexion controlada.
2026-07-05 17:15:52 | INFO | trading_bot | Alpaca stream trade_updates closed for Paper: status=None msg=None
2026-07-05 17:16:41 | WARNING | trading_bot | WebSocket stale detectado (trade_updates). Forzando reconexion controlada.
2026-07-05 17:16:41 | INFO | trading_bot | Alpaca stream trade_updates closed for Paper: status=None msg=None
2026-07-05 17:17:31 | WARNING | trading_bot | WebSocket stale detectado (trade_updates). Forzando reconexion controlada.
2026-07-05 17:17:31 | INFO | trading_bot | Alpaca stream trade_updates closed for Paper: status=None msg=None
2026-07-05 17:18:21 | WARNING | trading_bot | WebSocket stale detectado (trade_updates). Forzando reconexion controlada.
2026-07-05 17:18:21 | INFO | trading_bot | Alpaca stream trade_updates closed for Paper: status=None msg=None
2026-07-05 17:19:17 | WARNING | trading_bot | WebSocket stale detectado (trade_updates). Forzando reconexion controlada.
2026-07-05 17:19:17 | INFO | trading_bot | Alpaca stream trade_updates closed for Paper: status=None msg=None
2026-07-05 17:20:07 | WARNING | trading_bot | WebSocket stale detectado (trade_updates). Forzando reconexion controlada.
2026-07-05 17:20:07 | INFO | trading_bot | Alpaca stream trade_updates closed for Paper: status=None msg=None
2026-07-05 17:20:57 | WARNING | trading_bot | WebSocket stale detectado (trade_updates). Forzando reconexion controlada.
2026-07-05 17:20:57 | INFO | trading_bot | Alpaca stream trade_updates closed for Paper: status=None msg=None
2026-07-05 17:21:48 | WARNING | trading_bot | WebSocket stale detectado (trade_updates). Forzando reconexion controlada.
2026-07-05 17:21:49 | INFO | trading_bot | Alpaca stream trade_updates closed for Paper: status=None msg=None
2026-07-05 17:22:38 | WARNING | trading_bot | WebSocket stale detectado (trade_updates). Forzando reconexion controlada.
2026-07-05 17:22:38 | INFO | trading_bot | Alpaca stream trade_updates closed for Paper: status=None msg=None
2026-07-05 17:23:28 | WARNING | trading_bot | WebSocket stale detectado (trade_updates). Forzando reconexion controlada.
2026-07-05 17:23:28 | INFO | trading_bot | Alpaca stream trade_updates closed for Paper: status=None msg=None
2026-07-05 17:24:18 | WARNING | trading_bot | WebSocket stale detectado (trade_updates). Forzando reconexion controlada.
2026-07-05 17:24:18 | INFO | trading_bot | Alpaca stream trade_updates closed for Paper: status=None msg=None
2026-07-05 17:25:08 | WARNING | trading_bot | WebSocket stale detectado (trade_updates). Forzando reconexion controlada.
2026-07-05 17:25:08 | INFO | trading_bot | Alpaca stream trade_updates closed for Paper: status=None msg=None
2026-07-05 17:25:58 | WARNING | trading_bot | WebSocket stale detectado (trade_updates). Forzando reconexion controlada.
2026-07-05 17:25:58 | INFO | trading_bot | Alpaca stream trade_updates closed for Paper: status=None msg=None
2026-07-05 17:27:16 | WARNING | trading_bot | WebSocket stale detectado (trade_updates). Forzando reconexion controlada.
2026-07-05 17:27:16 | INFO | trading_bot | Alpaca stream trade_updates closed for Paper: status=None msg=None
2026-07-05 17:28:07 | WARNING | trading_bot | WebSocket stale detectado (trade_updates). Forzando reconexion controlada.
2026-07-05 17:28:07 | INFO | trading_bot | Alpaca stream trade_updates closed for Paper: status=None msg=None
2026-07-05 17:29:20 | WARNING | trading_bot | WebSocket stale detectado (trade_updates). Forzando reconexion controlada.
2026-07-05 17:29:20 | INFO | trading_bot | Alpaca stream trade_updates closed for Paper: status=None msg=None
2026-07-05 17:30:10 | WARNING | trading_bot | WebSocket stale detectado (trade_updates). Forzando reconexion controlada.
2026-07-05 17:30:11 | INFO | trading_bot | Alpaca stream trade_updates closed for Paper: status=None msg=None
2026-07-05 17:31:00 | WARNING | trading_bot | WebSocket stale detectado (trade_updates). Forzando reconexion controlada.
2026-07-05 17:31:00 | INFO | trading_bot | Alpaca stream trade_updates closed for Paper: status=None msg=None
2026-07-05 17:31:50 | WARNING | trading_bot | WebSocket stale detectado (trade_updates). Forzando reconexion controlada.
2026-07-05 17:31:50 | INFO | trading_bot | Alpaca stream trade_updates closed for Paper: status=None msg=None
2026-07-05 17:32:40 | WARNING | trading_bot | WebSocket stale detectado (trade_updates). Forzando reconexion controlada.
2026-07-05 17:32:41 | INFO | trading_bot | Alpaca stream trade_updates closed for Paper: status=None msg=None
2026-07-05 17:33:55 | INFO | trading_bot | Auto-ejecucion IA | BTC/USD | BUY_SMALL | score=69.09 | result=submitted
2026-07-05 17:34:38 | WARNING | trading_bot | WebSocket stale detectado (trade_updates). Forzando reconexion controlada.
2026-07-05 17:34:38 | INFO | trading_bot | Alpaca stream trade_updates closed for Paper: status=None msg=None
2026-07-05 17:35:48 | WARNING | trading_bot | WebSocket stale detectado (trade_updates). Forzando reconexion controlada.
2026-07-05 17:35:48 | INFO | trading_bot | Alpaca stream trade_updates closed for Paper: status=None msg=None
2026-07-05 17:37:13 | WARNING | trading_bot | WebSocket stale detectado (trade_updates). Forzando reconexion controlada.
2026-07-05 17:37:13 | INFO | trading_bot | Alpaca stream trade_updates closed for Paper: status=None msg=None
2026-07-05 17:38:03 | WARNING | trading_bot | WebSocket stale detectado (trade_updates). Forzando reconexion controlada.
2026-07-05 17:38:03 | INFO | trading_bot | Alpaca stream trade_updates closed for Paper: status=None msg=None
2026-07-05 17:38:53 | WARNING | trading_bot | WebSocket stale detectado (trade_updates). Forzando reconexion controlada.
2026-07-05 17:38:53 | INFO | trading_bot | Alpaca stream trade_updates closed for Paper: status=None msg=None
2026-07-05 17:39:43 | WARNING | trading_bot | WebSocket stale detectado (trade_updates). Forzando reconexion controlada.
2026-07-05 17:39:43 | INFO | trading_bot | Alpaca stream trade_updates closed for Paper: status=None msg=None
2026-07-05 17:40:33 | WARNING | trading_bot | WebSocket stale detectado (trade_updates). Forzando reconexion controlada.
2026-07-05 17:40:33 | INFO | trading_bot | Alpaca stream trade_updates closed for Paper: status=None msg=None
2026-07-05 17:41:23 | WARNING | trading_bot | WebSocket stale detectado (trade_updates). Forzando reconexion controlada.
2026-07-05 17:41:23 | INFO | trading_bot | Alpaca stream trade_updates closed for Paper: status=None msg=None
2026-07-05 17:42:13 | WARNING | trading_bot | WebSocket stale detectado (trade_updates). Forzando reconexion controlada.
2026-07-05 17:42:13 | INFO | trading_bot | Alpaca stream trade_updates closed for Paper: status=None msg=None
2026-07-05 17:43:03 | WARNING | trading_bot | WebSocket stale detectado (trade_updates). Forzando reconexion controlada.
2026-07-05 17:43:04 | INFO | trading_bot | Alpaca stream trade_updates closed for Paper: status=None msg=None
2026-07-05 17:43:53 | WARNING | trading_bot | WebSocket stale detectado (trade_updates). Forzando reconexion controlada.
2026-07-05 17:43:53 | INFO | trading_bot | Alpaca stream trade_updates closed for Paper: status=None msg=None
2026-07-05 17:44:43 | WARNING | trading_bot | WebSocket stale detectado (trade_updates). Forzando reconexion controlada.
2026-07-05 17:44:43 | INFO | trading_bot | Alpaca stream trade_updates closed for Paper: status=None msg=None
2026-07-05 17:45:33 | WARNING | trading_bot | WebSocket stale detectado (trade_updates). Forzando reconexion controlada.
2026-07-05 17:45:33 | INFO | trading_bot | Alpaca stream trade_updates closed for Paper: status=None msg=None
2026-07-05 17:46:23 | WARNING | trading_bot | WebSocket stale detectado (trade_updates). Forzando reconexion controlada.
2026-07-05 17:46:25 | INFO | trading_bot | Alpaca stream trade_updates closed for Paper: status=None msg=None
2026-07-05 17:47:14 | WARNING | trading_bot | WebSocket stale detectado (trade_updates). Forzando reconexion controlada.
2026-07-05 17:47:14 | INFO | trading_bot | Alpaca stream trade_updates closed for Paper: status=None msg=None
2026-07-05 17:48:04 | WARNING | trading_bot | WebSocket stale detectado (trade_updates). Forzando reconexion controlada.
2026-07-05 17:48:04 | INFO | trading_bot | Alpaca stream trade_updates closed for Paper: status=None msg=None
2026-07-05 17:49:09 | WARNING | trading_bot | WebSocket stale detectado (trade_updates). Forzando reconexion controlada.
2026-07-05 17:49:09 | INFO | trading_bot | Alpaca stream trade_updates closed for Paper: status=None msg=None
2026-07-05 17:49:59 | WARNING | trading_bot | WebSocket stale detectado (trade_updates). Forzando reconexion controlada.
2026-07-05 17:50:00 | INFO | trading_bot | Alpaca stream trade_updates closed for Paper: status=None msg=None
2026-07-05 17:50:49 | WARNING | trading_bot | WebSocket stale detectado (trade_updates). Forzando reconexion controlada.
2026-07-05 17:50:49 | INFO | trading_bot | Alpaca stream trade_updates closed for Paper: status=None msg=None
2026-07-05 17:52:24 | WARNING | trading_bot | WebSocket stale detectado (trade_updates). Forzando reconexion controlada.
2026-07-05 17:52:24 | INFO | trading_bot | Alpaca stream trade_updates closed for Paper: status=None msg=None
2026-07-05 17:53:14 | WARNING | trading_bot | WebSocket stale detectado (trade_updates). Forzando reconexion controlada.
2026-07-05 17:53:15 | INFO | trading_bot | Alpaca stream trade_updates closed for Paper: status=None msg=None
2026-07-05 17:54:04 | WARNING | trading_bot | WebSocket stale detectado (trade_updates). Forzando reconexion controlada.
2026-07-05 17:54:04 | INFO | trading_bot | Alpaca stream trade_updates closed for Paper: status=None msg=None
2026-07-05 17:54:12 | INFO | trading_bot | Auto-ejecucion IA | SOL/USD | BUY_SMALL | score=61.34 | result=submitted
2026-07-05 17:54:42 | INFO | trading_bot | Auto-ejecucion IA | SOL/USD | BUY_SMALL | score=61.34 | result=submitted
2026-07-05 17:56:20 | WARNING | trading_bot | WebSocket stale detectado (trade_updates). Forzando reconexion controlada.
2026-07-05 17:56:20 | INFO | trading_bot | Alpaca stream trade_updates closed for Paper: status=None msg=None
2026-07-05 17:57:40 | WARNING | trading_bot | WebSocket stale detectado (trade_updates). Forzando reconexion controlada.
2026-07-05 17:57:40 | INFO | trading_bot | Alpaca stream trade_updates closed for Paper: status=None msg=None
2026-07-05 17:58:30 | WARNING | trading_bot | WebSocket stale detectado (trade_updates). Forzando reconexion controlada.
2026-07-05 17:58:30 | INFO | trading_bot | Alpaca stream trade_updates closed for Paper: status=None msg=None
2026-07-05 17:59:20 | WARNING | trading_bot | WebSocket stale detectado (trade_updates). Forzando reconexion controlada.
2026-07-05 17:59:20 | INFO | trading_bot | Alpaca stream trade_updates closed for Paper: status=None msg=None
2026-07-05 18:01:01 | WARNING | trading_bot | WebSocket stale detectado (trade_updates). Forzando reconexion controlada.
2026-07-05 18:01:01 | INFO | trading_bot | Alpaca stream trade_updates closed for Paper: status=None msg=None
2026-07-05 18:01:51 | WARNING | trading_bot | WebSocket stale detectado (trade_updates). Forzando reconexion controlada.
2026-07-05 18:01:51 | INFO | trading_bot | Alpaca stream trade_updates closed for Paper: status=None msg=None
2026-07-05 18:02:41 | WARNING | trading_bot | WebSocket stale detectado (trade_updates). Forzando reconexion controlada.
2026-07-05 18:02:41 | INFO | trading_bot | Alpaca stream trade_updates closed for Paper: status=None msg=None
2026-07-05 18:03:31 | WARNING | trading_bot | WebSocket stale detectado (trade_updates). Forzando reconexion controlada.
2026-07-05 18:03:31 | INFO | trading_bot | Alpaca stream trade_updates closed for Paper: status=None msg=None
2026-07-05 18:04:21 | WARNING | trading_bot | WebSocket stale detectado (trade_updates). Forzando reconexion controlada.
2026-07-05 18:04:21 | INFO | trading_bot | Alpaca stream trade_updates closed for Paper: status=None msg=None
2026-07-05 18:05:11 | WARNING | trading_bot | WebSocket stale detectado (trade_updates). Forzando reconexion controlada.
2026-07-05 18:05:11 | INFO | trading_bot | Alpaca stream trade_updates closed for Paper: status=None msg=None
2026-07-05 18:06:01 | WARNING | trading_bot | WebSocket stale detectado (trade_updates). Forzando reconexion controlada.
2026-07-05 18:06:01 | INFO | trading_bot | Alpaca stream trade_updates closed for Paper: status=None msg=None
2026-07-05 18:06:51 | WARNING | trading_bot | WebSocket stale detectado (trade_updates). Forzando reconexion controlada.
2026-07-05 18:06:51 | INFO | trading_bot | Alpaca stream trade_updates closed for Paper: status=None msg=None
2026-07-05 18:07:41 | WARNING | trading_bot | WebSocket stale detectado (trade_updates). Forzando reconexion controlada.
2026-07-05 18:07:41 | INFO | trading_bot | Alpaca stream trade_updates closed for Paper: status=None msg=None
2026-07-05 18:08:31 | WARNING | trading_bot | WebSocket stale detectado (trade_updates). Forzando reconexion controlada.
2026-07-05 18:08:31 | INFO | trading_bot | Alpaca stream trade_updates closed for Paper: status=None msg=None
2026-07-05 18:09:21 | WARNING | trading_bot | WebSocket stale detectado (trade_updates). Forzando reconexion controlada.
2026-07-05 18:09:21 | INFO | trading_bot | Alpaca stream trade_updates closed for Paper: status=None msg=None
2026-07-05 18:10:16 | WARNING | trading_bot | WebSocket stale detectado (trade_updates). Forzando reconexion controlada.
2026-07-05 18:10:16 | INFO | trading_bot | Alpaca stream trade_updates closed for Paper: status=None msg=None
2026-07-05 18:11:06 | WARNING | trading_bot | WebSocket stale detectado (trade_updates). Forzando reconexion controlada.
2026-07-05 18:11:07 | INFO | trading_bot | Alpaca stream trade_updates closed for Paper: status=None msg=None
2026-07-05 18:11:56 | WARNING | trading_bot | WebSocket stale detectado (trade_updates). Forzando reconexion controlada.
2026-07-05 18:11:56 | INFO | trading_bot | Alpaca stream trade_updates closed for Paper: status=None msg=None
2026-07-05 18:12:46 | WARNING | trading_bot | WebSocket stale detectado (trade_updates). Forzando reconexion controlada.
2026-07-05 18:12:46 | INFO | trading_bot | Alpaca stream trade_updates closed for Paper: status=None msg=None
2026-07-05 18:13:36 | WARNING | trading_bot | WebSocket stale detectado (trade_updates). Forzando reconexion controlada.
2026-07-05 18:13:36 | INFO | trading_bot | Alpaca stream trade_updates closed for Paper: status=None msg=None
2026-07-05 18:14:26 | WARNING | trading_bot | WebSocket stale detectado (trade_updates). Forzando reconexion controlada.
2026-07-05 18:14:26 | INFO | trading_bot | Alpaca stream trade_updates closed for Paper: status=None msg=None
2026-07-05 18:15:16 | WARNING | trading_bot | WebSocket stale detectado (trade_updates). Forzando reconexion controlada.
2026-07-05 18:15:16 | INFO | trading_bot | Alpaca stream trade_updates closed for Paper: status=None msg=None
2026-07-05 18:16:06 | WARNING | trading_bot | WebSocket stale detectado (trade_updates). Forzando reconexion controlada.
2026-07-05 18:16:06 | INFO | trading_bot | Alpaca stream trade_updates closed for Paper: status=None msg=None
2026-07-05 18:16:56 | WARNING | trading_bot | WebSocket stale detectado (trade_updates). Forzando reconexion controlada.
2026-07-05 18:16:56 | INFO | trading_bot | Alpaca stream trade_updates closed for Paper: status=None msg=None
2026-07-05 18:17:46 | WARNING | trading_bot | WebSocket stale detectado (trade_updates). Forzando reconexion controlada.
2026-07-05 18:17:46 | INFO | trading_bot | Alpaca stream trade_updates closed for Paper: status=None msg=None
2026-07-05 18:18:36 | WARNING | trading_bot | WebSocket stale detectado (trade_updates). Forzando reconexion controlada.
2026-07-05 18:18:36 | INFO | trading_bot | Alpaca stream trade_updates closed for Paper: status=None msg=None
2026-07-05 18:19:38 | WARNING | trading_bot | WebSocket stale detectado (trade_updates). Forzando reconexion controlada.
2026-07-05 18:19:38 | INFO | trading_bot | Alpaca stream trade_updates closed for Paper: status=None msg=None
2026-07-05 18:20:28 | WARNING | trading_bot | WebSocket stale detectado (trade_updates). Forzando reconexion controlada.
2026-07-05 18:20:28 | INFO | trading_bot | Alpaca stream trade_updates closed for Paper: status=None msg=None
2026-07-05 18:21:18 | WARNING | trading_bot | WebSocket stale detectado (trade_updates). Forzando reconexion controlada.
2026-07-05 18:21:18 | INFO | trading_bot | Alpaca stream trade_updates closed for Paper: status=None msg=None
2026-07-05 18:22:08 | WARNING | trading_bot | WebSocket stale detectado (trade_updates). Forzando reconexion controlada.
2026-07-05 18:22:08 | INFO | trading_bot | Alpaca stream trade_updates closed for Paper: status=None msg=None
2026-07-05 18:22:58 | WARNING | trading_bot | WebSocket stale detectado (trade_updates). Forzando reconexion controlada.
2026-07-05 18:22:58 | INFO | trading_bot | Alpaca stream trade_updates closed for Paper: status=None msg=None
2026-07-05 18:23:48 | WARNING | trading_bot | WebSocket stale detectado (trade_updates). Forzando reconexion controlada.
2026-07-05 18:23:48 | INFO | trading_bot | Alpaca stream trade_updates closed for Paper: status=None msg=None
2026-07-05 18:24:38 | WARNING | trading_bot | WebSocket stale detectado (trade_updates). Forzando reconexion controlada.
2026-07-05 18:24:39 | INFO | trading_bot | Alpaca stream trade_updates closed for Paper: status=None msg=None
2026-07-05 18:25:28 | WARNING | trading_bot | WebSocket stale detectado (trade_updates). Forzando reconexion controlada.
2026-07-05 18:25:28 | INFO | trading_bot | Alpaca stream trade_updates closed for Paper: status=None msg=None
2026-07-05 18:26:25 | WARNING | trading_bot | WebSocket stale detectado (trade_updates). Forzando reconexion controlada.
2026-07-05 18:26:25 | INFO | trading_bot | Alpaca stream trade_updates closed for Paper: status=None msg=None
2026-07-05 18:27:15 | WARNING | trading_bot | WebSocket stale detectado (trade_updates). Forzando reconexion controlada.
2026-07-05 18:27:15 | INFO | trading_bot | Alpaca stream trade_updates closed for Paper: status=None msg=None
2026-07-05 18:28:05 | WARNING | trading_bot | WebSocket stale detectado (trade_updates). Forzando reconexion controlada.
2026-07-05 18:28:05 | INFO | trading_bot | Alpaca stream trade_updates closed for Paper: status=None msg=None
2026-07-05 18:29:15 | WARNING | trading_bot | WebSocket stale detectado (trade_updates). Forzando reconexion controlada.
2026-07-05 18:29:15 | INFO | trading_bot | Alpaca stream trade_updates closed for Paper: status=None msg=None
2026-07-05 18:30:05 | WARNING | trading_bot | WebSocket stale detectado (trade_updates). Forzando reconexion controlada.
2026-07-05 18:30:05 | INFO | trading_bot | Alpaca stream trade_updates closed for Paper: status=None msg=None
2026-07-05 18:30:55 | WARNING | trading_bot | WebSocket stale detectado (trade_updates). Forzando reconexion controlada.
2026-07-05 18:30:55 | INFO | trading_bot | Alpaca stream trade_updates closed for Paper: status=None msg=None
2026-07-05 18:31:45 | WARNING | trading_bot | WebSocket stale detectado (trade_updates). Forzando reconexion controlada.
2026-07-05 18:31:46 | INFO | trading_bot | Alpaca stream trade_updates closed for Paper: status=None msg=None
2026-07-05 18:32:36 | WARNING | trading_bot | WebSocket stale detectado (trade_updates). Forzando reconexion controlada.
2026-07-05 18:32:36 | INFO | trading_bot | Alpaca stream trade_updates closed for Paper: status=None msg=None
2026-07-05 18:33:26 | WARNING | trading_bot | WebSocket stale detectado (trade_updates). Forzando reconexion controlada.
2026-07-05 18:33:26 | INFO | trading_bot | Alpaca stream trade_updates closed for Paper: status=None msg=None
2026-07-05 18:34:16 | WARNING | trading_bot | WebSocket stale detectado (trade_updates). Forzando reconexion controlada.
2026-07-05 18:34:16 | INFO | trading_bot | Alpaca stream trade_updates closed for Paper: status=None msg=None
2026-07-05 18:35:06 | WARNING | trading_bot | WebSocket stale detectado (trade_updates). Forzando reconexion controlada.
2026-07-05 18:35:06 | INFO | trading_bot | Alpaca stream trade_updates closed for Paper: status=None msg=None
2026-07-05 18:36:15 | WARNING | trading_bot | WebSocket stale detectado (trade_updates). Forzando reconexion controlada.
2026-07-05 18:36:15 | INFO | trading_bot | Alpaca stream trade_updates closed for Paper: status=None msg=None
2026-07-05 18:37:05 | WARNING | trading_bot | WebSocket stale detectado (trade_updates). Forzando reconexion controlada.
2026-07-05 18:37:05 | INFO | trading_bot | Alpaca stream trade_updates closed for Paper: status=None msg=None
2026-07-05 18:37:55 | WARNING | trading_bot | WebSocket stale detectado (trade_updates). Forzando reconexion controlada.
2026-07-05 18:37:55 | INFO | trading_bot | Alpaca stream trade_updates closed for Paper: status=None msg=None
2026-07-05 18:38:45 | WARNING | trading_bot | WebSocket stale detectado (trade_updates). Forzando reconexion controlada.
2026-07-05 18:38:45 | INFO | trading_bot | Alpaca stream trade_updates closed for Paper: status=None msg=None
2026-07-05 18:39:35 | WARNING | trading_bot | WebSocket stale detectado (trade_updates). Forzando reconexion controlada.
2026-07-05 18:39:35 | INFO | trading_bot | Alpaca stream trade_updates closed for Paper: status=None msg=None
2026-07-05 18:40:25 | WARNING | trading_bot | WebSocket stale detectado (trade_updates). Forzando reconexion controlada.
2026-07-05 18:40:25 | INFO | trading_bot | Alpaca stream trade_updates closed for Paper: status=None msg=None
2026-07-05 18:41:15 | WARNING | trading_bot | WebSocket stale detectado (trade_updates). Forzando reconexion controlada.
2026-07-05 18:41:15 | INFO | trading_bot | Alpaca stream trade_updates closed for Paper: status=None msg=None
2026-07-05 18:42:05 | WARNING | trading_bot | WebSocket stale detectado (trade_updates). Forzando reconexion controlada.
2026-07-05 18:42:05 | INFO | trading_bot | Alpaca stream trade_updates closed for Paper: status=None msg=None
2026-07-05 18:42:57 | WARNING | trading_bot | WebSocket stale detectado (trade_updates). Forzando reconexion controlada.
2026-07-05 18:42:57 | INFO | trading_bot | Alpaca stream trade_updates closed for Paper: status=None msg=None
2026-07-05 18:43:47 | WARNING | trading_bot | WebSocket stale detectado (trade_updates). Forzando reconexion controlada.
2026-07-05 18:43:47 | INFO | trading_bot | Alpaca stream trade_updates closed for Paper: status=None msg=None
2026-07-05 18:44:37 | WARNING | trading_bot | WebSocket stale detectado (trade_updates). Forzando reconexion controlada.
2026-07-05 18:44:37 | INFO | trading_bot | Alpaca stream trade_updates closed for Paper: status=None msg=None
2026-07-05 18:45:09 | INFO | trading_bot | Auto-ejecucion IA | SOL/USD | BUY_SMALL | score=69.36 | result=submitted
2026-07-05 18:45:35 | INFO | trading_bot | Auto-ejecucion IA | SOL/USD | BUY_SMALL | score=69.36 | result=submitted
2026-07-05 18:46:17 | WARNING | trading_bot | WebSocket stale detectado (trade_updates). Forzando reconexion controlada.
2026-07-05 18:46:17 | INFO | trading_bot | Alpaca stream trade_updates closed for Paper: status=None msg=None
2026-07-05 18:47:07 | WARNING | trading_bot | WebSocket stale detectado (trade_updates). Forzando reconexion controlada.
2026-07-05 18:47:07 | INFO | trading_bot | Alpaca stream trade_updates closed for Paper: status=None msg=None
2026-07-05 18:47:54 | INFO | trading_bot | Auto-ejecucion IA | BTC/USD | BUY_SMALL | score=69.36 | result=emergency_mode
2026-07-05 18:48:16 | INFO | trading_bot | Auto-ejecucion IA | BTC/USD | BUY_SMALL | score=63.46 | result=emergency_mode
2026-07-05 18:48:37 | INFO | trading_bot | Auto-ejecucion IA | BTC/USD | BUY_SMALL | score=63.46 | result=emergency_mode
2026-07-05 18:48:42 | WARNING | trading_bot | WebSocket stale detectado (trade_updates). Forzando reconexion controlada.
2026-07-05 18:48:42 | INFO | trading_bot | Alpaca stream trade_updates closed for Odalis2786: status=None msg=None
2026-07-05 18:48:58 | INFO | trading_bot | Auto-ejecucion IA | BTC/USD | BUY_SMALL | score=63.46 | result=emergency_mode
2026-07-05 18:49:14 | WARNING | trading_bot | No se pudo reconciliar salida limit faltante para SOLUSD: 403 Client Error: Forbidden for url: https://paper-api.alpaca.markets/v2/orders
2026-07-05 18:49:14 | WARNING | trading_bot | No se pudo reconciliar salida limit faltante para SOLUSD: 403 Client Error: Forbidden for url: https://paper-api.alpaca.markets/v2/orders
2026-07-05 18:49:20 | INFO | trading_bot | Auto-ejecucion IA | BTC/USD | BUY_SMALL | score=63.46 | result=emergency_mode
2026-07-05 18:49:42 | INFO | trading_bot | Auto-ejecucion IA | BTC/USD | BUY_SMALL | score=63.46 | result=emergency_mode
2026-07-05 18:50:02 | WARNING | trading_bot | WebSocket stale detectado (trade_updates). Forzando reconexion controlada.
2026-07-05 18:50:02 | INFO | trading_bot | Alpaca stream trade_updates closed for Odalis2786: status=None msg=None
2026-07-05 18:50:03 | INFO | trading_bot | Auto-ejecucion IA | BTC/USD | BUY_SMALL | score=63.46 | result=emergency_mode
2026-07-05 18:50:25 | INFO | trading_bot | Auto-ejecucion IA | BTC/USD | BUY_SMALL | score=63.46 | result=emergency_mode
2026-07-05 18:50:46 | INFO | trading_bot | Auto-ejecucion IA | BTC/USD | BUY_SMALL | score=63.46 | result=emergency_mode
2026-07-05 18:50:52 | WARNING | trading_bot | WebSocket stale detectado (trade_updates). Forzando reconexion controlada.
2026-07-05 18:50:52 | INFO | trading_bot | Alpaca stream trade_updates closed for Odalis2786: status=None msg=None
2026-07-05 18:51:08 | INFO | trading_bot | Auto-ejecucion IA | BTC/USD | BUY_SMALL | score=69.12 | result=emergency_mode
2026-07-05 18:51:29 | INFO | trading_bot | Auto-ejecucion IA | BTC/USD | BUY_SMALL | score=69.12 | result=emergency_mode
2026-07-05 18:51:42 | WARNING | trading_bot | WebSocket stale detectado (trade_updates). Forzando reconexion controlada.
2026-07-05 18:51:42 | INFO | trading_bot | Alpaca stream trade_updates closed for Odalis2786: status=None msg=None
2026-07-05 18:51:50 | INFO | trading_bot | Auto-ejecucion IA | BTC/USD | BUY_SMALL | score=69.12 | result=emergency_mode
2026-07-05 18:52:12 | INFO | trading_bot | Auto-ejecucion IA | BTC/USD | BUY_SMALL | score=69.58 | result=emergency_mode
2026-07-05 18:52:34 | INFO | trading_bot | Auto-ejecucion IA | BTC/USD | BUY_SMALL | score=69.58 | result=emergency_mode
2026-07-05 18:52:56 | INFO | trading_bot | Auto-ejecucion IA | BTC/USD | BUY_SMALL | score=69.58 | result=emergency_mode
2026-07-05 18:53:53 | WARNING | trading_bot | WebSocket stale detectado (trade_updates). Forzando reconexion controlada.
2026-07-05 18:53:53 | INFO | trading_bot | Alpaca stream trade_updates closed for Paper 2: status=None msg=None
2026-07-05 18:54:43 | WARNING | trading_bot | WebSocket stale detectado (trade_updates). Forzando reconexion controlada.
2026-07-05 18:54:43 | INFO | trading_bot | Alpaca stream trade_updates closed for Paper 2: status=None msg=None
2026-07-05 18:55:33 | WARNING | trading_bot | WebSocket stale detectado (trade_updates). Forzando reconexion controlada.
2026-07-05 18:55:33 | INFO | trading_bot | Alpaca stream trade_updates closed for Paper 2: status=None msg=None
2026-07-05 18:56:23 | WARNING | trading_bot | WebSocket stale detectado (trade_updates). Forzando reconexion controlada.
2026-07-05 18:56:23 | INFO | trading_bot | Alpaca stream trade_updates closed for Paper 2: status=None msg=None
2026-07-05 18:57:13 | WARNING | trading_bot | WebSocket stale detectado (trade_updates). Forzando reconexion controlada.
2026-07-05 18:57:13 | INFO | trading_bot | Alpaca stream trade_updates closed for Paper 2: status=None msg=None
2026-07-05 18:58:03 | WARNING | trading_bot | WebSocket stale detectado (trade_updates). Forzando reconexion controlada.
2026-07-05 18:58:03 | INFO | trading_bot | Alpaca stream trade_updates closed for Paper 2: status=None msg=None
2026-07-05 18:58:53 | WARNING | trading_bot | WebSocket stale detectado (trade_updates). Forzando reconexion controlada.
2026-07-05 18:58:53 | INFO | trading_bot | Alpaca stream trade_updates closed for Paper 2: status=None msg=None
2026-07-05 18:59:43 | WARNING | trading_bot | WebSocket stale detectado (trade_updates). Forzando reconexion controlada.
2026-07-05 18:59:43 | INFO | trading_bot | Alpaca stream trade_updates closed for Paper 2: status=None msg=None
2026-07-05 19:00:34 | WARNING | trading_bot | WebSocket stale detectado (trade_updates). Forzando reconexion controlada.
2026-07-05 19:00:34 | INFO | trading_bot | Alpaca stream trade_updates closed for Paper 2: status=None msg=None
2026-07-05 19:01:50 | WARNING | trading_bot | WebSocket stale detectado (trade_updates). Forzando reconexion controlada.
2026-07-05 19:01:50 | INFO | trading_bot | Alpaca stream trade_updates closed for Paper 2: status=None msg=None
2026-07-05 19:02:40 | WARNING | trading_bot | WebSocket stale detectado (trade_updates). Forzando reconexion controlada.
2026-07-05 19:02:40 | INFO | trading_bot | Alpaca stream trade_updates closed for Paper 2: status=None msg=None
2026-07-05 19:03:30 | WARNING | trading_bot | WebSocket stale detectado (trade_updates). Forzando reconexion controlada.
2026-07-05 19:03:30 | INFO | trading_bot | Alpaca stream trade_updates closed for Paper 2: status=None msg=None
2026-07-05 19:04:20 | WARNING | trading_bot | WebSocket stale detectado (trade_updates). Forzando reconexion controlada.
2026-07-05 19:04:20 | INFO | trading_bot | Alpaca stream trade_updates closed for Paper 2: status=None msg=None
2026-07-05 19:05:05 | INFO | trading_bot | Auto-ejecucion IA | BTC/USD | BUY_SMALL | score=69.13 | result=submitted
2026-07-05 19:05:48 | WARNING | trading_bot | WebSocket stale detectado (trade_updates). Forzando reconexion controlada.
2026-07-05 19:05:48 | INFO | trading_bot | Alpaca stream trade_updates closed for Paper 2: status=None msg=None
2026-07-05 19:06:38 | WARNING | trading_bot | WebSocket stale detectado (trade_updates). Forzando reconexion controlada.
2026-07-05 19:06:39 | INFO | trading_bot | Alpaca stream trade_updates closed for Paper 2: status=None msg=None
2026-07-05 19:07:28 | WARNING | trading_bot | WebSocket stale detectado (trade_updates). Forzando reconexion controlada.
2026-07-05 19:07:28 | INFO | trading_bot | Alpaca stream trade_updates closed for Paper 2: status=None msg=None
2026-07-05 19:08:18 | WARNING | trading_bot | WebSocket stale detectado (trade_updates). Forzando reconexion controlada.
2026-07-05 19:08:18 | INFO | trading_bot | Alpaca stream trade_updates closed for Paper 2: status=None msg=None
2026-07-05 19:09:09 | WARNING | trading_bot | WebSocket stale detectado (trade_updates). Forzando reconexion controlada.
2026-07-05 19:09:09 | INFO | trading_bot | Alpaca stream trade_updates closed for Paper 2: status=None msg=None
2026-07-05 19:10:48 | WARNING | trading_bot | WebSocket stale detectado (trade_updates). Forzando reconexion controlada.
2026-07-05 19:10:48 | INFO | trading_bot | Alpaca stream trade_updates closed for Paper 2: status=None msg=None
2026-07-05 19:11:51 | INFO | trading_bot | Auto-ejecucion IA | SOL/USD | BUY_SMALL | score=63.47 | result=submitted
2026-07-05 19:12:34 | WARNING | trading_bot | WebSocket stale detectado (trade_updates). Forzando reconexion controlada.
2026-07-05 19:12:34 | INFO | trading_bot | Alpaca stream trade_updates closed for Paper 2: status=None msg=None
2026-07-05 19:13:24 | WARNING | trading_bot | WebSocket stale detectado (trade_updates). Forzando reconexion controlada.
2026-07-05 19:13:24 | INFO | trading_bot | Alpaca stream trade_updates closed for Paper 2: status=None msg=None
2026-07-05 19:14:01 | INFO | trading_bot | Auto-ejecucion IA | SOL/USD | BUY_SMALL | score=70.07 | result=submitted
2026-07-05 19:14:27 | INFO | trading_bot | Auto-ejecucion IA | SOLUSD | BUY_SMALL | score=70.51 | result=submitted
2026-07-05 19:14:44 | WARNING | trading_bot | WebSocket stale detectado (trade_updates). Forzando reconexion controlada.
2026-07-05 19:14:44 | INFO | trading_bot | Alpaca stream trade_updates closed for Paper 2: status=None msg=None
2026-07-05 19:14:54 | INFO | trading_bot | Auto-ejecucion IA | SOLUSD | BUY_SMALL | score=70.51 | result=submitted
2026-07-05 19:15:23 | INFO | trading_bot | Auto-ejecucion IA | SOLUSD | BUY_SMALL | score=70.51 | result=submitted
2026-07-05 19:15:34 | WARNING | trading_bot | WebSocket stale detectado (trade_updates). Forzando reconexion controlada.
2026-07-05 19:15:34 | INFO | trading_bot | Alpaca stream trade_updates closed for Paper 2: status=None msg=None
2026-07-05 19:16:24 | WARNING | trading_bot | WebSocket stale detectado (trade_updates). Forzando reconexion controlada.
2026-07-05 19:16:24 | INFO | trading_bot | Alpaca stream trade_updates closed for Paper 2: status=None msg=None
2026-07-05 19:17:14 | WARNING | trading_bot | WebSocket stale detectado (trade_updates). Forzando reconexion controlada.
2026-07-05 19:17:15 | INFO | trading_bot | Alpaca stream trade_updates closed for Paper 2: status=None msg=None
2026-07-05 19:18:04 | WARNING | trading_bot | WebSocket stale detectado (trade_updates). Forzando reconexion controlada.
2026-07-05 19:18:04 | INFO | trading_bot | Alpaca stream trade_updates closed for Paper 2: status=None msg=None
2026-07-05 19:18:54 | WARNING | trading_bot | WebSocket stale detectado (trade_updates). Forzando reconexion controlada.
2026-07-05 19:18:54 | INFO | trading_bot | Alpaca stream trade_updates closed for Paper 2: status=None msg=None
2026-07-05 19:19:44 | WARNING | trading_bot | WebSocket stale detectado (trade_updates). Forzando reconexion controlada.
2026-07-05 19:19:44 | INFO | trading_bot | Alpaca stream trade_updates closed for Paper 2: status=None msg=None
2026-07-05 19:20:34 | WARNING | trading_bot | WebSocket stale detectado (trade_updates). Forzando reconexion controlada.
2026-07-05 19:20:34 | INFO | trading_bot | Alpaca stream trade_updates closed for Paper 2: status=None msg=None
2026-07-05 19:21:24 | WARNING | trading_bot | WebSocket stale detectado (trade_updates). Forzando reconexion controlada.
2026-07-05 19:21:25 | INFO | trading_bot | Alpaca stream trade_updates closed for Paper 2: status=None msg=None
2026-07-05 19:22:14 | WARNING | trading_bot | WebSocket stale detectado (trade_updates). Forzando reconexion controlada.
2026-07-05 19:22:14 | INFO | trading_bot | Alpaca stream trade_updates closed for Paper 2: status=None msg=None
2026-07-05 19:23:04 | WARNING | trading_bot | WebSocket stale detectado (trade_updates). Forzando reconexion controlada.
2026-07-05 19:23:04 | INFO | trading_bot | Alpaca stream trade_updates closed for Paper 2: status=None msg=None
2026-07-05 19:23:54 | WARNING | trading_bot | WebSocket stale detectado (trade_updates). Forzando reconexion controlada.
2026-07-05 19:23:54 | INFO | trading_bot | Alpaca stream trade_updates closed for Paper 2: status=None msg=None
2026-07-05 19:24:45 | WARNING | trading_bot | WebSocket stale detectado (trade_updates). Forzando reconexion controlada.
2026-07-05 19:24:46 | INFO | trading_bot | Alpaca stream trade_updates closed for Paper 2: status=None msg=None
2026-07-05 19:25:35 | WARNING | trading_bot | WebSocket stale detectado (trade_updates). Forzando reconexion controlada.
2026-07-05 19:25:35 | INFO | trading_bot | Alpaca stream trade_updates closed for Paper 2: status=None msg=None
2026-07-05 19:26:25 | WARNING | trading_bot | WebSocket stale detectado (trade_updates). Forzando reconexion controlada.
2026-07-05 19:26:25 | INFO | trading_bot | Alpaca stream trade_updates closed for Paper 2: status=None msg=None
2026-07-05 19:27:15 | WARNING | trading_bot | WebSocket stale detectado (trade_updates). Forzando reconexion controlada.
2026-07-05 19:27:15 | INFO | trading_bot | Alpaca stream trade_updates closed for Paper 2: status=None msg=None
2026-07-05 19:28:05 | WARNING | trading_bot | WebSocket stale detectado (trade_updates). Forzando reconexion controlada.
2026-07-05 19:28:05 | INFO | trading_bot | Alpaca stream trade_updates closed for Paper 2: status=None msg=None
2026-07-05 19:28:55 | WARNING | trading_bot | WebSocket stale detectado (trade_updates). Forzando reconexion controlada.
2026-07-05 19:28:55 | INFO | trading_bot | Alpaca stream trade_updates closed for Paper 2: status=None msg=None
2026-07-05 19:29:45 | WARNING | trading_bot | WebSocket stale detectado (trade_updates). Forzando reconexion controlada.
2026-07-05 19:29:45 | INFO | trading_bot | Alpaca stream trade_updates closed for Paper 2: status=None msg=None
2026-07-05 19:30:35 | WARNING | trading_bot | WebSocket stale detectado (trade_updates). Forzando reconexion controlada.
2026-07-05 19:30:35 | INFO | trading_bot | Alpaca stream trade_updates closed for Paper 2: status=None msg=None
2026-07-05 19:31:25 | WARNING | trading_bot | WebSocket stale detectado (trade_updates). Forzando reconexion controlada.
2026-07-05 19:31:25 | INFO | trading_bot | Alpaca stream trade_updates closed for Paper 2: status=None msg=None
2026-07-05 19:32:15 | WARNING | trading_bot | WebSocket stale detectado (trade_updates). Forzando reconexion controlada.
2026-07-05 19:32:16 | INFO | trading_bot | Alpaca stream trade_updates closed for Paper 2: status=None msg=None
2026-07-05 19:33:11 | INFO | trading_bot | Auto-ejecucion IA | SOL/USD | BUY | score=75.96 | result=submitted
2026-07-05 19:33:37 | INFO | trading_bot | Auto-ejecucion bloqueada para SOL/USD: 403 Client Error: Forbidden for url: https://paper-api.alpaca.markets/v2/orders
2026-07-05 19:33:54 | WARNING | trading_bot | WebSocket stale detectado (trade_updates). Forzando reconexion controlada.
2026-07-05 19:33:54 | INFO | trading_bot | Alpaca stream trade_updates closed for Paper 2: status=None msg=None
2026-07-05 19:34:00 | INFO | trading_bot | Auto-ejecucion IA | SOLUSD | BUY_SMALL | score=70.51 | result=submitted
2026-07-05 19:34:23 | INFO | trading_bot | Auto-ejecucion IA | SOLUSD | BUY_SMALL | score=70.51 | result=submitted
2026-07-05 19:34:44 | WARNING | trading_bot | WebSocket stale detectado (trade_updates). Forzando reconexion controlada.
2026-07-05 19:34:44 | INFO | trading_bot | Alpaca stream trade_updates closed for Paper 2: status=None msg=None
2026-07-05 19:35:34 | WARNING | trading_bot | WebSocket stale detectado (trade_updates). Forzando reconexion controlada.
2026-07-05 19:35:34 | INFO | trading_bot | Alpaca stream trade_updates closed for Paper 2: status=None msg=None
2026-07-05 19:36:24 | WARNING | trading_bot | WebSocket stale detectado (trade_updates). Forzando reconexion controlada.
2026-07-05 19:36:24 | INFO | trading_bot | Alpaca stream trade_updates closed for Paper 2: status=None msg=None
2026-07-05 19:37:14 | WARNING | trading_bot | WebSocket stale detectado (trade_updates). Forzando reconexion controlada.
2026-07-05 19:37:14 | INFO | trading_bot | Alpaca stream trade_updates closed for Paper 2: status=None msg=None
2026-07-05 19:38:04 | WARNING | trading_bot | WebSocket stale detectado (trade_updates). Forzando reconexion controlada.
2026-07-05 19:38:04 | INFO | trading_bot | Alpaca stream trade_updates closed for Paper 2: status=None msg=None
2026-07-05 19:38:45 | INFO | trading_bot | Auto-ejecucion bloqueada para SOL/USD: 403 Client Error: Forbidden for url: https://paper-api.alpaca.markets/v2/orders
2026-07-05 19:39:07 | INFO | trading_bot | Auto-ejecucion IA | SOLUSD | BUY_SMALL | score=70.51 | result=submitted
2026-07-05 19:39:29 | WARNING | trading_bot | WebSocket stale detectado (trade_updates). Forzando reconexion controlada.
2026-07-05 19:39:29 | INFO | trading_bot | Alpaca stream trade_updates closed for Paper 2: status=None msg=None
2026-07-05 19:39:30 | INFO | trading_bot | Auto-ejecucion IA | SOLUSD | BUY_SMALL | score=70.51 | result=submitted
2026-07-05 19:39:52 | INFO | trading_bot | Auto-ejecucion IA | SOLUSD | BUY_SMALL | score=70.51 | result=submitted
2026-07-05 19:40:19 | WARNING | trading_bot | WebSocket stale detectado (trade_updates). Forzando reconexion controlada.
2026-07-05 19:40:20 | INFO | trading_bot | Alpaca stream trade_updates closed for Paper 2: status=None msg=None
2026-07-05 19:41:09 | WARNING | trading_bot | WebSocket stale detectado (trade_updates). Forzando reconexion controlada.
2026-07-05 19:41:09 | INFO | trading_bot | Alpaca stream trade_updates closed for Paper 2: status=None msg=None
2026-07-05 19:41:59 | WARNING | trading_bot | WebSocket stale detectado (trade_updates). Forzando reconexion controlada.
2026-07-05 19:41:59 | INFO | trading_bot | Alpaca stream trade_updates closed for Paper 2: status=None msg=None
2026-07-05 19:42:49 | WARNING | trading_bot | WebSocket stale detectado (trade_updates). Forzando reconexion controlada.
2026-07-05 19:42:49 | INFO | trading_bot | Alpaca stream trade_updates closed for Paper 2: status=None msg=None
2026-07-05 19:43:42 | INFO | trading_bot | Auto-ejecucion IA | SOL/USD | BUY_SMALL | score=70.66 | result=submitted
2026-07-05 19:44:08 | INFO | trading_bot | Auto-ejecucion IA | SOL/USD | BUY_SMALL | score=72.56 | result=submitted
2026-07-05 19:44:25 | WARNING | trading_bot | WebSocket stale detectado (trade_updates). Forzando reconexion controlada.
2026-07-05 19:44:25 | INFO | trading_bot | Alpaca stream trade_updates closed for Paper 2: status=None msg=None
2026-07-05 19:44:30 | INFO | trading_bot | Auto-ejecucion IA | SOLUSD | BUY_SMALL | score=70.51 | result=submitted
2026-07-05 19:44:53 | INFO | trading_bot | Auto-ejecucion IA | SOLUSD | BUY_SMALL | score=70.51 | result=submitted
2026-07-05 19:45:15 | WARNING | trading_bot | WebSocket stale detectado (trade_updates). Forzando reconexion controlada.
2026-07-05 19:45:16 | INFO | trading_bot | Alpaca stream trade_updates closed for Paper 2: status=None msg=None
2026-07-05 19:46:05 | WARNING | trading_bot | WebSocket stale detectado (trade_updates). Forzando reconexion controlada.
2026-07-05 19:46:05 | INFO | trading_bot | Alpaca stream trade_updates closed for Paper 2: status=None msg=None
2026-07-05 19:46:55 | WARNING | trading_bot | WebSocket stale detectado (trade_updates). Forzando reconexion controlada.
2026-07-05 19:46:55 | INFO | trading_bot | Alpaca stream trade_updates closed for Paper 2: status=None msg=None
2026-07-05 19:47:45 | WARNING | trading_bot | WebSocket stale detectado (trade_updates). Forzando reconexion controlada.
2026-07-05 19:47:45 | INFO | trading_bot | Alpaca stream trade_updates closed for Paper 2: status=None msg=None
2026-07-05 19:48:35 | WARNING | trading_bot | WebSocket stale detectado (trade_updates). Forzando reconexion controlada.
2026-07-05 19:48:35 | INFO | trading_bot | Alpaca stream trade_updates closed for Paper 2: status=None msg=None
2026-07-05 19:49:25 | WARNING | trading_bot | WebSocket stale detectado (trade_updates). Forzando reconexion controlada.
2026-07-05 19:49:25 | INFO | trading_bot | Alpaca stream trade_updates closed for Paper 2: status=None msg=None
2026-07-05 19:50:06 | INFO | trading_bot | Auto-ejecucion bloqueada para SOL/USD: 403 Client Error: Forbidden for url: https://paper-api.alpaca.markets/v2/orders
2026-07-05 19:50:49 | WARNING | trading_bot | WebSocket stale detectado (trade_updates). Forzando reconexion controlada.
2026-07-05 19:50:49 | INFO | trading_bot | Alpaca stream trade_updates closed for Paper 2: status=None msg=None
2026-07-05 19:52:03 | WARNING | trading_bot | WebSocket stale detectado (trade_updates). Forzando reconexion controlada.
2026-07-05 19:52:03 | INFO | trading_bot | Alpaca stream trade_updates closed for Paper 2: status=None msg=None
2026-07-05 19:52:20 | INFO | trading_bot | Auto-ejecucion bloqueada para SOL/USD: 403 Client Error: Forbidden for url: https://paper-api.alpaca.markets/v2/orders
2026-07-05 19:53:07 | WARNING | trading_bot | WebSocket stale detectado (trade_updates). Forzando reconexion controlada.
2026-07-05 19:53:07 | INFO | trading_bot | Alpaca stream trade_updates closed for Paper 2: status=None msg=None
2026-07-05 19:53:57 | WARNING | trading_bot | WebSocket stale detectado (trade_updates). Forzando reconexion controlada.
2026-07-05 19:53:57 | INFO | trading_bot | Alpaca stream trade_updates closed for Paper 2: status=None msg=None
2026-07-05 19:54:08 | INFO | trading_bot | Auto-ejecucion bloqueada para SOL/USD: 403 Client Error: Forbidden for url: https://paper-api.alpaca.markets/v2/orders
2026-07-05 19:54:38 | INFO | trading_bot | Auto-ejecucion IA | SOL/USD | BUY_SMALL | score=72.00 | result=submitted
2026-07-05 19:55:21 | WARNING | trading_bot | WebSocket stale detectado (trade_updates). Forzando reconexion controlada.
2026-07-05 19:55:21 | INFO | trading_bot | Alpaca stream trade_updates closed for Paper 2: status=None msg=None
2026-07-05 19:56:03 | INFO | trading_bot | Auto-ejecucion IA | SOL/USD | BUY_SMALL | score=72.00 | result=emergency_mode
2026-07-05 19:56:08 | INFO | trading_bot | Auto-ejecucion bloqueada para SOL/USD: 403 Client Error: Forbidden for url: https://paper-api.alpaca.markets/v2/orders
2026-07-05 19:56:56 | WARNING | trading_bot | WebSocket stale detectado (trade_updates). Forzando reconexion controlada.
2026-07-05 19:56:56 | INFO | trading_bot | Alpaca stream trade_updates closed for Paper 2: status=None msg=None
2026-07-05 19:57:46 | WARNING | trading_bot | WebSocket stale detectado (trade_updates). Forzando reconexion controlada.
2026-07-05 19:57:46 | INFO | trading_bot | Alpaca stream trade_updates closed for Paper 2: status=None msg=None
2026-07-05 19:58:11 | INFO | trading_bot | Auto-ejecucion bloqueada para SOL/USD: 403 Client Error: Forbidden for url: https://paper-api.alpaca.markets/v2/orders
2026-07-05 19:58:36 | WARNING | trading_bot | WebSocket stale detectado (trade_updates). Forzando reconexion controlada.
2026-07-05 19:58:37 | INFO | trading_bot | Alpaca stream trade_updates closed for Paper 2: status=None msg=None
2026-07-05 19:59:17 | INFO | trading_bot | Auto-ejecucion IA | SOL/USD | BUY_SMALL | score=72.00 | result=submitted
2026-07-05 19:59:26 | WARNING | trading_bot | WebSocket stale detectado (trade_updates). Forzando reconexion controlada.
2026-07-05 19:59:26 | INFO | trading_bot | Alpaca stream trade_updates closed for Paper 2: status=None msg=None
2026-07-05 19:59:41 | INFO | trading_bot | Auto-ejecucion IA | SOL/USD | BUY_SMALL | score=72.00 | result=submitted
2026-07-05 20:00:26 | WARNING | trading_bot | WebSocket stale detectado (trade_updates). Forzando reconexion controlada.
2026-07-05 20:00:26 | INFO | trading_bot | Alpaca stream trade_updates closed for Paper 2: status=None msg=None
2026-07-05 20:01:16 | WARNING | trading_bot | WebSocket stale detectado (trade_updates). Forzando reconexion controlada.
2026-07-05 20:01:16 | INFO | trading_bot | Alpaca stream trade_updates closed for Paper 2: status=None msg=None
2026-07-05 20:02:06 | WARNING | trading_bot | WebSocket stale detectado (trade_updates). Forzando reconexion controlada.
2026-07-05 20:02:07 | INFO | trading_bot | Alpaca stream trade_updates closed for Paper 2: status=None msg=None
2026-07-05 20:02:56 | WARNING | trading_bot | WebSocket stale detectado (trade_updates). Forzando reconexion controlada.
2026-07-05 20:02:56 | INFO | trading_bot | Alpaca stream trade_updates closed for Paper 2: status=None msg=None
2026-07-05 20:03:50 | WARNING | trading_bot | WebSocket stale detectado (trade_updates). Forzando reconexion controlada.
2026-07-05 20:03:50 | INFO | trading_bot | Alpaca stream trade_updates closed for Paper 2: status=None msg=None
2026-07-05 20:04:40 | WARNING | trading_bot | WebSocket stale detectado (trade_updates). Forzando reconexion controlada.
2026-07-05 20:04:40 | INFO | trading_bot | Alpaca stream trade_updates closed for Paper 2: status=None msg=None
2026-07-05 20:05:30 | WARNING | trading_bot | WebSocket stale detectado (trade_updates). Forzando reconexion controlada.
2026-07-05 20:05:30 | INFO | trading_bot | Alpaca stream trade_updates closed for Paper 2: status=None msg=None
2026-07-05 20:06:20 | WARNING | trading_bot | WebSocket stale detectado (trade_updates). Forzando reconexion controlada.
2026-07-05 20:06:20 | INFO | trading_bot | Alpaca stream trade_updates closed for Paper 2: status=None msg=None
2026-07-05 20:08:01 | WARNING | trading_bot | WebSocket stale detectado (trade_updates). Forzando reconexion controlada.
2026-07-05 20:08:01 | INFO | trading_bot | Alpaca stream trade_updates closed for Paper 2: status=None msg=None
2026-07-05 20:08:01 | WARNING | trading_bot | WebSocket stale detectado (trade_updates). Forzando reconexion controlada.
2026-07-05 20:08:02 | INFO | trading_bot | Alpaca stream trade_updates closed for Paper 2: status=None msg=None
2026-07-05 20:09:27 | WARNING | trading_bot | WebSocket stale detectado (trade_updates). Forzando reconexion controlada.
2026-07-05 20:09:27 | INFO | trading_bot | Alpaca stream trade_updates closed for Paper 2: status=None msg=None
2026-07-05 20:10:17 | WARNING | trading_bot | WebSocket stale detectado (trade_updates). Forzando reconexion controlada.
2026-07-05 20:10:18 | INFO | trading_bot | Alpaca stream trade_updates closed for Paper 2: status=None msg=None
2026-07-05 20:11:07 | WARNING | trading_bot | WebSocket stale detectado (trade_updates). Forzando reconexion controlada.
2026-07-05 20:11:07 | INFO | trading_bot | Alpaca stream trade_updates closed for Paper 2: status=None msg=None
2026-07-05 20:11:57 | WARNING | trading_bot | WebSocket stale detectado (trade_updates). Forzando reconexion controlada.
2026-07-05 20:11:57 | INFO | trading_bot | Alpaca stream trade_updates closed for Paper 2: status=None msg=None
2026-07-05 20:12:21 | INFO | trading_bot | Auto-ejecucion bloqueada para SOL/USD: 403 Client Error: Forbidden for url: https://paper-api.alpaca.markets/v2/orders
2026-07-05 20:13:16 | INFO | trading_bot | Auto-ejecucion IA | SOL/USD | BUY_SMALL | score=72.00 | result=submitted
2026-07-05 20:13:59 | WARNING | trading_bot | WebSocket stale detectado (trade_updates). Forzando reconexion controlada.
2026-07-05 20:13:59 | INFO | trading_bot | Alpaca stream trade_updates closed for Paper 2: status=None msg=None
2026-07-05 20:14:49 | WARNING | trading_bot | WebSocket stale detectado (trade_updates). Forzando reconexion controlada.
2026-07-05 20:14:49 | INFO | trading_bot | Alpaca stream trade_updates closed for Paper 2: status=None msg=None
2026-07-05 20:15:39 | WARNING | trading_bot | WebSocket stale detectado (trade_updates). Forzando reconexion controlada.
2026-07-05 20:15:39 | INFO | trading_bot | Alpaca stream trade_updates closed for Paper 2: status=None msg=None
2026-07-05 20:16:29 | WARNING | trading_bot | WebSocket stale detectado (trade_updates). Forzando reconexion controlada.
2026-07-05 20:16:30 | INFO | trading_bot | Alpaca stream trade_updates closed for Paper 2: status=None msg=None
2026-07-05 20:17:04 | INFO | trading_bot | Auto-ejecucion bloqueada para SOL/USD: 403 Client Error: Forbidden for url: https://paper-api.alpaca.markets/v2/orders
2026-07-05 20:17:19 | WARNING | trading_bot | WebSocket stale detectado (trade_updates). Forzando reconexion controlada.
2026-07-05 20:17:19 | INFO | trading_bot | Alpaca stream trade_updates closed for Paper 2: status=None msg=None
2026-07-05 20:18:09 | WARNING | trading_bot | WebSocket stale detectado (trade_updates). Forzando reconexion controlada.
2026-07-05 20:18:09 | INFO | trading_bot | Alpaca stream trade_updates closed for Paper 2: status=None msg=None
2026-07-05 20:18:48 | INFO | trading_bot | Auto-ejecucion bloqueada para SOL/USD: 403 Client Error: Forbidden for url: https://paper-api.alpaca.markets/v2/orders
2026-07-05 20:18:59 | WARNING | trading_bot | WebSocket stale detectado (trade_updates). Forzando reconexion controlada.
2026-07-05 20:19:00 | INFO | trading_bot | Alpaca stream trade_updates closed for Paper 2: status=None msg=None
2026-07-05 20:20:40 | WARNING | trading_bot | WebSocket stale detectado (trade_updates). Forzando reconexion controlada.
2026-07-05 20:20:40 | INFO | trading_bot | Alpaca stream trade_updates closed for Paper 2: status=None msg=None
2026-07-05 20:21:30 | WARNING | trading_bot | WebSocket stale detectado (trade_updates). Forzando reconexion controlada.
2026-07-05 20:21:30 | INFO | trading_bot | Alpaca stream trade_updates closed for Paper 2: status=None msg=None
2026-07-05 20:22:20 | WARNING | trading_bot | WebSocket stale detectado (trade_updates). Forzando reconexion controlada.
2026-07-05 20:22:20 | INFO | trading_bot | Alpaca stream trade_updates closed for Paper 2: status=None msg=None
2026-07-05 20:23:10 | WARNING | trading_bot | WebSocket stale detectado (trade_updates). Forzando reconexion controlada.
2026-07-05 20:23:10 | INFO | trading_bot | Alpaca stream trade_updates closed for Paper 2: status=None msg=None
2026-07-05 20:24:00 | WARNING | trading_bot | WebSocket stale detectado (trade_updates). Forzando reconexion controlada.
2026-07-05 20:24:00 | INFO | trading_bot | Alpaca stream trade_updates closed for Paper 2: status=None msg=None
2026-07-05 20:24:50 | WARNING | trading_bot | WebSocket stale detectado (trade_updates). Forzando reconexion controlada.
2026-07-05 20:24:50 | INFO | trading_bot | Alpaca stream trade_updates closed for Paper 2: status=None msg=None
2026-07-05 20:25:40 | WARNING | trading_bot | WebSocket stale detectado (trade_updates). Forzando reconexion controlada.
2026-07-05 20:25:40 | INFO | trading_bot | Alpaca stream trade_updates closed for Paper 2: status=None msg=None
2026-07-05 20:26:30 | WARNING | trading_bot | WebSocket stale detectado (trade_updates). Forzando reconexion controlada.
2026-07-05 20:26:30 | INFO | trading_bot | Alpaca stream trade_updates closed for Paper 2: status=None msg=None
2026-07-05 20:27:20 | WARNING | trading_bot | WebSocket stale detectado (trade_updates). Forzando reconexion controlada.
2026-07-05 20:27:20 | INFO | trading_bot | Alpaca stream trade_updates closed for Paper 2: status=None msg=None
2026-07-05 20:29:04 | WARNING | trading_bot | WebSocket stale detectado (trade_updates). Forzando reconexion controlada.
2026-07-05 20:29:04 | INFO | trading_bot | Alpaca stream trade_updates closed for Paper 2: status=None msg=None
2026-07-05 20:29:54 | WARNING | trading_bot | WebSocket stale detectado (trade_updates). Forzando reconexion controlada.
2026-07-05 20:29:56 | INFO | trading_bot | Alpaca stream trade_updates closed for Paper 2: status=None msg=None
2026-07-05 20:30:44 | WARNING | trading_bot | WebSocket stale detectado (trade_updates). Forzando reconexion controlada.
2026-07-05 20:30:44 | INFO | trading_bot | Alpaca stream trade_updates closed for Paper 2: status=None msg=None
2026-07-05 20:31:34 | WARNING | trading_bot | WebSocket stale detectado (trade_updates). Forzando reconexion controlada.
2026-07-05 20:31:34 | INFO | trading_bot | Alpaca stream trade_updates closed for Paper 2: status=None msg=None
2026-07-05 20:32:21 | INFO | trading_bot | Auto-ejecucion IA | SOL/USD | BUY_SMALL | score=72.00 | result=submitted
2026-07-05 20:32:24 | WARNING | trading_bot | WebSocket stale detectado (trade_updates). Forzando reconexion controlada.
2026-07-05 20:32:26 | INFO | trading_bot | Alpaca stream trade_updates closed for Paper 2: status=None msg=None
2026-07-05 20:32:46 | INFO | trading_bot | Auto-ejecucion IA | SOL/USD | BUY_SMALL | score=72.00 | result=submitted
2026-07-05 20:33:14 | WARNING | trading_bot | WebSocket stale detectado (trade_updates). Forzando reconexion controlada.
2026-07-05 20:33:14 | INFO | trading_bot | Alpaca stream trade_updates closed for Paper 2: status=None msg=None
2026-07-05 20:33:54 | INFO | trading_bot | Auto-ejecucion IA | SOL/USD | BUY_SMALL | score=72.00 | result=submitted
2026-07-05 20:34:41 | WARNING | trading_bot | WebSocket stale detectado (trade_updates). Forzando reconexion controlada.
2026-07-05 20:34:41 | INFO | trading_bot | Alpaca stream trade_updates closed for Paper 2: status=None msg=None
2026-07-05 20:35:31 | WARNING | trading_bot | WebSocket stale detectado (trade_updates). Forzando reconexion controlada.
2026-07-05 20:35:31 | INFO | trading_bot | Alpaca stream trade_updates closed for Paper 2: status=None msg=None
2026-07-05 20:36:21 | WARNING | trading_bot | WebSocket stale detectado (trade_updates). Forzando reconexion controlada.
2026-07-05 20:36:21 | INFO | trading_bot | Alpaca stream trade_updates closed for Paper 2: status=None msg=None
2026-07-05 20:37:11 | WARNING | trading_bot | WebSocket stale detectado (trade_updates). Forzando reconexion controlada.
2026-07-05 20:37:11 | INFO | trading_bot | Alpaca stream trade_updates closed for Paper 2: status=None msg=None
2026-07-05 20:38:01 | WARNING | trading_bot | WebSocket stale detectado (trade_updates). Forzando reconexion controlada.
2026-07-05 20:38:01 | INFO | trading_bot | Alpaca stream trade_updates closed for Paper 2: status=None msg=None
2026-07-05 20:38:51 | WARNING | trading_bot | WebSocket stale detectado (trade_updates). Forzando reconexion controlada.
2026-07-05 20:38:51 | INFO | trading_bot | Alpaca stream trade_updates closed for Paper 2: status=None msg=None
2026-07-05 20:38:55 | WARNING | trading_bot | CRYPTO SOL/USD: Opening position with max_hold_time=30 minutes. Stop loss enabled.
2026-07-05 20:38:55 | WARNING | trading_bot | No se pudo crear salida inmediata para SOL/USD: 403 Client Error: Forbidden for url: https://paper-api.alpaca.markets/v2/orders
2026-07-05 20:39:16 | WARNING | trading_bot | CRYPTO SOL/USD: Opening position with max_hold_time=30 minutes. Stop loss enabled.
2026-07-05 20:39:17 | WARNING | trading_bot | No se pudo crear salida inmediata para SOL/USD: 403 Client Error: Forbidden for url: https://paper-api.alpaca.markets/v2/orders
2026-07-05 20:39:41 | WARNING | trading_bot | WebSocket stale detectado (trade_updates). Forzando reconexion controlada.
2026-07-05 20:39:41 | INFO | trading_bot | Alpaca stream trade_updates closed for Paper 2: status=None msg=None
2026-07-05 20:40:32 | WARNING | trading_bot | WebSocket stale detectado (trade_updates). Forzando reconexion controlada.
2026-07-05 20:40:32 | INFO | trading_bot | Alpaca stream trade_updates closed for Paper 2: status=None msg=None
2026-07-05 20:41:22 | WARNING | trading_bot | WebSocket stale detectado (trade_updates). Forzando reconexion controlada.
2026-07-05 20:41:22 | INFO | trading_bot | Alpaca stream trade_updates closed for Paper 2: status=None msg=None
2026-07-05 20:42:12 | WARNING | trading_bot | WebSocket stale detectado (trade_updates). Forzando reconexion controlada.
2026-07-05 20:42:12 | INFO | trading_bot | Alpaca stream trade_updates closed for Paper 2: status=None msg=None
2026-07-05 20:42:40 | WARNING | trading_bot | CRYPTO SOL/USD: Opening position with max_hold_time=30 minutes. Stop loss enabled.
2026-07-05 20:42:40 | WARNING | trading_bot | No se pudo crear salida inmediata para SOL/USD: 403 Client Error: Forbidden for url: https://paper-api.alpaca.markets/v2/orders
2026-07-05 20:43:02 | WARNING | trading_bot | CRYPTO SOL/USD: Opening position with max_hold_time=30 minutes. Stop loss enabled.
2026-07-05 20:43:02 | WARNING | trading_bot | WebSocket stale detectado (trade_updates). Forzando reconexion controlada.
2026-07-05 20:43:02 | INFO | trading_bot | Alpaca stream trade_updates closed for Paper 2: status=None msg=None
2026-07-05 20:43:02 | WARNING | trading_bot | No se pudo crear salida inmediata para SOL/USD: 403 Client Error: Forbidden for url: https://paper-api.alpaca.markets/v2/orders
2026-07-05 20:43:52 | WARNING | trading_bot | WebSocket stale detectado (trade_updates). Forzando reconexion controlada.
2026-07-05 20:43:52 | INFO | trading_bot | Alpaca stream trade_updates closed for Paper 2: status=None msg=None
2026-07-05 20:44:42 | WARNING | trading_bot | WebSocket stale detectado (trade_updates). Forzando reconexion controlada.
2026-07-05 20:44:42 | INFO | trading_bot | Alpaca stream trade_updates closed for Paper 2: status=None msg=None
2026-07-05 20:45:32 | WARNING | trading_bot | WebSocket stale detectado (trade_updates). Forzando reconexion controlada.
2026-07-05 20:45:32 | INFO | trading_bot | Alpaca stream trade_updates closed for Paper 2: status=None msg=None
2026-07-05 20:46:40 | WARNING | trading_bot | WebSocket stale detectado (trade_updates). Forzando reconexion controlada.
2026-07-05 20:46:40 | INFO | trading_bot | Alpaca stream trade_updates closed for Paper 2: status=None msg=None
2026-07-05 20:47:30 | WARNING | trading_bot | WebSocket stale detectado (trade_updates). Forzando reconexion controlada.
2026-07-05 20:47:32 | INFO | trading_bot | Alpaca stream trade_updates closed for Paper 2: status=None msg=None
2026-07-05 20:48:20 | WARNING | trading_bot | WebSocket stale detectado (trade_updates). Forzando reconexion controlada.
2026-07-05 20:48:23 | INFO | trading_bot | Alpaca stream trade_updates closed for Paper 2: status=None msg=None
2026-07-05 20:49:10 | WARNING | trading_bot | WebSocket stale detectado (trade_updates). Forzando reconexion controlada.
2026-07-05 20:49:10 | INFO | trading_bot | Alpaca stream trade_updates closed for Paper 2: status=None msg=None
2026-07-05 20:51:04 | WARNING | trading_bot | WebSocket stale detectado (trade_updates). Forzando reconexion controlada.
2026-07-05 20:51:04 | INFO | trading_bot | Alpaca stream trade_updates closed for Paper 2: status=None msg=None
2026-07-05 20:51:54 | WARNING | trading_bot | WebSocket stale detectado (trade_updates). Forzando reconexion controlada.
2026-07-05 20:51:54 | INFO | trading_bot | Alpaca stream trade_updates closed for Paper 2: status=None msg=None
2026-07-05 20:53:14 | WARNING | trading_bot | WebSocket stale detectado (trade_updates). Forzando reconexion controlada.
2026-07-05 20:53:14 | INFO | trading_bot | Alpaca stream trade_updates closed for Paper 2: status=None msg=None
2026-07-05 20:54:04 | WARNING | trading_bot | WebSocket stale detectado (trade_updates). Forzando reconexion controlada.
2026-07-05 20:54:04 | INFO | trading_bot | Alpaca stream trade_updates closed for Paper 2: status=None msg=None
2026-07-05 20:54:54 | WARNING | trading_bot | WebSocket stale detectado (trade_updates). Forzando reconexion controlada.
2026-07-05 20:54:54 | INFO | trading_bot | Alpaca stream trade_updates closed for Paper 2: status=None msg=None
2026-07-05 20:55:44 | WARNING | trading_bot | WebSocket stale detectado (trade_updates). Forzando reconexion controlada.
2026-07-05 20:55:44 | INFO | trading_bot | Alpaca stream trade_updates closed for Paper 2: status=None msg=None
2026-07-05 20:56:34 | WARNING | trading_bot | WebSocket stale detectado (trade_updates). Forzando reconexion controlada.
2026-07-05 20:56:34 | INFO | trading_bot | Alpaca stream trade_updates closed for Paper 2: status=None msg=None
2026-07-05 20:57:24 | WARNING | trading_bot | WebSocket stale detectado (trade_updates). Forzando reconexion controlada.
2026-07-05 20:57:24 | INFO | trading_bot | Alpaca stream trade_updates closed for Paper 2: status=None msg=None
2026-07-05 20:58:14 | WARNING | trading_bot | WebSocket stale detectado (trade_updates). Forzando reconexion controlada.
2026-07-05 20:58:14 | INFO | trading_bot | Alpaca stream trade_updates closed for Paper 2: status=None msg=None
2026-07-05 20:59:04 | WARNING | trading_bot | WebSocket stale detectado (trade_updates). Forzando reconexion controlada.
2026-07-05 20:59:05 | INFO | trading_bot | Alpaca stream trade_updates closed for Paper 2: status=None msg=None
2026-07-05 20:59:55 | WARNING | trading_bot | WebSocket stale detectado (trade_updates). Forzando reconexion controlada.
2026-07-05 20:59:55 | INFO | trading_bot | Alpaca stream trade_updates closed for Paper 2: status=None msg=None
2026-07-05 21:00:45 | WARNING | trading_bot | WebSocket stale detectado (trade_updates). Forzando reconexion controlada.
2026-07-05 21:00:46 | INFO | trading_bot | Alpaca stream trade_updates closed for Paper 2: status=None msg=None
2026-07-05 21:01:35 | WARNING | trading_bot | WebSocket stale detectado (trade_updates). Forzando reconexion controlada.
2026-07-05 21:01:35 | INFO | trading_bot | Alpaca stream trade_updates closed for Paper 2: status=None msg=None
2026-07-05 21:02:24 | INFO | trading_bot | Auto-ejecucion IA | SOL/USD | BUY_SMALL | score=72.00 | result=submitted
2026-07-05 21:02:25 | WARNING | trading_bot | WebSocket stale detectado (trade_updates). Forzando reconexion controlada.
2026-07-05 21:02:25 | INFO | trading_bot | Alpaca stream trade_updates closed for Paper 2: status=None msg=None
2026-07-05 21:09:12 | INFO | trading_bot | Auto-ejecucion IA | SOL/USD | BUY_SMALL | score=72.00 | result=submitted
2026-07-05 21:11:48 | WARNING | trading_bot | WebSocket stale detectado (trade_updates). Forzando reconexion controlada.
2026-07-05 21:11:48 | INFO | trading_bot | Alpaca stream trade_updates closed for Paper 2: status=None msg=None
2026-07-05 21:12:38 | WARNING | trading_bot | WebSocket stale detectado (trade_updates). Forzando reconexion controlada.
2026-07-05 21:12:38 | INFO | trading_bot | Alpaca stream trade_updates closed for Paper 2: status=None msg=None
2026-07-05 21:13:28 | WARNING | trading_bot | WebSocket stale detectado (trade_updates). Forzando reconexion controlada.
2026-07-05 21:13:28 | INFO | trading_bot | Alpaca stream trade_updates closed for Paper 2: status=None msg=None
2026-07-05 21:14:18 | WARNING | trading_bot | WebSocket stale detectado (trade_updates). Forzando reconexion controlada.
2026-07-05 21:14:18 | INFO | trading_bot | Alpaca stream trade_updates closed for Paper 2: status=None msg=None
2026-07-05 21:15:08 | WARNING | trading_bot | WebSocket stale detectado (trade_updates). Forzando reconexion controlada.
2026-07-05 21:15:08 | INFO | trading_bot | Alpaca stream trade_updates closed for Paper 2: status=None msg=None
2026-07-05 21:15:11 | INFO | trading_bot | Auto-ejecucion bloqueada para SOL/USD: 403 Client Error: Forbidden for url: https://paper-api.alpaca.markets/v2/orders
2026-07-05 21:15:58 | WARNING | trading_bot | WebSocket stale detectado (trade_updates). Forzando reconexion controlada.
2026-07-05 21:15:58 | INFO | trading_bot | Alpaca stream trade_updates closed for Paper 2: status=None msg=None
2026-07-05 21:16:48 | WARNING | trading_bot | WebSocket stale detectado (trade_updates). Forzando reconexion controlada.
2026-07-05 21:16:48 | INFO | trading_bot | Alpaca stream trade_updates closed for Paper 2: status=None msg=None
2026-07-05 21:17:38 | WARNING | trading_bot | WebSocket stale detectado (trade_updates). Forzando reconexion controlada.
2026-07-05 21:17:38 | INFO | trading_bot | Alpaca stream trade_updates closed for Paper 2: status=None msg=None
2026-07-05 21:18:28 | WARNING | trading_bot | WebSocket stale detectado (trade_updates). Forzando reconexion controlada.
2026-07-05 21:18:28 | INFO | trading_bot | Alpaca stream trade_updates closed for Paper 2: status=None msg=None
2026-07-05 21:19:19 | WARNING | trading_bot | WebSocket stale detectado (trade_updates). Forzando reconexion controlada.
2026-07-05 21:19:19 | INFO | trading_bot | Alpaca stream trade_updates closed for Paper 2: status=None msg=None
2026-07-05 21:20:09 | WARNING | trading_bot | WebSocket stale detectado (trade_updates). Forzando reconexion controlada.
2026-07-05 21:20:09 | INFO | trading_bot | Alpaca stream trade_updates closed for Paper 2: status=None msg=None
2026-07-05 21:20:59 | WARNING | trading_bot | WebSocket stale detectado (trade_updates). Forzando reconexion controlada.
2026-07-05 21:20:59 | INFO | trading_bot | Alpaca stream trade_updates closed for Paper 2: status=None msg=None
2026-07-05 21:21:49 | WARNING | trading_bot | WebSocket stale detectado (trade_updates). Forzando reconexion controlada.
2026-07-05 21:21:50 | INFO | trading_bot | Alpaca stream trade_updates closed for Paper 2: status=None msg=None
2026-07-05 21:22:39 | WARNING | trading_bot | WebSocket stale detectado (trade_updates). Forzando reconexion controlada.
2026-07-05 21:22:39 | INFO | trading_bot | Alpaca stream trade_updates closed for Paper 2: status=None msg=None
2026-07-05 21:23:29 | WARNING | trading_bot | WebSocket stale detectado (trade_updates). Forzando reconexion controlada.
2026-07-05 21:23:30 | INFO | trading_bot | Alpaca stream trade_updates closed for Paper 2: status=None msg=None
2026-07-05 21:24:19 | WARNING | trading_bot | WebSocket stale detectado (trade_updates). Forzando reconexion controlada.
2026-07-05 21:24:19 | INFO | trading_bot | Alpaca stream trade_updates closed for Paper 2: status=None msg=None
2026-07-05 21:25:09 | WARNING | trading_bot | WebSocket stale detectado (trade_updates). Forzando reconexion controlada.
2026-07-05 21:25:09 | INFO | trading_bot | Alpaca stream trade_updates closed for Paper 2: status=None msg=None
2026-07-05 21:25:59 | WARNING | trading_bot | WebSocket stale detectado (trade_updates). Forzando reconexion controlada.
2026-07-05 21:25:59 | INFO | trading_bot | Alpaca stream trade_updates closed for Paper 2: status=None msg=None
2026-07-05 21:26:49 | WARNING | trading_bot | WebSocket stale detectado (trade_updates). Forzando reconexion controlada.
2026-07-05 21:26:49 | INFO | trading_bot | Alpaca stream trade_updates closed for Paper 2: status=None msg=None
2026-07-05 21:27:39 | WARNING | trading_bot | WebSocket stale detectado (trade_updates). Forzando reconexion controlada.
2026-07-05 21:27:39 | INFO | trading_bot | Alpaca stream trade_updates closed for Paper 2: status=None msg=None
2026-07-05 21:28:29 | WARNING | trading_bot | WebSocket stale detectado (trade_updates). Forzando reconexion controlada.
2026-07-05 21:28:29 | INFO | trading_bot | Alpaca stream trade_updates closed for Paper 2: status=None msg=None
2026-07-05 21:29:19 | WARNING | trading_bot | WebSocket stale detectado (trade_updates). Forzando reconexion controlada.
2026-07-05 21:29:19 | INFO | trading_bot | Alpaca stream trade_updates closed for Paper 2: status=None msg=None
2026-07-05 21:30:09 | WARNING | trading_bot | WebSocket stale detectado (trade_updates). Forzando reconexion controlada.
2026-07-05 21:30:09 | INFO | trading_bot | Alpaca stream trade_updates closed for Paper 2: status=None msg=None
2026-07-05 21:30:59 | WARNING | trading_bot | WebSocket stale detectado (trade_updates). Forzando reconexion controlada.
2026-07-05 21:30:59 | INFO | trading_bot | Alpaca stream trade_updates closed for Paper 2: status=None msg=None
2026-07-05 21:31:49 | WARNING | trading_bot | WebSocket stale detectado (trade_updates). Forzando reconexion controlada.
2026-07-05 21:31:49 | INFO | trading_bot | Alpaca stream trade_updates closed for Paper 2: status=None msg=None
2026-07-05 21:32:39 | WARNING | trading_bot | WebSocket stale detectado (trade_updates). Forzando reconexion controlada.
2026-07-05 21:32:39 | INFO | trading_bot | Alpaca stream trade_updates closed for Paper 2: status=None msg=None
2026-07-05 21:33:30 | WARNING | trading_bot | WebSocket stale detectado (trade_updates). Forzando reconexion controlada.
2026-07-05 21:33:30 | INFO | trading_bot | Alpaca stream trade_updates closed for Paper 2: status=None msg=None
2026-07-05 21:34:20 | WARNING | trading_bot | WebSocket stale detectado (trade_updates). Forzando reconexion controlada.
2026-07-05 21:34:21 | INFO | trading_bot | Alpaca stream trade_updates closed for Paper 2: status=None msg=None
2026-07-05 21:35:10 | WARNING | trading_bot | WebSocket stale detectado (trade_updates). Forzando reconexion controlada.
2026-07-05 21:35:10 | INFO | trading_bot | Alpaca stream trade_updates closed for Paper 2: status=None msg=None
2026-07-05 21:36:00 | WARNING | trading_bot | WebSocket stale detectado (trade_updates). Forzando reconexion controlada.
2026-07-05 21:36:00 | INFO | trading_bot | Alpaca stream trade_updates closed for Paper 2: status=None msg=None
2026-07-05 21:36:50 | WARNING | trading_bot | WebSocket stale detectado (trade_updates). Forzando reconexion controlada.
2026-07-05 21:36:50 | INFO | trading_bot | Alpaca stream trade_updates closed for Paper 2: status=None msg=None
2026-07-05 21:37:40 | WARNING | trading_bot | WebSocket stale detectado (trade_updates). Forzando reconexion controlada.
2026-07-05 21:37:40 | INFO | trading_bot | Alpaca stream trade_updates closed for Paper 2: status=None msg=None
2026-07-05 21:38:30 | WARNING | trading_bot | WebSocket stale detectado (trade_updates). Forzando reconexion controlada.
2026-07-05 21:38:30 | INFO | trading_bot | Alpaca stream trade_updates closed for Paper 2: status=None msg=None
2026-07-05 21:39:20 | WARNING | trading_bot | WebSocket stale detectado (trade_updates). Forzando reconexion controlada.
2026-07-05 21:39:20 | INFO | trading_bot | Alpaca stream trade_updates closed for Paper 2: status=None msg=None
2026-07-05 21:40:10 | WARNING | trading_bot | WebSocket stale detectado (trade_updates). Forzando reconexion controlada.
2026-07-05 21:40:10 | INFO | trading_bot | Alpaca stream trade_updates closed for Paper 2: status=None msg=None
2026-07-05 21:41:00 | WARNING | trading_bot | WebSocket stale detectado (trade_updates). Forzando reconexion controlada.
2026-07-05 21:41:00 | INFO | trading_bot | Alpaca stream trade_updates closed for Paper 2: status=None msg=None
2026-07-05 21:41:50 | WARNING | trading_bot | WebSocket stale detectado (trade_updates). Forzando reconexion controlada.
2026-07-05 21:41:50 | INFO | trading_bot | Alpaca stream trade_updates closed for Paper 2: status=None msg=None
2026-07-05 21:42:40 | WARNING | trading_bot | WebSocket stale detectado (trade_updates). Forzando reconexion controlada.
2026-07-05 21:42:40 | INFO | trading_bot | Alpaca stream trade_updates closed for Paper 2: status=None msg=None
2026-07-05 21:44:04 | WARNING | trading_bot | WebSocket stale detectado (trade_updates). Forzando reconexion controlada.
2026-07-05 21:44:04 | INFO | trading_bot | Alpaca stream trade_updates closed for Paper 2: status=None msg=None
2026-07-05 21:44:56 | WARNING | trading_bot | WebSocket stale detectado (trade_updates). Forzando reconexion controlada.
2026-07-05 21:44:56 | INFO | trading_bot | Alpaca stream trade_updates closed for Paper 2: status=None msg=None
2026-07-05 21:45:46 | WARNING | trading_bot | WebSocket stale detectado (trade_updates). Forzando reconexion controlada.
2026-07-05 21:45:46 | INFO | trading_bot | Alpaca stream trade_updates closed for Paper 2: status=None msg=None
2026-07-05 21:46:36 | WARNING | trading_bot | WebSocket stale detectado (trade_updates). Forzando reconexion controlada.
2026-07-05 21:46:36 | INFO | trading_bot | Alpaca stream trade_updates closed for Paper 2: status=None msg=None
2026-07-05 21:47:26 | WARNING | trading_bot | WebSocket stale detectado (trade_updates). Forzando reconexion controlada.
2026-07-05 21:47:27 | INFO | trading_bot | Alpaca stream trade_updates closed for Paper 2: status=None msg=None
2026-07-05 21:48:16 | WARNING | trading_bot | WebSocket stale detectado (trade_updates). Forzando reconexion controlada.
2026-07-05 21:48:16 | INFO | trading_bot | Alpaca stream trade_updates closed for Paper 2: status=None msg=None
2026-07-05 21:49:14 | WARNING | trading_bot | WebSocket stale detectado (trade_updates). Forzando reconexion controlada.
2026-07-05 21:49:14 | INFO | trading_bot | Alpaca stream trade_updates closed for Paper 2: status=None msg=None
2026-07-05 21:50:04 | WARNING | trading_bot | WebSocket stale detectado (trade_updates). Forzando reconexion controlada.
2026-07-05 21:50:04 | INFO | trading_bot | Alpaca stream trade_updates closed for Paper 2: status=None msg=None
2026-07-05 21:50:55 | WARNING | trading_bot | WebSocket stale detectado (trade_updates). Forzando reconexion controlada.
2026-07-05 21:50:56 | INFO | trading_bot | Alpaca stream trade_updates closed for Paper 2: status=None msg=None
2026-07-05 21:51:45 | WARNING | trading_bot | WebSocket stale detectado (trade_updates). Forzando reconexion controlada.
2026-07-05 21:51:45 | INFO | trading_bot | Alpaca stream trade_updates closed for Paper 2: status=None msg=None
2026-07-05 21:52:35 | WARNING | trading_bot | WebSocket stale detectado (trade_updates). Forzando reconexion controlada.
2026-07-05 21:52:35 | INFO | trading_bot | Alpaca stream trade_updates closed for Paper 2: status=None msg=None
2026-07-05 21:53:25 | WARNING | trading_bot | WebSocket stale detectado (trade_updates). Forzando reconexion controlada.
2026-07-05 21:53:25 | INFO | trading_bot | Alpaca stream trade_updates closed for Paper 2: status=None msg=None
2026-07-05 21:54:15 | WARNING | trading_bot | WebSocket stale detectado (trade_updates). Forzando reconexion controlada.
2026-07-05 21:54:15 | INFO | trading_bot | Alpaca stream trade_updates closed for Paper 2: status=None msg=None
2026-07-05 21:55:05 | WARNING | trading_bot | WebSocket stale detectado (trade_updates). Forzando reconexion controlada.
2026-07-05 21:55:05 | INFO | trading_bot | Alpaca stream trade_updates closed for Paper 2: status=None msg=None
2026-07-05 21:55:55 | WARNING | trading_bot | WebSocket stale detectado (trade_updates). Forzando reconexion controlada.
2026-07-05 21:55:55 | INFO | trading_bot | Alpaca stream trade_updates closed for Paper 2: status=None msg=None
2026-07-05 21:56:45 | WARNING | trading_bot | WebSocket stale detectado (trade_updates). Forzando reconexion controlada.
2026-07-05 21:56:45 | INFO | trading_bot | Alpaca stream trade_updates closed for Paper 2: status=None msg=None
2026-07-05 21:57:35 | WARNING | trading_bot | WebSocket stale detectado (trade_updates). Forzando reconexion controlada.
2026-07-05 21:57:35 | INFO | trading_bot | Alpaca stream trade_updates closed for Paper 2: status=None msg=None
2026-07-05 21:58:25 | WARNING | trading_bot | WebSocket stale detectado (trade_updates). Forzando reconexion controlada.
2026-07-05 21:58:25 | INFO | trading_bot | Alpaca stream trade_updates closed for Paper 2: status=None msg=None
2026-07-05 21:59:15 | WARNING | trading_bot | WebSocket stale detectado (trade_updates). Forzando reconexion controlada.
2026-07-05 21:59:16 | INFO | trading_bot | Alpaca stream trade_updates closed for Paper 2: status=None msg=None
2026-07-05 22:00:05 | WARNING | trading_bot | WebSocket stale detectado (trade_updates). Forzando reconexion controlada.
2026-07-05 22:00:05 | INFO | trading_bot | Alpaca stream trade_updates closed for Paper 2: status=None msg=None
2026-07-05 22:00:55 | WARNING | trading_bot | WebSocket stale detectado (trade_updates). Forzando reconexion controlada.
2026-07-05 22:00:55 | INFO | trading_bot | Alpaca stream trade_updates closed for Paper 2: status=None msg=None
2026-07-05 22:01:45 | WARNING | trading_bot | WebSocket stale detectado (trade_updates). Forzando reconexion controlada.
2026-07-05 22:01:45 | INFO | trading_bot | Alpaca stream trade_updates closed for Paper 2: status=None msg=None
2026-07-05 22:02:35 | WARNING | trading_bot | WebSocket stale detectado (trade_updates). Forzando reconexion controlada.
2026-07-05 22:02:35 | INFO | trading_bot | Alpaca stream trade_updates closed for Paper 2: status=None msg=None
2026-07-05 22:03:26 | WARNING | trading_bot | WebSocket stale detectado (trade_updates). Forzando reconexion controlada.
2026-07-05 22:03:26 | INFO | trading_bot | Alpaca stream trade_updates closed for Paper 2: status=None msg=None
2026-07-05 22:04:16 | WARNING | trading_bot | WebSocket stale detectado (trade_updates). Forzando reconexion controlada.
2026-07-05 22:04:16 | INFO | trading_bot | Alpaca stream trade_updates closed for Paper 2: status=None msg=None
2026-07-05 22:05:06 | WARNING | trading_bot | WebSocket stale detectado (trade_updates). Forzando reconexion controlada.
2026-07-05 22:05:06 | INFO | trading_bot | Alpaca stream trade_updates closed for Paper 2: status=None msg=None
2026-07-05 22:06:08 | WARNING | trading_bot | WebSocket stale detectado (trade_updates). Forzando reconexion controlada.
2026-07-05 22:06:08 | INFO | trading_bot | Alpaca stream trade_updates closed for Paper 2: status=None msg=None
2026-07-05 22:06:58 | WARNING | trading_bot | WebSocket stale detectado (trade_updates). Forzando reconexion controlada.
2026-07-05 22:06:58 | INFO | trading_bot | Alpaca stream trade_updates closed for Paper 2: status=None msg=None
2026-07-05 22:07:48 | WARNING | trading_bot | WebSocket stale detectado (trade_updates). Forzando reconexion controlada.
2026-07-05 22:07:48 | INFO | trading_bot | Alpaca stream trade_updates closed for Paper 2: status=None msg=None
2026-07-05 22:08:38 | WARNING | trading_bot | WebSocket stale detectado (trade_updates). Forzando reconexion controlada.
2026-07-05 22:08:38 | INFO | trading_bot | Alpaca stream trade_updates closed for Paper 2: status=None msg=None
2026-07-05 22:09:28 | WARNING | trading_bot | WebSocket stale detectado (trade_updates). Forzando reconexion controlada.
2026-07-05 22:09:29 | INFO | trading_bot | Alpaca stream trade_updates closed for Paper 2: status=None msg=None
2026-07-05 22:10:18 | WARNING | trading_bot | WebSocket stale detectado (trade_updates). Forzando reconexion controlada.
2026-07-05 22:10:20 | INFO | trading_bot | Alpaca stream trade_updates closed for Paper 2: status=None msg=None
2026-07-05 22:11:21 | WARNING | trading_bot | WebSocket stale detectado (trade_updates). Forzando reconexion controlada.
2026-07-05 22:11:21 | INFO | trading_bot | Alpaca stream trade_updates closed for Paper 2: status=None msg=None
2026-07-05 22:12:11 | WARNING | trading_bot | WebSocket stale detectado (trade_updates). Forzando reconexion controlada.
2026-07-05 22:12:12 | INFO | trading_bot | Alpaca stream trade_updates closed for Paper 2: status=None msg=None
2026-07-05 22:13:01 | WARNING | trading_bot | WebSocket stale detectado (trade_updates). Forzando reconexion controlada.
2026-07-05 22:13:01 | INFO | trading_bot | Alpaca stream trade_updates closed for Paper 2: status=None msg=None
2026-07-05 22:13:51 | WARNING | trading_bot | WebSocket stale detectado (trade_updates). Forzando reconexion controlada.
2026-07-05 22:13:51 | INFO | trading_bot | Alpaca stream trade_updates closed for Paper 2: status=None msg=None
2026-07-05 22:14:41 | WARNING | trading_bot | WebSocket stale detectado (trade_updates). Forzando reconexion controlada.
2026-07-05 22:14:41 | INFO | trading_bot | Alpaca stream trade_updates closed for Paper 2: status=None msg=None
2026-07-05 22:15:31 | WARNING | trading_bot | WebSocket stale detectado (trade_updates). Forzando reconexion controlada.
2026-07-05 22:15:31 | INFO | trading_bot | Alpaca stream trade_updates closed for Paper 2: status=None msg=None
2026-07-05 22:16:21 | WARNING | trading_bot | WebSocket stale detectado (trade_updates). Forzando reconexion controlada.
2026-07-05 22:16:21 | INFO | trading_bot | Alpaca stream trade_updates closed for Paper 2: status=None msg=None
2026-07-05 22:17:37 | WARNING | trading_bot | WebSocket stale detectado (trade_updates). Forzando reconexion controlada.
2026-07-05 22:17:37 | INFO | trading_bot | Alpaca stream trade_updates closed for Paper 2: status=None msg=None
2026-07-05 22:18:27 | WARNING | trading_bot | WebSocket stale detectado (trade_updates). Forzando reconexion controlada.
2026-07-05 22:18:27 | INFO | trading_bot | Alpaca stream trade_updates closed for Paper 2: status=None msg=None
2026-07-05 22:19:17 | WARNING | trading_bot | WebSocket stale detectado (trade_updates). Forzando reconexion controlada.
2026-07-05 22:19:17 | INFO | trading_bot | Alpaca stream trade_updates closed for Paper 2: status=None msg=None
2026-07-05 22:20:07 | WARNING | trading_bot | WebSocket stale detectado (trade_updates). Forzando reconexion controlada.
2026-07-05 22:20:07 | INFO | trading_bot | Alpaca stream trade_updates closed for Paper 2: status=None msg=None
2026-07-05 22:20:57 | WARNING | trading_bot | WebSocket stale detectado (trade_updates). Forzando reconexion controlada.
2026-07-05 22:20:57 | INFO | trading_bot | Alpaca stream trade_updates closed for Paper 2: status=None msg=None
2026-07-05 22:21:47 | WARNING | trading_bot | WebSocket stale detectado (trade_updates). Forzando reconexion controlada.
2026-07-05 22:21:47 | INFO | trading_bot | Alpaca stream trade_updates closed for Paper 2: status=None msg=None
2026-07-05 22:22:37 | WARNING | trading_bot | WebSocket stale detectado (trade_updates). Forzando reconexion controlada.
2026-07-05 22:22:37 | INFO | trading_bot | Alpaca stream trade_updates closed for Paper 2: status=None msg=None
2026-07-05 22:23:27 | WARNING | trading_bot | WebSocket stale detectado (trade_updates). Forzando reconexion controlada.
2026-07-05 22:23:27 | INFO | trading_bot | Alpaca stream trade_updates closed for Paper 2: status=None msg=None
2026-07-05 22:24:17 | WARNING | trading_bot | WebSocket stale detectado (trade_updates). Forzando reconexion controlada.
2026-07-05 22:24:17 | INFO | trading_bot | Alpaca stream trade_updates closed for Paper 2: status=None msg=None
2026-07-05 22:25:09 | WARNING | trading_bot | WebSocket stale detectado (trade_updates). Forzando reconexion controlada.
2026-07-05 22:25:09 | INFO | trading_bot | Alpaca stream trade_updates closed for Paper 2: status=None msg=None
2026-07-05 22:25:59 | WARNING | trading_bot | WebSocket stale detectado (trade_updates). Forzando reconexion controlada.
2026-07-05 22:25:59 | INFO | trading_bot | Alpaca stream trade_updates closed for Paper 2: status=None msg=None
2026-07-05 22:26:50 | WARNING | trading_bot | WebSocket stale detectado (trade_updates). Forzando reconexion controlada.
2026-07-05 22:26:50 | INFO | trading_bot | Alpaca stream trade_updates closed for Paper 2: status=None msg=None
2026-07-05 22:27:40 | WARNING | trading_bot | WebSocket stale detectado (trade_updates). Forzando reconexion controlada.
2026-07-05 22:27:40 | INFO | trading_bot | Alpaca stream trade_updates closed for Paper 2: status=None msg=None
2026-07-05 22:28:30 | WARNING | trading_bot | WebSocket stale detectado (trade_updates). Forzando reconexion controlada.
2026-07-05 22:28:30 | INFO | trading_bot | Alpaca stream trade_updates closed for Paper 2: status=None msg=None
2026-07-05 22:29:20 | WARNING | trading_bot | WebSocket stale detectado (trade_updates). Forzando reconexion controlada.
2026-07-05 22:29:21 | INFO | trading_bot | Alpaca stream trade_updates closed for Paper 2: status=None msg=None
2026-07-05 22:30:10 | WARNING | trading_bot | WebSocket stale detectado (trade_updates). Forzando reconexion controlada.
2026-07-05 22:30:10 | INFO | trading_bot | Alpaca stream trade_updates closed for Paper 2: status=None msg=None
2026-07-05 22:31:50 | WARNING | trading_bot | WebSocket stale detectado (trade_updates). Forzando reconexion controlada.
2026-07-05 22:31:51 | INFO | trading_bot | Alpaca stream trade_updates closed for Paper 2: status=None msg=None
2026-07-05 22:32:41 | WARNING | trading_bot | WebSocket stale detectado (trade_updates). Forzando reconexion controlada.
2026-07-05 22:32:41 | INFO | trading_bot | Alpaca stream trade_updates closed for Paper 2: status=None msg=None
2026-07-05 22:33:31 | WARNING | trading_bot | WebSocket stale detectado (trade_updates). Forzando reconexion controlada.
2026-07-05 22:33:31 | INFO | trading_bot | Alpaca stream trade_updates closed for Paper 2: status=None msg=None
2026-07-05 22:34:21 | WARNING | trading_bot | WebSocket stale detectado (trade_updates). Forzando reconexion controlada.
2026-07-05 22:34:21 | INFO | trading_bot | Alpaca stream trade_updates closed for Paper 2: status=None msg=None
2026-07-05 22:35:11 | WARNING | trading_bot | WebSocket stale detectado (trade_updates). Forzando reconexion controlada.
2026-07-05 22:35:11 | INFO | trading_bot | Alpaca stream trade_updates closed for Paper 2: status=None msg=None
2026-07-05 22:36:01 | WARNING | trading_bot | WebSocket stale detectado (trade_updates). Forzando reconexion controlada.
2026-07-05 22:36:01 | INFO | trading_bot | Alpaca stream trade_updates closed for Paper 2: status=None msg=None
2026-07-05 22:36:51 | WARNING | trading_bot | WebSocket stale detectado (trade_updates). Forzando reconexion controlada.
2026-07-05 22:36:52 | INFO | trading_bot | Alpaca stream trade_updates closed for Paper 2: status=None msg=None
2026-07-05 22:37:41 | WARNING | trading_bot | WebSocket stale detectado (trade_updates). Forzando reconexion controlada.
2026-07-05 22:37:41 | INFO | trading_bot | Alpaca stream trade_updates closed for Paper 2: status=None msg=None
2026-07-05 22:38:31 | WARNING | trading_bot | WebSocket stale detectado (trade_updates). Forzando reconexion controlada.
2026-07-05 22:38:31 | INFO | trading_bot | Alpaca stream trade_updates closed for Paper 2: status=None msg=None
2026-07-05 22:39:21 | WARNING | trading_bot | WebSocket stale detectado (trade_updates). Forzando reconexion controlada.
2026-07-05 22:39:21 | INFO | trading_bot | Alpaca stream trade_updates closed for Paper 2: status=None msg=None
2026-07-05 22:40:00 | INFO | trading_bot | Alpaca stream trade_updates closed for Paper 2: status=None msg=None
2026-07-05 22:40:21 | INFO | trading_bot | Alpaca stream trade_updates closed for Paper 2: status=None msg=None
2026-07-05 22:41:09 | WARNING | trading_bot | WebSocket stale detectado (trade_updates). Forzando reconexion controlada.
2026-07-05 22:41:09 | INFO | trading_bot | Alpaca stream trade_updates closed for Paper 2: status=None msg=None
2026-07-05 22:41:59 | WARNING | trading_bot | WebSocket stale detectado (trade_updates). Forzando reconexion controlada.
2026-07-05 22:41:59 | INFO | trading_bot | Alpaca stream trade_updates closed for Paper 2: status=None msg=None
2026-07-05 22:42:49 | WARNING | trading_bot | WebSocket stale detectado (trade_updates). Forzando reconexion controlada.
2026-07-05 22:42:49 | INFO | trading_bot | Alpaca stream trade_updates closed for Paper 2: status=None msg=None
